"年","月","日","時","分","縣市","區","死","受傷","天候","光線","道路類別","速限","道路型態","事故位置","路面鋪裝","路面狀態","路面缺陷","障礙物","視距","號誌種類","號誌動作","分向設施","快車道或一般車道間","快慢車道間","路面邊線","事故類型及型態","主要肇因","受傷程度","主要傷處","保護裝備","行動電話","當事者區分","車輛用途","當事者行動狀態","駕駛資格情形","駕駛執照種類","飲酒情形","車輛撞擊部位最初","車輛撞擊部位其他","肇事因素個別","肇事因素主要","肇事逃逸","職業","旅次目的","車種","GPS座標緯度","GPS座標經度","事故類別"
"2019","3","1","0","40","臺中市","西屯區","0","1","8","3","5","70","4","2","1","5","4","5","7","2","1","1","4","4","2","13","16","2","5","3","4","B03","7","9","1","8","2","3","","44","16","1","22","8","B03","24.18308","120.593036","2"
"2019","3","1","2","0","臺中市","龍井區","0","2","7","3","5","70","4","1","1","5","4","5","7","1","1","10","5","5","2","17","26","3","10","3","4","B03","7","6","1","8","11","15","","26","26","1","21","8","B03","24.186267","120.585896","2"
"2019","3","1","3","10","臺中市","北屯區","0","1","8","3","5","50","4","1","1","5","4","5","7","3","1","10","5","5","2","15","6","2","9","1","1","C03","7","9","1","10","2","11","","6","6","1","22","8","C03","24.172395","120.694326","2"
"2019","3","1","5","20","臺中市","西屯區","0","1","8","3","5","50","4","1","1","5","4","5","7","2","1","10","5","5","2","3","23","3","10","1","1","B03","7","5","1","8","2","8","","23","23","1","22","8","B03","24.17121","120.644309","2"
"2019","3","1","6","13","臺中市","南區","0","0","8","","","50","","","","","","","","","","","","","","","23","3","","","","B03","","","1","8","2","","","23","23","","21","","B03","24.130731","120.684713","3"
"2019","3","1","6","20","臺中市","北屯區","0","1","8","2","5","50","4","1","1","5","4","5","7","1","1","10","5","5","2","16","19","3","10","1","1","B03","7","1","1","8","2","8","","19","19","1","21","8","B03","24.177991","120.670042","2"
"2019","3","1","6","43","臺中市","清水區","0","0","","","","40","","","","","","","","","","","","","","","6","","","","","C03","","","1","","2","","","6","6","1","8","","C03","24.318026","120.556458","3"
"2019","3","1","6","52","臺中市","太平區","0","0","8","","","40","","","","","","","","","","","","","","","","","","","","C03","","","1","","2","","","19","","1","4","","C03","24.118171","120.720703","3"
"2019","3","1","7","6","臺中市","東勢區","0","1","8","1","5","50","14","7","1","5","4","5","7","4","4","5","5","4","2","17","43","3","10","1","1","B03","7","9","1","7","2","2","","43","43","1","9","8","B03","24.26113","120.826978","2"
"2019","3","1","7","15","臺中市","烏日區","0","1","8","1","5","50","4","1","1","5","4","5","7","2","1","1","4","5","2","16","23","2","9","1","5","F02","7","9","8","20","2","16","","23","23","1","21","8","F02","24.113985","120.61565","2"
"2019","3","1","7","15","臺中市","潭子區","0","2","8","1","5","50","4","1","1","5","4","5","7","1","1","5","5","4","1","12","8","3","10","1","1","C03","7","9","1","10","2","12","","23","8","1","22","9","C03","24.210266","120.710408","2"
"2019","3","1","7","23","臺中市","中區","0","2","8","1","5","50","3","1","1","5","4","5","7","4","4","10","4","5","2","16","42","2","9","1","1","C03","7","5","1","10","2","14","","42","42","1","21","8","C03","24.143186","120.681797","2"
"2019","3","1","7","28","臺中市","太平區","0","1","8","1","5","50","3","2","1","5","4","5","7","4","4","10","4","4","2","16","26","2","9","4","1","F01","7","5","8","20","2","16","","26","26","1","20","8","F01","24.146785","120.700151","2"
"2019","3","1","7","48","臺中市","太平區","0","1","8","1","5","50","4","1","1","5","4","5","7","1","1","10","5","5","2","11","17","3","10","1","1","C03","7","4","1","10","2","12","","17","17","1","4","5","C03","24.144511","120.725197","2"
"2019","3","1","7","59","臺中市","北區","0","0","8","","","50","","","","","","","","","","","","","","","","","","","","B03","","","1","","2","","","23","","1","22","","B03","24.1675","120.6731","3"
"2019","3","1","8","10","臺中市","大雅區","0","2","8","1","5","40","5","8","1","5","4","5","7","1","1","9","5","5","1","17","6","2","9","1","1","C03","7","5","1","10","2","11","","6","6","1","22","9","C03","24.241","120.63044","2"
"2019","3","1","8","12","臺中市","北屯區","0","1","8","1","5","50","14","9","1","5","4","5","7","4","4","5","5","5","2","12","19","3","10","1","1","B03","7","1","1","8","3","8","","19","19","1","5","8","B03","24.180138","120.71314","2"
"2019","3","1","8","15","臺中市","大雅區","0","1","8","1","5","40","4","1","1","5","4","5","7","3","1","10","4","5","1","17","6","2","9","1","1","C03","7","9","2","18","2","12","","6","6","1","22","9","C03","24.22099","120.66282","2"
"2019","3","1","8","25","臺中市","龍井區","0","1","8","1","5","50","4","1","1","5","4","5","7","4","4","10","5","5","2","15","6","2","9","1","1","C03","7","9","1","10","2","12","","6","6","1","9","1","C03","24.214254","120.541235","2"
"2019","3","1","8","35","臺中市","南區","0","0","8","1","5","50","14","7","1","5","4","5","7","4","4","5","4","5","2","13","23","3","10","1","1","B03","7","9","1","8","2","5","","23","23","1","22","8","B03","24.13291","120.683758","3"
"2019","3","1","8","40","臺中市","和平區","0","0","8","","","50","","","","","","","","","","","","","","","16","","","","","B03","","","1","","2","","","16","16","1","21","","B03","24.22883","121.066282","3"
"2019","3","1","8","48","臺中市","西區","0","1","8","1","5","50","14","8","1","5","4","5","7","4","4","10","5","5","2","16","10","3","10","1","1","B03","7","11","1","8","2","5","","10","10","1","21","8","B03","24.143872","120.665265","2"
"2019","3","1","8","50","臺中市","梧棲區","0","0","8","","","50","","","","","","","","","","","","","","","","","","","","B12","","","1","","2","","","17","","1","","","B12","24.254289","120.530298","4"
"2019","3","1","9","0","臺中市","太平區","0","0","8","","","40","","","","","","","","","","","","","","","","","","","","A12","","","1","","2","","","23","","1","","","A12","24.141944","120.712777","3"
"2019","3","1","9","16","臺中市","東區","0","1","8","1","5","50","3","1","1","5","4","5","7","4","4","10","4","5","2","16","6","3","10","1","1","B03","7","6","1","8","2","5","","6","6","1","22","8","B03","24.143316","120.711119","2"
"2019","3","1","9","20","臺中市","大里區","0","1","8","1","5","50","4","1","1","5","4","5","7","4","4","10","5","5","2","15","6","2","9","1","1","C03","7","9","1","10","2","12","","6","6","1","22","8","C03","24.102563","120.676266","2"
"2019","3","1","9","29","臺中市","東區","0","0","8","","","40","","","","","","","","","","","","","","","","","","","","B03","","","1","","2","","","10","","1","5","","B03","24.140685","120.700046","3"
"2019","3","1","9","36","臺中市","太平區","0","1","8","1","5","50","3","1","1","5","4","5","7","1","1","5","5","4","2","12","26","3","10","1","1","B03","7","9","1","8","2","5","","26","26","1","19","5","B03","24.125395","120.713372","2"
"2019","3","1","9","39","臺中市","南區","0","1","8","1","5","50","4","1","1","5","4","5","7","3","1","5","5","5","2","15","6","3","10","1","1","B03","7","9","1","8","2","4","","6","6","1","4","5","B03","24.121458","120.665602","2"
"2019","3","1","9","40","臺中市","潭子區","0","1","8","1","5","50","4","1","1","5","4","5","7","1","1","5","4","4","1","12","6","3","10","4","5","F03","7","6","8","20","2","16","","6","6","1","22","9","F03","24.20643","120.709931","2"
"2019","3","1","9","43","臺中市","北屯區","0","0","8","","","50","","","","","","","","","","","","","","","","","","","","B03","","","1","","2","","","12","","1","21","","B03","24.190141","120.682814","3"
"2019","3","1","9","51","臺中市","南區","0","1","8","1","5","50","4","1","1","5","4","5","7","1","1","10","5","5","2","16","6","3","10","1","1","B03","7","5","1","8","2","1","","6","6","1","21","8","B03","24.132998","120.679358","2"
"2019","3","1","9","52","臺中市","北屯區","0","2","8","1","5","40","4","1","1","5","4","5","7","4","4","10","5","5","2","15","6","2","9","1","1","C04","7","9","1","7","2","11","","6","6","1","20","8","C04","24.180515","120.66648","2"
"2019","3","1","9","54","臺中市","北區","0","0","8","","","40","","","","","","","","","","","","","","","","","","","","B12","","","1","","11","","","12","","2","5","","B12","24.145588","120.673455","3"
"2019","3","1","9","55","臺中市","新社區","0","0","8","","","40","","","","","","","","","","","","","","","","","","","","B12","","","1","","2","","","17","","1","9","","B12","24.233836","120.777755","3"
"2019","3","1","10","9","臺中市","西屯區","0","0","8","","","60","","","","","","","","","","","","","","","","","","","","B03","","","1","","2","","","16","","1","22","","B03","24.200264","120.655445","3"
"2019","3","1","10","12","臺中市","潭子區","0","0","8","","","60","","","","","","","","","","","","","","","","","","","","B03","","","1","","2","","","23","","1","22","","B03","24.211046","120.70544","3"
"2019","3","1","10","16","臺中市","北屯區","0","0","8","","","40","","","","","","","","","","","","","","","19","","","","","B03","","","1","","2","","","19","19","1","5","","B03","24.174466","120.681505","3"
"2019","3","1","10","20","臺中市","大肚區","0","2","8","1","5","50","14","13","1","5","4","5","7","4","4","9","5","5","1","13","23","2","9","1","1","C03","7","9","1","10","2","11","","23","23","1","7","8","C03","24.168903","120.533651","2"
"2019","3","1","10","25","臺中市","烏日區","0","1","8","1","5","50","4","2","1","5","4","5","7","2","1","4","4","5","2","13","16","3","10","1","1","A12","7","9","1","7","2","1","","16","16","1","21","8","A12","24.107311","120.650404","2"
"2019","3","1","10","27","臺中市","大里區","0","1","8","1","5","40","3","2","1","5","4","5","7","4","4","10","5","5","1","18","42","2","9","1","1","A42","7","5","1","1","2","15","","42","42","1","10","1","A42","24.086418","120.663711","2"
"2019","3","1","10","28","臺中市","沙鹿區","0","1","8","1","5","40","14","8","1","5","4","5","7","4","4","1","4","4","1","12","18","3","10","1","1","B03","7","3","1","8","2","5","","18","18","1","4","8","B03","24.249086","120.602556","2"
"2019","3","1","10","30","臺中市","北區","0","0","8","1","6","50","13","9","1","5","4","5","7","4","4","10","5","5","2","11","","","","","","B03","","","1","","2","","","23","","1","22","","B03","24.160975","120.678919","3"
"2019","3","1","10","35","臺中市","西區","0","0","8","","","50","","","","","","","","","","","","","","","","","","","","B12","","","1","","2","","","16","","1","5","","B12","24.153592","120.655101","3"
"2019","3","1","10","48","臺中市","霧峰區","0","1","8","1","5","40","3","1","1","5","4","5","7","3","1","10","5","5","2","16","8","3","10","1","1","B12","7","5","1","8","2","8","","8","8","1","9","8","B12","24.074123","120.709943","2"
"2019","3","1","10","50","臺中市","南區","0","0","8","1","5","50","14","7","1","5","4","5","7","4","4","1","4","4","2","13","16","3","10","1","1","B03","7","9","1","8","2","1","","16","16","1","22","8","B03","24.132696","120.683681","3"
"2019","3","1","10","54","臺中市","北區","0","0","8","","","40","","","","","","","","","","","","","","","","","","","","B03","","","1","","2","","","12","","1","22","","B03","24.1709","120.6754","3"
"2019","3","1","10","55","臺中市","神岡區","0","0","8","","","40","","","","","","","","","","","","","","","16","","","","","C03","","","1","","2","","","16","16","1","21","","C03","24.268867","120.673416","3"
"2019","3","1","11","0","臺中市","北區","0","1","8","1","5","50","5","2","1","5","4","5","7","2","1","10","5","5","2","17","6","3","10","1","1","B03","7","5","1","8","2","15","","6","6","1","22","8","B03","24.1547","120.6863","2"
"2019","3","1","11","8","臺中市","神岡區","0","0","8","","","50","","","","","","","","","","","","","","","","","","","","B03","","","1","","2","","","19","","1","3","","B03","24.257361","120.659781","3"
"2019","3","1","11","12","臺中市","西區","0","0","8","","","50","","","","","","","","","","","","","","","12","3","","","","B03","","","1","","2","","","12","12","1","21","","B03","24.150517","120.671437","3"
"2019","3","1","11","13","臺中市","后里區","0","1","8","1","5","40","14","9","1","5","4","5","7","4","4","10","5","5","1","29","43","2","9","1","1","C03","7","9","1","10","2","12","","43","43","1","22","9","C03","24.308911","120.662588","2"
"2019","3","1","11","25","臺中市","大里區","0","0","8","","","50","","","","","","","","","","","","","","","","","","","","B03","","","1","","11","","","12","","2","22","","B03","24.115265","120.686338","3"
"2019","3","1","11","29","臺中市","西屯區","0","1","8","1","5","40","4","1","1","5","4","5","7","1","1","5","4","4","2","18","43","2","9","3","4","C03","7","9","1","10","2","14","","43","43","1","22","8","C03","24.172369","120.645544","2"
"2019","3","1","11","30","臺中市","梧棲區","0","1","8","1","5","50","3","1","1","5","4","5","7","1","1","10","5","5","2","16","25","2","8","1","1","C03","7","9","1","10","2","11","","25","25","1","2","7","C03","24.248579","120.528804","2"
"2019","3","1","11","30","臺中市","大甲區","0","1","8","1","5","40","14","9","1","5","4","5","7","4","4","5","5","5","1","16","19","3","10","1","1","B03","7","1","1","8","2","8","","19","19","1","4","8","B03","24.41194","120.615466","2"
"2019","3","1","11","31","臺中市","大雅區","0","0","8","","","70","","","","","","","","","","","","","","","","","","","","B12","","","1","","2","","","23","","1","22","","B12","24.241","120.63044","3"
"2019","3","1","11","32","臺中市","西區","0","0","8","","","50","","","","","","","","","","","","","","","","","","","","A05","","","1","","2","","","23","","1","10","","A05","24.144441","120.663917","3"
"2019","3","1","11","32","臺中市","北區","","","8","","","50","","","","","","","","","","","","","","","","","","","","B03","","","1","","2","","","17","","1","22","","B03","24.158289","120.680974","3"
"2019","3","1","11","35","臺中市","西屯區","0","2","8","1","5","30","5","1","1","5","4","5","7","3","1","5","5","5","2","15","6","2","9","1","1","C03","7","9","1","10","2","11","","6","6","1","22","8","C03","24.191663","120.643888","2"
"2019","3","1","11","39","臺中市","北屯區","0","0","8","","","40","","","","","","","","","","","","","","","","","","","","B03","","","1","","2","","","16","","1","21","","B03","24.190101","120.682768","3"
"2019","3","1","11","40","臺中市","北屯區","0","2","8","1","5","60","14","8","1","5","4","5","7","4","4","1","4","4","2","14","12","3","10","1","1","B03","7","2","1","8","2","7","","12","12","1","21","8","B03","24.203026","120.686491","2"
"2019","3","1","11","47","臺中市","西屯區","0","0","8","","","40","","","","","","","","","","","","","","","","","","","","B03","","","1","","2","","","6","","1","22","","B03","24.168208","120.65641","3"
"2019","3","1","11","48","臺中市","西屯區","0","0","8","","","50","","","","","","","","","","","","","","","","","","","","B03","","","1","","2","","","26","","1","22","","B03","24.1672","120.63732","3"
"2019","3","1","11","50","臺中市","大里區","0","0","8","","","40","","","","","","","","","","","","","","","","","","","","B12","","","1","","2","","","12","","1","22","","B12","24.083781","120.69959","3"
"2019","3","1","11","53","臺中市","沙鹿區","0","1","8","1","5","50","3","8","1","5","2","5","7","1","1","1","4","5","2","18","43","2","9","1","1","C03","7","14","1","10","2","15","","43","43","1","22","9","C03","24.228061","120.558533","2"
"2019","3","1","11","54","臺中市","北區","0","0","8","1","5","50","","","","","","","","","","","","","","","","","","","","B12","","","1","","2","","","23","","1","5","","B12","24.154171","120.698911","3"
"2019","3","1","11","54","臺中市","西屯區","0","0","8","","","40","","","","","","","","","","","","","","","","","","","","B03","","","1","","2","","","25","","1","22","","B03","24.163002","120.628927","3"
"2019","3","1","11","55","臺中市","新社區","0","1","8","1","5","40","3","1","1","5","4","5","7","4","4","4","5","5","1","13","16","2","8","1","1","C03","7","9","1","10","2","15","","16","16","1","22","9","C03","24.128555","120.874673","2"
"2019","3","1","12","0","臺中市","北屯區","0","0","8","","","50","","","","","","","","","","","","","","","23","","","","","B03","","","1","8","2","","","23","23","1","21","","B03","24.20188","120.675616","3"
"2019","3","1","12","1","臺中市","霧峰區","0","0","8","","","40","","","","","","","","","","","","","","","","","","","","B12","","","1","","2","","","26","","1","21","","B12","24.07172","120.662851","3"
"2019","3","1","12","2","臺中市","北屯區","0","1","8","1","5","50","4","1","1","5","4","5","7","2","1","10","5","5","2","16","6","3","10","1","1","B03","7","6","1","8","2","2","","6","6","1","21","8","B03","24.181438","120.686009","2"
"2019","3","1","12","7","臺中市","潭子區","0","1","8","1","5","50","14","9","1","5","4","5","7","4","4","5","5","5","1","16","23","3","10","1","1","B03","7","9","1","8","2","5","","23","23","1","22","8","B03","24.214241","120.706971","2"
"2019","3","1","12","16","臺中市","西屯區","0","1","8","1","5","40","3","1","1","5","4","5","7","4","4","5","5","5","2","16","43","2","9","1","1","C03","7","5","1","10","2","11","","43","43","1","21","8","C03","24.172825","120.628549","2"
"2019","3","1","12","18","臺中市","梧棲區","0","0","8","","","70","","","","","","","","","","","","","","","","","","","","B02","","","1","","2","","","25","","1","2","","B02","24.252819","120.528263","3"
"2019","3","1","12","20","臺中市","北屯區","0","1","8","1","5","80","10","9","1","5","4","5","7","4","4","1","4","5","1","13","13","2","9","1","1","B03","7","9","1","8","2","1","","13","13","1","21","8","B03","24.171453","120.720986","2"
"2019","3","1","12","26","臺中市","西屯區","0","2","8","1","5","50","14","9","1","5","4","5","7","4","4","5","4","5","2","13","23","2","9","3","4","C03","7","7","1","10","2","11","","23","23","1","22","8","C03","24.193211","120.64786","2"
"2019","3","1","12","34","臺中市","西屯區","0","0","8","","","60","","","","","","","","","","","","","","","","","","","","B12","","","1","","2","","","23","","1","22","","B12","24.164197","120.646883","3"
"2019","3","1","12","41","臺中市","北區","0","1","8","1","5","50","4","1","1","5","4","5","7","4","4","10","5","5","2","15","6","3","10","1","1","B03","7","9","1","8","2","2","","6","6","1","22","8","B03","24.163969","120.665554","2"
"2019","3","1","12","44","臺中市","西區","0","1","8","1","5","50","14","9","1","5","4","5","7","4","4","5","4","5","2","17","40","3","10","1","1","B03","7","14","1","8","2","4","","40","40","1","21","8","B03","24.146964","120.655853","2"
"2019","3","1","12","46","臺中市","西屯區","0","0","8","","","60","","","","","","","","","","","","","","","","","","","","B03","","","1","","2","","","23","","1","","","B03","24.162676","120.6417","3"
"2019","3","1","13","0","臺中市","潭子區","0","0","8","1","5","50","14","8","1","5","4","5","7","4","4","5","5","4","2","12","","","","","","C03","","","1","","9","","","23","","1","22","","C03","24.203468","120.70634","3"
"2019","3","1","13","8","臺中市","南區","0","0","8","","","50","","","","","","","","","","","","","","","","3","","","","B03","","","1","","2","","","25","","1","21","","B03","24.117236","120.657998","3"
"2019","3","1","13","9","臺中市","東勢區","0","0","8","","","50","","","","","","","","","","","","","","","","","","","","B03","","","1","","2","","","12","","1","22","","B03","24.262846","120.824413","3"
"2019","3","1","13","15","臺中市","西屯區","0","1","8","1","5","50","4","18","1","5","4","5","7","1","1","5","5","5","2","3","15","3","10","1","1","B03","7","5","1","8","2","8","","15","15","1","22","9","B03","24.183881","120.620623","2"
"2019","3","1","13","16","臺中市","大雅區","0","2","8","1","5","50","4","1","1","5","4","5","7","4","4","5","5","5","1","15","6","2","8","1","1","C03","7","9","1","10","2","11","","6","6","1","21","8","C03","24.225701","120.647228","2"
"2019","3","1","13","21","臺中市","后里區","0","1","8","1","5","50","14","8","1","5","4","5","7","4","4","9","4","5","1","12","42","3","10","3","4","B03","7","9","1","8","2","6","","42","42","1","22","8","B03","24.292337","120.723636","2"
"2019","3","1","13","23","臺中市","清水區","0","1","8","1","5","50","4","1","1","5","4","5","7","1","1","10","5","5","2","16","6","3","10","1","1","B03","7","6","1","8","2","2","","6","6","1","21","8","B03","24.268453","120.560242","2"
"2019","3","1","13","26","臺中市","大里區","0","0","8","","","40","","","","","","","","","","","","","","","","","","","","B12","","","1","","2","","","42","","1","22","","B12","24.085148","120.711536","3"
"2019","3","1","13","28","臺中市","北屯區","0","1","8","1","5","50","4","1","1","5","4","5","7","1","1","1","2","5","2","13","23","3","10","1","1","B03","7","9","1","8","2","1","","23","23","1","22","8","B03","24.175354","120.735835","2"
"2019","3","1","13","35","臺中市","清水區","0","0","","","","50","","","","","","","","","","","","","","","","","","","","B03","","","1","","2","","","23","","1","5","","B03","24.271461","120.574745","3"
"2019","3","1","13","36","臺中市","西區","0","0","8","1","5","50","4","1","1","5","4","5","7","4","4","10","5","5","2","15","","","","","","B03","","","1","","2","","","6","","1","22","","B03","24.135162","120.663082","3"
"2019","3","1","13","46","臺中市","大甲區","0","1","8","1","5","50","14","8","1","5","4","5","7","4","4","5","5","5","1","16","23","3","10","1","1","B03","7","9","1","8","2","8","","23","23","1","4","8","B03","24.40452","120.646976","2"
"2019","3","1","13","47","臺中市","后里區","0","1","8","1","5","50","3","1","1","5","4","5","7","4","4","10","5","5","2","11","11","2","9","3","4","C03","7","11","1","10","2","11","","11","11","1","22","8","C03","24.311716","120.709327","2"
"2019","3","1","13","55","臺中市","梧棲區","0","1","8","1","5","70","3","1","1","5","4","5","7","1","1","10","5","5","2","16","43","2","7","1","1","C03","7","5","1","10","2","11","","43","43","1","2","7","C03","24.238769","120.549518","2"
"2019","3","1","14","0","臺中市","西區","0","1","8","1","5","50","4","1","1","5","4","5","7","4","4","10","5","5","2","16","6","2","9","3","4","C03","7","9","1","10","2","12","","6","6","1","21","8","C03","24.149623","120.658187","2"
"2019","3","1","14","0","臺中市","北區","0","0","8","","","50","","","","","","","","","","","","","","","67","","","","","B03","","","1","","2","","","44","67","1","","","B03","24.151926","120.688208","3"
"2019","3","1","14","0","臺中市","烏日區","0","1","8","1","5","70","4","1","1","5","4","5","7","2","1","1","4","4","1","16","6","3","10","1","1","B03","7","6","1","8","2","6","","6","6","1","21","8","B03","24.106175","120.614991","2"
"2019","3","1","14","0","臺中市","大雅區","0","0","8","","","50","","","","","","","","","","","","","","","","","","","","B03","","","1","","2","","","17","","1","22","","B03","24.21157","120.65004","3"
"2019","3","1","14","8","臺中市","北屯區","0","1","8","1","5","50","4","1","1","5","4","5","7","1","1","10","5","5","2","16","6","3","10","1","1","B03","7","6","1","8","9","2","","6","6","1","5","8","B03","24.182266","120.690738","2"
"2019","3","1","14","21","臺中市","西區","0","1","8","1","5","50","5","1","1","5","4","5","7","4","4","1","5","1","2","17","23","2","8","1","1","C03","7","9","1","10","2","14","","23","23","1","21","8","C03","24.14967","120.670946","2"
"2019","3","1","14","22","臺中市","新社區","0","0","8","","","50","","","","","","","","","","","","","","","","","","","","B03","","","1","","2","","","23","","1","22","","B03","24.202825","120.79755","3"
"2019","3","1","14","27","臺中市","北區","0","0","8","","","50","","","","","","","","","","","","","","","","","","","","B03","","","1","","2","","","7","","1","5","","B03","24.148835","120.687161","3"
"2019","3","1","14","29","臺中市","西區","0","0","8","","","50","","","","","","","","","","","","","","","","","","","","B03","","","1","","2","","","10","","1","21","","B03","24.150856","120.664298","4"
"2019","3","1","14","30","臺中市","西屯區","0","0","8","","","60","","","","","","","","","","","","","","","","","","","","B03","","","1","","2","","","7","","1","22","","B03","24.18025","120.621296","3"
"2019","3","1","14","30","臺中市","清水區","0","1","8","1","5","50","4","1","1","5","4","5","7","1","1","10","5","5","2","16","23","2","8","4","5","F03","7","6","8","20","7","16","","23","23","1","22","8","F03","24.27308","120.574787","2"
"2019","3","1","14","38","臺中市","北區","0","0","8","","","40","","","","","","","","","","","","","","","","","","","","B03","","","1","","2","","","19","","1","22","","B03","24.1508","120.6805","3"
"2019","3","1","14","40","臺中市","北屯區","0","0","8","","","50","","","","","","","","","","","","","","","43","","","","","C03","","","7","","11","","","43","43","1","22","","C03","24.170396","120.693256","3"
"2019","3","1","14","40","臺中市","霧峰區","0","0","8","","","60","","","","","","","","","","","","","","","","","","","","B12","","","1","","2","","","25","","1","21","","B12","24.059875","120.663055","3"
"2019","3","1","14","46","臺中市","西屯區","0","2","8","1","5","50","14","7","1","5","4","5","7","4","4","5","4","4","2","16","10","2","7","1","1","C03","7","11","1","10","2","12","","10","10","1","22","8","C03","24.164566","120.660323","2"
"2019","3","1","14","48","臺中市","西區","0","0","8","1","5","50","3","1","1","5","4","5","7","4","4","10","5","5","2","13","23","","","","","A02","","","1","","2","","","23","23","1","10","","A02","24.136325","120.681715","3"
"2019","3","1","14","54","臺中市","北區","0","2","8","1","5","50","4","1","1","5","4","5","7","4","4","10","5","5","2","15","6","2","9","1","1","C03","7","9","1","9","2","12","","6","6","1","22","8","C03","24.156314","120.696952","2"
"2019","3","1","15","0","臺中市","南區","0","0","8","1","5","50","3","1","1","5","4","5","7","4","4","10","5","5","2","17","23","3","10","1","1","B03","7","5","1","8","2","5","","6","23","1","22","8","B03","24.10795","120.657853","3"
"2019","3","1","15","2","臺中市","沙鹿區","0","0","8","","","40","","","","","","","","","","","","","","","","","","","","B03","","","1","","2","","","18","","1","4","","B03","24.240862","120.570309","3"
"2019","3","1","15","3","臺中市","北屯區","0","0","8","","","50","","","","","","","","","","","","","","","6","","","","","B03","","","1","","2","","","6","6","1","22","","B03","24.18348","120.690444","3"
"2019","3","1","15","4","臺中市","北區","0","0","8","","","50","","","","","","","","","","","","","","","","","","","","B03","","","1","","2","","","19","","1","","","B03","24.172268","120.674509","3"
"2019","3","1","15","14","臺中市","北區","0","2","8","1","5","50","14","8","1","5","4","5","7","1","1","5","4","4","2","13","16","2","9","1","1","C03","7","9","1","10","2","11","","16","16","1","21","8","C03","24.151388","120.687777","2"
"2019","3","1","15","20","臺中市","神岡區","0","0","8","","","50","","","","","","","","","","","","","","","","","","","","B03","","","1","","2","","","23","","1","19","","B03","24.262108","120.703479","3"
"2019","3","1","15","24","臺中市","西屯區","0","0","8","","","60","","","","","","","","","","","","","","","23","","","","","B03","","","1","","2","","","23","23","1","","","B03","24.162828","120.649378","3"
"2019","3","1","15","30","臺中市","西屯區","0","1","8","1","5","50","4","1","1","5","4","5","7","2","1","10","5","5","2","16","10","3","10","1","1","B03","7","11","1","8","2","5","","10","10","1","21","8","B03","24.160272","120.636161","2"
"2019","3","1","15","31","臺中市","北區","0","1","8","1","5","50","4","2","1","5","4","5","7","2","1","1","2","4","2","17","23","2","9","3","4","B03","7","9","1","5","2","1","","23","23","1","22","9","B03","24.155866","120.698931","2"
"2019","3","1","15","33","臺中市","南區","0","2","8","1","5","50","14","7","1","5","4","5","7","4","4","5","4","4","2","11","11","2","9","1","1","C03","7","11","1","10","2","11","","11","11","1","20","5","C03","24.113233","120.661306","2"
"2019","3","1","15","39","臺中市","后里區","0","1","8","1","5","50","5","1","1","5","4","5","7","4","4","10","5","5","1","11","8","3","10","3","4","B03","7","5","1","8","2","4","","8","8","1","22","8","B03","24.315926","120.686668","2"
"2019","3","1","15","40","臺中市","南屯區","0","0","8","","","50","","","","","","","","4","","","","","","","7","3","","","","B03","","","1","","2","","","7","7","1","21","","B03","24.150638","120.633317","3"
"2019","3","1","15","42","臺中市","沙鹿區","0","0","8","","","40","","","","","","","","","","","","","","","23","","","","","A04","","","1","","2","","","23","23","","","","A04","24.226992","120.575798","3"
"2019","3","1","15","44","臺中市","烏日區","0","1","8","1","5","40","4","1","1","5","4","5","7","1","1","10","5","5","2","16","25","2","9","1","1","C03","7","9","1","10","2","11","","25","25","1","21","8","C03","24.116676","120.640399","2"
"2019","3","1","15","45","臺中市","西區","0","2","8","1","5","50","14","8","1","5","4","5","7","4","4","1","4","4","2","17","40","3","10","1","1","B03","7","13","1","8","2","2","","40","40","1","21","8","B03","24.147527","120.657228","2"
"2019","3","1","15","45","臺中市","大肚區","0","2","8","1","5","40","4","1","1","5","4","5","7","4","4","10","5","5","2","15","6","2","9","1","1","C03","7","9","1","10","2","12","","6","6","1","21","8","C03","24.157046","120.534905","2"
"2019","3","1","15","54","臺中市","南區","0","0","8","","","50","","","","","","","","","","","","","","","","3","","","","B03","","","1","","2","","","23","","1","21","","B03","24.125911","120.669821","3"
"2019","3","1","16","0","臺中市","北區","0","0","8","","","50","","","","","","","","","","","","","","","","","","","","A12","","","1","","2","","","23","","1","","","A12","24.157628","120.689761","3"
"2019","3","1","16","1","臺中市","南屯區","0","0","8","","","50","","","","","","","","","","","","","","","","","","","","B01","","","1","","2","","","23","","1","22","","B01","24.151852","120.63713","3"
"2019","3","1","16","5","臺中市","東區","0","1","8","1","5","40","4","1","1","5","4","5","7","4","4","10","5","5","2","16","23","2","9","1","1","C03","7","9","1","10","2","14","","23","23","1","21","8","C03","24.14798","120.693461","2"
"2019","3","1","16","7","臺中市","梧棲區","0","1","8","1","5","80","14","7","1","5","4","5","7","4","4","10","5","2","1","13","23","3","10","1","1","B03","7","9","1","8","2","1","","23","23","1","2","9","B03","24.264625","120.542498","2"
"2019","3","1","16","10","臺中市","烏日區","0","1","8","1","5","50","4","1","1","5","4","5","7","4","4","1","4","5","1","16","27","3","10","1","1","C03","7","5","1","10","2","14","","27","27","1","21","8","C03","24.118005","120.582236","2"
"2019","3","1","16","24","臺中市","西屯區","0","0","8","","","50","","","","","","","","","","","","","","","","","","","","B03","","","1","","2","","","23","","1","21","","B03","24.164642","120.658835","3"