"年","月","日","時","分","縣市","區","死","受傷","天候","光線","道路類別","速限","道路型態","事故位置","路面鋪裝","路面狀態","路面缺陷","障礙物","視距","號誌種類","號誌動作","分向設施","快車道或一般車道間","快慢車道間","路面邊線","事故類型及型態","主要肇因","受傷程度","主要傷處","保護裝備","行動電話","當事者區分","車輛用途","當事者行動狀態","駕駛資格情形","駕駛執照種類","飲酒情形","車輛撞擊部位最初","車輛撞擊部位其他","肇事因素個別","肇事因素主要","肇事逃逸","職業","旅次目的","車種","GPS座標緯度","GPS座標經度","事故類別"
"2019","3","1","16","26","臺中市","北屯區","0","0","8","","","40","","","","","","","","","","","","","","","","","","","","B03","","","1","","2","","","12","","1","","","B03","24.188945","120.779151","3"
"2019","3","1","16","37","臺中市","清水區","","","8","","","80","","","","","","","","","","","","","","","","","","","","B12","","","1","","2","","","16","","1","21","","B12","24.274505","120.546854","4"
"2019","3","1","16","47","臺中市","東區","0","0","8","","","80","","","","","","","","","","","","","","","16","","","","","B03","","","1","8","2","","","16","16","1","","","B03","24.128907","120.705697","3"
"2019","3","1","16","54","臺中市","西屯區","0","0","8","","","50","","","","","","","","","","","","","","","","","","","","C03","","","1","","2","","","23","","1","22","","C03","24.202684","120.65375","3"
"2019","3","1","16","57","臺中市","北屯區","0","0","8","","","50","","","","","","","","","","","","","","","43","3","","","","C03","","","1","","2","","","43","43","","21","","C03","24.186495","120.677526","3"
"2019","3","1","17","15","臺中市","后里區","0","1","8","1","5","60","3","1","1","5","4","5","7","4","4","1","4","4","1","16","6","3","10","1","1","B01","7","6","1","4","2","2","","6","6","1","21","8","B01","24.29943","120.723043","2"
"2019","3","1","17","39","臺中市","西屯區","0","0","8","","","50","","","","","","","","","","","","","","","","","","","","B12","","","1","","2","","","23","","1","9","","B12","24.182447","120.623744","3"
"2019","3","1","17","45","臺中市","大雅區","0","1","8","1","5","50","3","1","1","5","4","5","7","1","1","5","5","5","1","16","6","3","10","1","1","C04","7","5","1","10","2","12","","6","6","1","21","8","C04","24.231568","120.673446","2"
"2019","3","1","17","59","臺中市","太平區","0","0","8","","","50","","","","","","","","","","","","","","","","","","","","B03","","","1","","2","","","23","","1","","","B03","24.1258","120.712581","3"
"2019","3","1","18","18","臺中市","中區","0","1","8","3","5","50","14","9","1","5","4","5","7","2","1","5","2","5","2","13","23","2","7","1","1","C03","7","9","1","10","2","11","","23","23","1","5","6","C03","24.142312","120.684259","2"
"2019","3","1","18","18","臺中市","西屯區","0","0","8","","","50","","","","","","","","","","","","","","","","","","","","B03","","","1","","2","","","6","","1","","","B03","24.176206","120.625038","3"
"2019","3","1","18","20","臺中市","北區","0","1","8","3","5","50","14","7","1","5","4","5","7","4","4","3","4","4","2","3","51","2","7","4","5","H01","8","16","8","20","8","16","","51","51","1","21","8","H01","24.147333","120.687709","2"
"2019","3","1","18","25","臺中市","烏日區","0","1","8","3","5","50","14","9","1","5","4","5","7","4","4","5","5","5","2","16","8","3","10","1","1","B03","7","5","1","8","2","1","","8","8","1","5","8","B03","24.115067","120.61569","2"
"2019","3","1","18","25","臺中市","后里區","0","0","8","3","5","50","3","2","1","5","4","5","7","4","4","1","4","4","1","12","42","3","10","1","1","B03","7","4","1","8","2","5","","42","42","1","21","8","B03","24.315243","120.697233","3"
"2019","3","1","18","31","臺中市","北區","0","1","8","3","5","50","5","1","1","5","4","5","7","1","1","5","4","5","2","16","26","3","10","1","1","B03","7","9","1","8","2","5","","26","26","1","5","8","B03","24.154793","120.686126","2"
"2019","3","1","18","35","臺中市","北區","0","0","8","","","40","","","","","","","","","","","","","","","44","","","","","B03","","","1","","2","","","23","44","1","","","B03","24.166944","120.669166","3"
"2019","3","1","18","39","臺中市","西區","0","1","8","3","5","50","4","1","1","5","4","5","7","2","1","10","5","5","2","16","6","3","10","1","1","B01","7","6","1","4","2","2","","6","6","1","10","9","B01","24.142893","120.67396","2"
"2019","3","1","18","39","臺中市","北區","0","0","8","","","40","","","","","","","","","","","","","","","17","","","","","B03","","","1","","2","","","23","17","1","22","","B03","24.153475","120.68367","3"
"2019","3","1","18","40","臺中市","大雅區","0","2","8","3","5","50","5","1","1","5","4","5","7","1","1","5","5","5","1","17","8","3","10","1","1","B03","7","5","1","8","2","1","","8","8","1","21","8","B03","24.215859","120.667633","2"
"2019","3","1","18","42","臺中市","北屯區","0","2","8","3","5","50","14","7","1","5","4","5","7","4","4","5","5","4","2","12","1","3","10","1","1","B12","7","4","1","8","2","2","","1","1","1","21","8","B12","24.181434","120.711658","2"
"2019","3","1","18","45","臺中市","潭子區","0","2","8","3","5","50","5","1","1","5","4","5","7","1","1","5","4","4","2","10","42","2","9","1","1","C03","7","1","4","7","2","11","","42","42","1","22","9","C03","24.21032","120.686848","2"
"2019","3","1","18","55","臺中市","中區","0","0","8","3","5","50","14","7","1","5","4","5","7","4","4","5","4","4","2","17","43","3","10","1","1","A02","7","9","1","1","2","2","","43","43","1","20","8","A02","24.142437","120.679439","3"
"2019","3","1","18","56","臺中市","西屯區","0","1","8","3","5","40","14","8","1","5","4","5","7","4","4","9","4","4","2","12","1","3","10","1","1","C03","7","1","1","10","2","12","","1","1","1","21","8","C03","24.186174","120.621836","2"
"2019","3","1","19","0","臺中市","西區","0","0","8","3","5","50","14","9","1","5","4","5","7","4","4","4","4","5","2","13","","","","","","B03","","","1","","2","","","23","","1","20","","B03","24.150904","120.66298","3"
"2019","3","1","19","2","臺中市","北屯區","0","0","8","","","40","","","","","","","","","","","","","","","19","3","","","","B03","","","1","","2","","","19","19","","21","","B03","24.170483","120.691358","3"
"2019","3","1","19","5","臺中市","北屯區","0","1","8","3","5","50","3","1","1","5","4","5","7","1","1","1","3","1","2","16","6","3","10","1","1","B03","7","6","1","8","2","2","","6","6","1","21","8","B03","24.162033","120.722971","2"
"2019","3","1","19","6","臺中市","西屯區","0","1","8","3","5","40","3","2","1","5","4","5","7","4","4","1","4","5","2","18","23","2","9","1","1","C03","7","6","1","10","2","12","","23","23","1","22","8","C03","24.192023","120.599193","2"
"2019","3","1","19","8","臺中市","東區","0","1","8","2","5","50","14","9","1","5","4","5","7","4","4","5","5","5","2","16","26","3","10","1","1","B01","7","5","1","2","2","1","","26","26","1","21","8","B01","24.140815","120.710014","2"
"2019","3","1","19","27","臺中市","西屯區","0","0","8","","","50","","","","","","","","","","","","","","","","","","","","B03","","","1","","2","","","23","","1","21","","B03","24.166212","120.652298","3"
"2019","3","1","19","43","臺中市","東勢區","0","1","8","3","5","70","14","7","1","5","4","5","7","4","4","1","3","1","1","12","6","3","10","1","1","B03","7","9","1","8","2","6","","6","6","1","22","8","B03","24.24728","120.831701","2"
"2019","3","1","19","54","臺中市","烏日區","0","1","8","3","5","40","4","1","1","5","4","5","7","4","4","10","5","5","2","15","6","3","10","1","1","C03","7","9","1","10","2","12","","6","6","1","22","8","C03","24.103705","120.6374","2"
"2019","3","1","20","0","臺中市","大里區","0","0","8","3","5","50","14","9","1","5","4","5","7","4","4","5","4","5","1","13","23","3","10","1","1","B03","7","9","1","8","2","1","","23","23","1","5","8","B03","24.102265","120.688473","3"
"2019","3","1","20","4","臺中市","西屯區","0","1","8","3","5","50","4","1","1","5","4","5","7","1","1","10","5","5","2","16","6","3","10","1","1","B03","7","5","1","8","2","1","","6","6","1","21","8","B03","24.175861","120.637407","2"
"2019","3","1","20","5","臺中市","南區","0","0","","","","","","","","","","","","","","","","","","","23","3","","","","B03","","","1","","2","","","23","23","1","22","","B03","24.127778","120.667081","3"
"2019","3","1","20","9","臺中市","西屯區","0","1","8","3","5","40","3","1","1","5","4","5","7","2","1","10","5","5","2","12","43","3","10","1","1","B03","7","6","1","8","2","5","","43","43","1","21","8","B03","24.16896","120.639053","2"
"2019","3","1","20","10","臺中市","大肚區","0","0","8","","","50","","","","","","","","","","","","","","","","","","","","B03","","","1","","2","","","6","","1","21","","B03","24.125275","120.561186","3"
"2019","3","1","20","16","臺中市","太平區","0","2","8","3","5","40","3","9","1","5","4","5","7","4","4","5","5","5","1","16","6","2","9","1","1","C03","7","5","1","10","2","11","","6","6","1","4","5","C03","24.133401","120.720881","2"
"2019","3","1","20","21","臺中市","大雅區","0","2","8","3","5","50","14","9","1","5","4","5","7","4","4","1","4","5","1","13","16","2","9","1","1","C03","7","12","1","10","2","11","","16","16","1","22","9","C03","24.237955","120.633482","2"
"2019","3","1","20","24","臺中市","中區","0","0","8","3","5","50","14","9","1","5","4","5","7","4","4","10","5","5","2","14","","3","","","","B03","","","1","","2","","","12","","1","21","","B03","24.139193","120.679716","3"
"2019","3","1","20","25","臺中市","后里區","0","0","8","3","5","40","14","9","1","5","4","5","7","4","4","10","5","5","2","14","12","3","10","1","1","B03","7","2","1","8","2","3","","12","12","1","21","8","B03","24.322808","120.749801","3"
"2019","3","1","20","35","臺中市","神岡區","0","0","8","","","40","","","","","","","","","","","","","","","18","","","","","B03","","","1","","2","","","18","18","1","21","","B03","24.244998","120.684883","3"
"2019","3","1","20","56","臺中市","西屯區","0","0","8","","","50","","","","","","","","","","","","","","","","","","","","B01","","","1","","2","","","16","","1","22","","B01","24.197115","120.65726","3"
"2019","3","1","21","0","臺中市","清水區","0","2","8","4","5","50","14","9","1","5","4","5","7","4","4","7","5","5","1","3","23","2","9","1","1","C03","7","9","1","10","2","11","","23","23","1","5","7","C03","24.268046","120.564628","2"
"2019","3","1","21","5","臺中市","潭子區","0","0","8","","","80","","","","","","","","","","","","","","","","","","","","B03","","","1","","2","","","43","","1","22","","B03","24.200696","120.707007","3"
"2019","3","1","21","9","臺中市","西區","0","0","8","","","50","","","","","","","","","","","","","","","23","3","","","","B03","","","1","8","2","1","","23","23","1","21","8","B03","24.146717","120.656703","3"
"2019","3","1","21","15","臺中市","梧棲區","0","1","8","3","5","70","4","1","1","5","4","5","7","1","1","10","5","5","2","16","7","3","10","1","1","B03","7","8","1","8","2","2","","7","7","1","2","8","B03","24.254181","120.524346","2"
"2019","3","1","21","20","臺中市","沙鹿區","0","1","8","3","5","50","4","1","1","5","4","5","7","1","1","10","5","5","2","17","25","3","10","1","1","B03","7","9","1","8","2","5","","25","25","1","19","8","B03","24.22359","120.568817","2"
"2019","3","1","21","25","臺中市","梧棲區","0","2","8","3","5","40","14","11","1","5","4","5","7","1","1","1","3","4","2","18","43","2","9","1","1","C03","7","9","1","10","2","14","","43","43","1","5","8","C03","24.256585","120.558548","2"
"2019","3","1","21","30","臺中市","南屯區","0","2","8","3","5","50","4","1","1","5","4","5","7","2","1","10","5","5","2","15","25","2","9","1","1","C03","7","9","1","10","8","11","11","25","25","1","3","5","C03","24.141574","120.62087","2"
"2019","3","1","21","32","臺中市","南區","0","2","8","3","5","50","4","1","1","5","4","5","7","1","1","10","5","5","2","15","25","2","9","1","1","C03","7","9","3","18","2","12","","25","25","1","21","8","C03","24.132423","120.683896","2"
"2019","3","1","21","32","臺中市","西屯區","0","1","8","3","5","50","3","1","1","5","4","5","7","4","4","10","5","5","2","16","6","3","10","1","1","B03","7","5","1","8","2","8","","6","6","1","21","8","B03","24.190403","120.612318","2"
"2019","3","1","21","47","臺中市","豐原區","0","1","8","3","5","60","14","7","1","5","4","5","7","4","4","1","3","4","2","13","21","2","9","1","1","C03","7","9","1","10","8","11","","21","21","1","12","5","C03","24.236944","120.706666","2"
"2019","3","1","22","8","臺中市","太平區","0","2","8","3","5","50","5","1","1","5","4","5","7","2","1","10","5","5","2","16","19","2","8","1","1","F03","7","1","8","20","2","16","","19","19","1","9","5","F03","24.149638","120.724659","2"
"2019","3","1","22","9","臺中市","南區","0","1","8","3","5","50","4","1","1","5","4","5","7","1","1","10","5","5","2","18","23","2","8","1","1","C03","7","9","1","10","2","12","","23","23","1","21","8","C03","24.130845","120.684508","2"
"2019","3","1","22","10","臺中市","豐原區","0","2","8","3","5","50","5","1","1","5","4","5","7","2","1","10","5","5","2","16","6","2","9","3","4","B12","7","5","6","8","8","1","","6","6","1","22","8","B12","24.244081","120.71768","2"
"2019","3","1","22","14","臺中市","北區","0","1","8","3","5","50","14","7","1","5","4","5","7","1","1","9","4","4","2","17","26","2","9","1","1","C03","7","5","1","10","2","11","","26","26","1","22","9","C03","24.168545","120.680155","2"
"2019","3","1","22","14","臺中市","太平區","0","2","8","3","5","50","3","1","1","5","4","5","7","4","4","10","5","4","1","16","6","2","8","1","1","C03","7","5","1","10","2","14","","6","6","1","21","8","C03","24.145681","120.726601","2"
"2019","3","1","22","18","臺中市","西屯區","0","1","8","1","5","50","4","1","1","5","4","5","7","4","4","4","3","4","2","16","6","3","10","1","1","B03","7","5","1","8","2","5","","6","6","1","21","8","B03","24.171795","120.645986","2"
"2019","3","1","22","22","臺中市","大雅區","0","3","8","3","5","40","3","2","1","5","4","5","7","4","4","10","5","5","1","13","16","2","9","1","1","C03","7","9","2","18","2","11","","16","16","1","22","8","C03","24.221414","120.665348","2"
"2019","3","1","22","28","臺中市","西屯區","0","0","8","","","50","","","","","","","","","","","","","","","","","","","","B02","","","1","","2","","","7","","1","","","B02","24.169371","120.642296","3"
"2019","3","1","22","32","臺中市","中區","0","0","8","","","50","","","","","","","","","","","","","","","","3","","","","B03","","","1","","2","","","23","","","21","","B03","24.145235","120.676324","4"
"2019","3","1","22","35","臺中市","大雅區","0","2","8","3","5","50","3","1","1","5","4","5","7","4","4","10","4","5","1","16","6","2","9","1","1","B03","7","5","1","8","2","2","","6","6","1","22","9","B03","24.221735","120.614717","2"
"2019","3","1","22","40","臺中市","東區","0","2","8","3","5","50","4","1","1","5","4","5","7","1","1","10","5","5","2","16","8","2","8","1","1","C03","7","5","1","10","2","12","","8","8","1","5","8","C03","24.140983","120.689291","2"
"2019","3","1","23","25","臺中市","北屯區","0","1","8","3","5","50","3","2","1","5","4","5","7","2","1","5","5","4","2","27","23","2","9","1","1","C03","7","9","1","10","2","14","","23","23","1","21","8","C03","24.171851","120.690951","2"
"2019","3","1","23","36","臺中市","北屯區","0","0","8","3","5","50","14","9","1","5","4","5","7","4","4","1","3","5","2","12","17","3","10","1","1","B02","7","9","1","4","2","5","","17","17","1","21","8","B02","24.181347","120.686102","3"
"2019","3","1","23","40","臺中市","大里區","0","2","8","3","5","50","3","2","1","5","4","5","7","4","4","5","5","5","2","16","27","2","9","1","1","C03","7","9","2","18","2","11","","27","27","1","22","7","C03","24.116436","120.681738","2"
"2019","3","2","0","7","臺中市","烏日區","0","0","8","","","50","","","","","","","","","","","","","","","","","","","","B03","","","1","","2","","","23","","1","22","","B03","24.110236","120.617516","3"
"2019","3","2","0","14","臺中市","南屯區","0","0","8","3","5","50","14","7","1","5","4","5","7","4","4","5","5","4","2","16","19","3","10","1","1","B03","7","1","1","7","2","8","","19","19","1","22","8","B03","24.131159","120.653148","3"
"2019","3","2","0","26","臺中市","梧棲區","0","1","8","3","5","40","14","8","1","5","4","5","7","3","1","1","3","4","1","23","23","2","1","1","1","C03","7","9","1","10","7","14","","23","23","1","8","8","C03","24.244821","120.549711","2"
"2019","3","2","0","27","臺中市","西屯區","0","1","8","3","5","40","4","2","1","5","4","5","7","4","4","5","5","5","2","17","6","3","10","3","4","B03","7","5","1","8","2","5","","6","6","1","22","8","B03","24.155656","120.647507","2"
"2019","3","2","0","29","臺中市","西區","0","1","8","3","5","50","14","9","1","5","4","5","7","4","4","5","4","5","2","16","26","3","10","1","1","B03","7","11","6","18","9","8","","26","26","2","21","8","B03","24.146132","120.66168","2"
"2019","3","2","1","5","臺中市","太平區","0","1","8","3","5","50","3","2","1","5","4","5","7","4","4","5","4","4","1","18","6","2","8","1","1","C03","7","9","1","10","2","14","","6","6","1","18","5","C03","24.148739","120.717757","2"
"2019","3","2","1","10","臺中市","烏日區","0","2","8","3","5","40","14","8","1","5","4","5","7","4","4","1","5","1","2","27","66","","","","","","","","","","","","","66","66","1","","","","24.095211","120.630613","2"
"2019","3","2","1","25","臺中市","大里區","0","0","8","","","50","","","","","","","","","","","","","","","","","","","","B03","","","1","","2","","","42","","1","22","","B03","24.116794","120.679494","3"
"2019","3","2","2","18","臺中市","西區","0","1","8","3","5","50","3","1","1","5","4","5","7","4","4","10","5","5","2","16","6","3","10","1","1","B03","7","6","1","8","2","1","","6","6","1","21","5","B03","24.152982","120.670855","2"
"2019","3","2","3","20","臺中市","北屯區","0","0","8","","","50","","","","","","","","","","","","","","","","","","","","B03","","","1","","2","","","25","","1","21","","B03","24.201019","120.686701","3"
"2019","3","2","3","55","臺中市","太平區","0","0","8","","","40","","","","","","","","","","","","","","","","","","","","B03","","","1","","2","","","23","","1","","","B03","24.151532","120.71713","3"
"2019","3","2","4","12","臺中市","太平區","0","3","8","3","5","50","14","13","1","5","4","5","7","3","1","5","5","5","1","2","42","2","9","1","1","C03","7","9","1","10","2","11","","42","42","1","17","6","C03","24.138926","120.732153","2"
"2019","3","2","5","30","臺中市","梧棲區","0","0","8","","","80","","","","","","","","","","","","","","","","","","","","A41","","","1","","2","","","48","","1","","","A41","24.253594","120.537734","3"
"2019","3","2","5","45","臺中市","霧峰區","0","0","8","","","40","","","","","","","","","","","","","","","","","","","","B03","","","1","","2","","","26","","1","22","","B03","24.062035","120.662766","3"
"2019","3","2","6","34","臺中市","新社區","0","0","8","1","5","50","12","9","1","5","4","5","7","4","4","6","3","5","1","11","23","3","10","1","1","B03","7","9","3","18","2","5","","23","23","1","21","8","B03","24.259941","120.798758","3"
"2019","3","2","6","50","臺中市","大里區","0","1","8","1","5","40","3","1","1","5","4","5","7","4","4","10","5","5","2","17","6","2","9","3","4","C03","7","6","1","10","2","11","","6","6","1","22","8","C03","24.122823","120.695143","2"
"2019","3","2","6","50","臺中市","烏日區","0","2","8","1","5","40","4","1","1","5","4","5","7","1","1","1","5","1","2","16","25","2","9","1","1","C03","7","9","1","10","2","14","","25","25","1","22","8","C03","24.113189","120.587332","2"
"2019","3","2","7","14","臺中市","北區","0","2","8","1","5","50","4","1","1","5","4","5","7","4","4","5","5","5","2","15","6","2","9","3","4","C03","7","9","1","10","2","12","","6","6","1","22","9","C03","24.158285","120.678646","2"
"2019","3","2","7","20","臺中市","東區","0","2","8","1","5","40","14","7","1","5","4","5","7","4","4","5","5","4","2","17","42","2","9","4","5","F01","7","7","8","20","2","16","","42","42","1","22","8","F01","24.1424","120.699908","2"
"2019","3","2","7","30","臺中市","烏日區","0","0","8","","","50","","","","","","","","","","","","","","","","","","","","B12","","","1","","2","","","6","","1","","","B12","24.103244","120.618752","3"
"2019","3","2","7","30","臺中市","大甲區","0","1","8","1","5","50","4","1","1","5","4","5","7","1","1","5","5","5","2","17","6","3","10","1","1","B03","7","11","1","8","2","2","","6","6","1","9","9","B03","24.346005","120.618701","2"
"2019","3","2","7","40","臺中市","西屯區","0","0","8","","","40","","","","","","","","","","","","","","","","","","","","B03","","","1","","2","","","9","","1","22","","B03","24.174265","120.622083","3"
"2019","3","2","7","52","臺中市","北屯區","0","1","8","1","5","50","4","1","1","5","4","5","7","4","4","10","5","5","2","15","6","2","9","1","1","C03","7","9","1","10","2","11","","6","6","1","4","8","C03","24.171733","120.722505","2"
"2019","3","2","8","7","臺中市","中區","0","2","8","1","5","50","3","1","1","5","4","5","7","4","4","10","4","5","2","17","19","2","9","1","1","C03","7","1","3","18","9","12","","19","19","2","21","8","C03","24.143614","120.678962","2"
"2019","3","2","8","17","臺中市","太平區","0","1","8","1","5","50","4","2","1","5","4","5","7","2","1","5","2","5","1","16","10","3","10","1","1","B03","7","11","1","8","2","1","","10","10","1","5","8","B03","24.133333","120.735833","2"
"2019","3","2","8","25","臺中市","大雅區","0","0","8","","","50","","","","","","","","","","","","","","","","","","","","C03","","","1","","2","","","16","","1","","","C03","24.228132","120.643127","3"
"2019","3","2","8","39","臺中市","北屯區","0","1","8","1","5","50","4","1","1","5","4","5","7","2","1","10","5","5","2","16","6","3","10","1","1","B03","7","5","1","8","2","5","","6","6","1","21","8","B03","24.168023","120.692776","2"
"2019","3","2","8","40","臺中市","西屯區","0","1","8","1","5","40","5","8","1","5","4","5","7","1","1","5","4","4","2","16","43","2","9","1","1","C03","7","9","1","10","2","11","","43","43","1","22","8","C03","24.200516","120.656883","2"
"2019","3","2","8","56","臺中市","北區","0","0","8","","","50","","","","","","","","","","","","","","","","","","","","B03","","","1","","2","","","23","","1","5","","B03","24.15793","120.683701","3"
"2019","3","2","9","0","臺中市","沙鹿區","0","2","8","1","5","50","14","7","1","5","4","5","7","4","4","9","5","4","2","17","23","2","9","1","1","C03","7","9","1","10","2","14","","23","23","1","21","8","C03","24.22588","120.575754","2"
"2019","3","2","9","12","臺中市","沙鹿區","0","2","8","1","5","40","14","8","1","5","4","5","7","4","4","1","4","3","1","12","23","2","9","1","1","C03","7","9","1","10","2","12","","23","23","1","5","5","C03","24.202484","120.580811","2"
"2019","3","2","9","13","臺中市","西屯區","0","0","8","","","1","","","","","","","","","","","","","","","","","","","","B12","","","1","","2","","","42","","1","22","","B12","24.157028","120.610109","3"
"2019","3","2","9","14","臺中市","北屯區","0","1","8","1","5","50","14","8","1","5","4","5","7","4","4","5","5","4","2","16","6","3","10","1","1","B03","7","6","1","8","2","5","","6","6","1","4","8","B03","24.186463","120.686956","2"
"2019","3","2","9","21","臺中市","西屯區","0","1","8","1","5","40","11","9","1","5","4","5","7","4","4","10","5","5","2","16","23","2","9","1","1","C03","7","9","1","10","2","11","","23","23","1","21","8","C03","24.180066","120.593813","2"
"2019","3","2","9","25","臺中市","西區","0","1","8","1","5","40","14","9","1","5","4","5","7","4","4","10","5","5","2","17","23","2","1","1","1","B03","7","7","1","8","2","5","","23","23","1","22","9","B03","24.142473","120.658416","2"
"2019","3","2","9","25","臺中市","大肚區","0","2","8","1","5","50","4","1","1","5","4","5","7","1","1","10","5","5","2","15","25","2","6","3","4","C03","7","9","1","10","2","11","","25","25","1","22","8","C03","24.171654","120.580141","2"
"2019","3","2","9","27","臺中市","太平區","0","1","8","3","5","50","14","13","1","5","4","5","7","4","4","5","4","5","1","16","16","2","9","1","1","C03","7","9","1","10","2","11","","16","16","1","21","8","C03","24.133575","120.719119","2"
"2019","3","2","9","28","臺中市","北屯區","0","0","8","","","50","","","","","","","","","","","","","","","23","","","","","B03","","","1","","2","","","23","23","1","5","","B03","24.162026","120.71903","3"
"2019","3","2","9","30","臺中市","潭子區","0","0","8","1","5","50","4","2","1","5","4","5","7","4","4","5","5","4","2","12","","","","","","A12","","","1","","2","","","17","","1","22","","A12","24.205531","120.676675","3"
"2019","3","2","9","36","臺中市","北區","0","0","8","","","50","","","","","","","","","","","","","","","","","","","","B03","","","1","","2","","","12","","1","22","","B03","24.157366","120.679905","3"
"2019","3","2","9","45","臺中市","南區","0","1","8","1","5","50","14","9","1","5","4","5","7","4","4","9","4","5","2","29","23","2","9","1","1","C03","7","9","1","10","2","12","","23","23","1","22","8","C03","24.11703","120.672001","2"
"2019","3","2","9","48","臺中市","大甲區","0","0","8","","","50","","","","","","","","","","","","","","","","","","","","B03","","","1","","2","","","12","","1","4","","B03","24.346385","120.62306","3"
"2019","3","2","9","50","臺中市","北屯區","0","0","8","","","40","","","","","","","","","","","","","","","23","","","","","B03","","","1","","11","","","23","23","1","21","","B03","24.187317","120.686189","3"
"2019","3","2","9","55","臺中市","南屯區","0","1","8","1","5","50","4","2","1","5","4","5","7","1","1","10","5","5","2","16","7","2","9","1","4","C03","7","7","1","10","2","14","","7","7","1","22","8","C03","24.14003","120.653025","2"
"2019","3","2","10","5","臺中市","龍井區","0","0","","","","","","","","","","","","","","","","","","","","","","","","B03","","","1","","2","","","6","","1","22","","B03","24.190031","120.595276","3"
"2019","3","2","10","7","臺中市","南區","0","3","8","1","5","40","3","1","1","5","4","5","7","4","4","5","5","4","2","17","42","2","9","1","1","C03","7","6","1","10","2","12","","42","42","1","22","8","C03","24.125553","120.659402","2"
"2019","3","2","10","18","臺中市","東區","0","2","8","1","5","40","3","1","1","5","4","5","7","1","1","10","5","5","2","17","19","3","10","1","1","B03","7","1","1","8","2","8","","19","19","1","21","8","B03","24.135013","120.695088","2"
"2019","3","2","10","19","臺中市","西屯區","0","0","8","","","40","","","","","","","","","","","","","","","6","","","","","C03","","","1","","2","","","16","6","1","22","","C03","24.18376","120.607757","3"
"2019","3","2","10","20","臺中市","大甲區","0","0","8","","","40","","","","","","","","","","","","","","","12","","","","","B03","","","1","","2","","","12","12","1","22","","B03","24.346116","120.625051","3"
"2019","3","2","10","28","臺中市","西屯區","0","0","8","","","50","","","","","","","","","","","","","","","12","","","","","B03","","","1","","2","","","12","12","1","4","","B03","24.167984","120.649714","3"
"2019","3","2","10","41","臺中市","西屯區","0","0","8","","","40","","","","","","","","","","","","","","","","","","","","C03","","","1","","2","","","16","","1","22","","C03","24.158968","120.65619","3"
"2019","3","2","10","42","臺中市","南區","0","0","","","","","","","","","","","","","","","","","","","42","3","","","","B03","","","1","","2","","","42","42","1","22","","B03","24.120713","120.664216","3"
"2019","3","2","10","42","臺中市","沙鹿區","0","1","8","1","5","60","3","1","1","5","4","5","7","4","4","10","5","5","2","16","6","3","10","1","1","B03","7","5","1","8","2","2","","6","6","1","21","8","B03","24.245702","120.609321","2"
"2019","3","2","10","45","臺中市","南區","0","1","8","1","5","50","4","1","1","5","4","5","7","1","1","10","5","5","2","12","26","3","10","1","1","B03","7","6","1","7","2","2","","26","26","1","22","8","B03","24.13206","120.676385","2"
"2019","3","2","10","46","臺中市","大雅區","0","1","8","1","5","50","4","1","1","5","4","5","7","1","1","5","4","5","1","16","6","3","10","1","1","B03","7","5","1","8","2","5","","6","6","1","21","8","B03","24.226613","120.648303","2"
"2019","3","2","10","59","臺中市","西區","0","1","8","1","5","50","4","1","1","5","4","5","7","1","1","10","5","5","2","16","26","2","9","1","1","C03","7","9","1","10","2","11","","26","26","1","5","8","C03","24.153614","120.655117","2"
"2019","3","2","11","0","臺中市","北屯區","0","0","8","","","50","","","","","","","","","","","","","","","42","","","","","A02","","","1","","2","","","42","42","1","10","","A02","24.178773","120.740153","3"
"2019","3","2","11","3","臺中市","太平區","0","0","8","","","50","","","","","","","","","","","","","","","","","","","","B12","","","1","","2","","","12","","1","9","","B12","24.133286","120.735872","3"
"2019","3","2","11","3","臺中市","大雅區","0","1","8","1","5","50","4","1","1","5","4","5","7","2","1","5","5","5","1","16","8","3","10","1","1","B03","7","5","1","8","2","1","","8","8","1","22","9","B03","24.219373","120.662454","2"
"2019","3","2","11","9","臺中市","中區","0","1","8","1","5","50","4","1","1","5","4","5","7","4","4","10","5","5","2","17","42","3","10","1","1","B03","7","6","1","8","2","2","","42","42","1","21","8","B03","24.141168","120.681013","2"
"2019","3","2","11","10","臺中市","西屯區","0","0","8","","","50","","","","","","","","","","","","","","","","","","","","B03","","","1","","2","","","23","","1","","","B03","24.202045","120.654348","3"
"2019","3","2","11","11","臺中市","中區","0","0","8","1","5","50","14","9","1","5","4","5","7","4","4","7","4","5","2","17","6","3","10","1","1","B03","7","14","1","8","2","5","","6","6","1","22","9","B03","24.139403","120.68442","3"
"2019","3","2","11","11","臺中市","北屯區","0","0","8","","","80","","","","","","","","","","","","","","","","","","","","B03","","","1","","2","","","16","","1","21","","B03","24.201218","120.673433","3"
"2019","3","2","11","15","臺中市","中區","0","1","8","1","5","50","5","1","1","5","4","5","7","1","3","10","5","5","2","15","4","2","9","4","5","F01","7","15","8","20","2","16","","4","4","1","21","8","F01","24.145861","120.682415","2"
"2019","3","2","11","20","臺中市","西區","0","1","8","1","5","40","4","1","1","5","4","5","7","1","1","10","5","5","2","16","6","3","10","1","1","B03","7","6","1","8","2","5","","6","6","1","5","8","B03","24.155433","120.662388","2"
"2019","3","2","11","25","臺中市","南區","0","1","8","1","5","50","4","1","1","5","4","5","7","1","1","10","5","5","2","17","43","3","10","1","1","C03","7","9","4","8","2","12","","43","43","1","22","8","C03","24.130095","120.661886","2"