"年","月","日","時","分","縣市","區","死","受傷","天候","光線","道路類別","速限","道路型態","事故位置","路面鋪裝","路面狀態","路面缺陷","障礙物","視距","號誌種類","號誌動作","分向設施","快車道或一般車道間","快慢車道間","路面邊線","事故類型及型態","主要肇因","受傷程度","主要傷處","保護裝備","行動電話","當事者區分","車輛用途","當事者行動狀態","駕駛資格情形","駕駛執照種類","飲酒情形","車輛撞擊部位最初","車輛撞擊部位其他","肇事因素個別","肇事因素主要","肇事逃逸","職業","旅次目的","車種","GPS座標緯度","GPS座標經度","事故類別"
"2019","3","2","11","26","臺中市","西屯區","0","1","8","1","5","50","14","9","1","5","4","5","7","4","4","10","5","5","2","18","43","2","9","3","4","C03","7","9","1","10","2","14","","43","43","1","22","8","C03","24.176866","120.645159","2"
"2019","3","2","11","27","臺中市","和平區","0","0","8","1","2","50","14","9","1","5","4","5","7","4","4","8","3","5","1","11","17","","","","","B03","","","1","","2","","","17","17","1","22","","B03","24.181555","120.926736","3"
"2019","3","2","11","30","臺中市","太平區","0","1","8","1","5","50","4","1","1","5","4","5","7","2","1","10","5","5","2","16","8","3","10","1","1","C03","7","5","1","10","2","11","","8","8","1","5","8","C03","24.161666","120.705277","2"
"2019","3","2","11","32","臺中市","后里區","0","1","8","1","5","50","14","9","1","5","4","5","7","4","4","9","5","5","1","2","43","3","10","1","1","B12","7","9","6","8","3","5","","43","43","1","21","8","B12","24.327973","120.745053","2"
"2019","3","2","11","39","臺中市","西屯區","0","0","8","","","50","","","","","","","","","","","","","","","","","","","","C03","","","1","","2","","","16","","1","22","","C03","24.176041","120.644053","3"
"2019","3","2","11","46","臺中市","北區","0","0","8","","","50","","","","","","","","","","","","","","","","","","","","B03","","","1","","2","","","12","","1","5","","B03","24.159217","120.670381","4"
"2019","3","2","11","50","臺中市","大里區","0","0","","","","","","","","","","","","","","","","","","","","","","","","","","","7","","11","","","43","","1","","","","24.089904","120.693116","3"
"2019","3","2","11","55","臺中市","北屯區","0","0","8","","","50","","","","","","","","","","","","","","","","","","","","B03","","","1","","2","","","6","","1","5","","B03","24.192581","120.661075","3"
"2019","3","2","11","57","臺中市","沙鹿區","0","2","8","1","5","50","4","1","1","5","4","5","7","4","4","10","5","5","2","16","6","2","8","1","1","C03","7","5","1","10","2","11","","6","6","1","5","5","C03","24.231518","120.554718","2"
"2019","3","2","12","3","臺中市","太平區","0","0","8","","","50","","","","","","","","","","","","","","","","","","","","B03","","","1","","2","","","23","","1","21","","B03","24.148243","120.704256","3"
"2019","3","2","12","8","臺中市","沙鹿區","0","0","8","","","50","","","","","","","","","","","","","","","","","","","","B12","","","1","","2","","","9","","1","9","","B12","24.223177","120.569322","3"
"2019","3","2","12","11","臺中市","北屯區","0","0","8","","","50","","","","","","","","","","","","","","","","","","","","G03","","","1","","2","","","23","","1","21","","G03","24.160073","120.71656","3"
"2019","3","2","12","16","臺中市","沙鹿區","0","1","8","1","5","50","4","1","1","5","4","5","7","1","1","10","5","5","2","18","23","2","3","1","1","B12","7","9","1","8","2","1","","23","23","1","21","8","B12","24.209186","120.568909","2"
"2019","3","2","12","16","臺中市","新社區","0","4","8","1","5","50","14","9","1","5","4","5","7","4","4","5","5","5","1","10","13","2","9","1","1","B03","7","9","1","8","2","1","","13","13","1","5","8","B03","24.26721","120.794296","2"
"2019","3","2","12","24","臺中市","龍井區","0","1","8","1","5","40","3","1","1","5","4","5","7","4","4","10","5","5","2","16","6","3","10","3","4","B03","7","5","1","8","2","8","","6","6","1","22","8","B03","24.181404","120.592135","2"
"2019","3","2","12","37","臺中市","北屯區","0","0","8","","","50","","","","","","","","","","","","","","","","","","","","B03","","","1","","2","","","23","","1","5","","B03","24.18246","120.713124","3"
"2019","3","2","12","40","臺中市","北屯區","0","0","8","","","50","","","","","","","","","","","","","","","","","","","","B12","","","1","","2","","","12","","1","","","B12","24.186276","120.663471","3"
"2019","3","2","12","40","臺中市","清水區","0","1","8","1","5","40","4","1","1","5","4","5","7","1","1","10","5","5","2","16","25","2","9","1","1","C03","7","5","4","11","2","13","","25","25","1","19","5","C03","24.283415","120.583024","2"
"2019","3","2","12","45","臺中市","西區","0","1","8","1","5","50","14","9","1","5","4","5","7","4","4","10","5","5","2","3","51","2","9","4","1","H01","8","16","8","20","1","16","","51","51","1","21","8","H01","24.147053","120.660177","2"
"2019","3","2","12","54","臺中市","后里區","0","0","8","","","60","","","","","","","","","","","","","","","","","","","","B12","","","1","","2","","","16","","1","","","B12","24.284175","120.722728","3"
"2019","3","2","12","55","臺中市","太平區","0","2","8","1","5","40","12","9","1","5","4","5","7","4","4","5","5","5","1","18","13","2","9","3","4","C03","7","9","1","10","2","14","","13","13","1","18","8","C03","24.070693","120.815742","2"
"2019","3","2","12","58","臺中市","潭子區","0","2","8","1","5","50","3","1","1","5","4","5","5","3","1","10","5","4","2","16","6","2","9","1","1","C03","7","5","1","10","2","11","","6","6","1","22","8","C03","24.222727","120.69226","2"
"2019","3","2","13","2","臺中市","神岡區","0","0","8","","","50","","","","","","","","","","","","","","","7","","","","","B12","","9","1","","2","","","44","7","2","21","","B12","24.248489","120.695459","3"
"2019","3","2","13","4","臺中市","北區","0","2","8","1","5","50","3","2","1","5","4","5","7","2","1","10","5","5","2","13","23","2","8","1","1","C03","7","9","1","10","2","11","13","23","23","1","22","8","C03","24.1529","120.6889","2"
"2019","3","2","13","5","臺中市","北區","0","1","8","1","5","50","4","1","1","5","4","5","7","1","1","5","5","5","2","12","6","2","9","3","4","C03","7","5","1","10","2","14","","6","6","1","22","9","C03","24.155771","120.687198","2"
"2019","3","2","13","9","臺中市","北屯區","0","1","8","1","5","50","5","1","1","5","4","5","7","4","4","10","5","5","2","13","23","3","10","1","1","B03","7","9","1","8","2","1","","23","23","1","5","8","B03","24.170401","120.697381","2"
"2019","3","2","13","13","臺中市","石岡區","0","1","8","1","5","50","4","1","1","5","4","5","7","1","1","4","5","5","1","15","25","3","10","1","1","B03","7","9","1","8","2","1","","25","25","1","22","8","B03","24.276003","120.777091","2"
"2019","3","2","13","20","臺中市","西區","0","0","8","1","5","50","14","9","1","5","4","5","7","4","4","5","2","5","2","26","","","","","","B02","","","1","","2","","","42","","1","22","","B02","24.146804","120.663493","3"
"2019","3","2","13","25","臺中市","西區","0","0","8","","","40","","","","","","","","","","","","","","","","","","","","B03","","","1","","2","","","23","","1","22","","B03","24.153913","120.657566","3"
"2019","3","2","13","27","臺中市","外埔區","0","1","8","1","5","50","3","1","1","5","4","5","7","4","4","9","4","5","1","11","6","2","9","3","4","C03","7","5","1","10","2","11","","6","6","1","22","8","C03","24.343307","120.636071","2"
"2019","3","2","13","35","臺中市","北區","0","0","8","","","50","","","","","","","","","","","","","","","","","","","","B03","","","1","","2","","","23","","1","5","","B03","24.163115","120.666253","3"
"2019","3","2","13","35","臺中市","清水區","0","0","8","","","50","","","","","","","","","","","","","","","","","","","","B03","","","1","","2","","","18","","1","5","","B03","24.267605","120.574506","3"
"2019","3","2","13","36","臺中市","北屯區","0","0","8","","","50","","","","","","","","","","","","","","","23","","","","","B03","","","1","","2","","","23","23","1","5","","B03","24.166101","120.694221","3"
"2019","3","2","13","36","臺中市","北屯區","0","0","8","","","50","","","","","","","","","","","","","","","","","","","","B03","","","6","","2","","","16","","1","21","","B03","24.175591","120.670624","3"
"2019","3","2","13","42","臺中市","北區","0","1","8","1","5","20","4","1","1","5","4","5","7","4","4","10","5","5","2","16","6","3","10","1","1","B03","7","9","1","8","2","5","","6","6","1","22","8","B03","24.154","120.6807","2"
"2019","3","2","13","43","臺中市","西屯區","0","0","8","","","1","","","","","","","","","","","","","","","","","","","","B03","","","1","","2","","","12","","1","","","B03","24.162625","120.637561","3"
"2019","3","2","13","51","臺中市","西屯區","0","2","8","1","5","40","14","7","1","5","4","5","7","4","4","5","4","4","2","11","6","3","10","3","4","B03","7","5","1","8","2","8","","6","6","1","22","8","B03","24.168235","120.665784","2"
"2019","3","2","13","54","臺中市","大雅區","0","1","8","1","5","50","4","1","1","5","4","5","7","2","1","5","4","4","1","16","8","3","10","1","1","B03","7","5","1","8","2","4","","8","8","1","22","9","B03","24.229381","120.654373","2"
"2019","3","2","14","0","臺中市","北區","0","0","8","","","50","","","","","","","","","","","","","","","23","3","","","","C03","","","1","10","2","11","","23","23","","21","","C03","24.148915","120.681709","3"
"2019","3","2","14","0","臺中市","西屯區","0","0","8","","","50","","","","","","","","","","","","","","","23","","","","","B03","","","1","","2","","","23","23","1","4","","B03","24.165833","120.6375","3"
"2019","3","2","14","0","臺中市","神岡區","0","1","8","1","5","50","3","1","1","5","4","5","7","4","4","5","5","5","2","16","19","3","10","1","1","B03","7","1","1","2","2","1","","19","19","1","21","8","B03","24.258125","120.703471","2"
"2019","3","2","14","8","臺中市","西屯區","0","0","8","","","50","","","","","","","","","","","","","","","","","","","","B03","","","1","","2","","","23","","1","","","B03","24.201243","120.656838","3"
"2019","3","2","14","15","臺中市","西屯區","0","1","8","1","5","50","4","1","1","5","4","5","7","1","1","5","4","4","2","16","25","2","9","1","1","C03","7","9","1","10","2","11","","25","25","1","21","8","C03","24.157409","120.650925","2"
"2019","3","2","14","21","臺中市","西屯區","0","1","8","1","5","40","14","9","1","5","4","5","7","4","4","5","4","4","2","16","26","2","9","1","1","C03","7","5","1","10","2","12","","26","26","1","22","8","C03","24.155508","120.647321","2"
"2019","3","2","14","21","臺中市","大雅區","0","0","8","","","50","","","","","","","","","","","","","","","","","","","","B03","","","1","","2","","","19","","1","","","B03","24.226613","120.648303","3"
"2019","3","2","14","40","臺中市","清水區","0","1","8","1","5","50","14","9","1","5","4","5","7","4","4","5","5","5","2","12","23","2","7","1","1","C03","7","9","1","10","2","11","","23","23","1","3","7","C03","24.281275","120.563011","2"
"2019","3","2","14","46","臺中市","西屯區","0","0","8","","","40","","","","","","","","","","","","","","","","","","","","B03","","","1","","2","","","23","","1","22","","B03","24.1735","120.633538","3"
"2019","3","2","14","51","臺中市","西屯區","0","0","8","","","50","","","","","","","","","","","","","","","","","","","","B03","","","1","","2","","","7","","1","22","","B03","24.173069","120.666787","3"
"2019","3","2","14","59","臺中市","和平區","0","0","8","1","2","15","14","9","1","5","4","5","7","4","4","10","5","5","1","11","42","3","10","1","1","B03","7","9","1","8","2","8","","42","42","1","4","6","B03","24.275372","121.262325","3"
"2019","3","2","15","10","臺中市","西區","0","0","8","","","50","","","","","","","","","","","","","","","","","","","","B03","","","1","","2","","","17","","1","21","","B03","24.14119","120.666602","3"
"2019","3","2","15","15","臺中市","西屯區","0","1","8","1","5","40","3","1","1","5","4","5","7","4","4","10","5","5","2","16","9","3","10","1","1","B03","7","6","1","8","2","6","","9","9","1","22","8","B03","24.169426","120.638272","2"
"2019","3","2","15","20","臺中市","西屯區","0","0","8","","","50","","","","","","","","","","","","","","","","","","","","B03","","","1","","2","","","2","","1","","","B03","24.20075","120.657737","3"
"2019","3","2","15","20","臺中市","梧棲區","0","0","8","1","5","50","14","13","1","5","4","5","7","4","4","5","5","5","1","17","23","3","10","3","4","B12","7","9","1","8","6","5","","23","23","1","21","8","B12","24.253864","120.529946","3"
"2019","3","2","15","22","臺中市","石岡區","0","1","8","1","5","50","4","1","1","5","4","5","7","4","4","10","5","5","2","12","43","3","10","1","1","B03","7","9","1","8","2","2","","43","43","1","5","8","B03","24.275525","120.77916","2"
"2019","3","2","15","28","臺中市","北屯區","0","2","8","1","5","50","4","1","1","5","4","5","7","4","4","10","5","5","2","16","6","2","9","1","1","C03","7","9","1","10","2","11","","6","6","1","21","8","C03","24.177659","120.736034","2"
"2019","3","2","15","30","臺中市","西區","0","1","8","1","5","50","4","1","1","5","4","5","7","2","1","10","5","5","2","3","15","3","10","1","1","C03","7","9","1","10","2","11","","15","15","1","20","8","C03","24.152541","120.657457","2"
"2019","3","2","15","35","臺中市","大肚區","0","1","8","1","5","50","3","1","1","5","4","5","7","1","1","10","5","5","2","16","6","3","10","1","1","B02","7","6","1","7","2","2","","6","6","1","21","8","B02","24.146388","120.546624","2"
"2019","3","2","15","38","臺中市","潭子區","0","0","8","","","50","","","","","","","","","","","","","","","","","","","","B03","","","1","","2","","","23","","1","22","","B03","24.220333","120.692293","3"
"2019","3","2","15","48","臺中市","西屯區","0","0","8","","","40","","","","","","","","","","","","","","","","","","","","B12","","","1","","2","","","12","","1","","","B12","24.179643","120.616991","3"
"2019","3","2","15","50","臺中市","烏日區","0","0","8","","","70","","","","","","","","","","","","","","","","","","","","A11","","","1","","2","","","48","","1","10","","A11","24.111748","120.596643","3"
"2019","3","2","15","50","臺中市","清水區","0","0","","","","60","","","","","","","","","","","","","","","","","","","","A31","","","1","","2","","","7","","1","3","","A31","24.279153","120.548411","3"
"2019","3","2","16","0","臺中市","南屯區","0","0","8","","","50","","","","","","","","","","","","","","","","","","","","B03","","","1","","2","","","23","","1","20","","B03","24.148305","120.627121","3"
"2019","3","2","16","0","臺中市","大肚區","0","2","8","1","5","40","14","9","1","5","4","5","7","4","4","10","5","5","2","10","23","2","9","1","1","C03","7","9","6","18","8","11","","23","23","1","22","8","C03","24.171825","120.580358","2"
"2019","3","2","16","10","臺中市","大里區","0","0","8","","","40","","","","","","","","","","","","","","","","","","","","B03","","","1","","2","","","23","","1","21","","B03","24.091946","120.691201","3"
"2019","3","2","16","20","臺中市","烏日區","0","0","","","","","","","","","","","","","","","","","","","","","","","","B03","","","1","","2","","","23","","1","","","B03","24.106793","120.613655","3"
"2019","3","2","16","22","臺中市","西屯區","0","3","8","1","5","50","4","1","1","5","4","5","7","4","4","10","5","5","2","17","6","2","9","1","1","B03","7","9","1","8","2","1","","6","6","1","22","9","B03","24.18472","120.622575","2"
"2019","3","2","16","22","臺中市","大甲區","0","0","8","","","50","","","","","","","","","","","","","","","","","","","","C03","","","1","","2","","","12","","1","21","","C03","24.346441","120.623945","3"
"2019","3","2","16","33","臺中市","東區","0","0","8","","","50","","","","","","","","","","","","","","","","","","","","B03","","","1","","2","","","23","","1","22","","B03","24.150981","120.694465","3"
"2019","3","2","16","40","臺中市","西屯區","0","0","8","","","60","","","","","","","","","","","","","","","23","","","","","A04","","","1","","2","","","23","23","1","22","","A04","24.171561","120.636016","3"
"2019","3","2","16","45","臺中市","南屯區","0","1","8","1","5","50","3","2","1","5","4","5","7","4","4","5","5","4","2","12","6","2","9","1","1","C03","7","5","1","10","2","12","","6","6","1","21","8","C03","24.151265","120.615855","2"
"2019","3","2","16","54","臺中市","北區","0","1","8","1","5","50","3","1","1","5","4","5","7","1","1","5","4","4","2","17","26","2","7","1","1","C03","7","7","1","10","2","13","","26","26","1","21","8","C03","24.151968","120.682039","2"
"2019","3","2","16","54","臺中市","梧棲區","0","2","8","1","5","50","5","1","1","5","4","5","7","4","4","10","5","5","1","15","6","2","9","3","4","C03","7","9","1","10","2","11","","6","6","1","21","8","C03","24.242224","120.545212","2"
"2019","3","2","16","56","臺中市","南區","0","0","","","","","","","","","","","","","","","","","","","","","","","","B03","","","1","","2","","","23","","1","","","B03","24.131302","120.683266","3"
"2019","3","2","16","58","臺中市","北屯區","0","0","8","","","50","","","","","","","","","","","","","","","","","","","","B12","","","1","","2","","","12","","1","4","","B12","24.174376","120.715483","3"
"2019","3","2","17","14","臺中市","烏日區","0","0","8","","","50","","","","","","","","","","","","","","","","","","","","B03","","","1","","2","","","23","","1","22","","B03","24.11607","120.618532","3"
"2019","3","2","17","23","臺中市","南區","0","1","8","1","5","50","14","7","1","5","4","5","7","4","4","3","4","4","2","29","37","3","10","1","1","A12","7","9","1","5","2","15","","37","37","1","10","4","A12","24.122738","120.66224","2"
"2019","3","2","17","25","臺中市","大里區","0","1","8","1","5","50","14","9","1","5","4","5","7","4","4","10","5","5","2","11","23","2","7","1","1","C03","7","9","1","10","2","11","","23","23","1","22","9","C03","24.093046","120.703525","2"
"2019","3","2","17","25","臺中市","清水區","0","1","8","2","5","50","15","9","1","5","4","5","7","4","4","7","5","5","2","17","40","3","10","1","1","B03","7","15","1","8","2","4","","40","40","1","5","5","B03","24.266701","120.571171","2"
"2019","3","2","17","32","臺中市","北區","0","0","8","","","50","","","","","","","","","","","","","","","","","","","","B03","","","1","","11","","","44","","","22","","B03","24.17013","120.66945","3"
"2019","3","2","17","40","臺中市","中區","0","1","8","1","5","50","4","1","1","5","4","5","7","1","1","10","5","5","2","12","7","3","10","1","1","B01","7","8","1","8","2","2","","7","7","1","10","8","B01","24.14083","120.681413","2"
"2019","3","2","17","40","臺中市","潭子區","0","1","8","1","5","40","5","1","1","5","4","5","7","4","4","10","5","5","1","16","6","2","9","1","1","C03","7","5","1","10","2","14","","6","6","1","22","9","C03","24.226438","120.709591","2"
"2019","3","2","17","42","臺中市","西區","0","3","8","1","5","50","4","1","1","5","4","5","7","1","1","5","5","5","2","12","6","2","9","3","4","C03","7","5","3","18","2","11","","6","6","1","21","8","C03","24.154805","120.655639","2"
"2019","3","2","17","43","臺中市","西區","0","0","8","","","40","","","","","","","","","","","","","","","","","","","","B03","","","1","","2","","","23","","1","22","","B03","24.149042","120.665326","3"
"2019","3","2","17","47","臺中市","南區","0","1","8","3","5","50","3","1","1","5","4","5","7","4","4","10","5","5","2","17","42","2","9","1","1","C03","7","9","1","10","2","12","","42","42","1","21","8","C03","24.113504","120.65498","2"
"2019","3","2","17","48","臺中市","西屯區","0","1","8","1","5","50","14","7","1","5","4","5","7","4","4","5","4","4","2","16","26","3","10","1","1","B03","7","11","1","8","2","8","","26","26","1","22","8","B03","24.182291","120.644406","2"
"2019","3","2","18","0","臺中市","西屯區","0","1","8","3","5","50","4","18","1","5","4","5","7","1","1","1","3","5","2","3","15","3","10","1","1","B03","7","5","1","8","2","1","","15","15","1","21","8","B03","24.172398","120.664056","2"
"2019","3","2","18","10","臺中市","北屯區","0","0","8","","","50","","","","","","","","","","","","","","","","","","","","B03","","","1","","2","","","12","","1","","","B03","24.171906","120.699155","3"
"2019","3","2","18","25","臺中市","大甲區","0","0","8","","","50","","","","","","","","","","","","","","","","","","","","B03","","","1","","2","","","12","","1","","","B03","24.333747","120.598266","3"
"2019","3","2","18","27","臺中市","清水區","0","1","8","3","5","70","3","1","1","5","4","5","7","1","1","2","4","4","1","11","23","3","10","1","1","E01","7","5","1","8","2","6","","25","23","1","21","3","E01","24.296538","120.591363","2"
"2019","3","2","18","35","臺中市","西區","0","0","8","","","50","","","","","","","","","","","","","","","","","","","","B12","","","1","","2","","","17","","1","21","","B12","24.146928","120.663682","3"
"2019","3","2","18","35","臺中市","大里區","0","1","8","3","5","50","5","1","1","5","4","5","7","4","4","10","5","5","2","16","23","3","10","1","1","B03","7","5","1","8","2","8","","23","23","1","9","8","B03","24.089221","120.699281","2"
"2019","3","2","18","55","臺中市","西屯區","0","1","8","3","5","50","14","8","1","5","4","5","7","4","4","5","5","4","2","16","6","3","10","1","1","B12","7","15","1","8","2","5","","6","6","1","22","9","B12","24.165143","120.659988","2"
"2019","3","2","18","56","臺中市","西區","0","1","8","3","5","50","4","1","1","5","4","5","7","4","4","10","5","5","2","16","6","3","10","3","4","B12","7","9","6","18","2","1","","6","6","1","21","8","B12","24.151975","120.659519","2"
"2019","3","2","18","57","臺中市","西區","0","1","8","1","5","50","3","1","1","5","4","5","7","1","1","10","5","5","2","16","6","2","9","1","1","C03","7","5","1","10","2","11","","6","6","1","22","8","C03","24.134268","120.676218","2"
"2019","3","2","19","5","臺中市","西區","0","2","8","3","5","50","14","8","1","5","4","5","7","4","4","1","4","4","2","16","17","3","10","1","1","B03","7","9","1","8","2","2","","17","17","1","22","8","B03","24.156408","120.660783","2"
"2019","3","2","19","11","臺中市","西區","0","1","8","3","5","40","14","9","1","5","4","5","7","4","4","9","5","5","2","13","23","3","10","1","1","C03","7","9","1","10","2","11","","23","23","1","22","8","C03","24.149049","120.663711","2"
"2019","3","2","19","11","臺中市","北屯區","0","0","8","","","50","","","","","","","","","","","","","","","42","","","","","B03","","","1","","2","","","42","42","1","21","","B03","24.167698","120.6888","3"
"2019","3","2","19","15","臺中市","北區","0","0","8","","","50","","","","","","","","","","","","","","","","","","","","","","","7","","11","","","43","","1","","","","24.16","120.6919","3"
"2019","3","2","19","16","臺中市","太平區","","","8","","","50","","","","","","","","","","","","","","","","","","","","B03","","","1","","2","","","6","","1","9","","B03","24.122231","120.721102","3"
"2019","3","2","19","20","臺中市","新社區","0","0","8","","","40","","","","","","","","","","","","","","","","","","","","B03","","","1","","2","","","12","","1","21","","B03","24.220769","120.794539","3"
"2019","3","2","19","32","臺中市","太平區","0","1","8","3","5","50","14","9","1","5","4","5","7","4","4","5","5","5","1","3","23","3","10","3","4","F03","7","9","8","20","2","15","","23","23","1","9","8","F03","24.127621","120.720167","2"
"2019","3","2","19","42","臺中市","西屯區","0","1","8","3","5","50","4","1","1","5","4","5","7","1","1","4","3","4","2","16","21","2","7","1","1","C03","7","9","1","10","6","14","","21","21","1","21","8","C03","24.164875","120.658188","2"
"2019","3","2","19","43","臺中市","太平區","0","0","8","","","50","","","","","","","","","","","","","","","","","","","","B12","","","1","","2","","","12","","1","","","B12","24.084613","120.751982","3"
"2019","3","2","19","49","臺中市","西區","0","0","8","","","50","","","","","","","","","","","","","","","","","","","","B03","","","1","","2","","","16","","1","21","","B03","24.148298","120.674212","3"
"2019","3","2","20","10","臺中市","西區","0","1","8","3","5","50","4","1","1","5","4","5","7","1","1","10","5","5","2","3","23","3","10","1","1","B03","7","6","1","8","2","1","","23","23","1","20","8","B03","24.132141","120.66715","2"
"2019","3","2","20","12","臺中市","后里區","0","0","8","","","40","","","","","","","","","","","","","","","","","","","","B12","","","1","","2","","","12","","1","4","","B12","24.300983","120.72432","3"
"2019","3","2","20","15","臺中市","南屯區","0","0","8","","","50","","","","","","","","4","","","","","","","19","3","","","","B03","","","1","","2","","","19","19","1","21","","B03","24.139723","120.613305","3"
"2019","3","2","20","20","臺中市","南區","0","0","","","","","","","","","","","","","","","","","","","","","","","","B12","","","1","","2","","","18","","1","","","B12","24.125491","120.668266","3"
"2019","3","2","20","23","臺中市","北區","0","0","8","","","50","","","","","","","","","","","","","","","16","3","","","","B01","","","1","4","2","5","","16","16","","21","","B01","24.155289","120.666991","3"
"2019","3","2","20","27","臺中市","南區","0","0","8","","","50","","","","","","","","","","","","","","","42","3","","","","B12","","","1","","2","","","42","42","","22","","B12","24.120581","120.66273","3"
"2019","3","2","20","32","臺中市","太平區","","","8","","","50","","","","","","","","","","","","","","","","","","","","B03","","","1","","2","","","23","","1","9","","B03","24.133543","120.718624","3"
"2019","3","2","20","42","臺中市","北屯區","0","0","8","","","50","","","","","","","","","","","","","","","","","","","","B03","","","1","","2","","","16","","1","","","B03","24.19124","120.660926","3"
"2019","3","2","20","43","臺中市","西區","0","1","8","3","5","50","4","1","1","5","1","5","7","1","1","10","5","5","2","18","23","2","9","1","1","C03","7","6","1","10","1","12","","23","23","1","22","8","C03","24.146761","120.64987","2"
"2019","3","2","20","49","臺中市","東區","0","1","7","3","5","50","3","1","1","5","4","5","7","4","4","10","5","5","2","16","10","3","10","1","1","B03","7","11","1","8","2","4","","10","10","1","22","8","B03","24.148833","120.709946","2"
"2019","3","2","20","49","臺中市","沙鹿區","0","2","8","3","5","50","14","7","1","5","4","5","7","1","1","4","3","4","2","12","43","2","9","1","1","C03","7","9","1","10","2","15","","43","43","1","21","9","C03","24.241651","120.564976","2"
"2019","3","2","21","4","臺中市","北區","0","0","8","","","40","","","","","","","","","","","","","","","","","","","","C03","","","1","","2","","","23","","1","22","","C03","24.15208","120.6791","3"
"2019","3","2","21","10","臺中市","西區","0","0","8","","","50","","","","","","","","","","","","","","","23","3","","","","B03","","","1","8","2","2","","23","23","1","21","8","B03","24.141555","120.666112","3"
"2019","3","2","21","31","臺中市","潭子區","0","0","8","","","40","","","","","","","","","","","","","","","","","","","","B03","","","1","","9","","","42","","1","22","","B03","24.230333","120.712193","3"
"2019","3","2","21","31","臺中市","大雅區","0","0","8","","","60","","","","","","","","","","","","","","","","","","","","B03","","","1","","2","","","9","","1","21","","B03","24.218242","120.64854","3"
"2019","3","2","21","33","臺中市","西屯區","0","0","8","","","50","","","","","","","","","","","","","","","","","","","","B01","","","1","","2","","","42","","1","22","","B01","24.201855","120.644346","3"
"2019","3","2","21","56","臺中市","西區","0","0","8","","","50","","","","","","","","","","","","","","","","","","","","B03","","","1","","2","","","42","","1","","","B03","24.137322","120.661848","3"
"2019","3","2","22","0","臺中市","后里區","0","0","8","","","40","","","","","","","","","","","","","","","","","","","","B03","","","1","","2","","","23","","1","4","","B03","24.324131","120.751766","3"
"2019","3","2","22","8","臺中市","西屯區","0","0","8","","","50","","","","","","","","","","","","","","","","","","","","B03","","","1","","2","","","23","","1","","","B03","24.164868","120.65092","3"
"2019","3","2","22","15","臺中市","西屯區","0","1","8","3","5","50","3","8","1","5","4","5","7","4","4","5","5","4","2","16","42","3","10","1","1","B03","7","15","1","8","2","6","","42","42","1","22","9","B03","24.171462","120.646315","2"
"2019","3","2","22","30","臺中市","外埔區","0","1","8","3","5","50","14","7","1","5","4","5","7","4","4","5","4","4","1","27","23","2","9","1","1","C03","7","9","1","10","2","14","","23","23","1","4","8","C03","24.321413","120.69885","2"
"2019","3","2","22","48","臺中市","南區","0","0","8","","","50","","","","","","","","","","","","","","","","3","","","","B03","","","1","","2","","","12","","1","21","","B03","24.134461","120.656588","3"
"2019","3","2","23","8","臺中市","大里區","0","3","8","3","5","50","4","1","1","5","4","5","7","3","1","5","4","4","1","15","6","2","9","1","1","B03","7","9","1","8","2","8","","6","6","1","22","8","B03","24.13232","120.683868","2"
"2019","3","2","23","35","臺中市","清水區","0","3","8","3","5","50","4","1","1","5","4","5","7","1","1","10","5","5","2","15","6","2","9","1","1","C03","7","9","1","10","2","11","","6","6","1","5","1","C03","24.277158","120.564008","2"
"2019","3","2","23","43","臺中市","太平區","0","2","8","3","5","50","4","1","1","5","4","5","7","3","1","10","5","5","2","17","19","2","9","1","1","C03","7","1","6","10","2","11","","19","19","1","21","8","C03","24.142625","120.733369","2"
"2019","3","3","0","1","臺中市","北屯區","0","0","8","3","7","80","14","9","1","5","4","5","7","4","4","1","3","5","2","12","7","3","10","1","1","B03","7","8","1","8","2","6","","7","7","1","21","8","B03","24.200993","120.689813","3"
"2019","3","3","0","21","臺中市","龍井區","0","0","8","","","60","","","","","","","","","","","","","","","","","","","","B03","","","1","","2","","","23","","1","","","B03","24.120257","120.542657","3"
"2019","3","3","0","53","臺中市","北屯區","0","1","8","3","5","50","4","1","1","5","4","5","7","4","4","4","3","5","2","16","10","3","10","1","1","B03","7","11","4","17","2","1","","10","10","1","21","8","B03","24.173495","120.684333","2"
"2019","3","3","1","48","臺中市","龍井區","0","2","8","3","5","70","4","1","1","5","4","5","7","2","1","10","5","5","2","16","26","3","10","1","1","B12","7","6","1","8","2","2","","26","26","1","21","8","B12","24.18632","120.585695","2"
"2019","3","3","3","8","臺中市","北區","0","1","8","4","5","50","14","8","1","5","4","5","7","4","4","5","4","4","2","13","23","2","9","1","1","C03","7","9","3","18","8","11","","23","23","1","21","8","C03","24.154999","120.676944","2"
"2019","3","3","3","45","臺中市","北屯區","0","1","8","3","5","50","14","20","1","5","4","5","7","4","4","9","5","4","2","26","22","2","9","1","1","B03","7","15","1","8","2","1","4","22","22","1","5","8","B03","24.169808","120.721305","2"
"2019","3","3","5","31","臺中市","北區","0","1","8","1","5","50","4","1","1","5","4","5","7","1","1","10","5","5","2","16","25","3","10","1","1","B03","7","9","1","8","11","1","","25","25","2","22","8","B03","24.173055","120.686944","2"