"年","月","日","時","分","縣市","區","死","受傷","天候","光線","道路類別","速限","道路型態","事故位置","路面鋪裝","路面狀態","路面缺陷","障礙物","視距","號誌種類","號誌動作","分向設施","快車道或一般車道間","快慢車道間","路面邊線","事故類型及型態","主要肇因","受傷程度","主要傷處","保護裝備","行動電話","當事者區分","車輛用途","當事者行動狀態","駕駛資格情形","駕駛執照種類","飲酒情形","車輛撞擊部位最初","車輛撞擊部位其他","肇事因素個別","肇事因素主要","肇事逃逸","職業","旅次目的","車種","GPS座標緯度","GPS座標經度","事故類別"
"2019","3","3","7","15","臺中市","潭子區","0","1","8","1","5","40","14","7","1","5","4","5","7","4","4","5","5","4","2","16","42","2","9","1","1","C03","7","9","1","10","2","14","","42","42","1","22","8","C03","24.191928","120.698921","2"
"2019","3","3","7","57","臺中市","南屯區","0","0","8","","","50","","","","","","","","","","","","","","","","","","","","B03","","","1","","2","","","17","","1","21","","B03","24.145533","120.632438","3"
"2019","3","3","8","15","臺中市","清水區","0","1","8","1","5","40","14","9","1","5","4","5","7","4","4","10","5","5","1","19","23","2","1","4","5","F01","7","9","8","20","2","16","","23","23","1","20","8","F01","24.268178","120.556245","2"
"2019","3","3","8","19","臺中市","烏日區","0","1","8","1","5","50","4","1","1","5","4","5","7","1","1","10","5","5","2","16","8","3","10","1","1","B03","7","5","1","8","2","1","","8","8","1","21","8","B03","24.108191","120.634341","2"
"2019","3","3","8","20","臺中市","西區","0","1","8","1","5","50","4","1","1","5","4","5","7","4","4","10","5","5","2","15","6","2","9","1","1","C03","7","9","1","10","2","12","","6","6","1","21","8","C03","24.141569","120.658816","2"
"2019","3","3","8","24","臺中市","西區","0","0","","","","","","","","","","","","","","","","","","","","","","","","B03","","","1","","2","","","16","","1","22","","B03","24.141483","120.666978","3"
"2019","3","3","8","30","臺中市","潭子區","0","1","8","1","5","40","3","1","1","5","4","5","7","4","4","10","5","5","2","16","6","3","10","1","1","B03","7","5","1","8","2","8","","6","6","1","22","9","B03","24.220955","120.694199","2"
"2019","3","3","8","53","臺中市","沙鹿區","0","0","8","","","40","","","","","","","","","","","","","","","","","","","","B12","","","1","","2","","","6","","","4","","B12","24.23623","120.572191","3"
"2019","3","3","9","10","臺中市","清水區","0","0","","","","50","","","","","","","","","","","","","","","","","","","","B03","","","1","","2","","","23","","1","4","","B03","24.269718","120.574885","3"
"2019","3","3","9","14","臺中市","西屯區","0","0","8","","","40","","","","","","","","","","","","","","","","","","","","B03","","","1","","2","","","17","","1","","","B03","24.179695","120.63458","3"
"2019","3","3","9","22","臺中市","南區","0","1","7","1","5","40","3","2","1","5","4","5","7","1","1","1","2","4","2","13","16","2","8","1","1","C03","7","9","1","10","2","11","","16","16","1","21","8","C03","24.122616","120.6792","2"
"2019","3","3","9","34","臺中市","西區","0","0","8","","","50","","","","","","","","","","","","","","","19","3","","","","B03","","","1","","2","","","19","19","1","21","","B03","24.145926","120.653006","3"
"2019","3","3","9","50","臺中市","北區","0","1","8","1","5","40","4","1","1","5","4","5","7","4","4","10","5","5","2","15","6","3","10","3","4","B03","7","9","1","8","2","5","","6","6","1","22","9","B03","24.165968","120.672646","2"
"2019","3","3","9","58","臺中市","龍井區","0","0","8","","","40","","","","","","","","","","","","","","","","","","","","B03","","","1","","2","","","19","","1","","","B03","24.205278","120.551895","3"
"2019","3","3","9","59","臺中市","西區","0","1","8","1","5","50","14","9","1","5","4","5","7","4","4","5","5","5","2","14","12","3","10","1","1","B03","7","2","1","8","2","3","","12","12","1","21","8","B03","24.140078","120.669461","2"
"2019","3","3","10","5","臺中市","南區","0","0","","","","","","","","","","","","","","","","","","","42","3","","","","B03","","","1","","2","","","42","42","1","22","","B03","24.122391","120.665171","3"
"2019","3","3","10","6","臺中市","烏日區","0","1","7","1","5","40","13","9","1","5","4","5","7","4","4","10","5","5","2","9","43","3","10","3","4","B03","7","3","1","8","2","10","","43","43","1","22","8","B03","24.104658","120.63976","2"
"2019","3","3","10","13","臺中市","新社區","0","1","8","1","5","50","3","2","1","5","4","5","7","1","1","10","5","5","2","17","23","2","9","1","1","C03","7","5","2","18","2","14","","23","23","1","16","8","C03","24.244614","120.810921","2"
"2019","3","3","10","18","臺中市","大雅區","0","0","","","","","","","","","","","","","","","","","","","","","","","","B03","","","1","","2","","","23","","1","21","","B03","24.245199","120.651135","3"
"2019","3","3","10","26","臺中市","清水區","0","0","6","","","50","","","","","","","","","","","","","","","","","","","","B03","","","1","","2","","","6","","1","12","","B03","24.218191","120.575211","3"
"2019","3","3","10","27","臺中市","北區","0","0","8","","","50","","","","","","","","","","","","","","","","","","","","B03","","","1","","2","","","16","","1","","","B03","24.159587","120.7036","3"
"2019","3","3","10","30","臺中市","龍井區","0","0","6","","","50","","","","","","","","","","","","","","","","","","","","B03","","","1","","2","","","6","","1","22","","B03","24.15","120.64","3"
"2019","3","3","10","37","臺中市","西屯區","0","0","","","","","","","","","","","","","","","","","","","","","","","","","","","7","","11","","","43","","","","","","24.179453","120.634933","3"
"2019","3","3","10","49","臺中市","烏日區","0","0","6","","","50","","","","","","","","","","","","","","","12","","","","","C03","","","1","","1","","","12","12","1","21","","C03","24.106521","120.621868","3"
"2019","3","3","10","50","臺中市","北屯區","0","1","8","1","5","50","4","1","1","5","4","5","7","1","1","10","5","5","2","13","16","2","9","1","1","C03","7","9","1","10","2","11","","16","16","1","4","8","C03","24.178","120.719","2"
"2019","3","3","10","50","臺中市","后里區","0","0","6","","","50","","","","","","","","","","","","","","","","","","","","B03","","","6","","2","","","23","","1","","","B03","24.30554","120.731285","3"
"2019","3","3","10","54","臺中市","龍井區","0","0","6","","","80","","","","","","","","","","","","","","","","","","","","A41","","","1","","2","","","7","","1","10","","A41","24.193268","120.506158","3"
"2019","3","3","11","1","臺中市","梧棲區","0","0","6","","","40","","","","","","","","","","","","","","","","","","","","B03","","","1","","2","","","6","","1","9","","B03","24.245226","120.536331","3"
"2019","3","3","11","5","臺中市","北屯區","0","0","6","","","40","","","","","","","","","","","","","","","42","","","","","B03","","","1","","9","","","42","42","1","21","","B03","24.178353","120.69218","3"
"2019","3","3","11","6","臺中市","中區","0","0","6","","","40","","","","","","","","","","","","","","","","","","","","B03","","","1","","2","","","23","","1","","","B03","24.140929","120.679372","3"
"2019","3","3","11","12","臺中市","沙鹿區","0","2","6","1","5","40","4","1","1","4","4","5","7","3","1","10","5","5","2","15","6","2","1","1","1","B03","7","9","1","8","2","8","","6","6","1","21","8","B03","24.240533","120.617217","2"
"2019","3","3","11","24","臺中市","龍井區","0","1","6","1","5","60","4","1","1","4","4","5","7","2","1","10","5","5","2","17","7","3","10","3","4","B03","7","8","1","8","2","15","","7","7","1","22","8","B03","24.185997","120.585706","2"
"2019","3","3","11","28","臺中市","北區","0","0","6","","","50","","","","","","","","","","","","","","","","","","","","B03","","","1","","2","","","43","","1","22","","B03","24.159201","120.67502","3"
"2019","3","3","11","28","臺中市","南屯區","0","0","6","","","40","","","","","","","","","","","","","","","","","","","","B03","","","1","","2","","","26","","1","21","","B03","24.149827","120.62321","3"
"2019","3","3","11","30","臺中市","龍井區","0","1","6","1","5","60","3","1","1","4","4","5","7","4","4","10","5","5","1","17","6","3","10","3","4","B03","7","6","1","8","2","15","","6","6","1","22","8","B03","24.185751","120.573897","2"
"2019","3","3","11","31","臺中市","北屯區","0","1","6","1","5","50","11","9","1","4","4","5","7","4","4","3","5","5","1","18","23","2","9","1","1","C01","7","9","1","9","2","14","","23","23","1","21","8","C01","24.204053","120.78311","2"
"2019","3","3","11","31","臺中市","潭子區","0","0","6","","","50","","","","","","","","","","","","","","","","","","","","B03","","","1","","2","","","23","","1","21","","B03","24.200735","120.711494","3"
"2019","3","3","11","33","臺中市","和平區","0","0","","","","","","","","","","","","","","","","","","","42","","","","","B03","","","1","","2","","","42","42","1","22","","B03","24.184378","120.950813","3"
"2019","3","3","11","36","臺中市","西屯區","0","1","6","1","5","60","4","1","1","4","4","5","7","1","1","1","1","1","1","16","26","3","10","1","1","B03","7","6","1","8","2","2","","26","26","1","4","8","B03","24.182523","120.602065","2"
"2019","3","3","11","40","臺中市","西區","0","1","6","1","5","50","14","9","1","4","4","5","7","4","4","5","5","5","2","13","23","2","8","1","1","C03","7","9","3","18","2","11","","23","23","1","21","8","C03","24.144322","120.662056","2"
"2019","3","3","11","40","臺中市","東區","0","0","","","","","","","","","","","","","","","","","","","38","3","","","","B12","","","1","","2","","","1","38","1","21","","B12","24.140098","120.688066","3"
"2019","3","3","11","40","臺中市","北屯區","0","0","6","","","50","","","","","","","","","","","","","","","","","","","","B03","","","1","","2","","","16","","1","","","B03","24.175682","120.718749","3"
"2019","3","3","11","40","臺中市","北屯區","0","0","6","","","50","","","","","","","","","","","","","","","6","","","","","B12","","","1","","2","","","6","6","1","21","","B12","24.167463","120.729916","3"
"2019","3","3","11","42","臺中市","南區","0","1","6","1","5","50","3","1","1","4","4","5","7","4","4","10","5","5","2","10","4","3","10","1","1","C03","7","9","1","10","2","11","","4","4","1","21","8","C03","24.131169","120.682127","2"
"2019","3","3","11","45","臺中市","大雅區","0","1","6","1","5","50","3","1","1","4","4","5","7","1","1","10","4","5","1","15","25","2","9","1","1","C03","7","9","1","10","2","12","","25","25","1","22","9","C03","24.227897","120.655333","2"
"2019","3","3","11","47","臺中市","西屯區","0","1","6","1","5","40","14","8","1","4","4","5","7","4","4","5","4","4","2","16","43","3","10","1","1","C03","7","9","1","10","2","14","","43","43","1","21","8","C03","24.170533","120.643378","2"
"2019","3","3","11","48","臺中市","沙鹿區","0","0","6","","","50","","","","","","","","","","","","","","","","","","","","B03","","","1","","2","","","23","","1","3","","B03","24.241933","120.563969","3"
"2019","3","3","11","50","臺中市","中區","0","2","6","1","5","50","4","18","1","4","4","5","7","1","1","5","5","4","2","3","15","3","10","1","1","B03","7","5","1","8","2","1","","15","15","1","21","8","B03","24.14314","120.680273","2"
"2019","3","3","11","50","臺中市","東勢區","0","1","6","1","5","60","14","13","1","3","4","5","7","4","4","5","3","5","1","17","23","2","9","1","1","C03","7","9","1","10","2","11","","23","23","1","18","8","C03","24.286932","120.795714","2"
"2019","3","3","11","57","臺中市","潭子區","0","0","6","","","40","","","","","","","","","","","","","","","12","","","","","B03","","","1","","2","","","12","12","1","22","","B03","24.223967","120.697862","3"
"2019","3","3","12","0","臺中市","北屯區","0","0","6","","","50","","","","","","","","","","","","","","","","","","","","B03","","","1","","2","","","12","","1","4","","B03","24.175755","120.71857","3"
"2019","3","3","12","0","臺中市","清水區","","","","","","50","","","","","","","","","","","","","","","","","","","","B03","","","1","","2","","","23","","1","5","","B03","24.269791","120.574255","3"
"2019","3","3","12","3","臺中市","東區","0","0","6","1","5","50","14","9","1","4","4","5","6","4","4","5","5","5","2","14","12","3","10","1","1","B03","7","2","1","8","2","7","","12","12","1","21","8","B03","24.149754","120.695815","3"
"2019","3","3","12","10","臺中市","烏日區","0","0","6","","","70","","","","","","","","","","","","","","","","","","","","B03","","","1","","2","","","16","","1","21","","B03","24.109763","120.60312","3"
"2019","3","3","12","19","臺中市","大甲區","0","0","","","","","","","","","","","","","","","","","","","43","","","","","B03","","","1","","2","","","43","43","1","22","","B03","24.344094","120.623741","3"
"2019","3","3","12","20","臺中市","西屯區","0","2","8","1","5","40","14","8","1","4","4","5","7","4","4","5","4","4","2","16","16","2","9","1","1","C03","7","9","1","10","2","11","","16","16","1","22","8","C03","24.158066","120.657608","2"
"2019","3","3","12","21","臺中市","西區","0","0","6","","","50","","","","","","","","","","","","","","","16","3","","","","B03","","","1","","2","","","16","16","1","21","","B03","24.150871","120.656319","3"
"2019","3","3","12","25","臺中市","北屯區","0","0","6","","","40","","","","","","","","","","","","","","","5","","","","","B03","","","1","","2","","","5","5","1","5","","B03","24.167725","120.694155","3"
"2019","3","3","12","26","臺中市","大雅區","0","1","6","1","5","50","14","9","1","4","4","5","7","4","4","5","4","4","1","29","23","2","9","1","1","C03","7","9","1","10","2","15","","23","23","1","21","8","C03","24.207238","120.629111","2"
"2019","3","3","12","30","臺中市","大甲區","0","1","6","1","5","50","4","2","1","4","4","5","7","1","1","4","5","5","1","12","17","3","10","1","1","B03","7","9","1","8","2","2","","17","17","1","5","8","B03","24.348537","120.619259","2"
"2019","3","3","12","37","臺中市","烏日區","0","0","6","","","80","","","","","","","","","","","","","","","","","","","","B03","","","1","","2","","","42","","1","22","","B03","24.118322","120.620138","3"
"2019","3","3","12","46","臺中市","石岡區","0","0","6","","","70","","","","","","","","","","","","","","","","","","","","B03","","","1","","2","","","23","","1","","","B03","24.274826","120.773801","3"
"2019","3","3","12","47","臺中市","西屯區","0","0","","","","","","","","","","","","","","","","","","","","","","","","B03","","","1","","2","","","16","","1","22","","B03","24.162294","120.630218","3"
"2019","3","3","12","50","臺中市","西屯區","0","1","6","1","5","50","4","1","1","4","4","5","7","1","1","4","3","4","1","16","25","2","9","1","1","C03","7","5","3","18","2","11","","25","25","1","4","8","C03","24.201348","120.627609","2"
"2019","3","3","12","53","臺中市","南區","0","0","","","","","","","","","","","","","","","","","","","7","3","","","","B03","","","1","","2","","","7","7","1","22","","B03","24.114051","120.670245","3"
"2019","3","3","12","57","臺中市","西屯區","0","0","6","","","50","","","","","","","","","","","","","","","","","","","","B03","","","1","","2","","","10","","1","","","B03","24.182955","120.644841","3"
"2019","3","3","13","0","臺中市","南區","0","0","6","","","50","","","","","","","","","","","","","","","26","3","","","","B12","","","1","","2","","","26","26","","5","","B12","24.134225","120.657245","3"
"2019","3","3","13","6","臺中市","東區","0","0","8","","","50","","","","","","","","","","","","","","","","","","","","B03","","","1","","2","","","26","","1","22","","B03","24.134812","120.683889","3"
"2019","3","3","13","7","臺中市","北屯區","0","0","6","","","50","","","","","","","","","","","","","","","","","","","","B03","","","1","","2","","","23","","1","","","B03","24.192043","120.660441","3"
"2019","3","3","13","7","臺中市","潭子區","0","1","6","1","5","50","14","8","1","4","4","5","7","4","4","1","4","4","1","18","23","2","9","1","1","C03","7","9","1","10","2","15","","23","23","1","22","9","C03","24.216012","120.691464","2"
"2019","3","3","13","12","臺中市","外埔區","0","1","7","1","5","50","3","2","1","4","4","5","7","1","1","5","2","4","1","16","6","2","8","1","1","C03","7","5","1","10","2","14","","6","6","1","22","8","C03","24.341781","120.638678","2"
"2019","3","3","13","15","臺中市","太平區","0","1","6","1","5","50","4","1","1","4","4","5","7","2","1","10","5","5","2","18","14","2","9","1","1","C03","7","9","1","10","2","12","","14","14","1","5","8","C03","24.136111","120.715833","2"
"2019","3","3","13","20","臺中市","沙鹿區","0","1","8","1","5","50","14","8","1","5","4","5","7","4","4","1","3","4","2","17","18","3","10","1","1","C03","7","3","1","10","2","15","","18","18","1","5","9","C03","24.236141","120.559363","2"
"2019","3","3","13","20","臺中市","沙鹿區","0","1","7","1","5","50","4","2","1","5","4","5","7","1","1","10","5","5","2","16","23","2","8","1","1","C03","7","5","1","10","2","12","","23","23","1","21","8","C03","24.236286","120.55927","2"
"2019","3","3","13","21","臺中市","北區","0","0","6","","","50","","","","","","","","","","","","","","","","","","","","B03","","","1","","2","","","23","","1","5","","B03","24.146387","120.686066","3"
"2019","3","3","13","30","臺中市","豐原區","0","1","8","1","5","50","14","7","1","5","4","5","7","4","4","3","5","5","1","23","21","2","9","3","4","B03","7","15","1","8","8","1","","21","21","1","22","8","B03","24.270428","120.75126","2"
"2019","3","3","13","31","臺中市","西屯區","0","1","8","1","5","40","3","8","1","5","4","5","7","4","4","5","4","4","2","16","6","3","10","1","1","B03","7","6","1","8","2","7","","6","6","1","22","8","B03","24.182906","120.601871","2"
"2019","3","3","13","47","臺中市","東區","0","0","8","","","50","","","","","","","","","","","","","","","23","3","","","","B03","","","1","","2","","","44","23","1","21","","B03","24.136104","120.688245","3"
"2019","3","3","13","50","臺中市","西區","0","0","6","","","50","","","","","","","","","","","","","","","23","3","","","","B03","","","1","","2","","","23","23","1","21","","B03","24.129113","120.666814","3"
"2019","3","3","13","50","臺中市","烏日區","0","1","6","1","5","60","4","1","1","4","4","5","7","1","1","10","5","5","2","17","6","3","10","1","3","B12","7","6","1","8","2","7","","6","6","1","21","8","B12","24.093653","120.643833","2"
"2019","3","3","13","50","臺中市","烏日區","0","0","6","1","5","60","10","7","1","4","4","5","7","4","4","1","4","1","2","23","21","3","10","1","1","B03","7","9","3","18","7","8","","21","21","1","22","8","B03","24.100293","120.624191","3"
"2019","3","3","13","58","臺中市","西屯區","0","0","","","","","","","","","","","","","","","","","","","","","","","","B03","","","1","","2","","","16","","1","22","","B03","24.170652","120.63684","3"
"2019","3","3","14","4","臺中市","西屯區","0","0","8","","","50","","","","","","","","","","","","","","","12","","","","","B03","","","1","","2","","","12","12","1","4","","B03","24.194623","120.65901","3"
"2019","3","3","14","6","臺中市","北區","0","0","8","","","50","","","","","","","","","","","","","","","","","","","","B03","","","1","","2","","","12","","1","22","","B03","24.165358","120.681861","3"
"2019","3","3","14","15","臺中市","太平區","0","0","8","","","50","","","","","","","","","","","","","","","","","","","","B03","","","1","","2","","","12","","1","","","B03","24.13598","120.715633","3"
"2019","3","3","14","20","臺中市","西屯區","0","1","7","1","5","40","14","9","1","4","4","5","7","4","4","10","5","5","2","16","6","3","10","1","1","B03","7","5","1","8","2","4","","6","6","1","21","8","B03","24.155923","120.64831","2"
"2019","3","3","14","30","臺中市","西區","0","0","8","","","40","","","","","","","","","","","","","","","17","","","","","B03","","","1","","2","","","17","17","1","21","","B03","24.147486","120.660196","3"
"2019","3","3","14","46","臺中市","大里區","0","1","7","1","5","50","3","1","1","5","4","5","7","3","1","10","5","5","2","16","6","3","10","1","1","B01","7","5","1","3","2","4","","6","6","1","10","8","B01","24.09563","120.679615","2"
"2019","3","3","14","47","臺中市","太平區","0","1","8","1","5","50","3","1","1","5","4","5","7","4","4","10","5","5","2","16","6","3","10","1","1","B03","7","5","1","7","2","5","","6","6","1","21","8","B03","24.140837","120.710948","2"
"2019","3","3","14","50","臺中市","大甲區","0","1","6","1","5","50","4","1","1","4","4","5","7","4","4","10","5","5","2","15","6","3","10","1","1","B03","7","9","1","8","2","6","","6","6","1","19","8","B03","24.379105","120.651015","2"
"2019","3","3","14","51","臺中市","北區","0","0","8","","","40","","","","","","","","","","","","","","","","","","","","B03","","","1","","2","","","23","","1","5","","B03","24.151837","120.6875","3"
"2019","3","3","14","55","臺中市","西屯區","0","1","7","1","5","50","14","9","1","4","4","5","7","4","4","1","3","5","2","13","16","3","10","1","1","B01","7","9","1","8","2","5","","16","16","1","22","9","B01","24.159406","120.636338","2"
"2019","3","3","15","10","臺中市","南屯區","0","0","6","","","50","","","","","","","","","","","","","","","","3","","","","C03","","","3","","2","","","23","","1","21","","C03","24.14118","120.609856","3"
"2019","3","3","15","14","臺中市","北屯區","0","0","8","","","40","","","","","","","","","","","","","","","","","","","","B03","","","1","","2","","","7","","1","","","B03","24.163855","120.693739","3"
"2019","3","3","15","18","臺中市","北區","0","0","8","","","50","","","","","","","","","","","","","","","","","","","","B03","","","1","","2","","","12","","1","22","","B03","24.1474","120.6829","3"
"2019","3","3","15","33","臺中市","中區","0","3","7","1","5","50","4","1","1","5","4","5","7","3","1","10","5","5","2","15","6","2","9","1","1","C03","7","9","1","10","2","12","","6","6","1","22","8","C03","24.140067","120.679016","2"
"2019","3","3","15","43","臺中市","西區","0","0","8","","","50","","","","","","","","","","","","","","","","","","","","B03","","","1","","9","","","23","","1","","","B03","24.147901","120.659045","3"
"2019","3","3","15","45","臺中市","西區","0","1","8","1","5","40","4","2","1","5","4","5","7","4","4","1","4","4","2","17","23","2","8","1","1","B03","7","9","1","8","2","1","","23","23","1","22","9","B03","24.13925","120.657123","2"
"2019","3","3","15","48","臺中市","中區","0","2","7","1","5","50","4","1","1","5","4","5","7","1","1","10","5","5","2","17","43","2","9","3","4","C03","7","15","1","10","2","14","","43","43","1","21","8","C03","24.14248","120.679455","2"
"2019","3","3","15","49","臺中市","西屯區","0","2","8","1","5","40","4","1","1","5","4","5","7","2","1","10","5","5","2","15","43","2","9","3","4","C03","7","9","1","10","2","11","","43","43","1","22","8","C03","24.174421","120.64449","2"
"2019","3","3","15","51","臺中市","南屯區","0","1","6","1","5","50","4","1","1","4","4","5","7","1","1","10","5","5","2","16","6","2","9","1","1","C03","7","5","1","10","2","12","","6","6","1","22","8","C03","24.147175","120.643433","2"
"2019","3","3","15","52","臺中市","西屯區","0","0","8","","","50","","","","","","","","","","","","","","","","","","","","B03","","","1","","2","","","16","","1","22","","B03","24.154973","120.647161","3"
"2019","3","3","16","2","臺中市","西屯區","0","0","8","","","40","","","","","","","","","","","","","","","","","","","","B03","","","1","","2","","","5","","1","","","B03","24.169775","120.657343","3"
"2019","3","3","16","5","臺中市","西屯區","0","0","8","","","50","","","","","","","","","","","","","","","","","","","","B03","","","1","","2","","","23","","1","","","B03","24.197065","120.657119","3"
"2019","3","3","16","6","臺中市","南區","0","0","","","","","","","","","","","","","","","","","","","","","","","","B03","","","1","","11","","","42","","1","21","","B03","24.120582","120.681003","3"
"2019","3","3","16","20","臺中市","南屯區","0","0","7","","","50","","","","","","","","4","","","","","","","23","3","","","","B01","","","1","","2","","","23","23","1","21","","B01","24.147155","120.640585","3"
"2019","3","3","16","25","臺中市","西區","0","0","6","","","50","","","","","","","","","","","","","","","","","","","","B03","","","1","","2","","","17","","1","21","","B03","24.1381","120.68368","3"
"2019","3","3","16","30","臺中市","北屯區","0","2","6","1","5","50","3","1","1","4","4","5","7","4","4","10","5","5","2","16","6","3","10","3","4","B03","7","5","1","8","2","5","","6","6","1","5","8","B03","24.166805","120.694358","2"
"2019","3","3","16","31","臺中市","東勢區","0","1","6","1","5","60","3","1","1","4","4","5","7","1","1","4","3","4","1","16","6","3","10","1","1","B12","7","6","1","8","2","6","","6","6","1","22","9","B12","24.235467","120.835342","2"
"2019","3","3","16","37","臺中市","東區","","","","","","","","","","","","","","","","","","","","","","","","","","B02","","","1","","2","","","6","","1","5","","B02","24.134913","120.687525","3"
"2019","3","3","16","40","臺中市","南區","0","0","8","","","50","","","","","","","","","","","","","","","","","","","","B03","","","1","","2","","","19","","1","4","","B03","24.131644","120.676501","3"
"2019","3","3","16","40","臺中市","西屯區","0","0","8","","","40","","","","","","","","","","","","","","","","","","","","B03","","","1","","9","","","42","","1","22","","B03","24.159476","120.639335","3"
"2019","3","3","16","43","臺中市","太平區","0","0","8","","","50","","","","","","","","","","","","","","","42","","","","","B03","","","1","","2","","","42","42","1","21","","B03","24.148869","120.718859","3"
"2019","3","3","16","45","臺中市","烏日區","0","1","8","1","5","40","4","1","1","5","4","5","7","4","4","10","5","5","2","15","6","2","9","1","1","C03","7","9","1","10","2","12","","6","6","1","5","8","C03","24.064808","120.647139","2"
"2019","3","3","16","57","臺中市","南屯區","0","1","7","2","5","50","4","1","1","5","4","5","7","2","1","9","4","4","2","15","6","3","10","1","1","B03","7","4","1","8","2","5","","6","6","1","21","8","B03","24.138674","120.60967","2"
"2019","3","3","16","58","臺中市","龍井區","0","0","","","","","","","","","","","","","","","","","","","","","","","","B03","","","1","","2","","","12","","1","21","","B03","24.181355","120.591888","3"
"2019","3","3","16","59","臺中市","南區","0","1","8","1","5","50","3","1","1","5","4","5","7","4","4","10","5","5","2","18","23","2","9","1","1","C03","7","9","1","10","2","14","","23","23","1","21","8","C03","24.11998","120.666821","2"
"2019","3","3","16","59","臺中市","東勢區","0","1","6","1","5","50","14","9","1","4","4","5","7","4","4","5","5","5","1","17","38","3","10","1","1","B03","7","14","1","8","2","2","","38","38","1","20","8","B03","24.256961","120.82838","2"
"2019","3","3","17","0","臺中市","南區","0","0","8","","","50","","","","","","","","","","","","","","","16","3","","","","B03","","","1","","2","","","16","16","","9","","B03","24.116955","120.667908","3"
"2019","3","3","17","5","臺中市","豐原區","0","0","8","","","40","","","","","","","","","","","","","","","","","","","","C03","","","1","","2","","","4","","1","12","","C03","24.249293","120.720605","3"
"2019","3","3","17","6","臺中市","大里區","0","2","8","1","5","50","14","9","1","5","4","5","7","4","4","5","2","4","2","16","4","2","9","1","1","C03","7","1","6","10","5","14","","4","4","1","22","8","C03","24.114768","120.692696","2"
"2019","3","3","17","8","臺中市","西屯區","0","0","8","","","60","","","","","","","","","","","","","","","","","","","","B03","","","1","","11","","","9","","1","","","B03","24.184596","120.609643","3"
"2019","3","3","17","10","臺中市","西屯區","0","0","8","","","50","","","","","","","","","","","","","","","","","","","","B03","","","1","","2","","","23","","1","22","","B03","24.201006","120.657193","3"
"2019","3","3","17","15","臺中市","太平區","0","2","8","2","5","50","4","2","1","5","4","5","7","1","1","5","5","4","1","17","26","2","9","1","1","C03","7","11","1","10","2","11","","26","26","1","21","8","C03","24.151309","120.716832","2"
"2019","3","3","17","16","臺中市","西屯區","0","0","8","","","40","","","","","","","","","","","","","","","43","","","","","B03","","","1","","2","","","43","43","1","22","","B03","24.196686","120.619918","3"
"2019","3","3","17","20","臺中市","太平區","0","0","8","","","40","","","","","","","","","","","","","","","","","","","","B03","","","1","","2","","","12","","1","21","","B03","24.139766","120.732899","3"
"2019","3","3","17","21","臺中市","北區","0","1","8","1","5","50","4","1","1","5","4","5","7","1","1","1","2","4","2","16","9","3","10","1","1","B03","7","6","1","8","2","5","","9","9","1","21","8","B03","24.145816","120.682567","2"
"2019","3","3","17","25","臺中市","和平區","0","0","","","","","","","","","","","","","","","","","","","","","","","","B03","","","1","","2","","","5","","1","22","","B03","24.329418","121.310525","3"
"2019","3","3","17","30","臺中市","潭子區","0","0","6","","","60","","","","","","","","","","","","","","","","","","","","B03","","","1","","2","","","23","","1","22","","B03","24.205125","120.704553","3"
"2019","3","3","17","35","臺中市","西區","0","1","8","1","5","40","4","1","1","5","4","5","7","4","4","5","5","5","1","16","6","2","9","1","1","C03","7","9","1","10","2","11","","6","6","1","21","8","C03","24.129334","120.663681","2"
"2019","3","3","17","40","臺中市","豐原區","0","0","8","","","50","","","","","","","","","","","","","","","42","","","","","C03","","","1","","2","","","42","42","1","17","","C03","24.249476","120.714068","3"
"2019","3","3","17","44","臺中市","西屯區","0","0","8","","","50","","","","","","","","","","","","","","","","","","","","B03","","","1","","2","","","42","","1","22","","B03","24.169295","120.638883","3"
"2019","3","3","17","45","臺中市","南區","0","1","8","3","5","50","14","9","1","5","4","5","7","4","4","10","5","5","2","18","23","2","1","1","1","C03","7","9","1","10","2","12","","23","23","1","4","8","C03","24.12738","120.681125","2"
"2019","3","3","17","50","臺中市","烏日區","0","0","8","","","50","","","","","","","","","","","","","","","","","","","","B03","","","1","","2","","","23","","1","21","","B03","24.11028","120.625779","3"
"2019","3","3","17","52","臺中市","西屯區","0","0","8","","","50","","","","","","","","","","","","","","","","","","","","B01","","","1","","2","","","42","","1","","","B01","24.180121","120.639008","3"
"2019","3","3","17","53","臺中市","西區","0","1","7","3","5","50","14","9","1","4","4","5","7","4","4","5","4","5","2","16","26","3","10","1","1","B03","7","11","1","8","2","7","","26","26","1","21","5","B03","24.146692","120.664128","2"
"2019","3","3","18","40","臺中市","大里區","0","0","8","","","40","","","","","","","","","","","","","","","","","","","","B03","","","1","","2","","","23","","1","9","","B03","24.099798","120.694065","3"