"年","月","日","時","分","縣市","區","死","受傷","天候","光線","道路類別","速限","道路型態","事故位置","路面鋪裝","路面狀態","路面缺陷","障礙物","視距","號誌種類","號誌動作","分向設施","快車道或一般車道間","快慢車道間","路面邊線","事故類型及型態","主要肇因","受傷程度","主要傷處","保護裝備","行動電話","當事者區分","車輛用途","當事者行動狀態","駕駛資格情形","駕駛執照種類","飲酒情形","車輛撞擊部位最初","車輛撞擊部位其他","肇事因素個別","肇事因素主要","肇事逃逸","職業","旅次目的","車種","GPS座標緯度","GPS座標經度","事故類別"
"2019","3","3","18","41","臺中市","西屯區","0","0","8","","","50","","","","","","","","","","","","","","","","","","","","B03","","","1","","2","","","23","","1","22","","B03","24.164138","120.643163","3"
"2019","3","3","18","45","臺中市","大里區","0","0","8","","","50","","","","","","","","","","","","","","","","","","","","B03","","","1","","9","","","23","","2","21","","B03","24.108776","120.700738","3"
"2019","3","3","19","3","臺中市","南區","0","1","8","3","5","50","4","1","1","5","4","5","7","1","1","10","5","5","2","16","6","3","10","1","1","B01","7","5","1","4","2","8","","6","6","1","4","8","B01","24.122339","120.666841","2"
"2019","3","3","19","3","臺中市","南區","0","1","7","3","5","50","14","7","1","4","4","5","7","4","4","9","5","4","2","16","10","3","10","1","1","B03","7","11","1","8","2","2","","10","10","1","19","5","B03","24.119771","120.671848","2"
"2019","3","3","19","9","臺中市","太平區","","","8","","","80","","","","","","","","","","","","","","","","","","","","B03","","","1","","2","","","23","","1","21","","B03","24.130709","120.706722","3"
"2019","3","3","19","10","臺中市","沙鹿區","0","2","8","3","5","50","12","9","1","5","4","5","7","4","4","4","5","5","1","16","19","2","9","1","1","C04","7","1","1","10","2","13","","19","19","1","18","9","C04","24.222074","120.581131","2"
"2019","3","3","19","13","臺中市","西屯區","0","1","8","3","5","40","4","1","1","5","4","5","7","4","4","10","5","5","2","15","6","3","10","1","1","B12","7","9","1","8","2","2","","6","6","1","22","8","B12","24.182828","120.648161","2"
"2019","3","3","19","14","臺中市","南屯區","0","0","8","","","50","","","","","","","","","","","","","","","","3","","","","B12","","","1","","10","","","18","","1","21","","B12","24.137691","120.612452","4"
"2019","3","3","19","16","臺中市","大里區","0","0","8","","","50","","","","","","","","","","","","","","","","","","","","B03","","","1","","2","","","23","","1","22","","B03","24.115","120.677333","3"
"2019","3","3","19","27","臺中市","南屯區","0","1","7","3","5","50","14","9","1","5","4","5","7","4","4","1","2","5","2","12","1","3","10","1","1","B03","7","9","1","8","2","6","","1","1","1","22","8","B03","24.150953","120.65171","2"
"2019","3","3","19","30","臺中市","沙鹿區","0","2","8","3","5","40","14","9","1","5","4","5","7","4","4","10","5","5","2","3","53","2","9","4","5","H01","8","16","8","20","10","16","","53","53","1","13","8","H01","24.221504","120.580679","2"
"2019","3","3","19","42","臺中市","西屯區","0","0","8","","","60","","","","","","","","","","","","","","","23","","","","","B03","","","1","","2","","","23","23","1","","","B03","24.196163","120.647556","3"
"2019","3","3","19","42","臺中市","潭子區","0","3","8","3","5","40","14","8","1","5","4","5","7","4","4","5","4","5","1","2","23","2","9","1","4","H02","7","21","8","20","8","16","","67","23","1","22","8","H02","24.193096","120.694112","2"
"2019","3","3","19","48","臺中市","北區","0","1","8","3","5","50","5","1","1","5","4","5","7","2","1","10","5","5","2","16","26","3","10","1","1","B03","7","9","6","18","11","6","","26","26","2","22","8","B03","24.146","120.68259","2"
"2019","3","3","19","48","臺中市","烏日區","0","1","8","1","5","50","3","1","1","1","4","5","7","1","1","10","5","5","2","16","9","3","10","1","1","B03","7","6","1","8","2","5","","9","9","1","21","8","B03","24.10883","120.627209","2"
"2019","3","3","19","51","臺中市","北區","0","1","8","3","5","50","4","1","1","5","4","5","7","2","1","10","5","5","2","17","26","3","10","1","1","B03","7","6","1","8","2","15","","26","26","1","22","8","B03","24.1433","120.6855","2"
"2019","3","3","19","55","臺中市","大里區","0","1","8","3","5","40","3","1","1","5","4","5","7","4","4","10","5","5","2","16","6","3","10","1","1","B12","7","5","1","8","2","8","","6","6","1","9","8","B12","24.100823","120.710176","2"
"2019","3","3","20","0","臺中市","梧棲區","0","0","8","","","40","","","","","","","","","","","","","","","","","","","","B03","","","1","","2","","","12","","1","","","B03","24.251428","120.532694","4"
"2019","3","3","20","8","臺中市","北屯區","0","1","8","3","5","50","3","18","1","5","4","5","7","3","1","10","5","5","2","3","15","3","10","1","1","B01","7","5","1","3","2","8","","15","15","1","10","8","B01","24.1691","120.673821","2"
"2019","3","3","20","10","臺中市","太平區","0","0","8","","","50","","","","","","","","","","","","","","","","","","","","B03","","","1","","2","","","12","","1","21","","B03","24.148067","120.701572","3"
"2019","3","3","20","14","臺中市","北區","0","0","8","","","50","","","","","","","","","","","","","","","","","","","","B03","","","1","","2","","","23","","1","21","","B03","24.161595","120.675112","3"
"2019","3","3","20","26","臺中市","北屯區","0","0","8","","","50","","","","","","","","","","","","","","","","","","","","B03","","","1","","2","","","12","","1","","","B03","24.183636","120.687342","3"
"2019","3","3","20","30","臺中市","沙鹿區","0","2","8","3","5","40","3","1","1","5","4","5","7","1","1","10","5","5","2","16","43","2","9","1","1","C03","7","9","1","10","2","11","","43","43","1","18","8","C03","24.223271","120.578219","2"
"2019","3","3","20","30","臺中市","豐原區","0","1","8","3","5","50","14","8","1","5","4","5","7","4","4","1","4","4","1","17","16","3","10","3","4","B03","7","8","1","8","11","3","","16","16","2","4","5","B03","24.266388","120.747222","2"
"2019","3","3","21","0","臺中市","西屯區","0","0","8","","","50","","","","","","","","","","","","","","","","","","","","B12","","","4","","2","","","23","","1","","","B12","24.169296","120.655961","3"
"2019","3","3","21","20","臺中市","大雅區","0","1","8","3","5","50","4","1","1","5","4","5","7","1","1","10","5","5","2","16","23","2","9","1","1","C03","7","9","1","10","2","11","","23","23","1","22","9","C03","24.238957","120.656038","2"
"2019","3","3","21","25","臺中市","豐原區","0","0","8","3","5","60","14","7","5","5","4","5","7","4","4","1","4","4","1","10","4","3","10","1","1","B03","7","9","3","18","8","5","","4","4","1","22","8","B03","24.245015","120.73112","3"
"2019","3","3","21","32","臺中市","中區","0","0","8","","","50","","","","","","","","","","","","","","","","","","","","B03","","","1","","2","","","8","","1","5","","B03","24.138412","120.685721","3"
"2019","3","3","21","48","臺中市","北屯區","0","0","8","","","50","","","","","","","","","","","","","","","22","","","","","B03","","","1","","2","","","22","22","1","5","","B03","24.180546","120.686403","3"
"2019","3","3","22","18","臺中市","東區","0","2","7","3","5","50","3","1","1","5","4","5","7","1","1","10","5","5","2","16","25","2","9","1","1","C03","7","5","1","10","2","11","","25","25","1","21","8","C03","24.134022","120.705766","2"
"2019","3","3","22","27","臺中市","太平區","0","2","8","3","5","50","5","1","1","5","4","5","7","2","1","10","5","5","2","16","6","3","10","1","1","B03","7","5","1","8","2","2","","6","6","1","5","8","B03","24.14962","120.724546","2"
"2019","3","3","23","1","臺中市","北屯區","0","0","8","3","5","50","14","9","1","5","4","5","7","4","4","4","3","5","2","12","13","3","10","1","1","B03","7","9","1","8","2","5","","13","13","1","21","8","B03","24.16966","120.708585","3"
"2019","3","3","23","26","臺中市","西屯區","0","0","8","","","50","","","","","","","","","","","","","","","6","","","","","B03","","","1","","2","","","6","6","1","","","B03","24.184641","120.615718","3"
"2019","3","3","23","30","臺中市","西屯區","0","0","8","3","5","40","14","9","1","5","4","5","7","4","4","10","4","5","2","13","23","3","10","3","4","B03","7","14","1","4","9","7","","43","23","1","22","9","B03","24.162274","120.651493","3"
"2019","3","3","23","50","臺中市","西區","0","1","8","3","5","50","15","22","1","5","4","5","7","1","1","10","5","5","2","16","9","3","10","1","1","B03","7","6","1","8","2","5","","9","9","1","5","8","B03","24.147988","120.673693","2"
"2019","3","4","1","50","臺中市","梧棲區","0","3","8","3","5","50","4","2","1","5","4","5","7","3","1","10","5","5","2","15","6","2","1","3","4","B03","7","9","1","8","2","2","","6","6","1","9","8","B03","24.260433","120.542861","2"
"2019","3","4","3","35","臺中市","南屯區","0","1","8","1","5","50","14","9","1","5","4","5","7","4","4","1","4","5","2","14","12","3","10","1","1","B03","7","2","1","8","11","6","","12","12","2","22","9","B03","24.144749","120.633988","2"
"2019","3","4","6","46","臺中市","北區","0","2","8","1","5","50","3","1","1","5","4","5","7","1","1","10","5","5","2","16","6","2","7","1","4","C03","7","5","1","10","2","11","","6","6","1","21","8","C03","24.167008","120.676638","2"
"2019","3","4","6","46","臺中市","沙鹿區","0","1","8","1","5","60","3","7","1","5","4","5","7","1","1","1","4","4","2","13","26","2","8","1","1","C03","7","15","2","18","2","11","","26","26","1","4","8","C03","24.22088","120.55603","2"
"2019","3","4","6","48","臺中市","龍井區","0","2","8","1","5","40","3","1","1","5","4","5","7","1","1","10","5","5","2","13","8","2","8","1","1","C03","7","9","1","10","2","11","","16","8","1","21","8","C03","24.188338","120.578705","2"
"2019","3","4","6","50","臺中市","沙鹿區","0","0","8","","","50","","","","","","","","","","","","","","","","","","","","B03","","","1","","2","","","16","","","4","","B03","24.233439","120.562414","3"
"2019","3","4","6","59","臺中市","大肚區","0","1","8","1","5","40","5","2","1","5","4","5","7","3","1","10","5","5","2","17","6","3","10","3","4","B02","7","6","1","8","2","8","","6","6","1","22","8","B02","24.172178","120.574897","2"
"2019","3","4","7","0","臺中市","沙鹿區","0","1","8","1","5","60","14","8","1","5","4","5","7","4","4","1","4","4","1","17","7","3","10","1","1","B03","7","10","1","8","2","6","","7","7","1","4","8","B03","24.242851","120.611988","2"
"2019","3","4","7","1","臺中市","北屯區","0","1","8","1","5","40","3","1","1","5","4","5","7","1","1","10","5","5","2","17","8","3","10","3","4","B03","7","9","1","3","2","2","","44","8","1","21","8","B03","24.167108","120.70674","2"
"2019","3","4","7","4","臺中市","中區","0","0","8","","","50","","","","","","","","","","","","","","","43","","","","","B03","","","1","","2","","","26","43","1","21","","B03","24.144097","120.679701","3"
"2019","3","4","7","9","臺中市","北屯區","0","1","8","1","5","50","4","1","1","5","4","5","7","4","4","10","5","5","2","15","6","3","10","1","1","B03","7","9","1","8","2","5","","6","6","1","21","8","B03","24.180134","120.716905","2"
"2019","3","4","7","17","臺中市","龍井區","0","0","","","","","","","","","","","","","","","","","","","","","","","","B12","","","1","","2","","","25","","1","22","","B12","24.177468","120.575727","3"
"2019","3","4","7","18","臺中市","西屯區","0","0","8","","","50","","","","","","","","","","","","","","","","","","","","B03","","","1","","2","","","23","","1","","","B03","24.173705","120.633313","3"
"2019","3","4","7","20","臺中市","北屯區","0","1","8","1","5","40","4","1","1","5","4","5","7","2","1","10","5","5","2","16","6","3","10","1","1","A06","7","6","1","2","2","2","","6","6","1","5","8","A06","24.17832","120.68554","2"
"2019","3","4","7","24","臺中市","大里區","0","0","8","","","50","","","","","","","","","","","","","","","","","","","","B12","","","1","","2","","","16","","1","21","","B12","24.100023","120.680277","3"
"2019","3","4","7","25","臺中市","北屯區","0","2","8","1","5","50","14","8","1","5","4","5","7","4","4","5","5","4","2","17","40","2","7","1","1","B03","7","13","1","8","2","4","","40","40","1","21","8","B03","24.178228","120.719076","2"
"2019","3","4","7","26","臺中市","東區","0","2","8","1","5","50","4","7","1","5","4","5","7","2","1","5","4","4","2","13","23","2","9","1","1","C03","7","9","1","10","2","11","","23","23","1","22","1","C03","24.130354","120.705212","2"
"2019","3","4","7","26","臺中市","北屯區","0","3","8","1","5","40","14","8","1","5","4","5","7","4","4","1","4","4","2","13","16","2","9","1","1","C03","7","9","1","10","2","11","13","16","16","1","5","8","C03","24.182168","120.718093","2"
"2019","3","4","7","26","臺中市","烏日區","0","0","8","","","50","","","","","","","","","","","","","","","","","","","","B03","","","1","","2","","","4","","1","22","","B03","24.110671","120.591618","3"
"2019","3","4","7","27","臺中市","南區","0","1","8","1","5","50","14","22","1","5","4","5","7","4","4","1","4","5","2","9","23","3","10","1","1","C03","7","9","3","18","2","11","","23","23","1","9","1","C03","24.121506","120.649221","2"
"2019","3","4","7","27","臺中市","北屯區","0","1","8","1","5","50","14","7","1","5","4","5","7","1","1","5","5","4","2","17","23","2","8","3","4","C03","7","15","1","10","2","11","","23","23","1","21","8","C03","24.166603","120.70666","2"
"2019","3","4","7","29","臺中市","霧峰區","0","0","8","","","50","","","","","","","","","","","","","","","","","","","","C03","","","2","","2","","","23","","1","16","","C03","24.080914","120.718863","3"
"2019","3","4","7","29","臺中市","梧棲區","0","1","8","1","5","50","3","1","1","5","4","5","7","4","4","10","5","5","2","13","23","3","10","1","1","B03","7","5","1","8","2","8","","23","23","1","2","1","B03","24.250073","120.528936","2"
"2019","3","4","7","30","臺中市","沙鹿區","0","2","8","1","5","40","14","8","1","5","4","5","7","4","4","10","5","5","2","2","23","2","9","1","1","C03","7","9","1","10","2","12","","23","23","1","4","8","C03","24.25089","120.592175","2"
"2019","3","4","7","30","臺中市","后里區","0","1","8","1","5","50","8","9","1","5","4","5","7","4","4","1","5","5","1","18","43","2","9","1","1","C03","7","9","1","10","2","12","","43","43","1","21","1","C03","24.281613","120.673345","2"
"2019","3","4","7","31","臺中市","烏日區","0","0","8","","","40","","","","","","","","","","","","","","","","","","","","B03","","","1","","2","","","23","","1","21","","B03","24.117023","120.618578","3"
"2019","3","4","7","36","臺中市","沙鹿區","0","2","8","1","5","50","4","1","1","5","4","5","7","1","1","10","5","5","2","16","26","2","8","1","1","C03","7","5","1","10","2","12","","26","26","1","21","8","C03","24.243547","120.561639","2"
"2019","3","4","7","36","臺中市","神岡區","0","2","8","1","5","40","3","1","1","5","4","5","7","4","4","10","5","5","2","16","42","2","9","1","1","C03","7","4","1","10","2","12","","42","42","1","22","9","C03","24.241893","120.68977","2"
"2019","3","4","7","40","臺中市","梧棲區","0","1","8","1","5","50","4","1","1","5","4","5","7","4","4","10","5","5","2","15","6","2","9","1","1","C03","7","9","1","10","2","11","","6","6","1","2","1","C03","24.235604","120.526264","2"
"2019","3","4","7","41","臺中市","西屯區","0","2","8","1","5","40","4","2","1","5","4","5","7","1","1","5","4","4","2","16","43","2","9","1","1","C03","7","9","1","10","2","14","","43","43","1","22","8","C03","24.168813","120.660196","2"
"2019","3","4","7","42","臺中市","烏日區","0","0","","","","","","","","","","","","","","","","","","","","","","","","B03","","","1","","2","","","23","","1","","","B03","24.101783","120.612039","3"
"2019","3","4","7","43","臺中市","后里區","0","0","8","","","50","","","","","","","","","","","","","","","","","","","","B03","","","1","","2","","","6","","1","4","","B03","24.316543","120.710181","3"
"2019","3","4","7","44","臺中市","清水區","0","0","8","1","5","50","","","","","","","","","","","","","","","4","","","","","B03","","","1","","2","","","4","4","2","21","","B03","24.269465","120.578783","3"
"2019","3","4","7","45","臺中市","西區","0","2","8","1","5","50","4","1","1","5","4","5","7","4","4","5","5","5","2","15","6","2","9","1","1","C03","7","9","1","10","2","11","","6","6","1","21","8","C03","24.139997","120.669598","2"
"2019","3","4","7","45","臺中市","豐原區","0","1","8","1","5","60","14","12","1","5","4","5","7","4","4","1","3","4","2","13","7","3","10","1","1","B03","7","8","1","8","2","6","","7","7","1","10","1","B03","24.240277","120.703611","2"
"2019","3","4","7","45","臺中市","豐原區","0","0","8","","","40","","","","","","","","","","","","","","","","","","","","B03","","","1","","2","","","23","","1","","","B03","24.249315","120.713771","4"
"2019","3","4","7","46","臺中市","龍井區","0","1","8","1","5","50","3","1","1","5","4","5","7","4","4","10","5","5","2","16","9","2","8","1","1","C03","7","9","1","10","2","11","","44","9","1","12","8","C03","24.196506","120.512903","2"
"2019","3","4","7","48","臺中市","南區","0","1","8","1","5","50","3","2","1","5","4","5","7","4","4","5","5","4","2","13","16","2","8","1","1","B03","7","9","1","8","2","1","","16","16","1","21","8","B03","24.125544","120.659347","2"
"2019","3","4","7","50","臺中市","南屯區","0","3","8","1","5","50","14","9","1","5","4","5","7","4","4","1","4","4","2","13","23","2","1","3","4","B03","7","9","1","8","2","8","","23","23","1","22","8","B03","24.15115","120.621611","2"
"2019","3","4","7","50","臺中市","東勢區","0","0","8","","","60","","","","","","","","","","","","","","","42","","","","","B03","","","1","","2","","","42","42","1","22","","B03","24.255978","120.825156","3"
"2019","3","4","7","51","臺中市","西屯區","0","1","8","1","5","50","4","1","1","5","4","5","7","1","1","10","5","5","2","16","6","2","8","1","1","C03","7","5","1","10","2","12","","6","6","1","4","8","C03","24.193737","120.649122","2"
"2019","3","4","7","52","臺中市","西區","0","1","8","1","5","50","4","1","1","5","4","5","7","1","1","10","5","5","2","15","43","3","10","1","1","C03","7","9","1","10","2","12","","43","43","1","22","9","C03","24.148336","120.661835","2"
"2019","3","4","7","52","臺中市","東區","0","1","8","1","5","40","3","1","1","5","4","5","7","4","4","10","5","5","2","16","6","3","10","1","1","B03","7","5","1","8","2","1","","6","6","1","22","8","B03","24.127261","120.699998","2"
"2019","3","4","7","53","臺中市","西屯區","0","0","8","","","50","","","","","","","","","","","","","","","10","","","","","B03","","","1","","2","","","10","10","1","4","","B03","24.181956","120.613798","3"
"2019","3","4","7","53","臺中市","潭子區","0","0","8","","","40","","","","","","","","","","","","","","","","","","","","C03","","","1","","2","","","23","","1","","","C03","24.206409","120.697015","3"
"2019","3","4","7","54","臺中市","南區","0","1","8","1","5","50","4","1","1","5","4","5","7","4","4","10","5","5","2","15","6","2","9","1","1","C03","7","9","1","10","2","12","","6","6","1","22","9","C03","24.113988","120.669914","2"
"2019","3","4","7","56","臺中市","大雅區","0","1","8","1","5","40","3","2","1","5","4","5","7","3","1","5","5","5","1","16","23","3","10","1","1","B02","7","5","1","8","2","2","","6","23","1","22","8","B02","24.23185","120.673545","2"
"2019","3","4","7","57","臺中市","北屯區","0","0","8","","","40","","","","","","","","","","","","","","","17","","","","","B03","","","1","","2","","","17","17","1","21","","B03","24.20118","120.686947","3"
"2019","3","4","7","58","臺中市","霧峰區","0","2","8","1","5","50","14","9","1","5","4","5","7","4","4","10","5","5","2","17","19","2","9","1","1","C03","7","1","1","10","2","14","","19","19","1","18","9","C03","24.072957","120.711542","2"
"2019","3","4","7","59","臺中市","北屯區","0","1","8","1","5","50","14","9","1","5","4","5","7","4","4","10","4","5","2","12","42","2","9","1","1","C03","7","9","1","10","2","11","","42","42","1","5","8","C03","24.185228","120.679778","2"
"2019","3","4","7","59","臺中市","北屯區","0","1","8","1","5","50","4","1","1","5","4","5","7","2","1","10","5","5","2","3","15","3","10","1","1","B03","7","6","1","8","2","1","","15","15","1","4","8","B03","24.169598","120.70212","2"
"2019","3","4","7","59","臺中市","梧棲區","0","1","8","1","5","50","14","9","1","5","4","5","7","4","4","9","5","5","1","16","23","2","9","1","1","C03","7","9","1","10","2","11","","23","23","1","2","1","C03","24.238983","120.529508","2"
"2019","3","4","8","0","臺中市","太平區","0","0","8","","","40","","","","","","","","","","","","","","","","","","","","B03","","","1","","2","","","6","","1","21","","B03","24.137687","120.724098","3"
"2019","3","4","8","0","臺中市","龍井區","0","3","8","1","5","40","4","1","1","5","4","5","7","4","4","10","5","5","2","16","6","2","9","3","4","C03","7","6","1","10","2","12","","6","6","1","22","8","C03","24.182672","120.579047","2"
"2019","3","4","8","1","臺中市","西屯區","0","2","8","1","5","50","4","7","1","5","4","5","7","4","4","5","4","4","2","13","23","2","1","3","4","B03","7","9","1","8","2","1","","23","23","1","21","8","B03","24.182516","120.633617","2"
"2019","3","4","8","2","臺中市","大甲區","0","0","","","","","","","","","","","","","","","","","","","","","","","","B03","","","1","","2","","","23","","1","22","","B03","24.349041","120.617822","3"
"2019","3","4","8","3","臺中市","西屯區","0","1","8","1","5","40","14","9","1","5","4","5","7","4","4","5","4","4","2","11","17","2","7","1","1","C03","7","9","1","10","2","14","","17","17","1","22","8","C03","24.191103","120.63474","2"
"2019","3","4","8","9","臺中市","北區","0","0","8","","","50","","","","","","","","","","","","","","","","","","","","B03","","","1","","2","","","23","","1","22","","B03","24.166368","120.673383","3"
"2019","3","4","8","12","臺中市","清水區","0","0","8","","","40","","","","","","","","","","","","","","","","","","","","B12","","","1","","2","","","17","","1","3","","B12","24.280323","120.554385","3"
"2019","3","4","8","15","臺中市","西區","0","0","8","","","50","","","","","","","","","","","","","","","23","3","","","","B03","","","1","","2","","","23","23","1","21","","B03","24.140151","120.663899","3"
"2019","3","4","8","20","臺中市","西區","0","1","8","1","5","50","4","1","1","5","4","5","7","1","1","10","5","5","2","15","25","3","10","1","1","B03","7","9","1","8","2","5","","25","25","1","21","8","B03","24.150867","120.665287","2"
"2019","3","4","8","20","臺中市","西屯區","0","1","8","1","5","50","4","1","1","5","4","5","7","1","1","5","4","4","2","16","7","3","10","1","1","C03","7","8","1","10","2","13","","7","7","1","21","8","C03","24.176104","120.655134","2"
"2019","3","4","8","21","臺中市","北屯區","0","2","8","1","5","50","4","1","1","5","4","5","7","4","4","10","5","5","2","16","6","2","9","1","1","C03","7","5","1","10","2","11","","6","6","1","21","8","C03","24.176598","120.688284","2"
"2019","3","4","8","21","臺中市","西屯區","0","0","8","","","50","","","","","","","","","","","","","","","23","","","","","B03","","","1","","2","","","23","23","1","22","","B03","24.164197","120.642556","3"
"2019","3","4","8","21","臺中市","潭子區","0","1","8","1","5","50","5","1","1","5","4","5","7","1","1","10","5","5","2","16","6","3","10","1","1","B03","7","5","1","8","2","1","","6","6","1","22","8","B03","24.215181","120.709781","2"
"2019","3","4","8","23","臺中市","南區","0","1","8","1","5","50","4","1","1","5","4","5","7","4","4","10","5","5","2","16","8","3","10","1","1","B03","7","5","1","7","2","4","","8","8","1","4","5","B03","24.126576","120.663076","2"
"2019","3","4","8","29","臺中市","西區","0","1","8","1","5","50","4","1","1","5","4","5","7","4","4","10","5","5","2","15","6","3","10","1","1","B12","7","9","1","8","2","5","","6","6","1","21","8","B12","24.157001","120.662372","2"
"2019","3","4","8","30","臺中市","外埔區","0","0","8","2","5","40","4","2","1","5","4","5","7","1","1","5","4","5","1","13","","","","","","B03","","","1","","2","","","23","","","","","B03","24.331271","120.651739","4"
"2019","3","4","8","40","臺中市","西屯區","0","2","8","1","5","50","3","1","1","5","4","5","7","1","1","1","3","2","2","11","13","2","9","1","1","B03","7","5","3","18","2","1","","13","13","1","4","8","B03","24.183593","120.651825","2"
"2019","3","4","8","40","臺中市","烏日區","0","2","8","1","5","40","3","1","1","5","4","5","7","1","1","10","5","5","2","16","8","2","9","1","1","C03","7","5","3","18","2","11","","8","8","1","19","8","C03","24.122623","120.607166","2"
"2019","3","4","8","45","臺中市","北區","0","2","8","1","5","50","4","1","1","5","4","5","7","2","1","5","2","5","2","15","25","2","9","3","4","C03","7","9","1","10","2","11","","25","25","1","22","9","C03","24.156613","120.69028","2"
"2019","3","4","8","45","臺中市","大雅區","0","0","8","","","60","","","","","","","","","","","","","","","","","","","","B12","","","1","","2","","","6","","1","","","B12","24.235353","120.636098","3"
"2019","3","4","8","51","臺中市","中區","0","1","8","1","5","50","3","1","1","5","4","5","7","4","4","10","5","5","2","16","6","3","10","1","1","B03","7","5","1","8","2","1","","6","6","1","21","8","B03","24.143677","120.674174","2"
"2019","3","4","8","56","臺中市","北區","0","1","8","1","5","50","14","7","1","5","4","5","7","4","4","1","4","4","2","17","7","2","9","1","4","C03","7","9","1","10","2","11","","44","7","1","5","8","C03","24.16299","120.66576","2"
"2019","3","4","8","57","臺中市","西屯區","0","1","8","1","5","40","3","1","1","5","4","5","7","4","4","5","4","4","2","13","16","2","9","1","1","C03","7","9","1","10","2","11","","16","16","1","22","8","C03","24.170222","120.588538","2"
"2019","3","4","8","57","臺中市","沙鹿區","0","1","8","1","5","60","3","2","1","5","4","5","7","4","4","1","4","4","1","12","9","3","10","1","1","B02","7","6","1","4","2","2","","9","9","1","10","8","B02","24.238963","120.569359","2"
"2019","3","4","9","5","臺中市","北區","0","1","8","1","5","50","3","1","1","5","4","5","7","2","1","1","2","5","2","17","25","3","10","3","4","B03","7","11","1","8","2","2","","25","25","1","22","9","B03","24.16295","120.6723","2"
"2019","3","4","9","12","臺中市","太平區","0","0","8","","","50","","","","","","","","","","","","","","","","","","","","B03","","","1","","2","","","17","","1","22","","B03","24.127141","120.715336","3"
"2019","3","4","9","15","臺中市","烏日區","0","0","8","","","50","","","","","","","","","","","","","","","","","","","","B03","","","1","","2","","","6","","1","22","","B03","24.097","120.6459","3"
"2019","3","4","9","25","臺中市","潭子區","0","0","8","","","60","","","","","","","","","","","","","","","","","","","","B03","","","1","","2","","","16","","1","22","","B03","24.227218","120.69044","3"
"2019","3","4","9","27","臺中市","西區","0","2","8","1","5","40","3","1","1","5","4","5","7","1","1","10","5","5","2","16","10","2","2","1","1","C03","7","11","1","10","2","14","","10","10","1","21","8","C03","24.152528","120.657287","2"
"2019","3","4","9","33","臺中市","西屯區","0","2","8","1","5","40","14","8","1","5","4","5","7","4","4","1","4","1","2","13","16","2","8","1","1","C03","7","9","1","10","2","12","","16","16","1","18","8","C03","24.203454","120.638273","2"
"2019","3","4","9","37","臺中市","大甲區","0","0","","","","","","","","","","","","","","","","","","","","","","","","B03","","","1","","2","","","6","","1","22","","B03","24.158942","120.648457","3"
"2019","3","4","9","47","臺中市","清水區","0","1","8","1","5","40","14","11","1","5","4","5","7","4","4","9","4","4","1","27","44","","","","","","","","","","","","","66","44","1","","","","24.268263","120.566451","2"
"2019","3","4","9","50","臺中市","大甲區","0","1","8","1","5","50","4","1","1","5","4","5","7","1","1","10","5","5","2","15","43","2","9","4","5","F01","7","9","8","20","8","16","","43","43","1","20","8","F01","24.347801","120.621566","2"
"2019","3","4","9","53","臺中市","西屯區","0","1","8","1","5","50","3","1","1","5","4","5","7","4","4","10","5","5","2","16","7","2","9","1","1","C03","7","9","1","10","2","11","","23","7","1","4","8","C03","24.198145","120.65673","2"
"2019","3","4","9","57","臺中市","西屯區","0","1","8","1","5","50","14","9","1","5","4","5","7","4","4","5","5","5","2","16","19","3","10","3","4","B03","7","1","1","8","2","1","","19","19","1","21","8","B03","24.156539","120.640266","2"
"2019","3","4","9","58","臺中市","霧峰區","0","1","8","1","5","50","14","8","1","5","4","5","7","4","4","5","5","4","2","12","9","3","10","1","1","B03","7","6","1","8","2","2","","9","9","1","21","9","B03","24.048482","120.686725","2"
"2019","3","4","10","5","臺中市","北區","0","0","8","","","50","","","","","","","","","","","","","","","7","","","","","C03","","","1","","2","","","7","7","1","22","","C03","24.163103","120.672153","3"
"2019","3","4","10","5","臺中市","北屯區","0","2","8","1","5","50","14","9","1","5","4","5","7","4","4","1","4","5","2","3","51","2","9","1","1","H01","8","16","8","20","2","16","","51","51","1","5","8","H01","24.174125","120.672688","2"
"2019","3","4","10","10","臺中市","太平區","0","0","8","","","50","","","","","","","","","","","","","","","","","","","","B03","","","1","","2","","","17","","1","22","","B03","24.124771","120.71611","3"
"2019","3","4","10","10","臺中市","烏日區","0","1","8","1","5","40","3","1","1","5","4","5","7","4","4","10","5","5","2","16","6","3","10","1","4","B12","7","5","1","8","2","5","","6","6","1","21","8","B12","24.105338","120.617046","2"
"2019","3","4","10","11","臺中市","南屯區","0","0","8","","","50","","","","","","","","","","","","","","","","","","","","B12","","","1","","2","","","7","","1","","","B12","24.153511","120.616639","3"
"2019","3","4","10","13","臺中市","中區","0","2","8","1","5","50","4","1","1","5","4","5","7","4","4","10","5","5","2","15","6","2","9","1","1","C03","7","9","1","10","2","14","","6","6","1","21","8","C03","24.142243","120.6829","2"
"2019","3","4","10","15","臺中市","梧棲區","0","0","8","","","40","","","","","","","","","","","","","","","","","","","","B12","","","1","","2","","","17","","1","3","","B12","24.247008","120.543936","3"
"2019","3","4","10","20","臺中市","沙鹿區","0","2","8","1","5","40","4","2","1","5","4","5","7","1","1","10","5","5","2","13","16","2","8","1","1","C03","7","9","1","10","2","11","","16","16","1","21","8","C03","24.233493","120.562702","2"
"2019","3","4","10","31","臺中市","北區","0","1","8","1","5","50","4","1","1","5","4","5","7","4","4","10","5","5","2","15","6","3","10","3","4","B03","7","9","1","2","2","5","","6","6","1","5","8","B03","24.161679","120.677338","2"
"2019","3","4","10","34","臺中市","霧峰區","0","0","8","","","40","","","","","","","","","","","","","","","","","","","","B03","","","1","","2","","","23","","1","4","","B03","24.073224","120.715215","3"
"2019","3","4","10","47","臺中市","北屯區","0","1","8","1","5","50","14","22","1","5","4","5","7","4","4","5","4","4","2","19","42","2","9","1","1","B03","7","9","1","8","2","10","","42","42","1","5","8","B03","24.166175","120.73323","2"