"年","月","日","時","分","縣市","區","死","受傷","天候","光線","道路類別","速限","道路型態","事故位置","路面鋪裝","路面狀態","路面缺陷","障礙物","視距","號誌種類","號誌動作","分向設施","快車道或一般車道間","快慢車道間","路面邊線","事故類型及型態","主要肇因","受傷程度","主要傷處","保護裝備","行動電話","當事者區分","車輛用途","當事者行動狀態","駕駛資格情形","駕駛執照種類","飲酒情形","車輛撞擊部位最初","車輛撞擊部位其他","肇事因素個別","肇事因素主要","肇事逃逸","職業","旅次目的","車種","GPS座標緯度","GPS座標經度","事故類別"
"2019","3","4","10","47","臺中市","北屯區","0","2","8","1","5","50","3","1","1","5","4","5","7","2","1","10","5","5","2","17","4","2","9","3","4","B03","7","15","1","8","2","8","","4","4","2","21","8","B03","24.166664","120.73327","2"
"2019","3","4","10","53","臺中市","沙鹿區","0","2","8","1","5","40","3","1","1","5","4","5","7","1","1","1","4","1","1","13","23","2","9","1","1","C03","7","9","1","10","2","11","","23","23","1","4","8","C03","24.251676","120.575891","2"
"2019","3","4","10","55","臺中市","新社區","0","2","8","1","5","50","14","13","1","5","4","5","7","4","4","5","5","5","1","10","4","2","8","1","1","C03","7","9","3","18","2","11","","4","4","1","7","8","C03","24.250053","120.808925","2"
"2019","3","4","10","59","臺中市","大肚區","0","1","8","1","5","40","4","1","1","5","4","5","7","4","4","10","5","5","2","15","6","2","9","3","4","C03","7","9","1","10","2","11","","6","6","1","22","8","C03","24.174497","120.577009","2"
"2019","3","4","11","0","臺中市","大雅區","0","0","8","","","40","","","","","","","","","","","","","","","","","","","","A42","","","1","","2","","","12","","1","","","A42","24.212914","120.639296","3"
"2019","3","4","11","7","臺中市","西區","0","0","8","","","50","","","","","","","","","","","","","","","","","","","","B12","","","1","","2","","","17","","1","22","","B12","24.150914","120.66885","3"
"2019","3","4","11","13","臺中市","霧峰區","0","0","8","","","40","","","","","","","","","","","","","","","","","","","","A11","","","1","","2","","","25","","1","21","","A11","24.072034","120.662387","3"
"2019","3","4","11","15","臺中市","北區","0","2","8","1","5","50","4","2","1","5","4","5","7","1","1","5","5","4","2","13","23","2","8","3","4","C03","7","9","1","10","2","11","","23","23","1","22","9","C03","24.155718","120.673555","2"
"2019","3","4","11","19","臺中市","北屯區","0","1","8","1","5","50","4","1","1","5","4","5","7","4","4","10","5","5","2","16","19","2","9","1","1","C03","7","1","1","10","2","14","","19","19","1","21","8","C03","24.179909","120.741069","2"
"2019","3","4","11","20","臺中市","西區","0","1","8","1","5","50","4","1","1","5","4","5","7","1","1","10","5","5","2","16","25","3","10","1","1","B03","7","5","1","8","2","2","","25","25","1","21","8","B03","24.155695","120.662655","2"
"2019","3","4","11","25","臺中市","北區","0","1","8","1","5","50","4","1","1","5","4","5","7","4","4","10","5","5","2","15","6","2","9","1","4","C03","7","9","1","10","2","11","","6","6","1","18","8","C03","24.161595","120.66644","2"
"2019","3","4","11","30","臺中市","西區","0","0","8","","","50","","","","","","","","","","","","","","","","","","","","B03","","","1","","2","","","23","","1","21","","B03","24.146806","120.65809","4"
"2019","3","4","11","42","臺中市","沙鹿區","0","0","8","","","60","","","","","","","","","","","","","","","","","","","","A31","","","1","","2","","","23","","1","10","","A31","24.251748","120.576238","3"
"2019","3","4","11","57","臺中市","西屯區","0","0","8","","","40","","","","","","","","","","","","","","","","","","","","B03","","","1","","2","","","16","","1","22","","B03","24.201741","120.644498","3"
"2019","3","4","11","58","臺中市","沙鹿區","0","1","8","1","5","50","3","1","1","5","4","5","7","4","4","9","5","5","2","17","8","3","10","1","1","B03","7","5","1","8","2","1","","8","8","1","4","8","B03","24.22475","120.57392","2"
"2019","3","4","12","2","臺中市","東區","0","1","8","1","5","50","5","1","1","5","4","5","7","2","1","10","5","5","2","16","6","2","9","1","1","C03","7","5","1","10","2","12","","6","6","1","22","8","C03","24.126386","120.688631","2"
"2019","3","4","12","3","臺中市","西屯區","0","0","8","","","50","","","","","","","","","","","","","","","","","","","","A11","","","1","","2","","","7","","1","4","","A11","24.197587","120.649982","3"
"2019","3","4","12","4","臺中市","大雅區","0","0","8","","","40","","","","","","","","","","","","","","","34","","","","","A11","","","1","","2","","","34","34","1","","","A11","24.240453","120.627945","3"
"2019","3","4","12","11","臺中市","北區","0","0","8","","","50","","","","","","","","","","","","","","","","","","","","C03","","","1","","2","","","23","","1","","","C03","24.15405","120.6677","3"
"2019","3","4","12","18","臺中市","南區","0","2","8","1","5","50","4","1","1","5","4","5","7","2","1","10","5","5","2","17","23","2","9","1","1","C03","7","15","2","18","2","14","","23","23","1","21","8","C03","24.11522","120.65541","2"
"2019","3","4","12","20","臺中市","北屯區","0","0","8","","","50","","","","","","","","","","","","","","","","","","","","B03","","","1","","2","","","12","","1","4","","B03","24.162278","120.727073","3"
"2019","3","4","12","22","臺中市","西屯區","0","1","8","1","5","50","14","9","1","5","4","5","7","4","4","4","1","5","1","18","7","2","8","1","1","C03","7","8","1","10","2","11","","7","7","1","4","8","C03","24.181303","120.645365","2"
"2019","3","4","12","24","臺中市","梧棲區","0","2","8","1","5","50","14","9","1","5","4","5","7","4","4","5","5","5","2","3","60","2","8","4","1","H01","8","16","8","20","2","16","","60","60","1","20","8","H01","24.246846","120.539993","2"
"2019","3","4","12","29","臺中市","西屯區","0","1","8","1","5","60","4","2","1","5","4","5","7","2","1","1","4","1","2","12","7","3","10","3","4","B02","7","7","1","8","2","4","","7","7","1","21","8","B02","24.167892","120.640902","2"
"2019","3","4","12","30","臺中市","南區","0","2","8","1","5","50","3","1","1","5","4","5","7","4","4","10","5","5","2","16","6","2","7","1","1","C03","7","5","1","10","2","11","","6","6","1","4","8","C03","24.1216","120.652815","2"
"2019","3","4","12","40","臺中市","西區","0","1","8","1","5","50","4","1","1","5","4","5","7","1","1","5","5","5","2","15","25","2","9","1","1","C03","7","9","1","10","2","11","","25","25","1","21","8","C03","24.157611","120.663883","2"
"2019","3","4","12","40","臺中市","南屯區","0","1","8","1","5","50","4","2","1","5","4","5","7","1","1","10","4","5","2","16","4","3","10","3","1","C04","7","5","1","10","9","14","","4","4","1","21","9","C04","24.141908","120.65301","2"
"2019","3","4","12","50","臺中市","北屯區","0","1","8","1","5","50","4","1","1","5","4","5","7","1","1","10","5","5","2","16","26","3","10","1","1","B03","7","6","1","8","2","2","","26","26","1","21","8","B03","24.172016","120.685569","2"
"2019","3","4","12","54","臺中市","后里區","0","1","8","1","5","50","4","2","1","5","4","5","7","4","4","5","5","5","1","14","23","2","9","1","1","C03","7","9","1","10","2","12","","23","23","1","21","8","C03","24.295223","120.71988","2"
"2019","3","4","12","57","臺中市","沙鹿區","0","2","8","1","5","40","14","8","1","5","4","5","7","4","4","3","4","4","1","16","9","2","9","1","1","C03","7","6","1","10","2","12","","9","9","1","21","8","C03","24.240731","120.560423","2"
"2019","3","4","12","59","臺中市","南區","0","0","8","1","5","50","14","8","1","5","4","5","7","4","4","5","5","4","2","12","","","","","","B03","","","1","","2","","","23","","1","5","","B03","24.130603","120.671263","3"
"2019","3","4","13","4","臺中市","大里區","0","2","8","1","5","40","4","1","1","5","4","5","7","4","4","10","5","5","2","15","6","2","9","1","1","C03","7","9","1","10","2","12","","6","6","1","5","5","C03","24.089355","120.699126","2"
"2019","3","4","13","15","臺中市","烏日區","0","1","8","1","5","40","4","1","1","5","4","5","7","4","4","10","5","5","2","15","6","2","9","1","1","C03","7","9","1","10","2","12","","6","6","1","21","8","C03","24.078491","120.637083","2"
"2019","3","4","13","19","臺中市","南區","0","0","","","","","","","","","","","","","","","","","","","","","","","","B03","","","1","","2","","","6","","1","21","","B03","24.122355","120.67006","3"
"2019","3","4","13","20","臺中市","豐原區","0","0","8","","","50","","","","","","","","","","","","","","","12","","","","","B03","","","3","","2","","","12","12","1","12","","B03","24.249443","120.713998","3"
"2019","3","4","13","25","臺中市","西屯區","0","1","8","1","5","50","3","1","1","5","4","5","7","4","4","1","1","1","1","16","6","3","10","1","1","A04","7","6","1","2","2","2","","6","6","1","10","8","A04","24.169561","120.638238","2"
"2019","3","4","13","25","臺中市","西屯區","0","2","8","1","5","40","4","1","1","5","4","5","7","4","4","10","5","5","2","13","16","2","4","1","1","B01","7","9","1","4","2","1","","16","16","1","4","8","B01","24.175283","120.642346","2"
"2019","3","4","13","41","臺中市","北屯區","0","2","8","1","5","50","5","1","1","5","4","5","7","2","1","10","5","5","2","16","6","3","10","3","4","B03","7","6","1","8","2","2","","6","6","1","5","8","B03","24.188755","120.686375","2"
"2019","3","4","13","44","臺中市","神岡區","0","1","8","1","5","40","3","2","1","5","4","3","7","4","4","10","5","5","2","16","6","3","10","1","1","B03","7","5","1","8","2","8","","6","6","1","21","5","B03","24.248246","120.697895","2"
"2019","3","4","13","47","臺中市","外埔區","0","0","8","","","40","","","","","","","","","","","","","","","","","","","","B12","","","1","","2","","","6","","1","4","","B12","24.343141","120.638385","3"
"2019","3","4","13","54","臺中市","潭子區","0","0","8","","","50","","","","","","","","","","","","","","","","","","","","B03","","","1","","2","","","12","","1","22","","B03","24.222696","120.71292","3"
"2019","3","4","13","55","臺中市","北屯區","0","0","8","","","50","","","","","","","","","","","","","","","","","","","","B03","","","2","","2","","","23","","1","4","","B03","24.172258","120.685631","3"
"2019","3","4","14","0","臺中市","大里區","0","0","8","","","50","","","","","","","","","","","","","","","","","","","","A05","","","1","","1","","","42","","1","10","","A05","24.109626","120.680855","3"
"2019","3","4","14","3","臺中市","西屯區","0","0","8","","","40","","","","","","","","","","","","","","","19","","","","","B03","","","1","","2","","","19","19","1","","","B03","24.160842","120.63493","3"
"2019","3","4","14","3","臺中市","太平區","0","1","8","1","5","50","4","1","1","5","4","5","7","2","1","10","5","5","2","17","43","2","9","1","1","C03","7","6","1","10","2","15","","43","43","1","18","5","C03","24.144533","120.711874","2"
"2019","3","4","14","8","臺中市","潭子區","0","0","8","","","50","","","","","","","","","","","","","","","","","","","","B12","","","1","","2","","","23","","1","22","","B12","24.204678","120.713348","3"
"2019","3","4","14","10","臺中市","潭子區","0","0","8","","","40","","","","","","","","","","","","","","","","","","","","","","","8","","9","","","60","","","","","","24.223502","120.694892","3"
"2019","3","4","14","15","臺中市","大雅區","0","0","8","","","40","","","","","","","","","","","","","","","","","","","","B12","","","1","","2","","","6","","1","","","B12","24.222046","120.648164","3"
"2019","3","4","14","18","臺中市","西屯區","0","1","8","1","5","50","14","7","1","5","4","5","7","4","4","5","5","4","2","11","38","2","9","1","1","C03","7","14","1","10","2","14","","38","38","1","22","8","C03","24.170712","120.646426","2"
"2019","3","4","14","27","臺中市","西屯區","0","0","8","","","50","","","","","","","","","","","","","","","6","","","","","B12","","","1","","2","","","6","6","1","4","","B12","24.169568","120.638271","3"
"2019","3","4","14","31","臺中市","西屯區","0","0","8","","","40","","","","","","","","","","","","","","","","","","","","B03","","","1","","2","","","12","","1","","","B03","24.183175","120.631439","3"
"2019","3","4","14","36","臺中市","烏日區","0","1","8","1","5","40","3","2","1","5","4","2","7","4","4","1","4","1","1","24","9","2","8","1","1","B03","7","9","1","10","2","15","","23","9","1","22","8","B03","24.09474","120.634982","2"
"2019","3","4","14","40","臺中市","北區","0","1","8","1","5","50","14","9","1","5","4","5","7","4","4","5","5","5","2","17","26","3","10","3","4","C03","7","9","3","18","2","15","","26","26","1","22","9","C03","24.161476","120.69212","2"
"2019","3","4","14","40","臺中市","霧峰區","0","0","8","","","70","","","","","","","","","","","","","","","23","","","","","B11","","","1","","2","","","23","23","1","21","","B11","24.052141","120.695011","3"
"2019","3","4","14","40","臺中市","大里區","0","1","8","1","5","50","3","1","1","5","4","5","7","1","1","10","5","5","2","16","25","3","10","1","4","B03","7","5","1","6","2","6","","25","25","1","20","9","B03","24.114218","120.689766","2"
"2019","3","4","14","45","臺中市","南區","0","0","8","","","50","","","","","","","","","","","","","","","","","","","","B03","","","1","","2","","","23","","1","4","","B03","24.129915","120.657506","3"
"2019","3","4","14","51","臺中市","大里區","0","0","8","","","50","","","","","","","","","","","","","","","","","","","","A12","","","1","","2","","","16","","1","4","","A12","24.106691","120.683145","3"
"2019","3","4","14","52","臺中市","后里區","0","0","8","","","50","","","","","","","","","","","","","","","","","","","","B12","","","1","","2","","","12","","1","6","","B12","24.300173","120.735903","3"
"2019","3","4","15","1","臺中市","南屯區","0","1","8","1","5","40","3","2","1","5","4","5","7","4","4","1","4","1","2","12","7","3","10","3","4","B03","7","8","1","8","2","6","","7","7","1","22","9","B03","24.122896","120.634004","2"
"2019","3","4","15","6","臺中市","北屯區","0","1","8","1","5","50","14","9","1","5","4","5","7","4","4","1","2","5","2","13","23","3","10","3","4","B12","7","9","1","8","2","1","","23","23","1","21","8","B12","24.183661","120.72178","2"
"2019","3","4","15","11","臺中市","南屯區","0","1","8","1","5","50","14","8","1","5","4","5","7","4","4","9","4","4","2","13","23","2","6","1","1","B03","7","15","1","8","2","5","","23","23","1","21","8","B03","24.151992","120.647058","2"
"2019","3","4","15","24","臺中市","北屯區","0","0","8","","","60","","","","","","","","","","","","","","","42","3","","","","B03","","","1","","2","","","42","42","","21","","B03","24.161074","120.72699","3"
"2019","3","4","15","26","臺中市","西屯區","0","0","8","","","40","","","","","","","","","","","","","","","","","","","","B12","","","1","","2","","","12","","1","22","","B12","24.176926","120.63752","3"
"2019","3","4","15","31","臺中市","龍井區","0","0","8","","","50","","","","","","","","","","","","","","","12","","","","","B03","","","1","","2","","","44","12","","","","B03","24.2","120.52","3"
"2019","3","4","15","40","臺中市","梧棲區","0","0","8","","","40","","","","","","","","","","","","","","","","","","","","B12","","","1","","2","","","16","","1","","","B12","24.222496","120.526414","4"
"2019","3","4","15","43","臺中市","西屯區","0","0","8","","","80","","","","","","","","","","","","","","","","","","","","B12","","","1","","2","","","16","","1","4","","B12","24.183187","120.636139","3"
"2019","3","4","15","48","臺中市","西區","0","0","8","","","60","","","","","","","","","","","","","","","43","","","","","A04","","","1","","2","","","44","43","1","10","","A04","24.155377","120.662606","3"
"2019","3","4","16","0","臺中市","大里區","0","0","8","","","40","","","","","","","","","","","","","","","","","","","","B12","","","1","","2","","","7","","1","9","","B12","24.09404","120.687427","3"
"2019","3","4","16","3","臺中市","西區","0","0","8","","","50","","","","","","","","","","","","","","","","","","","","B03","","","1","","2","","","23","","1","21","","B03","24.153085","120.670676","3"
"2019","3","4","16","3","臺中市","霧峰區","0","1","8","1","5","50","4","1","1","5","4","5","7","4","4","10","5","5","2","16","23","3","10","1","1","B03","7","9","1","8","2","2","","23","23","1","22","8","B03","24.06846","120.700838","2"
"2019","3","4","16","10","臺中市","大甲區","0","1","8","1","5","50","4","1","1","5","4","5","7","4","4","10","5","5","2","15","6","2","7","1","1","B03","7","9","1","8","2","6","","6","6","1","9","8","B03","24.405049","120.649441","2"
"2019","3","4","16","12","臺中市","北區","0","1","8","1","5","50","3","1","1","5","4","5","7","4","4","1","4","5","2","12","7","3","10","3","4","B03","7","8","1","8","2","2","2","7","7","1","22","9","B03","24.165199","120.673204","2"
"2019","3","4","16","19","臺中市","神岡區","0","0","8","","","50","","","","","","","","","","","","","","","17","","","","","B03","","4","1","","2","","","17","17","1","21","","B03","24.24654","120.683166","3"
"2019","3","4","16","20","臺中市","大肚區","1","0","8","1","5","70","3","1","1","5","4","5","7","1","1","10","5","5","2","12","17","3","10","1","1","B03","7","9","1","8","2","5","","17","17","1","19","8","B03","24.163028","120.543083","1"
"2019","3","4","16","25","臺中市","西區","0","0","8","","","50","","","","","","","","","","","","","","","","","","","","B03","","","1","","2","","","23","","1","","","B03","24.157976","120.660106","3"
"2019","3","4","16","25","臺中市","北屯區","0","0","8","","","50","","","","","","","","","","","","","","","","","","","","","","","7","","11","","","43","","1","","","","24.181682","120.671304","3"
"2019","3","4","16","29","臺中市","沙鹿區","0","1","8","1","5","50","14","9","1","5","4","5","7","4","4","5","5","5","1","12","43","3","10","1","1","B03","7","9","1","8","2","2","","43","43","1","21","8","B03","24.234615","120.566066","2"
"2019","3","4","16","34","臺中市","北屯區","0","0","8","","","40","","","","","","","","","","","","","","","","","","","","B03","","","1","","2","","","23","","1","5","","B03","24.202976","120.797471","3"
"2019","3","4","16","35","臺中市","西區","0","1","8","1","5","50","4","1","1","5","4","5","7","4","4","10","5","5","2","16","6","3","10","3","4","B03","7","9","1","8","2","1","","6","6","1","21","8","B03","24.157623","120.661189","2"
"2019","3","4","16","40","臺中市","東勢區","0","0","8","","","50","","","","","","","","","","","","","","","","","","","","B12","","","1","","2","","","11","","1","5","","B12","24.303968","120.811516","3"
"2019","3","4","16","55","臺中市","北屯區","0","0","8","","","40","","","","","","","","","","","","","","","","","","","","B02","","","1","","2","","","12","","1","21","","B02","24.18235","120.673169","3"
"2019","3","4","17","0","臺中市","西屯區","0","0","8","","","50","","","","","","","","","","","","","","","","","","","","","","","7","","11","","","43","","","","","","24.15582","120.64765","4"
"2019","3","4","17","5","臺中市","東勢區","0","2","8","1","5","50","4","2","1","5","4","5","7","2","1","5","5","5","1","3","23","2","9","1","1","C03","7","9","1","10","2","12","14","23","23","1","22","8","C03","24.251136","120.83357","2"
"2019","3","4","17","6","臺中市","西屯區","0","0","8","","","50","","","","","","","","","","","","","","","13","","","","","B03","","","1","","2","","","13","13","1","","","B03","24.167683","120.65443","3"
"2019","3","4","17","6","臺中市","后里區","0","0","8","","","50","","","","","","","","","","","","","","","","","","","","C03","","","1","","8","","","43","","1","","","C03","24.307199","120.730835","3"
"2019","3","4","17","9","臺中市","西屯區","0","1","8","1","5","50","4","2","1","5","4","5","7","1","1","5","4","5","2","12","7","3","10","3","4","B03","7","8","1","8","2","2","","7","7","1","22","9","B03","24.165419","120.662116","2"
"2019","3","4","17","9","臺中市","西屯區","0","1","8","1","5","50","4","2","1","5","4","5","7","1","1","1","2","5","2","17","43","2","9","3","4","C03","7","15","1","10","2","11","","43","43","1","22","8","C03","24.1821","120.652","2"
"2019","3","4","17","12","臺中市","西屯區","0","2","8","1","5","50","4","1","1","5","4","5","7","2","1","10","5","5","2","16","25","3","10","1","1","B03","7","6","1","8","2","2","","25","25","1","22","8","B03","24.206531","120.624866","2"
"2019","3","4","17","12","臺中市","大雅區","0","2","8","1","5","40","4","1","1","5","4","5","7","3","1","10","5","5","1","16","6","2","9","1","1","C03","7","5","1","10","2","14","","6","6","1","22","9","C03","24.220094","120.631044","2"
"2019","3","4","17","13","臺中市","西屯區","0","2","8","1","5","40","4","1","1","5","4","5","7","4","4","10","5","5","2","15","6","2","7","1","1","C03","7","9","1","10","2","11","","6","6","1","22","8","C03","24.178688","120.668185","2"
"2019","3","4","17","14","臺中市","西屯區","0","0","8","1","5","50","14","9","1","5","4","5","7","4","4","9","5","5","2","16","23","3","10","3","4","B03","7","9","3","8","9","5","","43","23","2","22","9","B03","24.17832","120.588989","3"
"2019","3","4","17","14","臺中市","太平區","0","0","8","","","50","","","","","","","","","","","","","","","","","","","","C03","","","1","","2","","","18","","1","22","","C03","24.147241","120.715464","3"
"2019","3","4","17","15","臺中市","西區","0","0","8","","","50","","","","","","","","","","","","","","","12","3","","","","B03","","","1","8","2","5","","12","12","1","21","8","B03","24.157688","120.661263","3"
"2019","3","4","17","15","臺中市","北屯區","0","1","8","1","5","50","14","9","1","5","4","5","7","4","4","1","4","5","2","13","16","3","10","1","1","C03","7","9","1","10","2","11","","16","16","1","21","8","C03","24.173853","120.668978","2"
"2019","3","4","17","18","臺中市","北屯區","0","0","8","","","60","","","","","","","","","","","","","","","","","","","","B02","","","1","","2","","","23","","1","","","B02","24.163179","120.718308","3"
"2019","3","4","17","19","臺中市","北區","0","0","8","","","40","","","","","","","","","","","","","","","","","","","","B03","","","1","","2","","","23","","1","21","","B03","24.163013","120.671555","3"
"2019","3","4","17","23","臺中市","西屯區","0","0","8","","","50","","","","","","","","","","","","","","","6","","","","","B03","","","1","","2","","","6","6","1","","","B03","24.183235","120.626298","3"
"2019","3","4","17","30","臺中市","龍井區","0","0","8","","","50","","","","","","","","","","","","","","","","","","","","C03","","","1","","2","","","6","","1","9","","C03","24.176195","120.540826","3"
"2019","3","4","17","33","臺中市","南屯區","0","2","8","1","5","50","14","9","1","5","4","5","7","4","4","1","4","5","2","13","16","2","8","1","1","C03","7","9","2","18","2","11","","16","16","1","22","9","C03","24.140146","120.65239","2"
"2019","3","4","17","38","臺中市","西屯區","0","2","8","1","5","40","3","1","1","5","4","5","7","1","1","9","2","4","2","16","8","2","9","3","4","C03","7","5","1","10","2","12","","8","8","1","22","8","C03","24.158925","120.648529","2"
"2019","3","4","17","38","臺中市","大雅區","0","1","8","2","5","50","14","8","1","5","4","5","7","4","4","1","4","4","1","13","23","2","8","1","1","C03","7","9","1","10","2","11","","23","23","1","22","9","C03","24.225949","120.645078","2"
"2019","3","4","17","40","臺中市","南屯區","0","0","8","","","40","","","","","","","","4","","","","","","","23","3","","","","B03","","","1","","2","","","23","23","1","21","","B03","24.151886","120.624057","3"
"2019","3","4","17","40","臺中市","龍井區","0","1","8","1","5","70","3","1","1","5","4","5","7","1","1","10","5","5","2","16","25","2","9","3","4","C03","7","9","1","10","2","11","","25","25","1","9","9","C03","24.211255","120.551017","2"
"2019","3","4","17","40","臺中市","烏日區","0","2","8","1","5","50","3","1","1","5","4","5","7","4","4","10","5","5","2","15","19","2","8","2","5","F01","7","1","8","20","2","16","","19","19","1","14","8","F01","24.10347","120.625326","2"
"2019","3","4","17","42","臺中市","南區","0","0","8","","","50","","","","","","","","","","","","","","","16","3","","","","C03","","","1","10","2","","","16","16","1","21","","C03","24.118911","120.669554","3"
"2019","3","4","17","43","臺中市","南區","0","3","8","3","5","40","14","8","1","5","4","5","7","4","4","10","5","5","2","13","16","2","8","1","1","C03","7","9","1","10","2","11","","16","16","1","4","8","C03","24.111901","120.675491","2"
"2019","3","4","17","43","臺中市","太平區","0","0","8","","","50","","","","","","","","","","","","","","","","","","","","B03","","","1","","2","","","23","","1","21","","B03","24.137368","120.715382","3"
"2019","3","4","17","46","臺中市","北屯區","0","1","8","3","5","50","14","7","1","5","4","5","7","4","4","5","5","5","2","13","16","2","9","1","1","C03","7","9","1","10","2","11","","16","16","1","22","8","C03","24.16955","120.683111","2"
"2019","3","4","17","47","臺中市","龍井區","0","1","8","1","5","60","3","1","1","5","4","5","7","1","1","10","5","5","2","16","25","3","10","1","1","B03","7","6","1","8","2","5","","25","25","1","21","8","B03","24.188123","120.579016","2"
"2019","3","4","17","50","臺中市","南區","0","0","8","","","50","","","","","","","","","","","","","","","43","3","","","","B03","","","1","8","2","","","43","43","","21","","B03","24.113341","120.65324","3"
"2019","3","4","17","51","臺中市","霧峰區","0","2","8","1","5","50","4","1","1","5","4","5","7","1","1","5","2","5","1","16","25","2","9","1","1","C03","7","9","2","18","2","11","","25","25","1","22","8","C03","24.070705","120.701456","2"
"2019","3","4","17","55","臺中市","大雅區","0","0","8","","","50","","","","","","","","","","","","","","","","","","","","B03","","","1","","2","","","5","","1","","","B03","24.208959","120.628728","3"
"2019","3","4","17","57","臺中市","西屯區","0","3","8","3","5","40","4","1","1","5","4","5","7","4","4","10","5","5","2","16","6","2","9","1","1","C03","7","9","1","10","2","12","","6","6","1","22","8","C03","24.175986","120.648058","2"
"2019","3","4","18","0","臺中市","西屯區","0","2","8","1","5","40","3","1","1","5","4","5","7","4","4","10","5","5","2","16","11","2","9","3","4","C03","7","11","1","10","2","11","","11","11","1","22","8","C03","24.165996","120.65633","2"
"2019","3","4","18","0","臺中市","霧峰區","0","0","8","","","40","","","","","","","","","","","","","","","","","","","","B03","","","1","","2","","","38","","1","20","","B03","24.062793","120.696735","3"
"2019","3","4","18","9","臺中市","西屯區","0","1","8","3","5","50","4","2","1","5","4","5","7","1","1","5","4","5","1","13","23","2","9","3","4","C03","7","9","1","10","2","11","","23","23","1","22","9","C03","24.192399","120.645485","2"
"2019","3","4","18","12","臺中市","西屯區","0","0","8","","","50","","","","","","","","","","","","","","","","","","","","B03","","","1","","2","","","42","","1","22","","B03","24.201005","120.656678","3"
"2019","3","4","18","14","臺中市","北屯區","0","1","8","3","5","50","14","9","1","5","4","5","7","4","4","1","4","5","2","13","23","3","10","1","1","B03","7","9","1","8","2","8","","23","23","1","5","8","B03","24.200792","120.665235","2"
"2019","3","4","18","14","臺中市","神岡區","0","2","8","3","5","40","14","9","1","5","4","5","7","4","4","9","5","5","2","17","19","2","8","1","1","C03","7","1","1","10","2","15","","19","19","1","19","8","C03","24.246215","120.683881","2"
"2019","3","4","18","17","臺中市","西屯區","0","1","8","3","5","40","14","8","1","5","4","5","7","4","4","1","5","5","2","18","42","2","9","1","1","C03","7","9","1","10","2","14","","42","42","1","21","8","C03","24.157971","120.640458","2"
"2019","3","4","18","18","臺中市","大里區","0","1","8","3","5","50","4","1","1","5","4","5","7","4","4","10","5","5","2","16","8","3","10","1","1","B03","7","5","1","8","2","5","","8","8","1","18","8","B03","24.10671","120.686494","2"
"2019","3","4","18","19","臺中市","北區","0","1","8","3","5","50","3","1","1","5","4","5","7","4","4","5","4","4","2","16","26","2","8","1","1","C03","7","5","1","10","2","12","","26","26","1","21","8","C03","24.161186","120.681004","2"
"2019","3","4","18","20","臺中市","大里區","0","0","8","3","5","50","5","2","1","5","4","5","7","1","1","1","2","4","1","12","44","3","10","3","4","B03","7","6","1","8","2","8","","44","44","1","22","8","B03","24.10484","120.681342","3"
"2019","3","4","18","23","臺中市","太平區","0","0","8","","","50","","","","","","","","","","","","","","","","","","","","B12","","","1","","2","","","23","","1","5","","B12","24.148216","120.704339","3"
"2019","3","4","18","25","臺中市","西區","0","0","8","","","40","","","","","","","","","","","","","","","","","","","","B03","","","1","","2","","","6","","1","21","","B03","24.160538","120.660935","3"
"2019","3","4","18","27","臺中市","大雅區","0","1","8","3","5","40","4","1","1","5","4","5","7","4","4","5","5","5","2","16","26","2","9","1","1","C03","7","5","1","10","2","12","","26","26","1","22","9","C03","24.223401","120.648464","2"
"2019","3","4","18","30","臺中市","西屯區","0","0","8","","","50","","","","","","","","","","","","","","","","","","","","B03","","","1","","2","","","23","","1","4","","B03","24.155646","120.647165","3"
"2019","3","4","18","30","臺中市","梧棲區","0","0","8","","","50","","","","","","","","","","","","","","","","","","","","B12","","","1","","2","","","23","","1","21","","B12","24.249427","120.54925","3"
"2019","3","4","18","30","臺中市","梧棲區","0","0","8","","","40","","","","","","","","","","","","","","","","","","","","B03","","","1","","2","","","7","","1","5","","B03","24.248663","120.540333","3"
"2019","3","4","18","39","臺中市","潭子區","0","1","8","3","5","50","14","9","1","5","4","5","7","4","4","9","4","5","2","11","6","3","10","1","1","C03","7","5","1","10","2","13","","6","6","1","22","1","C03","24.217503","120.714388","2"
"2019","3","4","18","44","臺中市","北屯區","0","0","8","3","5","50","4","1","1","5","4","5","7","1","1","10","5","5","2","16","25","3","10","1","1","B03","7","6","6","8","7","8","","25","25","1","21","8","B03","24.182993","120.699075","3"
"2019","3","4","18","45","臺中市","南區","0","2","8","3","5","40","14","8","1","5","4","5","7","4","4","10","2","1","1","17","16","2","9","1","1","C03","7","9","1","10","2","11","","16","16","1","22","8","C03","24.119161","120.676661","2"
"2019","3","4","18","45","臺中市","南屯區","0","1","8","1","5","50","3","1","1","5","4","5","7","4","4","10","5","5","2","12","17","3","10","3","4","B03","7","9","1","8","2","5","","17","17","1","22","9","B03","24.146535","120.635759","2"
"2019","3","4","18","48","臺中市","西屯區","0","0","8","","","40","","","","","","","","","","","","","","","","","","","","B03","","","1","","2","","","8","","1","22","","B03","24.179838","120.634656","3"
"2019","3","4","18","58","臺中市","東區","0","1","8","1","5","50","4","1","1","5","4","5","7","4","4","10","5","5","2","16","6","2","9","1","1","C03","7","5","1","10","2","12","","6","6","1","21","8","C03","24.136071","120.706038","2"