"年","月","日","時","分","縣市","區","死","受傷","天候","光線","道路類別","速限","道路型態","事故位置","路面鋪裝","路面狀態","路面缺陷","障礙物","視距","號誌種類","號誌動作","分向設施","快車道或一般車道間","快慢車道間","路面邊線","事故類型及型態","主要肇因","受傷程度","主要傷處","保護裝備","行動電話","當事者區分","車輛用途","當事者行動狀態","駕駛資格情形","駕駛執照種類","飲酒情形","車輛撞擊部位最初","車輛撞擊部位其他","肇事因素個別","肇事因素主要","肇事逃逸","職業","旅次目的","車種","GPS座標緯度","GPS座標經度","事故類別"
"2019","3","4","18","59","臺中市","北屯區","0","2","8","3","5","40","3","1","1","5","4","3","7","4","4","10","5","5","2","12","43","3","10","1","1","C03","7","5","1","10","2","14","","43","43","1","22","8","C03","24.176192","120.71714","2"
"2019","3","4","19","0","臺中市","東區","0","0","8","","","40","","","","","","","","","","","","","","","","","","","","B03","","","1","","2","","","23","","1","5","","B03","24.132012","120.684148","3"
"2019","3","4","19","0","臺中市","梧棲區","0","1","8","3","5","50","14","8","1","5","4","3","6","4","4","5","4","4","2","13","23","2","8","1","1","C03","7","8","1","10","2","11","","23","23","1","9","8","C03","24.2545","120.530426","2"
"2019","3","4","19","4","臺中市","潭子區","0","1","8","3","5","50","14","8","1","5","4","5","7","3","1","8","4","4","1","3","23","2","9","4","1","H01","8","16","8","20","10","16","","67","23","1","22","1","H01","24.223297","120.680392","2"
"2019","3","4","19","6","臺中市","潭子區","0","0","8","3","3","60","14","1","1","5","4","5","7","2","1","3","3","4","1","13","23","3","10","3","1","B03","7","1","1","8","2","1","","23","23","1","22","9","B03","24.217368","120.704841","3"
"2019","3","4","19","10","臺中市","大里區","0","2","8","3","5","40","8","8","1","5","4","5","7","4","4","5","2","4","2","13","23","2","8","1","1","C03","7","9","1","10","2","11","","23","23","1","22","8","C03","24.117228","120.679463","2"
"2019","3","4","19","10","臺中市","豐原區","0","0","8","","","40","","","","","","","","","","","","","","","","","","","","B12","","","1","","2","","","17","","1","12","","B12","24.243746","120.72274","3"
"2019","3","4","19","19","臺中市","梧棲區","0","0","8","","","40","","","","","","","","","","","","","","","","","","","","B03","","","1","","11","","","12","","1","5","","B03","24.261455","120.535646","3"
"2019","3","4","19","20","臺中市","南區","0","1","8","3","5","50","14","9","1","5","4","5","7","4","4","1","5","4","2","18","23","2","8","1","1","C03","7","9","1","10","2","12","","23","23","1","4","8","C03","24.117821","120.679265","2"
"2019","3","4","19","21","臺中市","南屯區","0","0","8","","","50","","","","","","","","","","","","","","","","3","","","","B03","","","1","","2","","","17","","1","21","","B03","24.132472","120.62356","3"
"2019","3","4","19","23","臺中市","西屯區","0","0","8","","","50","","","","","","","","","","","","","","","","","","","","B03","","","1","","2","","","16","","1","","","B03","24.185143","120.624891","3"
"2019","3","4","19","28","臺中市","南區","0","1","8","3","5","50","5","1","1","5","4","5","7","1","1","10","5","5","2","13","16","3","10","1","1","B03","7","6","1","8","2","5","","16","16","1","21","8","B03","24.117063","120.667153","2"
"2019","3","4","19","29","臺中市","西屯區","0","2","8","3","5","50","4","2","1","5","4","5","7","1","1","5","4","5","2","16","7","2","9","3","4","C03","7","8","1","10","2","12","","7","7","1","22","9","C03","24.172387","120.645589","2"
"2019","3","4","19","32","臺中市","西屯區","0","1","8","3","5","50","4","2","1","5","4","5","7","1","1","9","2","5","2","17","43","3","10","3","4","C03","7","6","1","10","2","13","","43","43","1","22","8","C03","24.192318","120.645495","2"
"2019","3","4","19","36","臺中市","西屯區","0","1","8","3","5","40","3","1","1","5","4","5","7","4","4","5","4","4","2","18","42","2","1","4","1","F01","7","6","8","20","2","15","","42","42","1","22","8","F01","24.165008","120.653786","2"
"2019","3","4","19","37","臺中市","西屯區","0","1","8","3","5","50","4","1","1","5","4","5","7","4","4","10","5","5","2","15","6","2","9","1","1","C03","7","9","1","10","2","12","","6","6","1","4","8","C03","24.171229","120.647514","2"
"2019","3","4","19","39","臺中市","南屯區","0","1","8","3","5","50","3","1","1","5","4","5","7","4","4","10","5","5","2","16","6","3","10","1","1","B03","7","5","1","8","2","5","","6","6","1","21","8","B03","24.139874","120.64351","2"
"2019","3","4","19","46","臺中市","沙鹿區","0","2","8","3","5","50","14","7","1","5","4","5","7","4","4","9","5","4","2","17","19","2","9","1","1","C03","7","1","1","10","2","14","","19","19","1","21","8","C03","24.225999","120.573669","2"
"2019","3","4","19","47","臺中市","西屯區","0","0","8","","","60","","","","","","","","","","","","","","","","","","","","B03","","","1","","2","","","23","","1","22","","B03","24.167531","120.641318","3"
"2019","3","4","19","49","臺中市","西屯區","0","0","8","","","40","","","","","","","","","","","","","","","12","","","","","B03","","","1","","2","","","12","12","1","","","B03","24.171728","120.643588","3"
"2019","3","4","19","55","臺中市","大里區","0","0","8","","","40","","","","","","","","","","","","","","","","","","","","B03","","","1","","2","","","23","","1","9","","B03","24.106648","120.704165","3"
"2019","3","4","19","55","臺中市","梧棲區","0","1","8","3","5","50","4","2","1","5","4","5","7","4","4","5","5","5","1","12","17","3","10","1","1","C03","7","9","1","10","2","14","","17","17","1","4","8","C03","24.248162","120.538354","2"
"2019","3","4","19","57","臺中市","北屯區","0","1","8","3","5","50","4","1","1","5","4","5","7","4","4","10","5","5","2","15","6","3","10","1","1","B03","7","9","1","7","2","2","","6","6","1","5","8","B03","24.17193","120.683555","2"
"2019","3","4","20","19","臺中市","太平區","0","0","8","","","50","","","","","","","","","","","","","","","","","","","","B03","","","1","","2","","","9","","1","21","","B03","24.159223","120.709505","3"
"2019","3","4","20","22","臺中市","大雅區","0","3","8","3","5","50","3","1","1","5","4","5","7","4","4","10","5","5","2","12","23","2","7","1","1","C03","7","4","1","10","2","12","","23","23","1","22","9","C03","24.229257","120.646895","2"
"2019","3","4","20","28","臺中市","南區","0","0","8","","","50","","","","","","","","","","","","","","","19","","","","","B03","","","1","","2","","","19","19","1","22","","B03","24.113976","120.656326","3"
"2019","3","4","20","29","臺中市","西屯區","0","0","8","","","40","","","","","","","","","","","","","","","","","","","","B03","","","1","","2","","","12","","1","22","","B03","24.182406","120.61912","3"
"2019","3","4","20","33","臺中市","西屯區","0","1","8","1","5","50","14","9","1","5","4","5","7","4","4","1","4","5","2","16","7","3","10","3","4","B03","7","8","6","18","2","5","","7","7","1","22","8","B03","24.162866","120.629856","2"
"2019","3","4","20","44","臺中市","太平區","0","1","8","3","5","50","3","1","1","5","4","5","7","3","1","5","5","5","2","13","23","2","9","1","1","C03","7","9","1","10","2","11","","23","23","1","18","8","C03","24.149335","120.72242","2"
"2019","3","4","20","45","臺中市","南區","0","0","8","","","50","","","","","","","","","","","","","","","16","3","","","","B01","","","1","2","2","","","16","16","","21","","B01","24.126478","120.662698","3"
"2019","3","4","20","56","臺中市","西屯區","0","1","8","3","5","50","4","1","1","5","4","5","7","1","1","10","5","5","2","15","25","3","10","1","1","B03","7","9","1","8","2","8","","25","25","1","22","8","B03","24.177108","120.638393","2"
"2019","3","4","21","46","臺中市","西屯區","0","0","8","","","80","","","","","","","","","","","","","","","","","","","","B03","","","1","","2","","","16","","1","","","B03","24.197383","120.650385","3"
"2019","3","4","21","48","臺中市","北區","0","0","8","","","50","","","","","","","","","","","","","","","23","","","","","H01","","","8","","10","","","23","23","","22","","H01","24.15312","120.68669","3"
"2019","3","4","21","48","臺中市","西屯區","0","1","8","3","5","40","14","8","1","5","4","5","7","4","4","1","4","1","2","16","7","2","9","3","4","C03","7","7","1","10","2","14","","7","7","1","22","9","C03","24.163349","120.648034","2"
"2019","3","4","21","52","臺中市","豐原區","0","1","7","3","5","50","14","7","1","5","4","5","7","4","4","1","4","4","1","17","16","2","9","1","1","B03","7","9","1","8","4","1","","16","16","1","12","8","B03","24.264581","120.743985","2"
"2019","3","4","21","57","臺中市","太平區","0","0","8","","","50","","","","","","","","","","","","","","","","","","","","B12","","","1","","2","","","12","","1","4","","B12","24.141942","120.73283","3"
"2019","3","4","22","16","臺中市","大雅區","0","0","8","","","60","","","","","","","","","","","","","","","","","","","","B12","","","1","","2","","","23","","1","","","B12","24.225426","120.645498","3"
"2019","3","4","22","18","臺中市","大雅區","0","1","8","3","5","40","11","9","1","5","4","5","7","4","4","10","5","5","2","18","21","2","9","1","4","C03","7","9","1","10","8","15","","21","21","1","22","9","C03","24.230867","120.648766","2"
"2019","3","4","22","30","臺中市","西區","0","1","8","3","5","50","4","1","1","5","4","5","7","1","1","10","5","5","2","17","8","3","10","1","1","C03","7","5","1","10","2","15","","8","8","1","5","5","C03","24.150946","120.655123","2"
"2019","3","4","22","35","臺中市","南屯區","0","1","8","3","5","50","4","1","1","5","4","5","7","2","1","10","5","5","2","16","6","3","10","1","1","C03","7","6","1","10","2","13","","6","6","1","22","9","C03","24.139949","120.644631","2"
"2019","3","4","22","40","臺中市","沙鹿區","0","1","8","3","5","60","3","1","1","5","4","5","7","2","1","10","5","5","2","16","26","3","10","1","1","B03","7","6","1","8","2","2","","26","26","1","5","5","B03","24.209635","120.581374","2"
"2019","3","4","22","44","臺中市","西屯區","0","0","8","","","40","","","","","","","","","","","","","","","","","","","","B03","","","1","","2","","","12","","1","22","","B03","24.178658","120.644378","3"
"2019","3","4","22","51","臺中市","梧棲區","0","2","8","3","5","50","4","1","1","5","4","5","7","1","1","10","5","5","2","15","25","3","10","1","1","B03","7","9","1","8","2","8","","25","25","1","9","5","B03","24.252333","120.529527","2"
"2019","3","4","23","4","臺中市","梧棲區","0","2","8","3","5","40","4","1","1","5","4","5","7","3","1","10","5","5","2","15","6","3","10","1","1","B03","7","9","1","5","2","5","","6","6","1","21","5","B03","24.254831","120.551527","2"
"2019","3","4","23","14","臺中市","東區","0","1","8","3","5","50","4","1","1","5","4","5","7","4","4","10","5","5","2","15","6","2","7","1","1","C03","7","9","1","10","2","11","","6","6","1","21","8","C03","24.144222","120.690927","2"
"2019","3","4","23","22","臺中市","中區","0","1","8","3","5","40","4","1","1","5","4","5","7","4","4","10","5","5","2","15","6","2","9","1","1","C03","7","9","4","10","2","11","","6","6","1","5","5","C03","24.142218","120.682129","2"
"2019","3","4","23","33","臺中市","東勢區","0","0","8","","","50","","","","","","","","","","","","","","","","","","","","B03","","","1","","2","","","25","","1","22","","B03","24.261545","120.822749","3"
"2019","3","5","0","26","臺中市","西屯區","0","1","8","3","5","50","4","1","1","5","4","5","7","1","1","10","5","5","2","16","43","2","9","1","1","C03","7","9","6","18","5","14","","43","43","1","21","8","C03","24.173417","120.646836","2"
"2019","3","5","5","5","臺中市","北區","0","1","7","3","5","50","4","1","1","5","4","5","7","1","1","10","5","5","2","17","19","3","10","1","4","B03","7","1","1","8","2","1","1","19","19","1","21","8","B03","24.170092","120.67233","2"
"2019","3","5","5","40","臺中市","神岡區","0","1","8","3","5","50","4","1","1","5","4","5","7","3","1","10","5","5","2","15","6","3","10","1","1","B03","7","9","1","8","2","2","","6","6","1","22","9","B03","24.264055","120.699255","2"
"2019","3","5","6","0","臺中市","霧峰區","0","0","8","","","30","","","","","","","","","","","","","","","","","","","","A41","","","1","","11","","","17","","1","10","","A41","24.080596","120.709073","3"
"2019","3","5","6","2","臺中市","大雅區","0","1","8","2","5","40","4","1","1","5","4","5","7","4","4","10","5","5","2","15","6","2","9","1","1","C03","7","9","1","10","2","14","","6","6","1","22","1","C03","24.237628","120.645673","2"
"2019","3","5","6","25","臺中市","東勢區","0","1","8","1","5","50","3","2","1","5","4","5","7","4","4","4","3","5","1","11","26","3","10","1","1","B03","7","4","1","8","2","8","","26","26","1","22","9","B03","24.285949","120.78068","2"
"2019","3","5","6","35","臺中市","南區","0","1","8","1","5","50","4","1","1","5","4","5","7","1","1","10","5","5","2","13","23","2","8","1","1","C03","7","9","1","10","2","11","","23","23","1","21","8","C03","24.110471","120.659966","2"
"2019","3","5","6","59","臺中市","西屯區","0","1","8","1","5","40","14","8","1","5","4","5","7","4","4","1","5","1","2","17","19","3","10","1","1","B03","7","1","1","8","2","8","","19","19","1","22","9","B03","24.179383","120.623165","2"
"2019","3","5","7","5","臺中市","西區","0","2","8","1","5","50","3","1","1","5","4","5","7","4","4","10","5","5","2","15","6","2","9","1","1","C03","7","9","1","10","2","11","","6","6","1","5","5","C03","24.139167","120.671513","2"
"2019","3","5","7","9","臺中市","北屯區","0","1","8","1","5","50","3","9","1","5","4","5","7","4","4","1","4","5","2","16","42","3","10","1","1","B03","7","6","1","7","2","5","","42","42","1","5","8","B03","24.177746","120.721348","2"
"2019","3","5","7","14","臺中市","南區","0","3","8","1","5","50","4","1","1","5","4","5","7","1","1","10","5","5","2","15","25","2","8","1","1","C03","7","9","1","10","2","11","","25","25","1","4","8","C03","24.125656","120.73388","2"
"2019","3","5","7","14","臺中市","豐原區","0","0","8","","","40","","","","","","","","","","","","","","","","","","","","B03","","","1","","2","","","6","","1","12","","B03","24.274906","120.728978","3"
"2019","3","5","7","18","臺中市","龍井區","0","0","","","","","","","","","","","","","","","","","","","","","","","","B03","","","1","","2","","","12","","1","22","","B03","24.188561","120.59131","3"
"2019","3","5","7","20","臺中市","南區","0","1","8","1","5","50","14","7","1","5","4","5","7","1","1","3","4","4","2","17","26","3","10","1","1","B03","7","9","1","8","2","7","","26","26","1","9","1","B03","24.113811","120.653206","2"
"2019","3","5","7","24","臺中市","南區","0","0","8","1","5","50","4","1","1","5","4","5","7","1","1","10","5","5","2","16","6","3","10","1","1","A04","7","6","1","1","2","5","","6","6","1","21","8","A04","24.126713","120.679205","4"
"2019","3","5","7","24","臺中市","北屯區","0","4","8","1","5","50","14","8","1","5","4","5","7","4","4","9","5","4","2","2","23","2","9","3","4","C03","7","9","1","10","2","15","","23","23","1","21","8","C03","24.176923","120.696836","2"
"2019","3","5","7","26","臺中市","西屯區","0","1","8","1","5","50","3","1","1","5","4","5","7","2","1","1","4","1","2","16","43","3","10","3","4","B03","7","9","1","8","2","2","","43","43","1","21","8","B03","24.182948","120.602618","2"
"2019","3","5","7","27","臺中市","沙鹿區","0","1","8","1","5","50","11","9","1","5","4","5","6","4","4","10","5","5","1","16","23","3","10","2","1","B12","7","9","1","8","2","4","","23","23","1","21","9","B12","24.251145","120.569537","2"
"2019","3","5","7","30","臺中市","烏日區","0","0","8","","","40","","","","","","","","","","","","","","","","","","","","B03","","","1","","2","","","16","","1","21","","B03","24.100875","120.62916","3"
"2019","3","5","7","30","臺中市","沙鹿區","0","0","8","","","50","","","","","","","","","","","","","","","","","","","","B03","","","1","","2","","","44","","1","","","B03","24.214801","120.578278","3"
"2019","3","5","7","35","臺中市","南區","0","0","8","","","50","","","","","","","","","","","","","","","","","","","","B03","","","3","","2","","","23","","1","4","","B03","24.118822","120.657071","3"
"2019","3","5","7","35","臺中市","龍井區","0","0","8","","","40","","","","","","","","","","","","","","","","","","","","A12","","","1","","2","","","17","","1","10","","A12","24.212381","120.518893","3"
"2019","3","5","7","40","臺中市","西屯區","0","0","8","","","40","","","","","","","","","","","","","","","","","","","","B03","","","1","","2","","","16","","1","22","","B03","24.159381","120.626833","3"
"2019","3","5","7","52","臺中市","外埔區","0","1","8","1","5","50","14","8","1","5","4","5","7","4","4","9","4","5","1","13","6","3","10","3","4","C03","7","14","1","10","2","13","","6","6","1","22","8","C03","24.336342","120.566557","2"
"2019","3","5","7","53","臺中市","神岡區","0","0","8","","","60","","","","","","","","","","","","","","","18","","","","","B03","","","1","","2","","","18","18","1","21","","B03","24.245741","120.681714","3"
"2019","3","5","7","55","臺中市","烏日區","0","1","8","1","5","50","14","9","1","5","4","5","7","1","1","5","4","5","1","12","17","2","9","1","1","C03","7","9","1","10","2","12","","17","17","1","22","8","C03","24.075766","120.642977","2"
"2019","3","5","8","0","臺中市","南區","0","1","8","1","5","50","14","7","1","5","4","5","7","4","4","1","4","5","2","13","16","3","10","1","1","B03","7","9","1","8","2","1","","16","16","1","4","1","B03","24.113716","120.653321","2"
"2019","3","5","8","0","臺中市","豐原區","0","0","8","","","40","","","","","","","","","","","","","","","23","","","","","B03","","","1","","2","","","23","23","1","20","","B03","24.244958","120.71285","3"
"2019","3","5","8","6","臺中市","西區","0","1","8","1","5","50","4","1","1","5","4","5","7","2","1","10","5","5","2","3","25","3","10","1","1","B03","7","5","1","8","2","5","","25","25","1","21","8","B03","24.145493","120.671236","2"
"2019","3","5","8","18","臺中市","西區","0","0","8","","","50","","","","","","","","","","","","","","","","","","","","B03","","","1","","2","","","23","","1","","","B03","24.140714","120.672003","3"
"2019","3","5","8","24","臺中市","北區","0","0","8","","","50","","","","","","","","","","","","","","","","","","","","B03","","","1","","2","","","23","","1","","","B03","24.1628","120.6697","3"
"2019","3","5","8","25","臺中市","西屯區","0","2","8","1","5","40","14","8","1","5","4","5","7","4","4","8","3","4","2","13","23","2","9","1","1","C03","7","9","6","10","2","11","","23","23","1","22","9","C03","24.182975","120.632271","2"
"2019","3","5","8","30","臺中市","潭子區","0","0","8","1","5","30","14","9","1","5","4","5","7","4","4","10","5","5","2","17","","","","","","B12","","","1","","9","","","42","","1","22","","B12","24.207145","120.714323","3"
"2019","3","5","8","33","臺中市","北屯區","0","1","8","1","5","50","4","1","1","5","4","5","7","2","1","10","5","5","2","16","6","3","10","3","4","B03","7","6","1","8","2","6","","6","6","1","21","8","B03","24.200783","120.686386","2"
"2019","3","5","8","38","臺中市","北區","0","1","8","1","5","50","3","1","1","5","4","5","7","1","1","10","5","5","2","17","23","3","10","3","4","B03","7","5","1","8","2","8","","23","23","1","5","8","B03","24.165105","120.680466","2"
"2019","3","5","8","40","臺中市","潭子區","0","0","8","","","40","","","","","","","","","","","","","","","","","","","","B12","","","1","","2","","","42","","1","","","B12","24.219218","120.692994","3"
"2019","3","5","8","41","臺中市","太平區","0","0","8","","","25","","","","","","","","","","","","","","","","","","","","B03","","","1","","2","","","6","","1","22","","B03","24.15912","120.744824","3"
"2019","3","5","8","48","臺中市","南區","0","1","8","1","5","50","3","1","1","5","4","5","7","1","1","10","5","5","2","16","10","3","10","1","1","B03","7","11","1","8","2","8","","10","10","1","21","8","B03","24.116755","120.668655","2"
"2019","3","5","9","0","臺中市","南區","0","0","8","","","50","","","","","","","","","","","","","","","23","","","","","A02","","","1","","2","","","23","23","1","10","","A02","24.113185","120.657456","3"
"2019","3","5","9","0","臺中市","大甲區","0","1","8","1","5","70","14","8","1","5","4","5","7","4","4","1","4","4","1","14","12","3","10","1","1","A12","7","2","1","8","2","7","","12","12","1","10","8","A12","24.362549","120.637871","2"
"2019","3","5","9","4","臺中市","大雅區","0","0","8","","","50","","","","","","","","","","","","","","","","","","","","B03","","","1","","2","","","19","","1","","","B03","24.225852","120.656746","3"
"2019","3","5","9","15","臺中市","太平區","0","0","8","","","40","","","","","","","","","","","","","","","42","","","","","","","","8","","10","","","67","42","1","","","","24.106513","120.729756","3"
"2019","3","5","9","45","臺中市","北屯區","0","2","8","1","5","50","4","1","1","5","4","5","7","1","1","10","5","5","2","16","1","2","7","1","1","C03","7","4","1","10","2","15","","1","1","1","21","8","C03","24.176785","120.690594","2"
"2019","3","5","9","47","臺中市","豐原區","0","1","8","1","5","50","4","1","1","5","4","5","7","1","1","1","4","4","1","17","16","3","10","1","1","B03","7","9","1","8","2","1","","16","16","1","12","8","B03","24.264603","120.744416","2"
"2019","3","5","9","49","臺中市","南區","0","1","8","1","5","50","14","7","1","5","4","5","7","4","4","9","5","4","2","16","19","3","10","1","1","B03","7","1","1","8","2","4","","19","19","1","19","5","B03","24.123993","120.655528","2"
"2019","3","5","9","50","臺中市","西屯區","0","0","8","","","40","","","","","","","","","","","","","","","","","","","","B03","","","1","","2","","","23","","1","22","","B03","24.173588","120.645049","3"
"2019","3","5","9","50","臺中市","烏日區","0","0","8","","","50","","","","","","","","","","","","","","","","","","","","A12","","","1","","2","","","42","","1","10","","A12","24.105216","120.630656","3"
"2019","3","5","9","56","臺中市","北屯區","0","2","8","1","5","40","4","1","1","5","4","5","7","4","4","10","5","5","2","16","42","2","9","3","4","C04","7","15","1","10","2","15","","42","42","1","21","8","C04","24.1842","120.665463","2"
"2019","3","5","9","56","臺中市","大里區","0","1","8","1","5","50","4","1","1","5","4","5","7","4","4","5","5","5","1","16","26","3","10","1","1","B03","7","5","1","8","2","4","","8","26","1","21","9","B03","24.108348","120.667791","2"
"2019","3","5","9","57","臺中市","烏日區","0","1","8","1","5","50","11","9","1","5","4","5","7","1","1","1","2","5","2","13","23","3","10","1","1","C03","7","1","1","10","2","11","","23","23","1","22","8","C03","24.105709","120.615843","2"
"2019","3","5","10","9","臺中市","北區","0","0","8","1","5","40","","","","","","","","","","","","","","","","","","","","B03","","","1","","2","","","19","","1","5","","B03","24.164084","120.679201","3"
"2019","3","5","10","12","臺中市","北屯區","0","2","8","1","5","40","3","2","1","5","4","5","7","4","4","10","5","5","2","16","19","2","7","3","4","C03","7","1","1","10","2","11","","19","19","1","21","8","C03","24.173833","120.687983","2"
"2019","3","5","10","25","臺中市","烏日區","0","0","","","","","","","","","","","","","","","","","","","","","","","","B03","","","1","","2","","","23","","1","22","","B03","24.109085","120.642053","3"
"2019","3","5","10","45","臺中市","大甲區","0","0","","","","","","","","","","","","","","","","","","","","","","","","B03","","","1","","2","","","40","","1","21","","B03","24.380735","120.654845","3"
"2019","3","5","10","51","臺中市","烏日區","0","1","8","1","5","50","14","7","1","5","4","5","7","4","4","9","4","4","1","16","10","2","7","1","1","C03","7","11","1","10","2","11","","10","10","1","21","8","C03","24.105605","120.629079","2"
"2019","3","5","10","52","臺中市","梧棲區","0","1","8","1","5","40","4","1","1","5","4","5","7","3","1","10","5","5","2","15","6","3","10","1","1","B12","7","9","1","7","2","2","","6","6","1","9","8","B12","24.234328","120.540206","2"
"2019","3","5","10","55","臺中市","烏日區","0","0","8","","","50","","","","","","","","","","","","","","","","","","","","A11","","","1","","2","","","9","","1","10","","A11","24.110373","120.619429","3"
"2019","3","5","10","55","臺中市","烏日區","0","0","8","","","50","","","","","","","","","","","","","","","","","","","","A11","","","1","","2","","","9","","1","10","","A11","","","3"
"2019","3","5","11","0","臺中市","北屯區","0","1","8","1","5","50","14","8","1","5","4","5","7","4","4","5","5","5","2","17","23","2","8","1","1","C03","7","9","1","10","2","11","","23","23","2","22","8","C03","24.16795","120.688916","2"
"2019","3","5","11","2","臺中市","南屯區","0","0","8","","","50","","","","","","","","","","","","","","","","","","","","B03","","","1","","2","","","19","","1","","","B03","24.140521","120.643142","3"
"2019","3","5","11","8","臺中市","北屯區","0","1","8","1","5","50","4","1","1","5","4","5","7","2","1","10","5","5","2","15","25","3","10","1","1","A11","7","9","1","1","2","2","","25","25","1","4","8","A11","24.165356","120.694285","2"
"2019","3","5","11","10","臺中市","潭子區","0","1","8","1","5","50","3","2","1","5","4","5","7","1","1","1","3","4","1","11","6","3","10","1","1","B03","7","11","1","8","2","5","","6","6","1","22","9","B03","24.189285","120.702431","2"
"2019","3","5","11","12","臺中市","潭子區","0","0","8","1","5","50","14","9","1","5","4","5","7","4","4","9","4","5","1","14","","","","","","B03","","","1","","2","","","6","","1","22","","B03","24.212275","120.700525","3"
"2019","3","5","11","13","臺中市","南區","0","0","8","1","5","50","3","1","1","5","4","5","7","3","1","10","5","5","2","16","43","3","10","1","1","B03","7","6","1","8","2","1","","43","43","1","21","8","B03","24.118011","120.649169","3"
"2019","3","5","11","14","臺中市","西屯區","0","2","8","1","5","50","14","9","1","5","4","5","7","4","4","5","5","5","2","16","19","2","9","1","1","C03","7","1","1","10","2","13","","19","19","1","21","8","C03","24.171678","120.65864","2"
"2019","3","5","11","20","臺中市","東區","0","0","","","","","","","","","","","","","","","","","","","","","","","","C04","","","1","","11","","","26","","1","22","","C04","24.138857","120.687848","3"
"2019","3","5","11","25","臺中市","大甲區","0","0","","","","","","","","","","","","","","","","","","","23","","","","","B03","","","1","","2","","","23","23","","","","B03","24.348318","120.612772","3"
"2019","3","5","11","26","臺中市","北區","0","0","8","1","5","50","","","","","","","","","","","","","","","","","","","","B03","","","1","","2","","","23","","1","5","","B03","24.158382","120.694618","3"
"2019","3","5","11","30","臺中市","神岡區","0","0","8","","","50","","","","","","","","","","","","","","","","","","","","C03","","","1","","2","","","42","","1","9","","C03","24.241759","120.689691","4"
"2019","3","5","11","32","臺中市","豐原區","0","0","8","","","60","","","","","","","","","","","","","","","16","","","","","B03","","","1","","2","","","16","16","1","12","","B03","24.255473","120.736568","3"
"2019","3","5","11","36","臺中市","北屯區","0","1","8","1","5","50","14","9","1","5","4","5","7","4","4","1","4","5","2","9","12","3","10","1","1","B03","7","2","1","8","2","3","","12","12","1","5","8","B03","24.183053","120.697716","2"
"2019","3","5","11","45","臺中市","太平區","0","1","8","1","5","50","3","1","4","5","4","5","7","4","4","5","4","5","1","12","23","3","10","1","1","B12","7","4","1","7","2","5","","23","23","1","21","1","B12","24.124721","120.715605","2"
"2019","3","5","11","49","臺中市","后里區","0","1","8","1","5","50","4","1","1","5","4","5","7","4","4","9","4","5","1","11","1","3","10","3","4","B12","7","4","1","8","2","8","","1","1","1","22","8","B12","24.309425","120.718052","2"
"2019","3","5","11","52","臺中市","大雅區","0","1","8","1","5","50","14","7","1","5","4","5","7","4","4","1","4","4","2","13","16","3","10","1","1","B03","7","9","1","8","2","1","","16","16","1","21","8","B03","24.21058","120.650619","2"
"2019","3","5","11","58","臺中市","大肚區","0","0","","","","","","","","","","","","","","","","","","","23","","","","","B12","","","1","","2","","","23","23","1","21","","B12","24.121023","120.570675","3"
"2019","3","5","12","5","臺中市","龍井區","0","1","8","1","5","40","4","1","1","5","4","5","7","4","4","10","5","5","2","16","6","3","10","3","4","B03","7","5","1","8","2","8","","6","6","1","4","9","B03","24.219973","120.537601","2"
"2019","3","5","12","5","臺中市","烏日區","0","0","8","","","40","","","","","","","","","","","","","","","","","","","","B12","","","1","","2","","","23","","1","10","","B12","24.07573","120.643035","3"
"2019","3","5","12","10","臺中市","烏日區","0","1","8","1","5","60","3","1","1","5","4","5","7","4","4","1","4","4","2","16","9","2","9","1","1","C03","7","9","1","10","2","14","","23","9","1","22","8","C03","24.064113","120.646838","2"
"2019","3","5","12","10","臺中市","烏日區","0","0","8","","","30","","","","","","","","","","","","","","","","","","","","B02","","","5","","2","","","25","","1","21","","B02","24.119715","120.60933","3"
"2019","3","5","12","10","臺中市","潭子區","0","0","8","1","5","50","4","1","1","5","4","5","7","1","1","5","5","5","1","12","","","","","","B03","","","1","","2","","","6","","1","22","","B03","24.204396","120.716531","3"
"2019","3","5","12","14","臺中市","西屯區","0","0","8","","","40","","","","","","","","","","","","","","","","","","","","B03","","","1","","2","","","7","","1","22","","B03","24.196575","120.642853","3"
"2019","3","5","12","15","臺中市","清水區","0","1","8","1","5","50","5","1","1","5","4","5","7","1","1","1","4","4","1","17","23","3","10","1","1","B03","7","6","1","8","2","8","","23","23","1","22","8","B03","24.278185","120.575816","2"
"2019","3","5","12","25","臺中市","豐原區","0","0","","","","","","","","","","","","","","","","","","","","","","","","B03","","","1","","2","","","42","","1","","","B03","24.252518","120.71952","4"
"2019","3","5","12","28","臺中市","西區","0","0","8","","","50","","","","","","","","","","","","","","","23","3","","","","C03","","","1","","2","","","23","23","","5","","C03","24.152289","120.659736","3"
"2019","3","5","12","31","臺中市","豐原區","0","0","8","1","5","50","14","9","1","5","4","5","7","4","4","5","4","5","1","16","7","3","10","1","1","B03","7","8","1","8","7","7","","7","7","1","20","8","B03","24.270805","120.721556","3"
"2019","3","5","12","34","臺中市","南屯區","0","0","8","","","50","","","","","","","","","","","","","","","","","","","","B03","","","1","","2","","","23","","1","","","B03","24.126535","120.646516","3"
"2019","3","5","12","49","臺中市","大里區","0","0","8","","","50","","","","","","","","","","","","","","","","","","","","B03","","","1","","2","","","8","","1","21","","B03","24.099968","120.680351","3"