"年","月","日","時","分","縣市","區","死","受傷","天候","光線","道路類別","速限","道路型態","事故位置","路面鋪裝","路面狀態","路面缺陷","障礙物","視距","號誌種類","號誌動作","分向設施","快車道或一般車道間","快慢車道間","路面邊線","事故類型及型態","主要肇因","受傷程度","主要傷處","保護裝備","行動電話","當事者區分","車輛用途","當事者行動狀態","駕駛資格情形","駕駛執照種類","飲酒情形","車輛撞擊部位最初","車輛撞擊部位其他","肇事因素個別","肇事因素主要","肇事逃逸","職業","旅次目的","車種","GPS座標緯度","GPS座標經度","事故類別"
"2019","3","5","12","50","臺中市","沙鹿區","0","2","8","1","5","40","14","8","1","5","4","5","7","4","4","1","4","1","1","13","23","2","1","1","1","C03","7","9","1","10","2","11","","23","23","1","18","5","C03","24.234711","120.570872","2"
"2019","3","5","12","51","臺中市","北屯區","0","0","8","","","50","","","","","","","","","","","","","","","","","","","","A12","","","1","","2","","","23","","1","","","A12","24.172384","120.694353","3"
"2019","3","5","13","5","臺中市","大里區","0","2","8","1","5","50","4","2","1","5","4","5","7","1","1","10","5","5","2","11","26","2","7","1","1","C03","7","5","1","10","2","11","","26","26","1","18","8","C03","24.088306","120.701356","2"
"2019","3","5","13","8","臺中市","北屯區","0","0","8","","","50","","","","","","","","","","","","","","","","","","","","B03","","","1","","2","","","23","","1","","","B03","24.171481","120.692008","3"
"2019","3","5","13","10","臺中市","大肚區","0","0","","","","","","","","","","","","","","","","","","","","","","","","B12","","","1","","2","","","23","","1","22","","B12","24.168631","120.582471","3"
"2019","3","5","13","12","臺中市","潭子區","0","1","8","1","5","50","14","9","1","5","4","5","7","4","4","9","5","5","2","18","23","2","9","1","1","C03","7","9","1","10","2","12","","23","23","1","22","9","C03","24.20636","120.686429","2"
"2019","3","5","13","20","臺中市","神岡區","0","0","8","","","50","","","","","","","","","","","","","","","23","","","","","B03","","","1","","2","","","23","23","1","21","","B03","24.26141","120.705123","3"
"2019","3","5","13","26","臺中市","西屯區","0","2","8","1","5","50","4","7","1","5","4","5","7","1","1","5","5","4","2","3","23","2","9","1","1","C03","7","9","1","10","2","11","","23","23","1","22","9","C03","24.167237","120.635357","2"
"2019","3","5","13","33","臺中市","豐原區","0","0","8","","","50","","","","","","","","","","","","","","","17","","","","","B03","","","1","","2","","","17","17","1","12","","B03","24.277016","120.760108","3"
"2019","3","5","13","37","臺中市","西區","0","1","8","1","5","50","4","1","1","5","4","5","7","1","1","5","4","4","2","16","26","3","10","1","1","B03","7","6","1","8","2","2","","26","26","1","21","8","B03","24.140176","120.661704","2"
"2019","3","5","13","40","臺中市","霧峰區","0","1","8","1","5","50","3","1","1","5","4","5","7","4","4","10","5","5","2","16","16","2","9","1","1","C03","7","9","1","10","2","12","","16","16","1","18","9","C03","24.07322","120.713938","2"
"2019","3","5","13","46","臺中市","潭子區","0","1","8","1","5","50","14","9","1","5","4","3","5","4","4","9","4","5","1","17","19","2","9","1","1","C03","7","1","1","10","2","12","","19","19","1","21","8","C03","24.212061","120.700508","2"
"2019","3","5","13","50","臺中市","西區","0","2","8","1","5","40","4","1","1","5","4","5","7","4","4","10","5","5","2","16","42","2","9","3","4","C03","7","15","1","10","2","11","","42","42","1","21","8","C03","24.148461","120.660163","2"
"2019","3","5","13","50","臺中市","西區","0","1","8","1","5","50","4","1","1","5","4","5","7","3","1","10","5","5","2","15","6","2","8","1","1","C03","7","9","1","10","2","11","","6","6","1","5","1","C03","24.148121","120.668201","2"
"2019","3","5","14","0","臺中市","梧棲區","0","0","8","","","50","","","","","","","","","","","","","","","","","","","","B12","","","1","","2","","","26","","1","4","","B12","24.254725","120.540456","3"
"2019","3","5","14","4","臺中市","清水區","0","0","8","","","70","","","","","","","","","","","","","","","","","","","","B03","","","1","","2","","","10","","1","12","","B03","24.301536","120.580036","3"
"2019","3","5","14","7","臺中市","南區","0","1","7","1","5","50","11","9","1","5","4","5","7","4","4","1","2","5","2","23","23","2","9","1","1","C03","7","9","1","10","2","11","14","23","23","1","21","8","C03","","","2"
"2019","3","5","14","9","臺中市","太平區","0","2","8","1","5","40","3","1","1","5","4","5","7","1","1","5","5","4","2","16","42","3","10","1","1","B03","7","6","1","6","2","5","","42","42","1","21","8","B03","24.149781","120.712825","2"
"2019","3","5","14","15","臺中市","大肚區","0","0","","","","","","","","","","","","","","","","","","","","","","","","A11","","","1","","2","","","17","","1","10","","A11","24.158942","120.552706","3"
"2019","3","5","14","17","臺中市","南區","0","0","8","","","40","","","","","","","","","","","","","","","43","","","","","","","","","","","","","43","43","","","","","24.132618","120.661298","3"
"2019","3","5","14","20","臺中市","烏日區","0","1","8","1","5","50","3","9","1","5","4","5","5","4","4","5","4","5","1","27","66","","","","","","","","","","","","","66","66","1","","","","24.056838","120.649783","2"
"2019","3","5","14","23","臺中市","潭子區","0","0","8","1","5","50","14","9","1","5","4","5","7","4","4","8","4","5","1","12","","","","","","B03","","","1","","2","","","6","","1","22","","B03","24.192143","120.699953","3"
"2019","3","5","14","25","臺中市","中區","0","2","8","1","5","50","4","18","1","5","4","5","7","1","1","5","5","5","2","3","52","2","9","4","5","H01","8","16","8","20","10","15","","52","52","1","21","8","H01","24.140969","120.678063","2"
"2019","3","5","14","33","臺中市","西屯區","0","1","8","1","5","40","11","9","1","5","4","5","7","4","4","10","5","5","2","11","5","3","10","1","1","B03","7","9","1","8","2","4","","5","5","1","22","8","B03","24.183678","120.633585","2"
"2019","3","5","14","37","臺中市","西區","0","0","8","","","50","","","","","","","","","","","","","","","","","","","","B03","","","1","","2","","","23","","1","22","","B03","24.136185","120.66186","4"
"2019","3","5","14","39","臺中市","北區","0","0","8","","","50","","","","","","","","","","","","","","","26","","","","","B03","","","1","","2","","","12","26","1","","","B03","24.165691","120.675359","3"
"2019","3","5","14","49","臺中市","豐原區","0","1","8","1","5","40","14","9","1","5","4","4","7","4","4","10","5","5","2","3","23","2","9","4","5","H01","8","16","8","20","10","16","","67","23","1","20","8","H01","24.249823","120.715978","2"
"2019","3","5","14","58","臺中市","南屯區","0","1","8","1","5","50","3","1","1","5","4","5","7","4","4","10","5","5","2","16","44","3","10","3","4","C03","7","5","1","10","2","14","","44","44","1","22","9","C03","24.136254","120.605906","2"
"2019","3","5","15","3","臺中市","大里區","0","3","8","1","5","50","4","1","1","5","4","5","7","1","1","10","5","5","2","12","1","2","7","1","1","C03","7","4","1","10","2","14","","1","1","1","21","8","C03","24.109279","120.680274","2"
"2019","3","5","15","10","臺中市","西屯區","0","2","8","1","5","50","4","1","1","5","4","5","7","4","4","10","5","5","2","16","6","2","9","1","1","C03","7","5","1","10","2","14","","6","6","1","4","8","C03","24.166499","120.656577","2"
"2019","3","5","15","16","臺中市","南屯區","0","0","8","","","40","","","","","","","","","","","","","","","","","","","","B12","","","6","","2","","","22","","1","","","B12","24.139277","120.615839","3"
"2019","3","5","15","22","臺中市","西區","0","2","8","1","5","50","4","1","1","5","4","5","7","4","4","10","5","5","2","15","6","2","8","1","1","C03","7","9","1","10","2","11","","6","6","1","5","1","C03","24.151223","120.67361","2"
"2019","3","5","15","24","臺中市","西屯區","0","1","8","1","5","50","4","1","1","5","4","5","7","4","4","10","5","5","2","16","42","2","9","3","4","C03","7","9","1","10","2","11","","23","42","1","22","8","C03","24.173266","120.641231","2"
"2019","3","5","15","31","臺中市","西區","0","0","8","","","60","","","","","","","","","","","","","","","","","","","","B03","","","1","","2","","","7","","1","21","","B03","24.157947","120.657734","3"
"2019","3","5","15","36","臺中市","太平區","0","0","8","","","50","","","","","","","","","","","","","","","","","","","","B03","","","1","","2","","","42","","1","21","","B03","24.132373","120.723898","3"
"2019","3","5","15","37","臺中市","太平區","0","0","8","","","50","","","","","","","","","","","","","","","","","","","","B03","","","1","","2","","","16","","1","22","","B03","24.145113","120.734472","3"
"2019","3","5","15","55","臺中市","大雅區","0","2","8","1","5","50","14","9","1","5","4","5","7","4","4","5","5","5","1","16","26","2","9","1","1","C03","7","11","1","10","2","12","","26","26","1","22","9","C03","24.224288","120.653725","2"
"2019","3","5","15","57","臺中市","大雅區","0","0","8","","","60","","","","","","","","","","","","","","","","","","","","A11","","","1","","2","","","17","","1","21","","A11","24.209539","120.651105","3"
"2019","3","5","15","58","臺中市","西屯區","0","1","7","2","5","50","4","1","1","5","4","5","7","1","1","10","5","5","2","16","25","3","10","1","1","B12","7","5","1","8","2","6","","25","25","1","21","8","B12","24.199546","120.655931","2"
"2019","3","5","16","10","臺中市","大里區","0","1","8","1","5","50","11","9","1","5","4","5","7","4","4","5","5","5","1","10","26","2","9","1","1","C03","7","4","2","18","2","13","","26","26","1","16","8","C03","24.077445","120.686345","2"
"2019","3","5","16","11","臺中市","龍井區","0","0","8","","","60","","","","","","","","","","","","","","","","","","","","A41","","","1","","2","","","7","","1","10","","A41","24.220348","120.534126","3"
"2019","3","5","16","12","臺中市","大雅區","0","3","8","1","5","50","4","1","1","5","4","5","7","1","1","5","5","5","1","16","6","2","8","1","1","C03","7","5","1","10","2","12","","6","6","1","21","8","C03","24.243535","120.650315","2"
"2019","3","5","16","15","臺中市","霧峰區","0","0","8","","","50","","","","","","","","","","","","","","","","","","","","C03","","","1","","2","","","23","","1","22","","C03","24.063825","120.698533","3"
"2019","3","5","16","18","臺中市","南屯區","0","0","8","","","50","","","","","","","","","","","","","","","7","","","","","B03","","","1","","2","","","7","7","1","22","","B03","24.142916","120.636641","3"
"2019","3","5","16","18","臺中市","后里區","0","2","8","1","5","50","3","2","1","5","4","5","7","4","4","5","5","5","1","17","16","3","10","1","1","C03","7","8","1","10","2","13","","27","16","1","21","8","C03","24.306991","120.719053","2"
"2019","3","5","16","19","臺中市","南屯區","0","0","8","","","50","","","","","","","","","","","","","","","","","","","","B03","","","1","","2","","","12","","1","22","","B03","24.131496","120.634978","3"
"2019","3","5","16","30","臺中市","北區","","","8","","","50","","","","","","","","","","","","","","","","","","","","B12","","","1","","2","","","12","","1","22","","B12","24.16715","120.679878","3"
"2019","3","5","16","30","臺中市","西屯區","0","1","8","1","5","60","3","1","1","5","4","5","7","1","1","1","1","1","1","16","6","3","10","1","1","B03","7","6","1","8","2","2","","6","6","1","4","8","B03","24.182861","120.61511","2"
"2019","3","5","16","35","臺中市","梧棲區","0","0","8","","","40","","","","","","","","","","","","","","","","","","","","B03","","","1","","2","","","12","","1","4","","B03","24.244495","120.551754","3"
"2019","3","5","16","39","臺中市","西屯區","0","1","8","1","5","50","3","8","1","5","4","5","7","2","1","1","4","1","2","17","42","2","9","1","1","C03","7","9","1","10","2","12","","42","42","1","22","8","C03","24.196007","120.647913","2"
"2019","3","5","16","40","臺中市","西區","0","0","8","","","50","","","","","","","","","","","","","","","","","","","","B12","","","1","","11","","","26","","1","22","","B12","24.145901","120.677493","3"
"2019","3","5","16","40","臺中市","清水區","0","0","8","1","5","50","","","","","","","","","","","","","","","","","","","","B12","","","1","","2","","","6","","1","21","","B12","24.26948","120.537841","3"
"2019","3","5","16","45","臺中市","南屯區","0","1","8","1","5","50","14","7","1","5","4","5","7","4","4","9","5","4","2","16","19","2","9","1","1","C03","7","1","1","10","2","12","","19","19","1","22","9","C03","24.132094","120.610539","2"
"2019","3","5","16","48","臺中市","龍井區","0","0","","","","","","","","","","","","","","","","","","","","","","","","B03","","","1","","2","","","9","","1","19","","B03","24.184425","120.585052","3"
"2019","3","5","16","50","臺中市","西區","0","0","8","","","40","","","","","","","","","","","","","","","","","","","","B11","","","1","","2","","","23","","1","21","","B11","24.151854","120.661831","3"
"2019","3","5","16","50","臺中市","沙鹿區","0","2","8","1","5","40","4","1","1","5","4","5","7","4","4","10","5","5","2","15","6","2","9","1","1","C03","7","9","1","10","2","11","","6","6","1","3","5","C03","24.255534","120.564783","2"
"2019","3","5","16","52","臺中市","太平區","0","0","8","","","40","","","","","","","","","","","","","","","","","","","","B03","","","1","","2","","","12","","1","","","B03","24.125194","120.727667","3"
"2019","3","5","16","57","臺中市","東勢區","0","0","8","","","50","","","","","","","","","","","","","","","6","","","","","B03","","","3","","2","","","6","6","1","22","","B03","24.275352","120.779596","3"
"2019","3","5","17","0","臺中市","西屯區","0","0","8","","","50","","","","","","","","","","","","","","","","","","","","C03","","","1","","2","","","42","","2","22","","C03","24.18773","120.618905","3"
"2019","3","5","17","2","臺中市","龍井區","0","1","8","1","5","40","14","8","1","5","4","5","7","4","4","1","4","5","1","18","43","2","9","1","1","C03","7","9","1","10","2","14","","43","43","1","12","8","C03","24.21726","120.522041","2"
"2019","3","5","17","5","臺中市","西屯區","0","1","8","1","5","40","14","9","1","5","4","5","7","4","4","10","5","5","2","17","23","2","9","1","1","C03","7","9","1","10","2","12","","23","23","1","4","8","C03","24.169599","120.614665","2"
"2019","3","5","17","7","臺中市","霧峰區","0","0","8","","","50","","","","","","","","","","","","","","","","","","","","B03","","","1","","2","","","19","","1","22","","B03","24.067131","120.698866","3"
"2019","3","5","17","13","臺中市","大肚區","0","1","8","2","5","40","3","1","1","5","4","5","4","4","4","10","5","5","2","16","6","3","10","1","1","B03","7","5","1","8","2","8","","6","6","1","9","1","B03","24.125136","120.557625","2"
"2019","3","5","17","15","臺中市","西屯區","0","0","8","","","40","","","","","","","","","","","","","","","43","","","","","B03","","","1","","2","","","43","43","1","22","","B03","24.177893","120.614618","3"
"2019","3","5","17","16","臺中市","烏日區","0","0","8","","","60","","","","","","","","","","","","","","","","","","","","B03","","","1","","2","","","16","","1","21","","B03","24.106716","120.61375","3"
"2019","3","5","17","23","臺中市","豐原區","0","0","8","","","50","","","","","","","","","","","","","","","","","","","","B12","","","1","","2","","","16","","1","","","B12","24.277489","120.759137","3"
"2019","3","5","17","30","臺中市","西屯區","0","0","8","","","50","","","","","","","","","","","","","","","","","","","","B03","","","1","","2","","","42","","1","","","B03","24.1669","120.66518","3"
"2019","3","5","17","30","臺中市","豐原區","0","0","8","3","5","50","14","9","1","5","4","5","6","4","4","8","3","5","1","16","18","3","10","1","1","B03","7","3","1","8","2","2","","18","18","1","22","","B03","24.245734","120.727306","3"
"2019","3","5","17","30","臺中市","神岡區","0","1","8","1","5","50","14","9","1","5","4","5","7","4","4","9","5","5","2","16","6","2","7","3","4","C03","7","9","1","10","2","12","","23","6","1","22","9","C03","24.256525","120.658146","2"
"2019","3","5","17","31","臺中市","南屯區","0","0","8","","","50","","","","","","","","","","","","","","","23","3","","","","B03","","","1","","2","","","44","23","1","21","","B03","24.151681","120.637207","3"
"2019","3","5","17","32","臺中市","北區","0","0","8","","","50","","","","","","","","","","","","","","","","","","","","B02","","","1","","2","","","12","","1","21","","B02","24.167336","120.683887","3"
"2019","3","5","17","32","臺中市","神岡區","0","0","8","","","50","","","","","","","","","","","","","","","","","","","","B12","","","1","","2","","","23","","1","","","B12","24.24874","120.699011","3"
"2019","3","5","17","33","臺中市","沙鹿區","0","0","8","","","40","","","","","","","","","","","","","","","","","","","","B03","","","1","","2","","","18","","1","4","","B03","24.239361","120.56125","3"
"2019","3","5","17","35","臺中市","潭子區","0","0","8","","","40","","","","","","","","","","","","","","","","","","","","C03","","","1","","2","","","23","","1","20","","C03","24.204637","120.705057","3"
"2019","3","5","17","36","臺中市","南區","0","2","8","2","5","50","14","9","1","5","4","5","7","4","4","5","5","5","2","16","26","2","8","1","1","C03","7","5","1","10","2","14","","26","26","1","5","8","C03","24.113117","120.668301","2"
"2019","3","5","17","40","臺中市","梧棲區","0","2","6","1","5","50","3","1","1","4","4","5","7","4","4","10","5","5","2","16","6","2","9","4","5","F01","7","5","8","20","2","16","","6","6","1","15","2","F01","24.253941","120.540122","2"
"2019","3","5","17","43","臺中市","大雅區","0","1","8","1","5","40","4","1","1","5","4","5","7","1","1","10","5","5","2","12","23","3","10","1","5","F03","7","4","8","20","2","16","","23","23","1","22","9","F03","24.21806","120.648953","2"
"2019","3","5","17","46","臺中市","西屯區","0","1","8","3","5","50","4","1","1","5","4","5","7","2","1","10","5","5","2","16","6","3","10","1","1","B03","7","5","1","8","2","2","","6","6","1","22","8","B03","24.178757","120.643872","2"
"2019","3","5","17","47","臺中市","西區","0","1","8","1","5","50","4","1","1","5","4","5","7","3","1","10","5","5","2","17","42","2","9","3","4","C03","7","9","1","10","2","14","","42","42","1","21","8","C03","24.149053","120.666615","2"
"2019","3","5","17","49","臺中市","西屯區","0","0","8","","","60","","","","","","","","","","","","","","","","","","","","B03","","","1","","2","","","23","","1","4","","B03","24.18237","120.614934","3"
"2019","3","5","17","50","臺中市","南區","0","0","8","","","50","","","","","","","","","","","","","","","42","3","","","","B12","","","1","8","2","","","42","42","","21","","B12","24.112733","120.671106","3"
"2019","3","5","17","50","臺中市","大里區","0","2","8","2","5","50","3","2","1","5","4","5","7","1","1","1","4","4","1","13","16","2","9","1","1","C03","7","9","3","18","2","11","","16","16","1","20","8","C03","24.090246","120.693228","2"
"2019","3","5","17","53","臺中市","南區","0","0","","","","","","","","","","","","","","","","","","","","","","","","B03","","","1","","2","","","12","","1","21","","B03","24.122539","120.66118","3"
"2019","3","5","18","0","臺中市","北屯區","0","1","8","3","5","50","14","9","1","5","4","5","7","4","4","1","4","5","2","12","6","3","10","1","1","B11","7","6","1","8","2","2","","6","6","1","22","8","B11","24.171075","120.694098","2"
"2019","3","5","18","3","臺中市","西屯區","0","1","8","3","5","50","3","2","1","5","4","5","7","4","4","5","5","4","2","16","6","2","8","1","1","C03","7","5","1","10","2","13","","6","6","1","22","8","C03","24.158485","120.654608","2"
"2019","3","5","18","5","臺中市","大甲區","0","1","6","2","5","50","14","9","1","4","4","5","7","4","4","5","5","5","1","3","51","2","9","4","5","H01","8","18","8","20","1","16","","51","51","1","5","9","H01","24.419893","120.628045","2"
"2019","3","5","18","9","臺中市","龍井區","0","2","7","3","5","40","14","8","1","5","4","5","7","4","4","1","4","1","1","13","16","2","9","1","1","C03","7","9","1","10","2","11","","16","16","1","18","8","C03","24.186417","120.58552","2"
"2019","3","5","18","11","臺中市","龍井區","0","1","8","3","5","50","14","9","1","5","4","5","7","4","4","9","4","5","1","16","23","2","9","1","1","C03","7","9","1","10","2","11","","23","23","1","12","8","C03","24.190265","120.530406","2"
"2019","3","5","18","18","臺中市","北區","","","8","","","50","","","","","","","","","","","","","","","","","","","","B02","","","1","","2","","","26","","1","22","","B02","24.154744","120.686112","3"
"2019","3","5","18","18","臺中市","南屯區","0","0","8","","","50","","","","","","","","","","","","","","","","3","","","","C02","","","4","","2","","","6","","1","21","","C02","24.139715","120.636243","3"
"2019","3","5","18","20","臺中市","西屯區","0","0","8","","","50","","","","","","","","","","","","","","","","","","","","B03","","","1","","2","","","23","","1","4","","B03","24.171617","120.635471","3"
"2019","3","5","18","21","臺中市","清水區","0","1","7","4","5","40","14","13","1","5","4","5","7","4","4","1","4","4","1","13","23","2","9","1","1","C03","7","9","1","10","2","11","","23","23","1","12","8","C03","24.29631","120.552973","2"
"2019","3","5","18","23","臺中市","南屯區","0","0","8","","","50","","","","","","","","","","","","","","","","","","","","B03","","","1","","2","","","16","","1","4","","B03","24.150925","120.634104","4"
"2019","3","5","18","23","臺中市","西屯區","0","1","8","3","5","40","4","2","1","5","4","5","7","2","1","10","5","5","2","16","42","2","9","3","4","C03","7","15","1","10","2","13","14","42","42","1","22","8","C03","24.177626","120.642248","2"
"2019","3","5","18","25","臺中市","北屯區","0","0","8","","","50","","","","","","","","","","","","","","","","","","","","C03","","","1","","2","","","16","","1","22","","C03","24.180914","120.674141","3"
"2019","3","5","18","25","臺中市","西屯區","0","1","6","3","5","50","3","1","1","4","4","5","7","1","1","10","5","5","2","17","43","2","9","1","1","C03","7","9","1","10","2","12","","43","43","1","22","8","C03","24.174626","120.590628","2"
"2019","3","5","18","39","臺中市","南區","0","2","7","2","5","50","3","1","1","5","4","5","7","4","4","10","5","5","2","16","6","3","10","1","1","B03","7","6","1","8","9","2","","6","6","1","5","8","B03","24.12553","120.659413","2"
"2019","3","5","18","39","臺中市","北屯區","0","1","8","3","5","50","4","1","1","5","4","5","7","2","1","10","5","5","2","16","26","3","10","1","1","B03","7","6","1","8","2","6","","26","26","1","21","8","B03","24.164647","120.694229","2"
"2019","3","5","18","41","臺中市","北屯區","0","1","7","3","5","50","4","1","1","5","4","5","7","1","1","10","5","5","2","16","9","3","10","1","1","B03","7","6","1","8","2","5","","9","9","1","21","8","B03","24.182153","120.719573","2"
"2019","3","5","18","45","臺中市","大里區","0","0","8","","","50","","","","","","","","","","","","","","","","","","","","C03","","","4","","2","","","11","","","9","","C03","24.110061","120.699406","3"
"2019","3","5","18","45","臺中市","烏日區","0","1","8","3","5","50","4","2","1","5","4","5","7","1","1","4","4","5","1","12","17","3","10","1","1","B03","7","9","1","8","2","4","","17","17","1","21","8","B03","24.110226","120.625819","2"
"2019","3","5","18","48","臺中市","西區","0","1","8","3","5","50","4","1","1","5","4","5","7","2","1","10","5","5","2","16","26","3","10","1","1","B03","7","6","1","8","2","6","","26","26","1","22","9","B03","24.133458","120.675638","2"
"2019","3","5","18","49","臺中市","大里區","0","0","8","","","50","","","","","","","","","","","","","","","","","","","","B03","","","1","","2","","","17","","1","22","","B03","24.102313","120.688488","3"
"2019","3","5","18","54","臺中市","西屯區","0","0","6","","","40","","","","","","","","","","","","","","","","","","","","B03","","","1","","2","","","12","","1","","","B03","24.169223","120.64208","3"
"2019","3","5","18","56","臺中市","清水區","0","1","6","3","5","50","5","1","1","4","4","5","7","4","4","9","4","5","2","15","6","2","1","1","1","B03","7","9","1","8","2","1","","6","6","1","21","1","B03","24.267135","120.57593","2"
"2019","3","5","19","0","臺中市","東區","0","1","7","3","5","50","5","1","1","5","4","5","7","1","1","10","5","5","2","18","23","2","9","1","1","C03","7","9","1","10","2","12","","23","23","1","22","8","C03","24.132823","120.693096","2"
"2019","3","5","19","3","臺中市","北屯區","0","2","6","3","5","50","4","1","1","4","4","5","7","2","1","10","5","5","2","11","26","2","7","1","1","C03","7","9","1","10","2","11","","26","26","1","5","8","C03","24.162959","120.690835","2"
"2019","3","5","19","5","臺中市","清水區","0","0","6","","","50","","","","","","","","","","","","","","","","","","","","B03","","","1","","2","","","10","","1","12","","B03","24.268729","120.540101","3"
"2019","3","5","19","14","臺中市","北屯區","0","2","6","3","5","50","3","1","1","4","4","5","7","1","1","10","5","5","2","16","25","2","9","1","1","C03","7","9","1","10","2","12","","25","25","1","22","8","C03","24.175597","120.676549","2"
"2019","3","5","19","24","臺中市","潭子區","0","1","6","3","5","50","4","1","1","4","4","5","7","4","4","10","5","5","2","15","14","3","10","1","1","B03","7","9","1","8","2","2","","6","14","1","21","8","B03","24.216653","120.701121","2"
"2019","3","5","19","30","臺中市","南屯區","0","1","6","3","5","50","3","2","1","4","4","5","7","4","4","5","5","4","2","1","23","3","10","3","4","B03","7","9","1","8","2","5","","23","23","1","22","9","B03","24.140328","120.611137","2"
"2019","3","5","19","32","臺中市","北屯區","0","1","6","3","5","50","14","7","1","4","4","5","7","4","4","1","4","5","2","13","16","2","9","1","1","C03","7","9","1","10","2","11","","16","16","1","21","8","C03","24.173253","120.66838","2"
"2019","3","5","19","35","臺中市","潭子區","0","1","6","3","5","50","14","9","1","4","4","5","7","4","4","9","5","5","1","16","6","3","10","1","1","B03","7","11","1","8","2","4","","6","6","1","22","8","B03","24.204623","120.720779","2"
"2019","3","5","19","40","臺中市","烏日區","0","2","6","3","5","50","14","8","1","4","4","5","7","4","4","4","4","5","1","17","19","2","9","1","1","C03","7","1","1","10","2","13","","19","19","1","21","8","C03","24.096513","120.638501","2"
"2019","3","5","19","42","臺中市","北屯區","0","1","6","3","5","50","4","1","1","4","4","5","7","4","4","5","2","4","2","18","23","2","9","1","1","C03","7","9","1","10","2","12","","23","23","1","22","8","C03","24.16662","120.693933","2"
"2019","3","5","19","54","臺中市","大里區","0","0","6","","","50","","","","","","","","","","","","","","","17","","","","","B03","","","1","","2","","","6","17","1","22","","B03","24.081386","120.702615","3"
"2019","3","5","19","55","臺中市","大雅區","0","1","6","3","5","40","14","9","1","4","4","5","7","4","4","10","5","5","2","18","23","2","9","1","1","C03","7","9","1","10","2","15","","23","23","1","22","9","C03","24.239822","120.637727","2"
"2019","3","5","19","58","臺中市","南屯區","0","1","6","3","5","50","3","1","1","4","4","1","7","1","1","5","5","5","2","12","17","3","10","1","1","B03","7","6","1","8","2","15","","17","17","1","22","8","B03","24.140246","120.628515","2"
"2019","3","5","19","58","臺中市","潭子區","0","0","8","","","60","","","","","","","","","","","","","","","","","","","","B12","","","1","","2","","","16","","1","","","B12","24.216653","120.701121","3"
"2019","3","5","20","1","臺中市","西屯區","0","0","6","","","50","","","","","","","","","","","","","","","7","","","","","B03","","","1","","2","","","7","7","1","4","","B03","24.200658","120.65746","3"
"2019","3","5","20","12","臺中市","沙鹿區","0","1","6","3","5","40","3","2","1","4","4","5","7","1","1","10","4","5","2","29","43","2","9","1","1","C03","7","15","1","10","2","14","","43","43","1","4","8","C03","24.19923","120.571363","2"
"2019","3","5","20","14","臺中市","南區","0","2","6","3","5","50","4","1","1","4","4","5","7","1","1","10","5","5","2","17","26","2","9","1","1","C03","7","15","1","10","2","11","","26","26","1","21","8","C03","24.122271","120.653781","2"
"2019","3","5","20","14","臺中市","太平區","0","1","6","3","5","40","3","2","1","4","4","5","7","4","4","5","5","4","1","18","23","2","9","1","1","C03","7","9","1","10","2","12","","23","23","1","21","8","C03","24.149951","120.726765","2"
"2019","3","5","20","15","臺中市","大里區","0","1","6","3","5","50","14","7","1","4","4","5","7","4","4","9","5","4","2","2","60","2","9","4","5","H01","8","16","8","20","10","16","","60","60","1","9","1","H01","24.099001","120.715946","2"
"2019","3","5","20","18","臺中市","西屯區","0","1","6","3","5","40","3","2","1","4","4","5","7","1","1","5","4","5","2","17","13","2","9","1","1","C03","7","9","1","10","2","14","","13","13","1","22","8","C03","24.175179","120.646438","2"
"2019","3","5","20","20","臺中市","南區","0","1","6","3","5","40","14","8","1","4","4","5","7","1","1","1","2","4","2","13","23","3","10","1","1","C03","7","9","1","10","2","11","","23","23","1","18","8","C03","24.119165","120.683949","2"
"2019","3","5","20","26","臺中市","大甲區","0","0","","","","","","","","","","","","","","","","","","","","","","","","B03","","","1","","2","","","12","","1","21","","B03","24.355347","120.625","3"
"2019","3","5","20","27","臺中市","東區","0","0","6","","","50","","","","","","","","","","","","","","","19","","","","","B03","","","1","","2","","","19","19","1","","","B03","24.122136","120.685281","3"
"2019","3","5","20","33","臺中市","北區","0","1","6","3","5","50","3","2","1","4","4","5","7","1","1","1","4","4","2","13","23","3","10","1","1","B03","7","9","1","8","2","8","","23","23","1","22","8","B03","24.159866","120.694451","2"
"2019","3","5","20","48","臺中市","龍井區","0","1","6","3","5","40","14","8","1","4","4","5","7","4","4","1","4","1","1","16","19","3","10","1","1","B03","7","1","1","8","2","5","","19","19","1","21","8","B03","24.193543","120.579786","2"
"2019","3","5","20","50","臺中市","西區","0","0","6","","","50","","","","","","","","","","","","","","","","","","","","B03","","","1","","2","","","23","","1","21","","B03","24.146677","120.655128","3"
"2019","3","5","20","50","臺中市","西屯區","0","0","6","","","40","","","","","","","","","","","","","","","","","","","","B03","","","1","","2","","","23","","1","4","","B03","24.176709","120.587498","3"
"2019","3","5","20","54","臺中市","北屯區","0","0","6","","","40","","","","","","","","","","","","","","","","","","","","B02","","","1","","2","","","23","","1","5","","B02","24.202561","120.686734","3"
"2019","3","5","20","58","臺中市","北區","0","3","6","3","5","50","14","9","1","4","4","5","7","4","4","5","4","5","2","13","16","2","9","1","1","C03","7","9","1","10","2","11","12","16","16","1","4","4","C03","24.167013","120.6833","2"