"年","月","日","時","分","縣市","區","死","受傷","天候","光線","道路類別","速限","道路型態","事故位置","路面鋪裝","路面狀態","路面缺陷","障礙物","視距","號誌種類","號誌動作","分向設施","快車道或一般車道間","快慢車道間","路面邊線","事故類型及型態","主要肇因","受傷程度","主要傷處","保護裝備","行動電話","當事者區分","車輛用途","當事者行動狀態","駕駛資格情形","駕駛執照種類","飲酒情形","車輛撞擊部位最初","車輛撞擊部位其他","肇事因素個別","肇事因素主要","肇事逃逸","職業","旅次目的","車種","GPS座標緯度","GPS座標經度","事故類別"
"2019","3","5","21","0","臺中市","北屯區","0","1","6","3","5","50","14","7","1","4","4","5","7","4","4","5","4","4","2","17","26","3","10","1","1","C03","7","1","1","10","2","15","","26","26","1","20","8","C03","24.173587","120.693146","2"
"2019","3","5","21","0","臺中市","神岡區","0","0","6","","","50","","","","","","","","","","","","","","","23","","","","","B03","","","1","","2","","","23","23","1","","","B03","24.263535","120.700473","3"
"2019","3","5","21","6","臺中市","太平區","0","0","6","","","50","","","","","","","","","","","","","","","","","","","","B03","","","1","","2","","","26","","1","4","","B03","24.120526","120.718843","3"
"2019","3","5","21","10","臺中市","烏日區","0","2","6","3","5","50","14","7","1","4","4","5","7","4","4","9","4","4","1","17","23","2","9","4","1","F02","7","11","8","20","2","16","","23","23","1","21","8","F02","24.105948","120.626372","2"
"2019","3","5","21","17","臺中市","烏日區","0","1","6","3","5","60","3","1","1","4","4","5","7","1","1","10","3","4","1","17","23","2","3","3","4","B03","7","8","1","2","2","1","","23","23","1","21","8","B03","24.11328","120.586536","2"
"2019","3","5","21","18","臺中市","清水區","0","1","6","3","5","40","14","9","1","4","2","5","7","4","4","9","4","4","1","18","13","2","9","1","1","C03","7","6","1","11","2","11","","13","13","1","3","1","C03","24.277386","120.574374","2"
"2019","3","5","21","21","臺中市","大里區","0","2","6","3","5","50","5","1","1","4","4","5","7","1","1","5","2","5","1","16","25","2","9","1","1","C03","7","5","1","10","2","11","","25","25","1","22","8","C03","24.095393","120.686325","2"
"2019","3","5","21","40","臺中市","大里區","0","2","6","3","5","50","14","9","1","4","4","5","7","4","4","1","2","5","1","12","42","2","9","3","4","B03","7","15","1","8","2","7","","42","42","1","9","8","B03","24.118761","120.685273","2"
"2019","3","5","21","45","臺中市","西區","0","0","6","","","50","","","","","","","","","","","","","","","","","","","","C03","","","1","","2","","","12","","1","5","","C03","24.150936","120.662083","3"
"2019","3","5","21","47","臺中市","南屯區","0","2","8","1","5","50","4","1","1","5","4","5","7","2","1","10","5","5","2","16","8","2","9","3","4","B03","7","5","1","8","2","1","","8","8","1","22","9","B03","24.145166","120.62301","2"
"2019","3","5","21","51","臺中市","西屯區","0","1","6","3","5","40","14","8","1","4","4","5","7","4","4","4","4","4","2","16","19","3","10","3","4","B03","7","1","1","8","2","4","","19","19","1","22","8","B03","24.187306","120.643473","2"
"2019","3","5","22","3","臺中市","中區","0","2","8","3","5","50","14","9","1","4","4","5","7","4","4","10","4","5","2","10","4","2","1","1","1","C03","7","9","1","10","2","11","","4","4","1","22","9","C03","24.137806","120.683523","2"
"2019","3","5","22","5","臺中市","北區","0","0","6","3","5","50","3","1","1","4","4","5","7","4","4","8","3","4","2","11","","","","","","C03","","","1","","2","","","6","","1","22","","C03","24.158459","120.670519","3"
"2019","3","5","22","8","臺中市","西屯區","0","1","6","3","5","50","14","9","1","4","4","5","7","4","4","5","4","5","2","17","43","2","9","1","1","C03","7","9","1","10","2","12","11","43","43","1","22","8","C03","24.180001","120.645133","2"
"2019","3","5","22","11","臺中市","大雅區","0","1","6","3","5","50","14","7","1","4","4","5","6","4","4","3","4","5","1","17","19","3","10","1","1","B03","7","1","1","8","2","7","","19","19","1","21","8","B03","24.211758","120.650133","2"
"2019","3","5","22","16","臺中市","清水區","0","1","6","4","5","60","14","7","1","4","4","5","7","4","4","1","4","4","1","12","23","2","1","1","1","B03","7","9","1","3","2","8","","23","23","1","10","8","B03","24.263543","120.542213","2"
"2019","3","5","22","21","臺中市","北區","0","0","6","","","50","","","","","","","","","","","","","","","","","","","","B03","","","1","","2","","","42","","1","","","B03","24.156904","120.687085","3"
"2019","3","5","22","22","臺中市","西區","0","1","6","3","5","50","14","8","1","4","4","5","7","4","4","5","5","4","2","17","23","2","9","1","1","C03","7","9","3","18","2","11","","23","23","2","5","7","C03","24.136383","120.655081","2"
"2019","3","5","22","28","臺中市","南區","0","1","6","3","5","50","4","2","1","4","4","5","7","4","4","5","4","4","2","17","6","2","9","1","1","C03","7","11","1","10","2","14","","6","6","1","22","8","C03","24.131521","120.676081","2"
"2019","3","5","22","33","臺中市","西區","0","0","6","","","50","","","","","","","","","","","","","","","12","3","","","","B03","","","1","","2","","","12","12","","5","","B03","24.152587","120.666388","3"
"2019","3","5","22","35","臺中市","北屯區","0","2","6","3","5","50","4","1","1","4","4","5","7","1","1","5","5","4","2","3","15","3","10","1","1","B02","7","5","2","18","2","4","","15","15","1","22","8","B02","24.171122","120.694186","2"
"2019","3","5","22","35","臺中市","烏日區","0","0","","","","","","","","","","","","","","","","","","","","","","","","B03","","","1","","2","","","23","","1","22","","B03","24.104165","120.624551","3"
"2019","3","5","22","37","臺中市","南屯區","0","0","6","","","60","","","","","","","","","","","","","","","","","","","","B03","","","1","","2","","","7","","1","","","B03","24.158785","120.591247","3"
"2019","3","5","22","41","臺中市","南區","0","2","6","3","5","50","4","1","1","4","4","5","7","4","4","10","5","5","2","15","6","2","9","1","1","C03","7","9","1","10","2","11","","6","6","1","21","8","C03","24.131565","120.683097","2"
"2019","3","5","22","42","臺中市","西屯區","0","1","6","3","5","50","4","2","1","4","4","5","7","2","1","5","4","4","2","16","7","3","10","1","1","B03","7","7","1","8","2","8","","7","7","1","22","8","B03","24.168885","120.646186","2"
"2019","3","5","23","6","臺中市","太平區","0","1","6","3","5","50","4","1","1","4","4","5","7","3","1","5","5","5","2","15","6","2","9","1","1","B03","7","9","1","8","2","2","","6","6","1","21","8","B03","24.156311","120.7199","2"
"2019","3","5","23","8","臺中市","南區","0","1","6","3","5","50","4","1","1","4","4","5","7","1","1","10","5","4","2","17","23","3","10","1","1","B03","7","5","1","8","2","1","","23","23","1","22","8","B03","24.130448","120.684095","2"
"2019","3","6","0","15","臺中市","烏日區","0","0","8","","","60","","","","","","","","","","","","","","","","","","","","B12","","","1","","2","","","23","","1","","","B12","24.104827","120.622062","3"
"2019","3","6","0","31","臺中市","太平區","0","1","6","3","5","50","4","1","1","4","4","5","7","1","1","10","5","5","2","15","25","3","10","1","1","B03","7","9","1","8","2","2","","25","25","1","21","8","B03","24.126731","120.711132","2"
"2019","3","6","0","42","臺中市","南區","0","0","6","","","50","","","","","","","","","","","","","","","","","","","","B03","","","1","","2","","","23","","1","22","","B03","24.130119","120.683175","3"
"2019","3","6","0","50","臺中市","東區","","","","","","","","","","","","","","","","","","","","","","","","","","B02","","","1","","2","","","41","","1","5","","B02","24.136063","120.702255","3"
"2019","3","6","1","35","臺中市","南區","0","1","6","3","5","50","4","1","1","4","4","5","7","4","4","10","5","5","2","17","42","2","9","1","1","C03","7","5","1","10","2","11","","42","42","1","21","8","C03","24.127133","120.675954","2"
"2019","3","6","3","46","臺中市","西區","0","1","6","3","5","40","5","1","1","4","4","5","7","1","1","10","5","5","2","20","42","2","9","3","4","B03","7","9","6","8","8","1","","42","42","1","5","5","B03","24.154932","120.663876","2"
"2019","3","6","4","2","臺中市","東區","","","","","","","","","","","","","","","","","","","","","","","","","","B03","","","1","","9","","","6","","1","5","","B03","24.132108","120.687913","3"
"2019","3","6","5","55","臺中市","沙鹿區","0","1","7","2","5","50","4","1","1","5","4","5","6","4","4","10","5","5","2","16","6","2","9","1","1","C03","7","9","1","10","2","11","","6","6","1","5","9","C03","24.240022","120.561332","2"
"2019","3","6","6","9","臺中市","西區","0","1","6","3","5","40","3","1","1","4","4","5","7","4","4","10","5","4","2","17","43","4","11","3","4","","7","21","7","19","11","15","","43","43","2","22","9","","24.156931","120.663391","2"
"2019","3","6","6","15","臺中市","烏日區","0","1","6","2","5","40","4","7","1","4","4","5","7","4","4","1","4","4","1","16","6","2","9","1","1","C03","7","11","1","10","2","11","","6","6","1","21","8","C03","24.09489","120.632845","2"
"2019","3","6","6","34","臺中市","大雅區","0","0","6","","","50","","","","","","","","","","","","","","","","","","","","B03","","","1","","2","","","9","","1","","","B03","24.231668","120.673404","3"
"2019","3","6","6","48","臺中市","外埔區","0","1","6","1","5","50","4","1","1","4","4","5","7","4","4","10","5","5","2","3","23","3","10","3","4","B03","7","5","1","8","2","8","","23","23","1","22","8","B03","24.342093","120.63835","2"
"2019","3","6","6","49","臺中市","西區","0","1","6","1","5","50","4","2","1","4","4","5","7","1","1","5","2","5","2","13","16","3","10","1","1","B02","7","9","3","18","2","5","","16","16","1","5","5","B02","24.150887","120.657287","2"
"2019","3","6","6","49","臺中市","大雅區","0","2","6","1","5","50","4","1","1","4","4","5","7","4","4","4","5","5","1","16","6","2","8","1","1","C03","7","11","1","10","2","14","","6","6","1","22","9","C03","24.214428","120.666578","2"
"2019","3","6","6","53","臺中市","大里區","0","1","6","1","5","50","14","9","1","4","4","5","7","4","4","5","4","5","1","16","11","2","9","1","1","C03","7","11","1","10","2","13","","11","11","1","4","8","C03","24.118225","120.689428","2"
"2019","3","6","7","5","臺中市","沙鹿區","0","0","6","","","50","","","","","","","","","","","","","","","","","","","","B03","","","1","","2","","","18","","1","3","","B03","24.236822","120.562396","3"
"2019","3","6","7","18","臺中市","大肚區","0","2","7","1","5","50","4","1","1","4","4","5","7","4","4","10","5","5","2","13","23","2","9","1","1","C03","7","9","1","10","2","11","","23","23","1","22","8","C03","24.168291","120.581989","2"
"2019","3","6","7","18","臺中市","烏日區","0","0","6","","","60","","","","","","","","","","","","","","","","","","","","A05","","","1","","2","","","16","","1","10","","A05","24.102949","120.614737","3"
"2019","3","6","7","18","臺中市","梧棲區","0","0","6","","","40","","","","","","","","","","","","","","","","","","","","B03","","","1","","2","","","23","","1","9","","B03","24.231286","120.514221","3"
"2019","3","6","7","20","臺中市","西屯區","0","2","6","1","5","50","3","9","1","4","4","5","7","4","4","5","5","5","2","17","10","2","9","1","1","C03","7","9","1","10","2","14","","44","10","1","22","9","C03","24.175775","120.644131","2"
"2019","3","6","7","20","臺中市","外埔區","0","0","6","","","40","","","","","","","","","","","","","","","","","","","","B03","","","1","","2","","","12","","1","5","","B03","24.34629","120.693963","4"
"2019","3","6","7","22","臺中市","西屯區","0","0","6","","","40","","","","","","","","","","","","","","","","","","","","B03","","","1","","2","","","23","","1","","","B03","24.163666","120.629497","3"
"2019","3","6","7","23","臺中市","北屯區","0","0","6","","","80","","","","","","","","","","","","","","","16","","","","","A11","","","1","","2","","","16","16","1","5","","A11","24.174433","120.720898","3"
"2019","3","6","7","23","臺中市","沙鹿區","0","2","7","1","5","40","14","8","1","4","4","5","7","4","4","10","4","3","2","13","16","2","2","1","1","C02","7","9","1","9","2","11","","16","16","1","4","8","C02","24.233092","120.572332","2"
"2019","3","6","7","27","臺中市","北區","0","1","6","1","5","40","4","2","1","4","4","5","7","1","1","5","4","4","2","17","16","2","8","1","1","C03","7","12","1","9","2","15","","16","16","1","5","8","C03","24.164804","120.67406","2"
"2019","3","6","7","27","臺中市","西屯區","0","1","8","1","5","40","3","2","1","4","4","5","7","4","4","10","5","5","2","11","17","3","10","3","4","B03","7","9","1","8","2","4","","17","17","1","22","8","B03","24.182042","120.63777","2"
"2019","3","6","7","30","臺中市","潭子區","0","1","7","1","5","40","4","1","1","4","4","5","7","1","1","5","4","4","1","11","25","3","10","1","1","C03","7","9","1","10","2","11","","25","25","1","22","9","C03","24.194389","120.699113","2"
"2019","3","6","7","33","臺中市","霧峰區","0","0","8","","","50","","","","","","","","","","","","","","","","","","","","B03","","","1","","2","","","19","","1","21","","B03","24.064961","120.688863","3"
"2019","3","6","7","36","臺中市","太平區","0","0","6","","","50","","","","","","","","","","","","","","","","","","","","B03","","","1","","2","","","7","","1","21","","B03","24.133384","120.735862","3"
"2019","3","6","7","40","臺中市","北區","0","1","6","1","5","40","11","11","1","4","4","5","7","4","4","4","3","4","2","17","13","2","9","3","4","C03","7","9","1","10","2","11","","13","13","1","5","8","C03","24.155659","120.669456","2"
"2019","3","6","7","40","臺中市","北屯區","0","1","8","1","5","50","3","1","1","5","4","5","7","4","4","10","5","5","2","16","6","3","10","1","1","B03","7","5","1","8","2","5","","6","6","1","21","8","B03","24.168263","120.69826","2"
"2019","3","6","7","40","臺中市","北屯區","0","0","8","","","60","","","","","","","","","","","","","","","","","","","","B03","","","1","","2","","","7","","1","21","","B03","24.164169","120.694213","3"
"2019","3","6","7","40","臺中市","烏日區","0","0","8","","","40","","","","","","","","","","","","","","","","","","","","B03","","","1","","2","","","25","","1","","","B03","24.113924","120.61663","3"
"2019","3","6","7","42","臺中市","潭子區","0","0","8","","","50","","","","","","","","","","","","","","","","","","","","C03","","","1","","2","","","23","","1","21","","C03","24.204385","120.716326","3"
"2019","3","6","7","43","臺中市","太平區","0","0","8","","","40","","","","","","","","","","","","","","","","","","","","C03","","","1","","2","","","23","","1","22","","C03","24.130525","120.744575","3"
"2019","3","6","7","45","臺中市","南屯區","0","1","6","1","5","50","14","9","1","4","4","5","7","4","4","5","5","5","2","16","26","3","10","1","1","B03","7","5","1","8","2","5","5","26","26","1","5","3","B03","24.146875","120.645982","2"
"2019","3","6","7","45","臺中市","大里區","0","0","8","1","5","40","14","9","1","5","4","5","7","2","1","8","3","5","1","13","19","3","10","1","1","B03","7","9","1","8","2","1","","19","19","1","22","9","B03","24.091584","120.691719","3"
"2019","3","6","7","45","臺中市","豐原區","0","0","","","","","","","","","","","","","","","","","","","","","","","","B03","","","1","","2","","","23","","","","","B03","24.250191","120.703261","3"
"2019","3","6","7","47","臺中市","西屯區","0","0","8","","","50","","","","","","","","","","","","","","","","","","","","B12","","","1","","2","","","26","","1","","","B12","24.200611","120.6566","3"
"2019","3","6","7","48","臺中市","南屯區","0","0","8","","","40","","","","","","","","","","","","","","","","","","","","B03","","","1","","2","","","7","","1","","","B03","24.144876","120.646996","3"
"2019","3","6","7","51","臺中市","北屯區","0","1","7","1","5","50","4","1","1","5","4","5","7","1","1","10","5","5","2","15","25","3","10","1","1","B03","7","9","1","8","2","5","","25","25","1","22","8","B03","24.175396","120.690686","2"
"2019","3","6","7","52","臺中市","梧棲區","0","0","8","","","40","","","","","","","","","","","","","","","","","","","","B03","","","1","","2","","","16","","1","9","","B03","24.243381","120.55472","3"
"2019","3","6","7","53","臺中市","東區","0","0","6","","","40","","","","","","","","","","","","","","","","","","","","C03","","","1","","2","","","23","","1","","","C03","24.14799","120.695236","3"
"2019","3","6","7","55","臺中市","東區","0","1","7","1","5","50","14","8","1","4","4","5","7","4","4","5","5","4","2","16","26","3","10","1","1","B03","7","5","1","8","2","1","","26","26","1","22","8","B03","24.137588","120.705457","2"
"2019","3","6","7","55","臺中市","烏日區","0","2","6","1","5","40","4","8","1","4","4","5","7","1","1","1","4","3","1","13","16","2","9","1","1","C03","7","9","1","10","2","11","","16","16","1","21","8","C03","24.076362","120.647174","2"
"2019","3","6","7","55","臺中市","沙鹿區","0","2","7","1","5","50","3","2","1","4","4","5","7","3","1","10","5","5","2","17","42","2","8","1","1","C03","7","9","1","10","2","12","","42","42","1","3","8","C03","24.259136","120.602444","2"
"2019","3","6","7","57","臺中市","南區","0","1","7","1","5","50","14","7","1","4","4","5","7","4","4","9","5","4","2","13","16","2","8","1","1","C03","7","9","1","10","2","11","","16","16","1","21","8","C03","24.130783","120.681413","2"
"2019","3","6","8","0","臺中市","潭子區","0","0","6","1","4","40","14","9","1","4","4","5","7","1","1","7","5","5","1","13","","","","","","B03","","","1","","2","","","16","","1","4","","B03","24.218135","120.716192","3"
"2019","3","6","8","8","臺中市","外埔區","0","1","7","1","5","50","3","1","1","4","4","5","7","4","4","5","5","5","1","18","42","2","8","1","1","C03","7","5","1","10","2","12","","42","42","1","21","8","C03","24.337238","120.625041","2"
"2019","3","6","8","15","臺中市","西區","0","2","7","1","5","50","3","2","1","4","4","5","7","4","4","10","5","5","2","17","42","2","9","1","1","C03","7","9","1","10","2","11","","42","42","1","21","8","C03","24.144338","120.663151","2"
"2019","3","6","8","15","臺中市","沙鹿區","0","1","8","1","5","70","14","7","1","5","4","5","7","4","4","1","4","4","1","13","16","2","1","1","1","B03","7","9","1","8","2","8","","16","16","1","19","5","B03","24.242218","120.622443","2"
"2019","3","6","8","16","臺中市","豐原區","0","0","","","","","","","","","","","","","","","","","","","","","","","","B12","","","1","","2","","","12","","","","","B12","24.239703","120.704524","4"
"2019","3","6","8","16","臺中市","神岡區","0","2","7","1","5","50","3","1","1","4","4","5","7","4","4","5","4","4","2","16","6","2","8","1","1","C03","7","11","3","18","2","12","","6","6","1","20","7","C03","24.24682","120.68246","2"
"2019","3","6","8","19","臺中市","西區","0","0","8","","","50","","","","","","","","","","","","","","","26","3","","","","C03","","","1","","2","","","26","26","","5","","C03","24.160222","120.659433","3"
"2019","3","6","8","20","臺中市","外埔區","0","1","6","1","8","40","14","9","1","4","4","5","7","4","4","10","5","5","2","27","42","2","9","1","1","C03","7","9","1","10","2","12","","42","42","1","5","1","C03","24.341314","120.64179","2"
"2019","3","6","8","22","臺中市","北屯區","0","2","7","1","5","50","4","5","1","4","4","5","7","4","4","10","5","5","2","13","23","2","8","1","1","C03","7","9","1","10","2","14","","23","23","1","5","8","C03","24.176211","120.690276","2"
"2019","3","6","8","22","臺中市","大里區","0","0","6","","","50","","","","","","","","","","","","","","","","","","","","C03","","","6","","2","","","10","","1","21","","C03","24.094318","120.677672","3"
"2019","3","6","8","28","臺中市","北屯區","0","0","7","","","50","","","","","","","","","","","","","","","6","","","","","B03","","","1","8","2","","","6","6","1","21","","B03","24.171403","120.704678","3"
"2019","3","6","8","30","臺中市","太平區","0","2","7","1","5","50","14","8","1","5","4","5","7","4","4","5","5","4","1","17","9","3","10","1","1","G03","7","6","1","8","2","15","","9","9","1","9","9","G03","24.10139","120.728765","2"
"2019","3","6","8","32","臺中市","西屯區","0","1","7","1","5","50","4","1","1","5","4","5","7","2","1","5","4","4","2","17","42","2","9","3","1","C03","7","9","1","10","2","14","","42","42","1","21","8","C03","24.172416","120.645538","2"
"2019","3","6","8","34","臺中市","西屯區","0","1","8","1","5","50","3","1","1","5","4","5","7","1","1","5","4","4","2","18","14","2","9","3","4","C03","7","9","1","10","2","14","","14","14","1","22","8","C03","24.176151","120.640726","2"
"2019","3","6","8","40","臺中市","南區","0","1","7","1","5","50","3","1","1","4","4","5","7","1","1","10","5","5","2","16","6","3","10","1","1","B12","7","5","1","4","2","2","","6","6","1","4","8","B12","24.11904","120.668274","2"
"2019","3","6","8","41","臺中市","烏日區","0","2","7","1","5","40","14","8","1","5","4","5","7","4","4","1","4","1","2","17","16","3","10","1","1","C03","7","14","1","10","2","13","","44","16","1","22","8","C03","24.100805","120.611929","2"
"2019","3","6","8","50","臺中市","大雅區","0","1","7","1","5","50","3","1","1","5","4","5","7","4","4","10","5","5","2","16","6","3","10","1","1","B03","7","5","1","8","2","1","","6","6","1","22","9","B03","24.204768","120.644548","2"
"2019","3","6","8","55","臺中市","烏日區","0","0","8","","","30","","","","","","","","","","","","","","","","","","","","B03","","","1","","2","","","6","","1","22","","B03","24.113686","120.616559","3"
"2019","3","6","8","55","臺中市","梧棲區","0","1","7","1","5","50","3","9","1","4","4","5","7","4","4","5","5","5","2","18","43","2","9","1","1","C03","7","9","1","10","2","12","","43","43","1","4","1","C03","24.261141","120.53363","2"
"2019","3","6","8","57","臺中市","大里區","0","1","7","1","5","50","3","2","1","4","4","5","7","4","4","10","5","5","2","16","6","3","10","1","1","B03","7","5","1","8","2","6","","6","6","1","5","8","B03","24.095487","120.695599","2"
"2019","3","6","8","58","臺中市","大里區","0","1","8","1","5","50","5","1","1","5","4","5","7","1","1","10","5","5","2","17","19","3","10","1","1","C03","7","1","1","10","2","11","","19","19","1","21","9","C03","24.11308","120.690104","2"
"2019","3","6","8","59","臺中市","烏日區","0","1","8","1","5","50","14","9","1","5","4","5","7","4","4","5","4","5","1","16","19","3","10","1","1","A11","7","1","1","3","2","2","","19","19","1","21","8","A11","24.1053","120.630498","2"
"2019","3","6","9","0","臺中市","潭子區","0","0","8","1","5","50","14","9","1","5","4","5","7","4","4","5","5","5","1","13","","","","","","B03","","","1","","2","","","23","","1","22","","B03","24.217883","120.722751","3"
"2019","3","6","9","1","臺中市","西屯區","0","1","8","1","5","50","14","7","1","5","4","5","7","4","4","5","4","4","2","17","19","3","10","1","1","B12","7","1","1","8","2","8","","19","19","1","21","8","B12","24.17859","120.618846","2"
"2019","3","6","9","22","臺中市","潭子區","0","0","8","","","60","","","","","","","","","","","","","","","","","","","","B03","","","1","","2","","","42","","1","","","B03","24.200332","120.709023","3"
"2019","3","6","9","28","臺中市","大雅區","0","2","8","1","5","40","3","1","1","5","4","5","7","4","4","10","5","5","2","16","6","3","10","1","1","A12","7","9","1","2","2","5","","6","6","1","22","9","A12","24.234857","120.631681","2"
"2019","3","6","9","31","臺中市","大里區","0","1","8","1","5","40","4","1","1","5","4","5","7","1","1","10","5","5","2","17","26","3","10","1","1","B03","7","6","1","8","2","5","","26","26","1","21","5","B03","24.094576","120.688007","2"
"2019","3","6","9","38","臺中市","大雅區","0","1","8","1","5","50","14","8","1","5","4","5","7","4","4","1","4","4","1","16","6","3","10","1","1","B03","7","6","1","8","2","2","","6","6","1","22","9","B03","24.229122","120.639179","2"
"2019","3","6","9","45","臺中市","太平區","0","1","7","1","5","50","3","2","1","5","4","5","7","4","4","5","5","5","1","16","26","3","10","1","1","B03","7","11","1","8","2","1","","26","26","1","19","7","B03","24.125042","120.718957","2"
"2019","3","6","9","50","臺中市","北區","0","1","8","1","5","50","14","9","1","5","4","5","1","4","4","9","4","5","2","13","16","2","9","1","1","C03","7","12","1","10","2","11","","16","16","1","5","8","C03","24.166889","120.672003","2"
"2019","3","6","9","54","臺中市","西屯區","0","1","7","1","5","40","3","1","1","5","4","5","7","4","4","10","5","5","2","16","6","2","9","1","1","C03","7","6","1","10","2","14","","6","6","1","22","9","C03","24.163331","120.65609","2"
"2019","3","6","9","58","臺中市","西區","0","1","8","1","5","50","14","7","1","5","4","5","7","4","4","3","4","4","2","16","7","3","10","1","1","B03","7","7","1","8","2","8","","7","7","1","21","8","B03","24.153115","120.657266","2"
"2019","3","6","10","7","臺中市","南區","0","2","7","1","5","50","4","1","1","5","4","5","7","1","1","10","5","5","2","16","25","2","8","1","1","C03","7","5","1","10","2","14","","25","25","1","21","8","C03","24.128993","120.680481","2"
"2019","3","6","10","25","臺中市","清水區","0","0","","","","50","","","","","","","","","","","","","","","","","","","","B03","","","1","","2","","","6","","1","7","","B03","24.269508","120.537653","3"
"2019","3","6","10","28","臺中市","大雅區","0","0","8","","","50","","","","","","","","","","","","","","","","","","","","B03","","","1","","2","","","23","","1","","","B03","24.225712","120.647168","3"
"2019","3","6","10","34","臺中市","西屯區","0","0","8","","","50","","","","","","","","","","","","","","","","","","","","B03","","","1","","2","","","12","","1","22","","B03","24.185813","120.603625","3"
"2019","3","6","10","38","臺中市","大雅區","0","1","7","1","5","50","3","1","1","5","4","5","7","1","1","10","5","5","2","16","6","3","10","1","1","B12","7","6","1","8","2","5","","6","6","1","22","9","B12","24.20811","120.644074","2"
"2019","3","6","10","48","臺中市","北區","0","0","8","","","50","","","","","","","","","","","","","","","23","","","","","B12","","","1","","2","","","23","23","1","5","","B12","24.151243","120.677307","3"
"2019","3","6","10","49","臺中市","梧棲區","0","1","8","1","5","40","14","8","1","5","4","5","7","4","4","10","5","5","2","15","6","3","10","1","1","A31","7","14","1","1","2","8","","6","6","1","9","8","A31","24.228763","120.513418","2"
"2019","3","6","10","52","臺中市","太平區","0","1","7","1","5","50","14","7","1","5","4","5","7","4","4","5","5","4","1","16","26","3","10","1","1","C03","7","1","1","10","2","11","","26","26","1","19","7","C03","24.130808","120.721127","2"
"2019","3","6","10","54","臺中市","北屯區","0","0","8","","","50","","","","","","","","","","","","","","","","","","","","B03","","","1","","2","","","42","","1","","","B03","24.164989","120.69809","3"
"2019","3","6","10","56","臺中市","西區","0","2","8","1","5","50","3","9","1","5","4","5","7","4","4","5","4","5","2","17","19","2","7","1","1","C03","7","1","1","10","2","12","","19","19","1","21","8","C03","24.14559","120.649871","2"
"2019","3","6","10","58","臺中市","梧棲區","0","0","8","","","50","","","","","","","","","","","","","","","","","","","","B03","","","1","","2","","","6","","1","5","","B03","24.242351","120.544955","3"
"2019","3","6","11","0","臺中市","南區","0","1","8","1","5","50","4","1","1","5","4","5","7","4","4","10","5","5","2","18","23","2","8","1","1","C03","7","5","1","10","2","12","","23","23","1","4","8","C03","24.124942","120.683664","2"
"2019","3","6","11","2","臺中市","霧峰區","0","0","8","","","50","","","","","","","","","","","","","","","","","","","","B12","","","1","","2","","","17","","1","","","B12","24.038032","120.717721","3"
"2019","3","6","11","3","臺中市","西區","0","1","8","1","5","50","14","9","1","5","4","5","7","4","4","5","4","5","2","17","6","3","10","1","1","B03","7","8","1","8","2","5","","6","6","1","22","9","B03","24.146714","120.656086","2"
"2019","3","6","11","3","臺中市","大里區","0","0","8","","","50","","","","","","","","","","","","","","","","","","","","B03","","","2","","2","","","23","","1","21","","B03","24.109123","120.691716","3"
"2019","3","6","11","10","臺中市","南屯區","0","1","8","1","5","50","4","1","1","5","4","5","7","2","1","10","5","5","2","3","15","3","10","1","1","C03","7","5","1","10","2","11","","15","15","1","22","9","C03","24.149539","120.613105","2"
"2019","3","6","11","10","臺中市","潭子區","0","1","8","1","5","40","4","2","1","5","4","5","7","4","4","5","4","4","1","11","23","2","9","1","1","C04","7","9","1","10","2","11","","23","23","1","22","9","C04","24.215231","120.704444","2"
"2019","3","6","11","15","臺中市","大雅區","0","0","8","","","40","","","","","","","","","","","","","","","","","","","","B03","","","1","","2","","","16","","1","21","","B03","24.227568","120.650436","3"
"2019","3","6","11","29","臺中市","南區","0","0","6","","","40","","","","","","","","","","","","","","","43","","","","","","","","","","","","","43","43","","","","","24.112543","120.663228","3"
"2019","3","6","11","37","臺中市","西屯區","0","1","8","1","5","50","3","1","1","5","4","5","7","1","1","10","5","5","2","13","23","3","10","1","1","B12","7","9","1","8","2","1","","23","23","1","21","8","B12","24.190008","120.615853","2"
"2019","3","6","11","47","臺中市","大雅區","0","0","8","","","70","","","","","","","","","","","","","","","","","","","","B03","","","1","","2","","","23","","1","","","B03","24.24124","120.629915","3"
"2019","3","6","11","49","臺中市","北屯區","0","1","8","1","5","50","4","1","1","5","4","5","7","2","1","10","5","5","2","18","23","2","9","1","1","C03","7","9","1","10","2","12","","23","23","1","5","8","C03","24.16511","120.690918","2"
"2019","3","6","11","53","臺中市","烏日區","0","0","8","","","40","","","","","","","","","","","","","","","","","","","","B12","","","1","","2","","","17","","1","","","B12","24.11459","120.603363","3"
"2019","3","6","11","57","臺中市","烏日區","0","1","8","1","5","60","4","1","1","5","4","5","7","1","1","1","3","4","1","17","25","3","10","1","1","C03","7","9","1","10","2","15","","25","25","1","22","8","C03","24.11034","120.646705","2"
"2019","3","6","12","3","臺中市","北屯區","0","0","8","","","50","","","","","","","","","","","","","","","","","","","","B03","","","1","","2","","","23","","1","","","B03","24.184703","120.699173","3"
"2019","3","6","12","3","臺中市","沙鹿區","0","3","8","1","5","50","3","1","1","5","4","5","7","1","1","10","5","5","2","16","43","3","10","1","1","C03","7","1","1","10","2","14","","43","43","1","18","5","C03","24.223412","120.578501","2"
"2019","3","6","12","7","臺中市","北區","0","0","8","","","50","","","","","","","","","","","","","","","","","","","","B03","","","1","","2","","","12","","1","19","","B03","24.149213","120.680909","3"
"2019","3","6","12","8","臺中市","龍井區","0","1","7","1","5","50","14","9","1","5","4","5","7","4","4","5","4","5","1","17","26","3","10","1","1","C03","7","11","1","10","2","15","","26","26","1","12","8","C03","24.2112","120.5258","2"