"年","月","日","時","分","縣市","區","死","受傷","天候","光線","道路類別","速限","道路型態","事故位置","路面鋪裝","路面狀態","路面缺陷","障礙物","視距","號誌種類","號誌動作","分向設施","快車道或一般車道間","快慢車道間","路面邊線","事故類型及型態","主要肇因","受傷程度","主要傷處","保護裝備","行動電話","當事者區分","車輛用途","當事者行動狀態","駕駛資格情形","駕駛執照種類","飲酒情形","車輛撞擊部位最初","車輛撞擊部位其他","肇事因素個別","肇事因素主要","肇事逃逸","職業","旅次目的","車種","GPS座標緯度","GPS座標經度","事故類別"
"2019","3","6","12","12","臺中市","太平區","0","1","8","1","5","40","4","2","1","5","4","5","7","4","4","5","5","5","2","16","6","3","10","1","1","B03","7","5","1","8","2","2","","6","6","1","2","5","B03","24.125735","120.712644","2"
"2019","3","6","12","18","臺中市","西屯區","0","0","8","","","50","","","","","","","","","","","","","","","","","","","","B03","","","1","","2","","","16","","1","22","","B03","24.179292","120.624805","3"
"2019","3","6","12","28","臺中市","北區","0","0","8","","","40","","","","","","","","","","","","","","","","","","","","B03","","","1","","2","","","12","","1","5","","B03","24.166849","120.66769","3"
"2019","3","6","12","35","臺中市","西屯區","0","0","8","","","40","","","","","","","","","","","","","","","","","","","","B03","","","1","","2","","","19","","1","22","","B03","24.184823","120.618519","3"
"2019","3","6","12","56","臺中市","北屯區","0","0","8","","","50","","","","","","","","","","","","","","","","","","","","B12","","","1","","2","","","23","","1","22","","B12","24.162608","120.692958","3"
"2019","3","6","13","11","臺中市","西區","0","1","8","1","5","50","3","1","1","5","4","5","7","4","4","10","5","5","2","17","43","3","10","1","1","C03","7","5","1","10","2","15","","43","43","1","19","9","C03","24.150688","120.673503","2"
"2019","3","6","13","12","臺中市","西屯區","0","2","8","1","5","50","4","1","1","5","4","5","7","4","4","10","5","5","2","16","6","2","9","1","1","C03","7","5","1","10","2","14","","6","6","1","21","8","C03","24.175848","120.66478","2"
"2019","3","6","13","23","臺中市","太平區","0","0","8","","","50","","","","","","","","","","","","","","","","","","","","B12","","","1","","2","","","42","","1","9","","B12","24.12859","120.72596","3"
"2019","3","6","13","30","臺中市","西區","0","0","8","","","50","","","","","","","","","","","","","","","","","","","","B03","","","1","","2","","","6","","1","5","","B03","24.136056","120.680538","3"
"2019","3","6","13","55","臺中市","北區","0","1","8","1","5","50","4","1","1","5","4","5","7","1","1","10","5","5","2","15","25","3","10","1","4","C03","7","9","6","18","2","14","","25","25","1","20","8","C03","24.152822","120.685287","2"
"2019","3","6","13","59","臺中市","西屯區","0","0","8","","","50","","","","","","","","","","","","","","","","","","","","B02","","","1","","2","","","16","","1","22","","B02","24.165799","120.642973","3"
"2019","3","6","14","1","臺中市","沙鹿區","0","0","8","1","5","50","14","2","1","5","4","5","7","2","1","9","5","5","1","13","42","3","10","1","1","B12","7","15","1","1","5","1","","42","42","1","4","8","B12","24.223542","120.578695","3"
"2019","3","6","14","3","臺中市","霧峰區","0","2","8","1","5","50","14","12","1","5","4","5","7","4","4","5","2","4","1","12","19","2","8","1","1","C03","7","1","3","18","2","13","","19","19","1","21","8","C03","24.061357","120.696185","2"
"2019","3","6","14","11","臺中市","北區","0","1","8","1","5","50","3","1","1","5","4","5","7","1","1","10","5","5","2","16","6","3","10","3","4","B03","7","5","1","8","2","2","2","6","6","1","22","9","B03","24.151012","120.688135","2"
"2019","3","6","14","15","臺中市","新社區","0","1","8","1","5","50","14","9","1","5","4","5","7","4","4","5","5","5","1","12","21","2","9","1","1","C03","7","9","6","18","7","12","","21","21","1","22","8","C03","24.239181","120.809404","2"
"2019","3","6","14","24","臺中市","北屯區","0","1","8","1","5","50","4","1","1","5","4","5","7","4","4","10","5","5","2","15","6","2","9","1","1","C03","7","9","1","10","2","12","14","6","6","1","5","8","C03","24.189733","120.687915","2"
"2019","3","6","14","24","臺中市","大里區","0","1","8","1","5","50","4","1","1","5","4","5","7","4","4","10","5","5","2","15","6","2","9","1","1","C03","7","9","1","10","2","12","","6","6","1","21","9","C03","24.109626","120.693029","2"
"2019","3","6","14","25","臺中市","北區","0","0","8","","","50","","","","","","","","","","","","","","","","","","","","B03","","","1","","2","","","23","","1","22","","B03","24.1472","120.6864","3"
"2019","3","6","14","31","臺中市","太平區","0","0","8","","","50","","","","","","","","","","","","","","","19","","","","","B03","","","1","","2","","","19","19","1","","","B03","24.157817","120.724722","3"
"2019","3","6","14","36","臺中市","沙鹿區","0","1","8","1","5","40","3","1","1","5","4","5","7","1","1","10","5","5","2","16","6","3","10","1","1","B12","7","6","1","8","2","2","","6","6","1","5","5","B12","24.227132","120.575716","2"
"2019","3","6","14","44","臺中市","潭子區","0","2","8","1","5","50","3","1","1","5","4","5","7","1","1","10","5","5","2","17","19","2","9","1","1","C03","7","1","1","10","2","14","","19","19","1","21","8","C03","24.210635","120.710335","2"
"2019","3","6","14","55","臺中市","西區","0","1","8","1","5","50","4","1","1","5","4","5","7","1","1","10","5","5","2","16","26","3","10","1","1","B03","7","6","1","8","2","5","","26","26","1","21","8","B03","24.131041","120.667816","2"
"2019","3","6","15","9","臺中市","北區","0","1","8","1","5","40","4","1","1","5","4","5","7","1","1","10","5","5","2","18","13","2","9","1","1","C03","7","9","1","10","2","14","","13","13","1","22","8","C03","24.154784","120.66431","2"
"2019","3","6","15","18","臺中市","東區","0","1","8","1","5","50","3","1","1","5","4","5","7","1","1","10","5","5","2","12","19","3","10","1","1","B12","7","1","1","8","2","4","","19","19","1","22","8","B12","24.129583","120.65615","2"
"2019","3","6","15","22","臺中市","潭子區","0","0","8","","","50","","","","","","","","","","","","","","","","","","","","B12","","","1","","2","","","17","","1","22","","B12","24.215989","120.699316","3"
"2019","3","6","15","26","臺中市","南屯區","0","1","8","1","5","50","4","1","1","5","4","5","7","1","1","10","5","5","2","15","25","3","10","1","1","B03","7","9","1","8","2","4","","25","25","1","22","8","B03","24.153669","120.643716","2"
"2019","3","6","15","27","臺中市","清水區","0","2","8","1","5","50","14","9","1","5","4","5","7","4","4","9","4","5","1","17","40","3","10","1","1","B03","7","13","1","8","2","4","","40","40","1","19","8","B03","24.27329","120.548351","2"
"2019","3","6","15","33","臺中市","南屯區","0","1","8","1","5","50","4","1","1","5","4","5","7","4","4","10","5","5","2","15","6","2","9","1","1","C03","7","9","1","10","2","12","","6","6","1","22","8","C03","24.143306","120.653655","2"
"2019","3","6","15","41","臺中市","霧峰區","0","1","8","1","5","40","4","2","1","5","4","5","7","4","4","5","4","4","1","29","67","","","","","","","","","","","","","67","67","1","","","","24.065961","120.698736","2"
"2019","3","6","15","42","臺中市","潭子區","0","0","8","","","60","","","","","","","","","","","","","","","","","","","","C03","","","1","","2","","","23","","1","","","C03","24.210585","120.710035","3"
"2019","3","6","15","45","臺中市","西區","0","1","8","1","5","50","3","1","1","5","4","5","7","1","1","10","5","5","2","28","23","2","9","1","1","C03","7","5","1","10","2","11","","23","23","1","16","7","C03","24.140486","120.665916","2"
"2019","3","6","15","47","臺中市","西屯區","0","1","8","1","5","40","14","9","1","5","4","5","7","4","4","1","4","5","2","11","43","2","9","1","1","C03","7","9","1","10","2","14","","43","43","1","22","8","C03","24.16048","120.648342","2"
"2019","3","6","15","47","臺中市","西屯區","0","1","8","1","5","50","14","9","1","5","4","5","7","4","4","1","4","5","2","16","6","3","10","1","1","B03","7","6","1","8","2","2","","6","6","1","4","8","B03","24.163629","120.645921","2"
"2019","3","6","15","47","臺中市","沙鹿區","0","0","8","","","40","","","","","","","","","","","","","","","","","","","","B03","","","1","","2","","","12","","","18","","B03","24.219769","120.58109","3"
"2019","3","6","15","53","臺中市","大雅區","0","1","8","1","5","50","4","1","1","5","4","5","7","1","1","10","5","5","2","11","6","3","10","1","1","B12","7","5","1","8","2","5","","6","6","1","22","9","B12","24.210001","120.630179","2"
"2019","3","6","15","54","臺中市","大里區","0","0","8","","","40","","","","","","","","","","","","","","","","","","","","B12","","","1","","11","","","17","","1","20","","B12","24.092466","120.66739","3"
"2019","3","6","15","55","臺中市","清水區","0","0","8","1","5","50","","","","","","","","","","","","","","","19","","","","","A02","","","1","","2","","","19","19","1","10","","A02","24.267846","120.564641","3"
"2019","3","6","15","58","臺中市","西屯區","0","1","8","1","5","40","14","8","1","5","4","5","7","2","1","1","4","1","2","13","23","2","9","3","4","C03","7","7","1","10","2","11","","23","23","1","22","8","C03","24.181293","120.618628","2"
"2019","3","6","16","3","臺中市","西屯區","0","1","8","1","5","50","14","8","1","5","4","5","7","4","4","9","4","4","2","16","40","3","10","3","4","B03","7","13","1","8","2","4","","40","40","1","22","9","B03","24.175001","120.64409","2"
"2019","3","6","16","3","臺中市","神岡區","0","0","8","","","40","","","","","","","","","","","","","","","","","","","","B03","","","1","","2","","","17","","1","22","","B03","24.248798","120.683213","3"
"2019","3","6","16","5","臺中市","大里區","0","0","8","","","40","","","","","","","","","","","","","","","","","","","","B03","","","1","","2","","","23","","1","21","","B03","24.095446","120.703191","3"
"2019","3","6","16","5","臺中市","后里區","0","1","8","1","5","50","3","1","1","5","4","5","7","4","4","10","5","5","2","16","6","3","10","3","4","B03","7","6","1","8","2","6","","6","6","1","21","8","B03","24.321905","120.724726","2"
"2019","3","6","16","6","臺中市","北屯區","0","2","8","1","5","50","4","1","1","5","4","5","7","1","1","10","5","5","2","15","25","2","9","1","1","C03","7","9","5","10","2","11","14","25","25","1","5","8","C03","24.189271","120.687385","2"
"2019","3","6","16","43","臺中市","大里區","0","0","8","","","50","","","","","","","","","","","","","","","","","","","","C03","","","1","","2","","","10","","1","22","","C03","24.111443","120.695066","3"
"2019","3","6","16","45","臺中市","龍井區","0","1","8","2","5","50","3","1","1","5","4","5","7","4","4","10","5","5","2","12","23","2","1","1","1","C03","7","9","3","18","2","14","","23","23","1","12","8","C03","24.187101","120.521415","2"
"2019","3","6","16","50","臺中市","北屯區","0","0","8","","","50","","","","","","","","","","","","","","","","","","","","B03","","","1","","2","","","23","","1","22","","B03","24.170664","120.687484","3"
"2019","3","6","16","50","臺中市","西屯區","0","1","8","1","5","40","14","9","1","5","4","5","7","4","4","3","4","5","2","16","19","3","10","1","1","B02","7","1","1","8","2","1","","19","19","1","4","8","B02","24.201115","120.656971","2"
"2019","3","6","16","54","臺中市","西屯區","0","0","8","","","50","","","","","","","","","","","","","","","7","","","","","B02","","","1","","2","","","7","7","1","22","","B02","24.179875","120.632816","3"
"2019","3","6","17","2","臺中市","沙鹿區","0","3","8","1","5","50","3","1","1","5","4","5","7","2","1","10","5","5","2","16","43","2","9","1","1","C03","7","9","1","10","2","15","","43","43","1","22","9","C03","24.223272","120.578195","2"
"2019","3","6","17","2","臺中市","大甲區","0","0","","","","","","","","","","","","","","","","","","","","","","","","B03","","","1","","2","","","42","","1","21","","B03","24.158752","120.64258","3"
"2019","3","6","17","4","臺中市","神岡區","0","1","7","1","5","50","4","2","1","5","4","5","7","1","1","5","5","4","2","12","26","3","10","3","4","B03","7","4","1","8","2","5","2","26","26","1","22","1","B03","24.257033","120.659206","2"
"2019","3","6","17","8","臺中市","潭子區","0","0","8","","","50","","","","","","","","","","","","","","","","","","","","B03","","","1","","2","","","23","","1","22","","B03","24.193928","120.723216","3"
"2019","3","6","17","10","臺中市","大甲區","0","1","7","1","5","50","3","1","1","5","4","5","7","4","4","9","4","4","2","12","6","3","10","1","1","B03","7","6","1","8","2","2","","6","6","1","22","1","B03","24.404709","120.646335","2"
"2019","3","6","17","11","臺中市","大里區","0","3","8","1","5","50","3","2","1","5","4","5","7","1","1","5","5","5","2","13","43","2","9","1","1","C03","7","14","1","10","2","13","","43","43","1","20","8","C03","24.102468","120.695165","2"
"2019","3","6","17","13","臺中市","烏日區","0","0","8","","","60","","","","","","","","","","","","","","","","","","","","C03","","","1","","2","","","50","","1","22","","C03","24.104","120.62734","3"
"2019","3","6","17","14","臺中市","潭子區","0","2","7","1","5","50","3","2","1","5","4","5","7","4","4","9","4","4","2","7","53","2","9","4","5","H01","8","16","8","20","10","16","","53","53","1","22","8","H01","24.210583","120.68783","2"
"2019","3","6","17","15","臺中市","北區","0","2","8","1","5","50","4","1","1","5","4","5","7","4","4","10","5","5","2","16","6","2","9","1","1","C03","7","9","1","10","2","11","","6","6","1","22","8","C03","24.1506","120.6807","2"
"2019","3","6","17","18","臺中市","梧棲區","0","0","8","","","50","","","","","","","","","","","","","","","","","","","","B12","","","1","","2","","","6","","1","19","","B12","24.255592","120.52991","3"
"2019","3","6","17","22","臺中市","梧棲區","0","0","8","","","70","","","","","","","","","","","","","","","","","","","","B03","","","1","","2","","","7","","1","2","","B03","24.249047","120.538609","3"
"2019","3","6","17","35","臺中市","南區","0","0","8","1","5","50","14","9","1","5","4","5","7","2","1","1","2","5","2","12","","","","","","B03","","","1","","2","","","23","","1","5","","B03","24.120217","120.650627","3"
"2019","3","6","17","36","臺中市","西屯區","0","1","8","1","5","50","3","16","5","5","4","5","7","4","4","10","5","5","2","16","6","3","10","3","4","B03","7","5","1","8","2","5","","6","6","1","22","9","B03","24.177301","120.640866","2"
"2019","3","6","17","36","臺中市","潭子區","0","0","8","1","5","50","3","1","1","5","4","5","7","1","1","4","3","4","2","15","","","","","","C03","","","1","","2","","","6","","1","22","","C03","24.203687","120.678492","3"
"2019","3","6","17","37","臺中市","霧峰區","0","1","8","1","5","50","11","9","1","5","4","5","7","4","4","10","5","5","2","10","23","3","10","1","1","B12","7","9","1","8","2","1","","23","23","1","22","8","B12","24.048068","120.66628","2"
"2019","3","6","17","45","臺中市","大甲區","0","1","8","1","5","50","14","7","1","4","4","5","7","4","4","5","5","4","2","17","23","2","9","1","1","C03","7","9","1","10","2","11","","23","23","1","22","9","C03","24.352008","120.626032","2"
"2019","3","6","17","49","臺中市","南屯區","0","1","8","3","5","50","14","9","1","5","4","5","7","4","4","5","4","5","2","12","43","3","10","1","1","B03","7","5","1","8","2","8","","43","43","1","22","8","B03","24.138461","120.607748","2"
"2019","3","6","17","50","臺中市","南屯區","0","1","8","1","5","50","14","12","1","5","4","5","7","4","4","5","5","4","2","17","40","3","10","3","4","B03","7","14","1","8","2","6","","40","40","1","22","9","B03","24.148428","120.63516","2"
"2019","3","6","17","54","臺中市","大雅區","0","1","8","2","5","50","14","9","1","5","4","5","7","4","4","9","5","5","1","11","6","2","7","1","1","C03","7","5","1","10","2","11","","6","6","1","22","9","C03","24.232356","120.67395","2"
"2019","3","6","17","59","臺中市","北屯區","0","1","6","3","5","50","4","1","1","4","4","5","7","2","1","10","5","5","2","16","44","3","10","1","1","B03","7","5","1","8","2","5","","44","44","1","21","8","B03","24.173119","120.668188","2"
"2019","3","6","18","4","臺中市","潭子區","0","0","6","","","50","","","","","","","","","","","","","","","","","","","","B03","","","1","","2","","","23","","1","22","","B03","24.205106","120.714218","3"
"2019","3","6","18","11","臺中市","神岡區","0","0","8","","","50","","","","","","","","","","","","","","","","","","","","B03","","","1","","2","","","7","","1","3","","B03","24.248828","120.698181","4"
"2019","3","6","18","13","臺中市","沙鹿區","0","0","6","","","50","","","","","","","","","","","","","","","","","","","","B03","","","1","","2","","","23","","1","4","","B03","24.214275","120.570655","3"
"2019","3","6","18","14","臺中市","潭子區","0","2","7","3","5","60","4","1","1","4","4","5","7","2","1","1","1","4","1","13","16","2","9","1","1","C03","7","9","1","10","2","11","","16","16","1","22","8","C03","24.211531","120.705341","2"
"2019","3","6","18","19","臺中市","北屯區","0","1","6","3","5","50","14","7","1","4","4","5","7","4","4","1","4","4","2","16","23","2","9","1","1","C03","7","9","1","10","2","14","","23","23","1","21","8","C03","24.191675","120.686251","2"
"2019","3","6","18","20","臺中市","南區","0","0","6","","","50","","","","","","","","","","","","","","","","","","","","C03","","","3","","2","","","16","","1","16","","C03","24.112553","120.666343","3"
"2019","3","6","18","20","臺中市","大里區","0","0","8","","","50","","","","","","","","","","","","","","","","","","","","B11","","","1","","2","","","42","","1","","","B11","24.109281","120.69414","3"
"2019","3","6","18","23","臺中市","東區","0","0","8","","","50","","","","","","","","","","","","","","","1","","","","","B03","","","1","","2","","","1","1","1","5","","B03","24.140058","120.690244","3"
"2019","3","6","18","25","臺中市","北區","0","0","6","","","50","","","","","","","","","","","","","","","","3","","","","B03","","","1","","2","","","7","","1","22","","B03","24.16552","120.673555","3"
"2019","3","6","18","25","臺中市","北屯區","0","1","6","3","5","50","3","1","1","4","4","5","7","1","1","10","5","5","2","16","10","3","10","1","1","B03","7","11","6","1","2","2","","10","10","1","5","8","B03","24.182196","120.717771","2"
"2019","3","6","18","26","臺中市","西區","0","2","8","1","5","50","4","1","1","5","4","5","7","2","1","10","5","5","2","15","25","2","9","1","1","C03","7","9","1","10","2","11","","25","25","1","5","5","C03","24.146743","120.665239","2"
"2019","3","6","18","34","臺中市","北屯區","0","1","6","3","5","50","3","1","1","4","4","5","7","4","4","10","5","5","2","16","6","2","9","1","1","F01","7","6","8","20","2","16","","6","6","1","21","8","F01","24.184239","120.690408","2"
"2019","3","6","18","40","臺中市","沙鹿區","0","0","6","","","50","","","","","","","","","","","","","","","19","","","","","B03","","","1","","5","","","19","19","","","","B03","24.242438","120.56232","3"
"2019","3","6","18","40","臺中市","潭子區","0","1","6","3","5","50","3","1","1","4","4","5","7","1","1","9","4","5","1","16","6","3","10","1","1","B03","7","5","1","8","2","1","","6","6","1","22","8","B03","24.198133","120.72189","2"
"2019","3","6","18","46","臺中市","沙鹿區","0","1","6","3","5","50","14","7","1","4","4","5","7","4","4","9","5","4","2","16","10","3","10","1","1","B03","7","11","1","8","2","7","","10","10","1","18","9","B03","24.22336","120.577366","2"
"2019","3","6","18","49","臺中市","北屯區","0","0","6","","","50","","","","","","","","","","","","","","","","","","","","B02","","","1","","2","","","6","","1","","","B02","24.189258","120.686574","3"
"2019","3","6","18","49","臺中市","西屯區","0","0","6","","","50","","","","","","","","","","","","","","","","","","","","B03","","","1","","2","","","23","","1","22","","B03","24.199746","120.643233","3"
"2019","3","6","18","53","臺中市","西屯區","0","0","6","","","50","","","","","","","","","","","","","","","","","","","","B03","","","1","","2","","","23","","1","4","","B03","24.173744","120.640476","3"
"2019","3","6","18","59","臺中市","南區","0","2","6","2","5","50","4","2","1","4","4","5","7","2","1","1","2","5","2","13","23","3","10","1","1","B03","7","9","1","8","2","1","","23","23","1","5","8","B03","24.115058","120.655306","2"
"2019","3","6","19","3","臺中市","西區","0","0","6","","","50","","","","","","","","","","","","","","","","","","","","B03","","","1","","11","","","12","","2","22","","B03","24.146698","120.655757","3"
"2019","3","6","19","7","臺中市","清水區","0","0","6","","","50","","","","","","","","","","","","","","","","","","","","B03","","","1","","2","","","6","","1","5","","B03","24.26329","120.57019","3"
"2019","3","6","19","10","臺中市","北屯區","0","0","8","","","40","","","","","","","","","","","","","","","","","","","","B03","","","1","","2","","","23","","1","22","","B03","24.200934","120.683274","3"
"2019","3","6","19","10","臺中市","梧棲區","0","0","8","","","40","","","","","","","","","","","","","","","","","","","","B12","","","1","","2","","","10","","1","2","","B12","24.251344","120.532633","3"
"2019","3","6","19","10","臺中市","梧棲區","0","3","6","3","5","50","4","1","1","4","4","5","7","4","4","10","5","5","2","15","6","2","8","1","1","B03","7","9","1","8","2","5","","6","6","1","2","9","B03","24.258435","120.557993","2"
"2019","3","6","19","12","臺中市","大雅區","0","0","6","","","50","","","","","","","","","","","","","","","","","","","","B03","","","1","","2","","","26","","1","","","B03","24.221183","120.647169","3"
"2019","3","6","19","15","臺中市","北區","0","1","6","3","5","50","4","9","1","4","4","5","7","4","4","5","5","5","2","17","40","3","10","3","4","B12","7","13","1","8","2","4","4","40","40","1","22","9","B12","24.160969","120.68236","2"
"2019","3","6","19","15","臺中市","北屯區","0","0","6","","","50","","","","","","","","","","","","","","","","","","","","B03","","","1","","2","","","25","","1","21","","B03","24.182923","120.693075","3"
"2019","3","6","19","20","臺中市","潭子區","0","1","6","3","5","60","14","7","1","4","4","5","7","4","4","1","4","4","1","17","23","2","8","1","1","C03","7","9","1","10","2","11","","23","23","1","22","8","C03","24.19464","120.700054","2"
"2019","3","6","19","22","臺中市","西區","0","0","8","","","50","","","","","","","","","","","","","","","","","","","","B03","","","1","","2","","","23","","1","5","","B03","24.133943","120.67145","4"
"2019","3","6","19","22","臺中市","大肚區","0","0","8","","","40","","","","","","","","","","","","","","","","","","","","B12","","","1","","11","","","12","","1","","","B12","24.151948","120.546869","3"
"2019","3","6","19","30","臺中市","梧棲區","0","3","6","3","5","40","14","8","1","4","4","5","7","1","1","10","5","3","1","12","23","2","9","1","1","C03","7","9","1","10","2","12","","23","23","1","2","1","C03","24.251114","120.532577","2"
"2019","3","6","19","31","臺中市","西區","0","2","6","3","5","1","14","9","1","4","4","5","7","4","4","1","4","5","2","3","51","2","9","4","5","H01","8","16","8","20","10","16","","51","51","1","21","8","H01","24.156294","120.659166","2"
"2019","3","6","19","37","臺中市","西屯區","0","1","6","3","5","40","3","1","1","4","4","5","7","4","4","10","5","5","2","17","43","3","10","3","4","A11","7","5","1","3","2","1","","43","43","1","22","8","A11","24.172505","120.661418","2"
"2019","3","6","19","42","臺中市","西屯區","0","0","8","3","5","50","14","8","","","","","","","","","4","4","2","13","16","3","10","3","4","B03","7","9","1","8","2","1","","23","16","1","22","9","B03","24.172876","120.666566","3"
"2019","3","6","19","51","臺中市","潭子區","0","1","6","3","5","60","4","2","1","4","4","5","7","4","4","1","4","4","1","13","23","2","9","1","1","C03","7","9","1","10","2","11","","23","23","1","22","8","C03","24.20139","120.703646","2"
"2019","3","6","20","3","臺中市","大里區","0","0","6","","","50","","","","","","","","","","","","","","","","","","","","B03","","","1","","2","","","23","","1","22","","B03","24.105035","120.695988","3"
"2019","3","6","20","11","臺中市","西屯區","0","0","8","","","50","","","","","","","","","","","","","","","23","","","","","B03","","","1","","2","","","23","23","1","22","","B03","24.162772","120.645191","3"
"2019","3","6","20","15","臺中市","西區","0","1","6","3","5","40","4","1","1","4","4","5","7","4","4","5","5","5","2","15","6","3","10","1","1","B02","7","9","1","7","2","1","","6","6","1","22","8","B02","24.152317","120.653865","2"
"2019","3","6","20","15","臺中市","北屯區","0","1","6","3","5","50","4","1","1","4","4","5","7","2","1","10","5","5","2","16","6","3","10","1","1","B03","7","5","1","8","2","1","","6","6","1","21","8","B03","24.176845","120.690357","2"
"2019","3","6","20","15","臺中市","北屯區","0","0","8","","","50","","","","","","","","","","","","","","","","","","","","B03","","","1","","2","","","6","","1","22","","B03","24.186504","120.702402","3"
"2019","3","6","20","20","臺中市","大里區","0","1","6","3","5","50","4","9","1","4","4","5","7","1","1","9","4","5","1","18","42","2","9","3","4","C03","7","9","1","10","2","14","","42","42","1","12","8","C03","24.106535","120.689653","2"
"2019","3","6","20","23","臺中市","烏日區","0","0","6","","","60","","","","","","","","","","","","","","","","","","","","B03","","","1","","2","","","17","","1","21","","B03","24.10553","120.617484","4"
"2019","3","6","20","25","臺中市","西屯區","0","1","6","3","5","50","14","8","1","4","4","5","7","4","4","5","5","4","2","16","16","2","7","1","1","C03","7","9","1","10","2","11","","16","16","1","4","8","C03","24.178982","120.618833","2"
"2019","3","6","20","27","臺中市","大雅區","0","2","6","3","5","50","11","9","1","4","4","5","7","4","4","5","5","5","1","13","16","2","8","1","1","C03","7","9","1","10","2","11","","16","16","1","22","9","C03","24.224786","120.644087","2"
"2019","3","6","20","37","臺中市","西屯區","0","1","6","3","5","40","14","12","1","4","4","5","6","4","4","5","4","4","2","9","23","2","9","3","4","C03","7","9","1","10","2","12","","23","23","1","22","8","C03","24.179063","120.644475","2"
"2019","3","6","20","40","臺中市","沙鹿區","0","0","6","","","40","","","","","","","","","","","","","","","","","","","","B12","","","1","","2","","","42","","1","4","","B12","24.217685","120.57066","3"
"2019","3","6","20","45","臺中市","西區","0","1","6","3","5","50","4","1","1","4","4","5","7","4","4","10","5","5","2","15","6","3","10","1","1","B03","7","9","1","8","2","5","","6","6","1","22","9","B03","24.147994","120.664346","2"
"2019","3","6","20","45","臺中市","烏日區","0","0","6","","","40","","","","","","","","","","","","","","","","","","","","B03","","","1","","2","","","43","","1","","","B03","24.093133","120.643238","3"
"2019","3","6","20","51","臺中市","西屯區","0","3","6","3","5","50","14","7","1","4","4","5","6","3","1","5","4","4","2","3","43","2","9","1","1","C03","7","21","1","10","2","15","","43","43","1","22","8","C03","24.168252","120.658379","2"
"2019","3","6","20","54","臺中市","北屯區","0","1","6","3","5","50","4","18","1","4","4","5","7","1","1","10","5","5","2","3","15","3","10","1","1","B03","7","5","1","8","2","8","","15","15","1","21","8","B03","24.171033","120.68562","2"
"2019","3","6","20","54","臺中市","西屯區","0","1","6","3","5","50","4","1","1","4","4","5","7","1","1","10","5","5","2","16","9","3","10","3","4","B03","7","6","1","8","2","5","","9","9","1","22","9","B03","24.166106","120.637383","2"
"2019","3","6","21","6","臺中市","西屯區","0","2","6","3","5","50","14","7","1","4","4","4","6","3","1","5","4","4","2","17","23","2","9","1","1","C03","7","15","1","10","2","11","","23","23","1","22","8","C03","24.168252","120.658379","2"
"2019","3","6","21","14","臺中市","北屯區","0","1","6","3","5","60","14","8","1","4","4","5","7","4","4","9","5","5","2","18","43","2","9","1","1","C03","7","9","1","10","2","15","","43","43","1","22","8","C03","24.163798","120.716137","2"
"2019","3","6","21","15","臺中市","大里區","0","2","6","3","5","40","14","8","1","4","4","5","7","4","4","5","5","4","2","13","23","3","10","1","1","C03","7","9","3","18","2","11","","23","23","1","21","8","C03","24.10389","120.695569","2"
"2019","3","6","21","16","臺中市","太平區","0","1","6","3","5","50","14","9","1","4","4","5","7","4","4","4","4","5","2","13","23","2","9","1","1","C03","7","9","1","10","2","11","","23","23","1","4","1","C03","24.134365","120.711064","2"
"2019","3","6","21","17","臺中市","西屯區","0","0","8","","","50","","","","","","","","","","","","","","","4","","","","","C03","","","1","","7","","","4","4","1","","","C03","24.172342","120.63707","3"
"2019","3","6","21","23","臺中市","西區","0","1","6","3","5","50","4","1","1","4","4","5","7","1","1","10","5","5","2","16","42","3","10","1","1","B03","7","6","1","8","2","2","","42","42","1","21","8","B03","24.139277","120.665787","2"
"2019","3","6","21","27","臺中市","西屯區","0","1","6","3","5","40","14","9","1","4","4","5","7","4","4","5","5","5","2","13","10","2","9","3","4","C03","7","9","1","10","2","11","","23","10","1","22","8","C03","24.176315","120.645333","2"
"2019","3","6","21","33","臺中市","潭子區","0","2","6","3","5","50","14","7","1","4","4","5","7","4","4","5","4","4","2","3","23","2","9","1","1","B12","7","9","3","18","2","1","","23","23","1","22","8","B12","24.212375","120.710676","2"
"2019","3","6","21","35","臺中市","南屯區","0","0","6","3","5","50","4","5","1","4","4","5","7","1","1","3","4","3","2","23","21","3","10","1","1","B03","7","9","1","8","7","1","","21","21","1","22","8","B03","24.135961","120.611955","3"
"2019","3","6","21","35","臺中市","北屯區","0","1","6","3","5","50","14","7","1","4","4","5","7","4","4","5","2","4","2","17","19","3","10","1","1","B03","7","1","1","8","2","15","","19","19","1","21","8","B03","24.174061","120.719315","2"
"2019","3","6","21","36","臺中市","神岡區","0","0","6","","","40","","","","","","","","","","","","","","","","","","","","B12","","","1","","2","","","12","","1","9","","B12","24.256571","120.657116","3"
"2019","3","6","21","41","臺中市","南區","0","2","6","3","5","40","14","8","1","4","4","4","7","4","4","3","4","4","2","29","23","2","9","1","1","C03","7","9","1","10","2","11","13","23","23","1","21","8","C03","24.128638","120.668943","2"
"2019","3","6","21","42","臺中市","西區","0","2","6","3","5","50","4","1","1","4","4","5","7","1","1","10","5","5","2","16","8","2","9","1","1","C03","7","5","1","10","2","14","","8","8","1","5","8","C03","24.144992","120.652994","2"
"2019","3","6","21","48","臺中市","北屯區","0","0","6","","","50","","","","","","","","","","","","","","","","","","","","B03","","","1","","2","","","19","","1","21","","B03","24.182985","120.693218","3"
"2019","3","6","21","51","臺中市","烏日區","0","0","6","","","50","","","","","","","","","","","","","","","","","","","","B11","","","1","","2","","","6","","1","21","","B11","24.116238","120.615716","3"