"年","月","日","時","分","縣市","區","死","受傷","天候","光線","道路類別","速限","道路型態","事故位置","路面鋪裝","路面狀態","路面缺陷","障礙物","視距","號誌種類","號誌動作","分向設施","快車道或一般車道間","快慢車道間","路面邊線","事故類型及型態","主要肇因","受傷程度","主要傷處","保護裝備","行動電話","當事者區分","車輛用途","當事者行動狀態","駕駛資格情形","駕駛執照種類","飲酒情形","車輛撞擊部位最初","車輛撞擊部位其他","肇事因素個別","肇事因素主要","肇事逃逸","職業","旅次目的","車種","GPS座標緯度","GPS座標經度","事故類別"
"2019","3","6","21","55","臺中市","西區","0","0","6","","","50","","","","","","","","","","","","","","","","","","","","B03","","","1","","2","","","42","","1","22","","B03","24.132277","120.667054","3"
"2019","3","6","22","3","臺中市","龍井區","0","2","6","3","5","50","14","9","1","4","4","5","7","4","4","5","5","5","1","2","23","2","1","1","1","C03","7","9","1","10","2","11","","23","23","1","21","8","C03","24.187533","120.595791","2"
"2019","3","6","22","15","臺中市","南區","0","2","6","3","5","40","3","2","1","4","4","5","7","4","4","1","4","4","2","16","6","3","10","1","1","B12","7","6","1","8","2","8","","6","6","1","5","8","B12","24.119179","120.683401","2"
"2019","3","6","22","20","臺中市","東區","0","1","6","3","5","50","14","7","1","4","4","5","7","4","4","5","5","4","2","13","23","2","9","1","1","C03","7","9","1","10","2","12","","23","23","1","22","8","C03","24.144513","120.710587","2"
"2019","3","6","22","20","臺中市","南屯區","0","0","6","","","40","","","","","","","","","","","","","","","","3","","","","B03","","","1","","2","","","12","","1","22","","B03","24.13995","120.653092","3"
"2019","3","6","22","20","臺中市","大里區","0","1","6","3","5","50","4","9","1","4","4","5","7","1","1","5","2","4","1","16","19","3","10","1","1","B12","7","1","1","8","2","4","","19","19","1","22","8","B12","24.096476","120.699071","2"
"2019","3","6","22","20","臺中市","大肚區","0","0","","","","","","","","","","","","","","","","","","","","","","","","B03","","","1","","2","","","9","","1","3","","B03","24.150493","120.543246","3"
"2019","3","6","22","30","臺中市","北屯區","0","2","6","3","5","50","5","1","1","4","4","5","7","1","1","10","5","5","2","13","23","3","10","1","1","B03","7","9","1","8","2","5","","23","23","1","21","8","B03","24.173203","120.69675","2"
"2019","3","6","22","35","臺中市","西區","0","1","6","3","5","50","14","9","1","4","4","5","7","4","4","4","4","5","2","13","16","2","9","1","1","C03","7","9","1","10","2","11","","16","16","1","21","8","C03","24.144062","120.661617","2"
"2019","3","6","22","37","臺中市","龍井區","0","0","6","","","50","","","","","","","","","","","","","","","","","","","","B03","","","3","","2","","","7","","1","5","","B03","24.193751","120.535553","3"
"2019","3","6","22","41","臺中市","西屯區","0","2","6","3","5","50","4","1","1","4","4","5","7","1","1","10","5","5","2","3","23","2","9","1","1","C03","7","9","1","10","2","11","","23","23","1","4","8","C03","24.166076","120.64397","2"
"2019","3","6","22","45","臺中市","西屯區","0","2","6","3","5","50","4","1","1","4","4","5","7","2","1","10","5","5","2","16","25","3","10","3","4","B03","7","5","1","8","2","2","","25","25","1","22","8","B03","24.170765","120.636563","2"
"2019","3","6","22","59","臺中市","西屯區","0","1","6","3","5","50","4","1","1","4","4","5","7","2","1","10","5","5","2","12","9","2","8","1","1","C03","7","9","1","10","2","14","","44","9","1","21","8","C03","24.160523","120.638895","2"
"2019","3","6","23","15","臺中市","西屯區","0","2","6","3","5","40","4","1","1","4","4","5","7","1","1","10","5","5","2","13","16","2","9","1","1","C03","7","9","1","10","2","11","","16","16","1","4","8","C03","24.178477","120.624349","2"
"2019","3","6","23","28","臺中市","西區","0","2","6","3","5","50","4","1","1","4","4","5","7","1","1","10","5","5","2","16","25","2","7","1","1","C03","7","5","1","10","2","11","","25","25","1","5","8","C03","24.13587","120.672754","2"
"2019","3","6","23","30","臺中市","中區","0","0","6","","","40","","","","","","","","","","","","","","","","","","","","B03","","","1","","2","","","19","","1","22","","B03","24.14779","120.679437","3"
"2019","3","6","23","44","臺中市","西區","0","2","6","3","5","40","5","1","1","4","4","5","7","4","4","10","5","5","2","15","4","2","9","1","1","C03","7","9","1","10","2","11","","4","4","1","21","8","C03","24.152314","120.656457","2"
"2019","3","6","23","49","臺中市","南區","0","1","7","3","5","40","5","1","1","4","4","5","7","3","1","10","5","5","2","18","42","2","9","1","1","C03","7","9","1","10","2","15","","42","42","1","22","8","C03","24.114462","120.668318","2"
"2019","3","7","0","4","臺中市","太平區","0","1","7","3","5","50","14","9","1","4","4","5","7","4","4","4","4","5","2","20","21","2","9","1","1","C03","7","9","1","10","7","11","","21","21","1","21","8","C03","24.135177","120.709595","2"
"2019","3","7","0","22","臺中市","北區","0","2","6","3","5","50","14","8","1","4","4","5","7","4","4","8","3","4","2","11","4","2","9","1","1","C03","7","9","1","10","2","11","","4","4","1","22","8","C03","24.150813","120.681517","2"
"2019","3","7","1","7","臺中市","中區","0","0","6","","","50","","","","","","","","","","","","","","","17","3","","","","B03","","","1","","2","","","17","17","","5","","B03","24.145928","120.677433","3"
"2019","3","7","1","7","臺中市","沙鹿區","0","1","6","3","5","50","14","8","1","4","4","5","7","4","4","5","5","4","2","16","43","2","9","1","1","C03","7","9","1","9","8","12","","43","43","1","22","9","C03","24.215389","120.574055","2"
"2019","3","7","1","42","臺中市","西區","0","0","6","","","50","","","","","","","","","","","","","","","","","","","","B12","","","1","","2","","","12","","1","21","","B12","24.139518","120.669792","3"
"2019","3","7","2","42","臺中市","清水區","0","1","6","3","5","50","14","13","1","4","4","5","7","4","4","5","5","5","1","17","26","2","1","2","1","C03","7","9","1","10","8","11","","26","26","1","21","8","C03","24.27052","120.558578","2"
"2019","3","7","5","12","臺中市","南區","0","1","6","3","5","50","3","2","1","4","4","5","7","1","1","3","4","4","2","17","21","2","9","1","1","C03","7","9","1","10","8","11","","21","21","1","21","8","C03","24.119196","120.668209","2"
"2019","3","7","6","16","臺中市","中區","0","1","6","2","5","50","14","7","1","4","4","5","7","4","4","5","2","4","2","3","51","2","9","4","5","H01","8","16","8","20","10","16","","51","51","1","21","8","H01","24.144904","120.678455","2"
"2019","3","7","6","33","臺中市","龍井區","0","2","6","1","5","50","4","1","1","4","4","5","7","4","4","5","5","5","2","3","23","2","9","1","1","C03","7","9","1","10","2","11","","23","23","1","21","8","C03","24.1817","120.586168","2"
"2019","3","7","6","42","臺中市","西區","0","1","6","1","5","50","4","2","1","4","4","5","7","1","1","5","5","5","2","18","42","2","9","1","1","C03","7","9","1","10","2","12","","42","42","1","21","8","C03","24.14919","120.67492","2"
"2019","3","7","6","50","臺中市","潭子區","0","0","","","","","","","","","","","","","","","","","","","","","","","","C03","","","7","","11","","","44","","","","","C03","","","3"
"2019","3","7","6","55","臺中市","烏日區","0","2","6","1","5","50","4","1","1","4","4","5","7","1","1","5","4","5","1","3","15","3","10","1","1","B03","7","5","1","8","2","1","","15","15","1","21","8","B03","24.109495","120.604135","2"
"2019","3","7","6","56","臺中市","東區","0","1","6","1","5","50","14","7","1","4","4","5","7","4","4","3","4","4","2","13","16","3","10","1","1","C03","7","9","1","10","2","11","","16","16","1","22","8","C03","24.138506","120.696448","2"
"2019","3","7","6","56","臺中市","西屯區","0","1","6","1","5","50","14","9","1","4","4","5","7","4","4","5","4","4","2","13","16","2","7","3","4","C03","7","9","1","10","2","11","","16","16","1","22","9","C03","24.170871","120.643663","2"
"2019","3","7","6","58","臺中市","西屯區","0","0","6","","","80","","","","","","","","","","","","","","","","","","","","B03","","","1","","2","","","42","","1","","","B03","24.159335","120.638605","3"
"2019","3","7","7","2","臺中市","西屯區","0","1","6","1","5","50","14","9","1","4","4","5","7","4","4","1","4","5","2","18","43","2","9","3","4","C03","7","9","1","10","2","15","","43","43","1","22","8","C03","24.2013","120.6625","2"
"2019","3","7","7","2","臺中市","潭子區","0","0","6","","","50","","","","","","","","","","","","","","","","","","","","B03","","","1","","2","","","17","","1","22","","B03","24.206539","120.697913","3"
"2019","3","7","7","10","臺中市","大里區","0","0","6","","","60","","","","","","","","","","","","","","","","","","","","B03","","","1","","2","","","26","","1","21","","B03","24.102226","120.6721","3"
"2019","3","7","7","10","臺中市","清水區","0","1","6","2","5","70","4","1","1","4","4","5","7","1","1","10","5","5","2","16","10","2","3","1","1","B03","7","11","1","8","2","2","","10","10","1","5","1","B03","24.262315","120.570557","2"
"2019","3","7","7","12","臺中市","豐原區","0","0","","","","","","","","","","","","","","","","","","","43","4","11","3","4","","7","4","1","19","9","15","","43","43","","22","9","","24.241568","120.717211","3"
"2019","3","7","7","15","臺中市","梧棲區","0","0","6","","","50","","","","","","","","","","","","","","","","","","","","B03","","","1","","2","","","16","","1","","","B03","24.252781","120.531834","4"
"2019","3","7","7","21","臺中市","沙鹿區","0","1","6","1","5","40","4","1","1","4","4","5","7","4","4","10","5","5","2","15","6","3","10","1","1","B03","7","9","1","8","2","2","","6","6","1","21","8","B03","24.24247","120.574822","2"
"2019","3","7","7","22","臺中市","豐原區","0","0","6","","","40","","","","","","","","","","","","","","","19","","","","","B03","","1","1","","2","","","19","19","","","","B03","24.23898","120.703865","3"
"2019","3","7","7","25","臺中市","神岡區","0","0","6","","","60","","","","","","","","","","","","","","","","","","","","B03","","","1","","2","","","23","","1","","","B03","24.257415","120.707663","3"
"2019","3","7","7","28","臺中市","西屯區","0","1","6","1","5","50","14","9","1","4","4","5","7","4","4","9","4","5","2","16","10","3","10","1","1","B03","7","11","6","18","2","4","","10","10","1","22","9","B03","24.162238","120.638348","2"
"2019","3","7","7","29","臺中市","北屯區","0","1","6","1","5","50","14","7","1","4","4","5","7","4","4","5","4","4","2","17","19","3","10","3","4","B03","7","1","1","8","2","4","","19","19","1","21","8","B03","24.15935","120.720271","2"
"2019","3","7","7","30","臺中市","西屯區","0","0","6","","","50","","","","","","","","","","","","","","","","","","","","B03","","","1","","2","","","42","","1","","","B03","24.1723","120.642616","3"
"2019","3","7","7","30","臺中市","大甲區","0","0","","","","","","","","","","","","","","","","","","","23","","","","","B03","","","1","","2","","","23","23","1","22","","B03","24.351828","120.617286","3"
"2019","3","7","7","33","臺中市","大里區","0","0","6","","","50","","","","","","","","","","","","","","","26","","","","","B03","","","1","","2","","","26","26","1","","","B03","24.080371","120.69591","3"
"2019","3","7","7","35","臺中市","南屯區","0","0","6","","","50","","","","","","","","1","","","","","","","7","3","","","","B03","","","1","","2","","","7","7","1","21","","B03","24.140928","120.649946","3"
"2019","3","7","7","35","臺中市","大肚區","0","1","6","1","5","70","14","8","1","4","4","5","7","4","4","1","4","4","1","16","19","3","10","1","1","B03","7","1","1","8","2","8","","19","19","1","4","8","B03","24.147338","120.549096","2"
"2019","3","7","7","37","臺中市","北屯區","0","0","6","","","80","","","","","","","","","","","","","","","23","","","","","B12","","","6","","11","","","23","23","2","5","","B12","24.176578","120.720914","3"
"2019","3","7","7","37","臺中市","沙鹿區","0","1","6","1","5","50","4","1","1","4","4","5","7","3","1","9","5","5","2","16","6","3","10","1","1","C03","7","9","1","10","2","11","","6","6","1","4","8","C03","24.239471","120.56815","2"
"2019","3","7","7","38","臺中市","中區","0","0","6","","","50","","","","","","","","","","","","","","","23","3","","","","C03","","","1","","2","","","23","23","","5","","C03","24.144582","120.679602","3"
"2019","3","7","7","38","臺中市","西屯區","0","0","6","","","50","","","","","","","","","","","","","","","23","","","","","B03","","","1","","2","","","23","23","1","","","B03","24.160845","120.653416","3"
"2019","3","7","7","40","臺中市","南區","0","0","8","","","50","","","","","","","","","","","","","","","23","3","","","","B03","","","1","8","2","","","23","23","","21","","B03","24.10863","120.652556","3"
"2019","3","7","7","40","臺中市","梧棲區","0","0","6","","","50","","","","","","","","","","","","","","","","","","","","B03","","","1","","2","","","6","","1","","","B03","24.246867","120.53596","3"
"2019","3","7","7","41","臺中市","東區","0","1","6","1","5","50","14","7","1","4","4","5","7","4","4","5","4","4","2","13","16","2","9","1","1","C03","7","9","1","10","2","11","","16","16","1","5","8","C03","24.137313","120.699935","2"
"2019","3","7","7","43","臺中市","大甲區","0","1","8","3","5","50","3","1","1","4","4","5","7","4","4","10","5","5","2","12","23","3","10","1","1","B03","7","1","1","8","2","8","","23","23","1","4","8","B03","24.351465","120.614404","2"
"2019","3","7","7","44","臺中市","豐原區","0","0","","","","","","","","","","","","","","","","","","","","","","","","B02","","","1","","2","","","9","","1","","","B02","24.260576","120.736079","3"
"2019","3","7","7","45","臺中市","西屯區","0","1","6","1","5","50","14","7","1","4","4","5","7","4","4","5","5","4","2","16","19","3","10","1","1","B03","7","1","1","8","2","4","","19","19","1","4","8","B03","24.162734","120.653444","2"
"2019","3","7","7","45","臺中市","清水區","0","0","6","","","70","","","","","","","","","","","","","","","","","","","","B03","","","1","","2","","","7","","1","21","","B03","24.300731","120.57737","3"
"2019","3","7","7","48","臺中市","西區","0","2","6","1","5","50","5","2","1","4","4","5","7","2","1","10","5","5","2","13","16","2","9","1","1","C03","7","9","1","10","2","15","","16","16","1","21","8","C03","24.135046","120.655158","2"
"2019","3","7","7","50","臺中市","西區","0","0","6","","","50","","","","","","","","","","","","","","","","","","","","B03","","","1","","2","","","42","","","20","","B03","24.13646","120.65487","3"
"2019","3","7","7","53","臺中市","西屯區","0","1","6","1","5","40","3","1","1","4","4","5","7","2","1","9","5","4","2","16","43","3","10","3","4","B03","7","6","1","8","2","5","","43","43","1","22","8","B03","24.181443","120.61899","2"
"2019","3","7","7","55","臺中市","沙鹿區","0","0","6","","","50","","","","","","","","","","","","","","","12","","","","","B03","","","1","","2","","","12","12","","","","B03","24.225568","120.571355","3"
"2019","3","7","8","0","臺中市","南區","0","2","6","1","5","50","14","7","1","4","4","5","7","4","4","1","4","4","2","13","16","2","9","1","1","C03","7","9","1","10","2","11","","16","16","1","21","8","C03","24.121484","120.679295","2"
"2019","3","7","8","0","臺中市","潭子區","0","0","6","1","5","60","14","7","1","4","4","5","7","4","4","1","3","5","1","13","","","","","","B03","","","1","","2","","","23","","1","22","","B03","24.200618","120.711758","3"
"2019","3","7","8","10","臺中市","清水區","0","1","6","2","5","40","3","1","1","4","4","5","7","4","4","10","5","5","2","17","6","3","10","1","1","B03","7","6","1","8","2","15","","6","6","1","5","1","B03","24.265822","120.555537","2"
"2019","3","7","8","12","臺中市","西區","0","1","8","1","5","50","4","8","1","5","4","5","7","2","1","1","5","5","2","18","23","2","9","1","1","C03","7","9","1","10","2","14","","23","23","1","21","8","C03","24.154678","120.664389","2"
"2019","3","7","8","15","臺中市","龍井區","0","0","","","","","","","","","","","","","","","","","","","","","","","","C03","","","1","","2","","","16","","1","","","C03","24.185972","120.585977","3"
"2019","3","7","8","15","臺中市","大雅區","0","0","8","","","50","","","","","","","","","","","","","","","","","","","","B03","","","1","","2","","","23","","1","","","B03","24.215642","120.667728","3"
"2019","3","7","8","17","臺中市","西區","0","2","6","1","5","50","4","4","1","4","4","5","7","1","1","5","2","4","2","13","23","2","8","1","1","C03","7","14","1","10","2","11","","23","23","1","21","8","C03","24.133814","120.657373","2"
"2019","3","7","8","17","臺中市","南區","0","1","6","1","5","40","14","8","1","4","4","5","7","4","4","1","3","3","2","18","23","2","9","1","1","C03","7","9","1","10","2","12","","23","23","1","21","8","C03","24.13294","120.657364","2"
"2019","3","7","8","20","臺中市","大里區","0","0","6","","","50","","","","","","","","","","","","","","","","","","","","B03","","","1","","2","","","5","","1","21","","B03","24.079578","120.685923","3"
"2019","3","7","8","22","臺中市","潭子區","0","0","6","","","50","","","","","","","","","","","","","","","","","","","","B11","","","1","","2","","","4","","1","21","","B11","24.194535","120.697638","3"
"2019","3","7","8","23","臺中市","太平區","0","1","6","1","5","50","14","9","1","4","4","5","7","4","4","5","4","4","2","17","40","3","10","1","1","B03","7","14","1","8","2","4","","40","40","1","4","8","B03","24.149522","120.711606","2"
"2019","3","7","8","25","臺中市","龍井區","0","1","6","1","5","40","4","1","1","4","4","5","7","1","1","10","5","5","2","17","23","2","9","1","1","C03","7","9","1","10","2","14","","23","23","1","22","8","C03","24.177722","120.575882","2"
"2019","3","7","8","28","臺中市","烏日區","0","0","6","","","70","","","","","","","","","","","","","","","","","","","","C03","","","1","","2","","","16","","1","21","","C03","24.108016","120.608441","3"
"2019","3","7","8","40","臺中市","大肚區","0","1","6","1","5","50","14","9","1","4","4","5","7","4","4","1","4","5","1","18","13","3","10","1","1","B12","7","8","1","8","2","2","","42","13","1","9","1","B12","24.119045","120.575608","2"
"2019","3","7","8","40","臺中市","新社區","0","1","8","1","5","40","4","1","1","4","4","5","7","4","4","4","5","5","1","16","23","3","10","1","1","B03","7","5","1","8","2","4","","23","23","1","22","9","B03","24.229581","120.800465","2"
"2019","3","7","8","42","臺中市","西屯區","0","1","6","1","5","40","14","9","1","4","4","5","7","4","4","10","5","5","2","16","19","3","10","1","1","B03","7","1","1","8","2","8","","19","19","1","22","9","B03","24.195818","120.617511","2"
"2019","3","7","8","49","臺中市","西區","0","1","6","1","5","50","4","1","1","4","4","5","7","1","1","10","5","5","2","13","25","2","9","1","1","C03","7","9","1","10","2","11","","25","25","1","5","5","C03","24.135863","120.670575","2"
"2019","3","7","8","49","臺中市","北屯區","0","1","6","1","5","50","4","2","1","4","4","5","7","4","4","5","5","4","2","17","40","3","10","3","4","B12","7","13","1","8","2","4","","40","40","1","21","8","B12","24.17577","120.67257","2"
"2019","3","7","8","50","臺中市","龍井區","0","0","6","","","50","","","","","","","","","","","","","","","","","","","","B03","","","1","","7","","","23","","1","22","","B03","24.196366","120.574801","3"
"2019","3","7","8","55","臺中市","北屯區","0","1","6","1","5","50","14","7","1","4","4","5","7","4","4","3","4","4","2","13","23","2","9","1","1","C03","7","9","1","10","2","11","","23","23","1","21","8","C03","24.163972","120.693595","2"
"2019","3","7","8","55","臺中市","西屯區","0","2","6","1","5","50","3","1","1","4","4","5","7","4","4","5","4","4","2","16","10","2","7","3","4","C03","7","11","1","10","2","13","","10","10","1","21","8","C03","24.179141","120.62471","2"
"2019","3","7","8","58","臺中市","西屯區","0","1","6","1","5","40","4","2","1","4","4","5","7","1","1","3","4","4","2","16","26","3","10","1","1","C03","7","5","1","10","2","13","","26","26","1","21","8","C03","24.178058","120.66872","2"
"2019","3","7","9","0","臺中市","霧峰區","0","1","6","1","5","40","14","7","1","4","4","5","7","4","4","5","2","4","1","13","16","3","10","1","1","B03","7","9","1","8","2","5","","16","16","1","1","8","B03","24.06449","120.69603","2"
"2019","3","7","9","6","臺中市","西區","0","0","","","","","","","","","","","","","","","","","","","","","","","","B03","","","1","","2","","","42","","1","","","B03","","","3"
"2019","3","7","9","13","臺中市","西區","0","1","6","1","5","50","4","1","1","4","4","5","7","1","1","10","5","5","2","3","23","3","10","1","1","B03","7","5","1","8","2","4","","23","23","1","5","5","B03","24.141331","120.673781","2"
"2019","3","7","9","20","臺中市","南屯區","0","0","6","","","50","","","","","","","","1","","","","","","","12","3","","","","B12","","","1","","2","","","12","12","1","21","","B12","24.148645","120.626184","3"
"2019","3","7","9","20","臺中市","大肚區","0","0","","","","","","","","","","","","","","","","","","","","","","","","A41","","","1","","2","","","23","","1","10","","A41","24.17179","120.580178","3"
"2019","3","7","9","20","臺中市","潭子區","0","0","6","1","5","50","3","1","1","4","4","5","7","3","1","5","5","4","2","16","6","3","10","1","1","C03","7","5","5","10","7","12","","6","6","1","22","9","C03","24.215473","120.706343","3"
"2019","3","7","9","22","臺中市","烏日區","0","0","6","","","70","","","","","","","","","","","","","","","","","","","","B12","","","1","","2","","","23","","1","21","","B12","24.108945","120.605385","3"
"2019","3","7","9","30","臺中市","北屯區","0","1","6","1","5","50","14","9","1","4","4","5","7","4","4","9","4","5","2","16","19","3","10","1","1","B03","7","11","1","8","2","4","","10","19","1","22","8","B03","24.186866","120.666695","2"
"2019","3","7","9","31","臺中市","西屯區","0","0","6","","","50","","","","","","","","","","","","","","","","","","","","B03","","","1","","2","","","42","","1","22","","B03","24.16932","120.660575","3"
"2019","3","7","9","32","臺中市","烏日區","0","0","6","","","40","","","","","","","","","","","","","","","","","","","","B03","","","1","","2","","","8","","1","22","","B03","24.102709","120.618628","3"
"2019","3","7","9","40","臺中市","南屯區","0","1","6","1","5","50","4","1","1","4","4","5","7","1","1","10","5","5","2","16","10","3","10","1","1","B12","7","11","1","8","2","3","","10","10","1","21","8","B12","24.159462","120.633909","2"
"2019","3","7","9","43","臺中市","北屯區","0","1","6","1","5","50","4","2","1","4","4","5","7","2","1","1","4","4","2","17","19","3","10","1","1","B03","7","1","1","8","2","15","","19","19","1","5","8","B03","24.179316","120.685875","2"
"2019","3","7","9","45","臺中市","大甲區","0","1","6","1","5","50","14","7","1","4","4","5","7","4","4","1","4","4","1","23","23","2","9","1","1","B03","7","9","1","8","2","8","","23","23","1","22","9","B03","24.366781","120.642511","2"
"2019","3","7","9","51","臺中市","西屯區","0","1","6","1","5","50","3","18","1","4","4","5","7","1","1","10","5","5","2","3","15","3","10","1","1","B12","7","5","1","8","2","1","","15","15","1","22","9","B12","24.165123","120.640596","2"
"2019","3","7","9","53","臺中市","沙鹿區","0","1","6","1","5","50","4","1","1","4","4","5","7","4","4","10","5","5","2","15","6","3","10","1","1","B03","7","9","1","8","2","8","","6","6","1","21","8","B03","24.240023","120.561338","2"
"2019","3","7","9","53","臺中市","外埔區","0","1","6","1","5","50","14","9","1","4","4","5","7","4","4","9","5","5","2","18","43","2","1","3","4","C03","7","9","1","10","2","15","","43","43","1","22","8","C03","24.334521","120.619756","2"
"2019","3","7","9","55","臺中市","大雅區","0","0","8","","","50","","","","","","","","","","","","","","","","","","","","B03","","","1","","2","","","7","","1","","","B03","24.236579","120.634655","3"
"2019","3","7","9","56","臺中市","烏日區","0","1","6","1","5","40","14","9","1","4","4","5","5","4","4","10","5","5","1","16","19","3","10","1","1","B03","7","1","1","8","2","1","","19","19","1","5","8","B03","24.077926","120.636923","2"
"2019","3","7","9","57","臺中市","西屯區","0","0","6","","","40","","","","","","","","","","","","","","","","","","","","B03","","","1","","2","","","12","","1","","","B03","24.158465","120.636285","3"
"2019","3","7","10","3","臺中市","外埔區","0","1","6","1","5","50","3","1","1","4","4","5","7","4","4","3","4","5","1","18","43","2","1","3","4","B12","7","9","1","8","2","1","","43","43","1","22","8","B12","24.326293","120.624809","2"
"2019","3","7","10","4","臺中市","太平區","0","0","6","1","5","50","4","1","1","4","4","5","7","2","1","5","4","4","2","12","","","","","","B03","","","1","","2","","","42","","1","21","","B03","24.13354","120.716145","3"
"2019","3","7","10","5","臺中市","南屯區","0","0","6","","","50","","","","","","","","","","","","","","","","","","","","B03","","","1","","2","","","42","","1","","","B03","24.146023","120.63651","3"
"2019","3","7","10","6","臺中市","大甲區","0","0","","","","","","","","","","","","","","","","","","","","","","","","B12","","","1","","2","","","44","","1","","","B12","24.338297","120.618827","3"
"2019","3","7","10","7","臺中市","西區","0","1","6","1","5","40","4","1","1","4","4","5","7","4","4","10","5","5","2","16","10","3","10","1","1","B03","7","11","1","8","2","1","","10","10","1","21","8","B03","24.152354","120.657276","2"
"2019","3","7","10","21","臺中市","西區","0","1","6","1","5","50","4","1","1","4","4","5","7","2","1","10","5","5","2","16","9","3","10","1","1","B03","7","6","1","8","2","2","","9","9","1","19","9","B03","24.150695","120.65206","2"
"2019","3","7","10","21","臺中市","北屯區","0","1","6","1","5","50","4","1","1","4","4","5","7","1","1","10","5","5","2","16","19","3","10","1","1","B03","7","1","1","8","2","4","","19","19","1","21","8","B03","24.176337","120.694791","2"
"2019","3","7","10","25","臺中市","太平區","0","1","6","1","5","50","14","9","1","4","4","5","7","4","4","9","5","5","2","3","23","3","10","1","1","B03","7","9","1","8","2","2","","23","23","1","9","3","B03","24.142174","120.718124","2"
"2019","3","7","10","29","臺中市","西區","0","0","","","","","","","","","","","","","","","","","","","","","","","","C03","","","","","","","","","","1","","","C03","","","3"
"2019","3","7","10","30","臺中市","潭子區","0","2","6","1","5","60","14","9","1","4","4","5","7","1","1","3","3","4","1","12","19","3","10","1","1","B03","7","6","1","8","1","5","","23","19","2","21","8","B03","24.319474","120.700464","2"
"2019","3","7","10","35","臺中市","西屯區","0","0","6","","","60","","","","","","","","","","","","","","","","","","","","B03","","","1","","2","","","7","","1","22","","B03","24.169571","120.63843","3"
"2019","3","7","10","39","臺中市","龍井區","0","1","6","1","5","40","14","9","1","4","4","5","7","4","4","10","5","5","2","10","23","3","10","1","1","C03","7","9","1","10","2","11","","23","23","1","22","8","C03","24.180985","120.592263","2"
"2019","3","7","10","56","臺中市","中區","0","1","6","1","5","50","3","2","1","4","4","5","7","1","1","5","2","5","2","29","23","2","9","1","1","C03","7","9","1","10","2","11","","23","23","1","21","8","C03","24.138949","120.685974","2"
"2019","3","7","10","58","臺中市","南屯區","0","1","6","1","5","40","3","1","1","4","4","5","7","4","4","1","4","4","2","17","43","3","10","1","1","B03","7","6","1","8","2","15","","43","43","1","5","8","B03","24.145798","120.63647","2"
"2019","3","7","11","0","臺中市","東區","0","0","","","","","","","","","","","","","","","","","","","","","","","","B12","","","1","","2","","","12","","1","","","B12","24.135988","120.707859","3"
"2019","3","7","11","4","臺中市","北屯區","0","0","6","","","50","","","","","","","","","","","","","","","42","","","","","B03","","","1","","2","","","42","42","1","5","","B03","24.16416","120.725636","3"
"2019","3","7","11","4","臺中市","石岡區","0","0","6","","","70","","","","","","","","","","","","","","","","","","","","B03","","","1","","2","","","23","","1","22","","B03","24.274874","120.783568","3"
"2019","3","7","11","7","臺中市","北區","0","1","6","1","5","50","14","9","1","4","4","5","7","4","4","5","5","4","2","17","26","3","10","1","1","C03","7","9","1","9","2","14","","26","26","1","21","8","C03","24.152466","120.675827","2"
"2019","3","7","11","8","臺中市","北區","0","0","6","","","50","","","","","","","","","","","","","","","","","","","","B03","","","1","","2","","","12","","1","20","","B03","24.15109","120.681658","3"
"2019","3","7","11","11","臺中市","西區","0","0","6","","","50","","","","","","","","","","","","","","","","","","","","B12","","","1","","2","","","16","","1","4","","B12","24.145256","120.656723","3"
"2019","3","7","11","16","臺中市","霧峰區","0","0","6","","","50","","","","","","","","","","","","","","","","","","","","B02","","","1","","2","","","10","","1","","","B02","24.050899","120.682562","3"
"2019","3","7","11","19","臺中市","西區","0","0","","","","","","","","","","","","","","","","","","","","","","","","C03","","","1","","2","","","42","","1","","","C03","","","3"
"2019","3","7","11","20","臺中市","神岡區","0","0","6","","","50","","","","","","","","","","","","","","","1","","","","","B12","","","1","","2","","","1","1","1","","","B12","24.236225","120.695741","3"
"2019","3","7","11","29","臺中市","大里區","0","1","6","1","5","50","4","1","1","4","4","5","7","1","1","10","5","5","2","16","25","3","10","3","4","B03","7","5","1","8","2","2","","25","25","1","22","8","B03","24.106298","120.665876","2"
"2019","3","7","11","30","臺中市","潭子區","0","0","6","1","5","50","3","1","1","4","4","5","7","1","1","1","4","4","1","13","","","","","","B12","","","1","","2","","","23","","1","22","","B12","24.191935","120.702543","3"
"2019","3","7","11","35","臺中市","北屯區","0","1","6","1","5","50","14","7","1","4","4","5","7","4","4","5","4","4","2","13","23","2","9","1","1","C03","7","9","1","10","2","11","","23","23","1","21","8","C03","24.185195","120.71891","2"
"2019","3","7","11","37","臺中市","梧棲區","0","0","6","","","50","","","","","","","","","","","","","","","","","","","","B03","","","1","","2","","","62","","1","3","","B03","24.242425","120.537028","3"
"2019","3","7","11","43","臺中市","太平區","0","0","6","","","50","","","","","","","","","","","","","","","43","","","","","B12","","","1","","2","","","43","43","1","","","B12","24.116035","120.709398","3"
"2019","3","7","11","43","臺中市","潭子區","0","1","6","1","5","60","14","8","1","4","4","5","7","4","4","1","4","4","1","12","17","3","10","1","1","B03","7","9","1","8","2","2","","17","17","1","22","8","B03","24.222054","120.706389","2"
"2019","3","7","11","59","臺中市","南區","0","0","6","","","50","","","","","","","","","","","","","","","23","3","","","","B12","","","1","8","2","","","23","23","","21","","B12","24.121134","120.650213","3"