"年","月","日","時","分","縣市","區","死","受傷","天候","光線","道路類別","速限","道路型態","事故位置","路面鋪裝","路面狀態","路面缺陷","障礙物","視距","號誌種類","號誌動作","分向設施","快車道或一般車道間","快慢車道間","路面邊線","事故類型及型態","主要肇因","受傷程度","主要傷處","保護裝備","行動電話","當事者區分","車輛用途","當事者行動狀態","駕駛資格情形","駕駛執照種類","飲酒情形","車輛撞擊部位最初","車輛撞擊部位其他","肇事因素個別","肇事因素主要","肇事逃逸","職業","旅次目的","車種","GPS座標緯度","GPS座標經度","事故類別"
"2019","3","7","12","0","臺中市","北屯區","0","0","6","","","50","","","","","","","","","","","","","","","","","","","","B03","","","1","","2","","","42","","1","5","","B03","24.162925","120.692831","3"
"2019","3","7","12","3","臺中市","大里區","0","0","6","","","40","","","","","","","","","","","","","","","","","","","","B12","","","7","","11","","","43","","1","3","","B12","24.093714","120.68901","3"
"2019","3","7","12","5","臺中市","北屯區","0","0","6","","","50","","","","","","","","","","","","","","","","","","","","B12","","","1","","2","","","12","","1","5","","B12","24.198448","120.693235","3"
"2019","3","7","12","19","臺中市","新社區","0","1","6","1","5","40","4","1","1","4","4","5","3","4","4","10","5","5","2","17","6","3","10","1","1","B03","7","6","1","10","2","1","","6","6","1","21","8","B03","24.215405","120.778368","2"
"2019","3","7","12","25","臺中市","大里區","0","1","6","1","5","50","4","2","1","4","4","5","7","1","1","10","5","5","2","16","19","2","8","1","1","C03","7","1","3","18","2","11","","19","19","1","20","8","C03","24.103215","120.680233","2"
"2019","3","7","12","25","臺中市","大里區","0","0","6","","","40","","","","","","","","","","","","","","","","","","","","B03","","","1","","2","","","25","","1","21","","B03","24.068668","120.662071","3"
"2019","3","7","12","29","臺中市","南屯區","0","0","6","","","50","","","","","","","","","","","","","","","","","","","","B12","","","1","","2","","","42","","1","22","","B12","24.153961","120.63673","3"
"2019","3","7","12","30","臺中市","烏日區","0","0","6","","","50","","","","","","","","","","","","","","","","","","","","B03","","","1","","2","","","23","","1","22","","B03","24.110512","120.641592","3"
"2019","3","7","12","30","臺中市","潭子區","0","1","6","1","5","40","14","9","1","4","4","5","7","4","4","10","5","5","2","24","50","2","7","1","1","B03","7","9","1","8","2","5","","50","50","1","22","9","B03","24.220073","120.694955","2"
"2019","3","7","12","38","臺中市","大雅區","0","0","8","","","50","","","","","","","","","","","","","","","","","","","","B03","","","1","","2","","","23","","1","","","B03","24.235961","120.614167","4"
"2019","3","7","12","40","臺中市","南區","0","0","6","","","50","","","","","","","","","","","","","","","","","","","","","","","7","","11","","","43","","","","","","24.125394","120.658942","3"
"2019","3","7","12","40","臺中市","烏日區","0","1","6","1","5","60","14","9","1","4","4","5","7","4","4","1","4","4","1","17","42","3","10","1","4","B03","7","15","1","8","2","8","","42","42","1","22","8","B03","24.108097","120.638979","2"
"2019","3","7","12","43","臺中市","西屯區","0","2","6","1","5","40","3","1","1","4","4","5","7","1","1","1","4","5","2","16","43","2","9","1","1","C03","7","9","1","10","2","11","","43","43","1","21","8","C03","24.183508","120.614186","2"
"2019","3","7","12","47","臺中市","沙鹿區","0","0","6","","","60","","","","","","","","","","","","","","","","","","","","B12","","","1","","2","","","7","","1","","","B12","24.25472","120.574589","3"
"2019","3","7","12","48","臺中市","北屯區","0","1","6","1","5","50","4","1","1","4","4","5","7","4","4","10","5","5","2","15","6","3","10","1","1","B03","7","9","1","8","2","5","","6","6","1","22","8","B03","24.168098","120.715831","2"
"2019","3","7","12","50","臺中市","南區","0","0","","","","","","","","","","","","","","","","","","","23","3","","","","B03","","","1","","2","","","23","23","1","22","","B03","24.130583","120.662586","3"
"2019","3","7","12","56","臺中市","西區","0","0","6","","","50","","","","","","","","","","","","","","","","","","","","B03","","","1","","2","","","23","","1","","","B03","24.158007","120.658119","3"
"2019","3","7","13","0","臺中市","北屯區","0","1","6","1","5","50","14","9","1","4","4","5","7","4","4","9","5","5","2","17","23","3","10","1","1","B03","7","15","1","10","2","2","","23","23","1","22","8","B03","24.173895","120.729541","2"
"2019","3","7","13","6","臺中市","北區","0","0","6","","","50","","","","","","","","","","","","","","","","","","","","B12","","","1","","2","","","12","","1","","","B12","24.148517","120.680887","3"
"2019","3","7","13","10","臺中市","西屯區","0","1","6","1","5","50","4","1","1","4","4","5","7","1","1","1","4","5","2","18","43","2","9","3","4","C03","7","9","1","10","2","14","","43","43","1","22","8","C03","24.170835","120.636471","2"
"2019","3","7","13","16","臺中市","南區","0","1","6","2","5","50","4","1","1","4","4","5","7","1","1","10","5","5","2","16","19","3","10","1","1","B03","7","1","1","8","2","8","","19","19","1","21","8","B03","24.125924","120.668934","2"
"2019","3","7","13","30","臺中市","西區","0","1","6","1","5","50","3","1","1","4","4","5","7","4","4","10","5","5","2","17","8","3","10","1","1","B03","7","5","1","8","2","4","","8","8","1","2","9","B03","24.144207","120.664454","2"
"2019","3","7","13","45","臺中市","沙鹿區","0","0","6","","","60","","","","","","","","","","","","","","","7","","","","","B12","","","1","","2","","","7","7","","","","B12","24.207176","120.562824","3"
"2019","3","7","13","51","臺中市","西區","0","0","","","","","","","","","","","","","","","","","","","","","","","","C03","","","","","","","","","","1","","","C03","","","3"
"2019","3","7","13","54","臺中市","沙鹿區","0","0","6","","","40","","","","","","","","","","","","","","","","","","","","C03","","","1","","2","","","23","","1","18","","C03","24.222846","120.570729","3"
"2019","3","7","13","59","臺中市","北屯區","0","1","6","1","5","50","3","1","1","4","4","5","7","4","4","10","5","5","2","16","6","3","10","1","1","C04","7","5","1","10","2","11","","6","6","1","21","8","C04","24.176155","120.676696","2"
"2019","3","7","14","30","臺中市","太平區","0","0","8","","","50","","","","","","","","","","","","","","","","","","","","B12","","","1","","2","","","42","","1","","","B12","24.102865","120.722125","3"
"2019","3","7","14","34","臺中市","西屯區","0","0","6","","","50","","","","","","","","","","","","","","","","","","","","B03","","","1","","2","","","23","","1","22","","B03","24.198961","120.656545","3"
"2019","3","7","14","40","臺中市","北屯區","0","2","6","1","5","50","4","1","1","4","4","5","7","2","1","10","5","5","2","16","6","2","9","1","1","C04","7","5","1","8","2","12","","6","6","1","5","8","C04","24.164959","120.690783","2"
"2019","3","7","14","47","臺中市","南區","0","1","6","1","5","50","4","2","1","4","4","5","7","4","4","1","4","4","2","17","23","2","9","1","1","C03","7","9","1","10","2","12","11","23","23","1","21","8","C03","24.129116","120.677981","2"
"2019","3","7","14","53","臺中市","東區","0","1","6","1","5","50","4","1","1","4","4","5","7","4","4","10","5","5","2","12","23","3","10","1","1","B03","7","6","1","8","2","6","","44","23","1","22","8","B03","24.132383","120.691931","2"
"2019","3","7","14","54","臺中市","南屯區","0","0","6","","","50","","","","","","","","","","","","","","","","","","","","B02","","","1","","2","","","23","","1","","","B02","24.146838","120.649075","3"
"2019","3","7","14","55","臺中市","東區","0","0","6","","","40","","","","","","","","","","","","","","","","","","","","B03","","","1","","9","","","12","","2","22","","B03","24.142744","120.701179","3"
"2019","3","7","15","6","臺中市","西屯區","0","1","6","1","5","50","14","12","1","4","4","5","7","4","4","5","5","5","2","3","51","2","9","4","5","H01","8","16","8","20","10","16","","51","51","1","21","1","H01","24.178111","120.66827","2"
"2019","3","7","15","8","臺中市","大里區","0","0","6","","","50","","","","","","","","","","","","","","","","","","","","B12","","","1","","2","","","23","","1","21","","B12","24.088499","120.686286","3"
"2019","3","7","15","20","臺中市","潭子區","0","0","6","","","40","","","","","","","","","","","","","","","","","","","","B03","","","1","","2","","","2","","1","22","","B03","24.209751","120.704751","3"
"2019","3","7","15","22","臺中市","北區","0","0","6","","","40","","","","","","","","","","","","","","","","3","","","","B12","","","1","","2","","","40","","","22","","B12","24.16109","120.6647","3"
"2019","3","7","15","23","臺中市","南區","0","0","6","","","50","","","","","","","","","","","","","","","","3","","","","G03","","","1","","2","","","25","","1","21","","G03","24.130938","120.679518","3"
"2019","3","7","15","25","臺中市","南區","0","1","6","1","5","50","3","1","1","4","4","5","7","4","4","10","5","5","2","18","23","2","9","1","1","C03","7","9","3","18","2","15","","23","23","1","22","9","C03","24.134691","120.655728","2"
"2019","3","7","15","28","臺中市","南屯區","0","0","6","","","50","","","","","","","","","","","","","","","6","","","","","B03","","","1","","2","","","6","6","1","22","","B03","24.13741","120.646647","3"
"2019","3","7","15","28","臺中市","北屯區","0","1","7","1","5","50","4","1","1","4","4","5","7","4","4","10","5","5","2","15","6","2","9","1","1","C03","7","9","1","10","2","11","","6","6","1","22","8","C03","24.171653","120.719528","2"
"2019","3","7","15","30","臺中市","太平區","0","0","8","","","50","","","","","","","","","","","","","","","","","","","","B03","","","3","","2","","","12","","1","4","","B03","24.108009","120.725031","3"
"2019","3","7","15","34","臺中市","西區","0","0","6","","","40","","","","","","","","","","","","","","","","","","","","B12","","","1","","2","","","12","","1","10","","B12","24.155945","120.654732","3"
"2019","3","7","16","0","臺中市","龍井區","0","1","6","1","5","40","3","1","1","4","4","5","7","4","4","10","5","5","2","16","6","3","10","1","1","B03","7","6","1","8","2","1","","6","6","1","22","8","B03","24.18597","120.573868","2"
"2019","3","7","16","0","臺中市","潭子區","0","0","6","","","50","","","","","","","","","","","","","","","","","","","","B03","","","1","","2","","","6","","1","22","","B03","24.218386","120.692447","3"
"2019","3","7","16","5","臺中市","北屯區","0","1","6","1","5","50","3","1","1","4","4","5","7","4","4","10","5","5","2","16","6","2","9","1","1","C03","7","5","1","10","2","12","","6","6","1","22","8","C03","24.185598","120.668029","2"
"2019","3","7","16","7","臺中市","太平區","0","1","6","1","5","40","4","1","1","4","4","5","7","3","1","10","5","5","2","15","6","2","7","1","1","C03","7","9","3","18","2","11","","6","6","1","19","7","C03","24.130665","120.72408","2"
"2019","3","7","16","10","臺中市","北區","0","1","6","1","5","50","3","1","1","4","4","5","7","1","1","10","5","5","2","3","23","3","10","1","1","B03","7","5","3","18","2","1","","23","23","1","5","8","B03","24.159098","120.686697","2"
"2019","3","7","16","10","臺中市","后里區","0","0","6","2","5","40","14","9","1","4","4","3","7","4","4","5","5","5","2","12","","","","","","B03","","","1","","2","","","17","","1","","","B03","24.304957","120.713519","3"
"2019","3","7","16","10","臺中市","潭子區","0","0","6","1","5","50","3","1","1","4","4","5","7","4","","5","5","5","2","16","","","","","","B03","","","1","","2","","","23","","1","22","","B03","24.21085","120.699801","3"
"2019","3","7","16","11","臺中市","烏日區","0","1","6","1","5","50","4","1","1","4","4","5","7","1","1","10","5","5","2","16","25","3","10","1","1","B03","7","9","1","8","2","2","","25","25","1","19","8","B03","24.104781","120.649873","2"
"2019","3","7","16","14","臺中市","清水區","","","6","","","70","","","","","","","","","","","","","","","","","","","","B02","","","1","","2","","","16","","1","21","","B02","24.293057","120.588393","4"
"2019","3","7","16","23","臺中市","太平區","0","0","6","","","50","","","","","","","","","","","","","","","","","","","","B03","","","1","","2","","","23","","1","","","B03","24.126797","120.711167","3"
"2019","3","7","16","25","臺中市","西區","0","0","6","","","40","","","","","","","","","","","","","","","","","","","","B03","","","1","","2","","","19","","1","","","B03","24.132215","120.673472","3"
"2019","3","7","16","27","臺中市","南屯區","0","1","6","1","5","50","4","1","1","4","4","5","7","2","1","10","5","5","2","12","23","3","10","3","4","B02","7","9","1","8","2","2","","23","23","1","22","9","B02","24.137382","120.646628","2"
"2019","3","7","16","27","臺中市","沙鹿區","0","2","6","1","5","50","3","1","1","4","4","5","7","4","4","5","5","5","1","16","6","3","10","1","1","B03","7","5","1","8","2","1","","6","6","1","19","8","B03","24.235588","120.566456","2"
"2019","3","7","16","29","臺中市","西區","0","0","6","","","50","","","","","","","","","","","","","","","","","","","","B03","","","1","","2","","","9","","1","22","","B03","24.163549","120.662581","3"
"2019","3","7","16","30","臺中市","西區","0","1","6","1","5","50","4","1","1","4","4","5","7","4","4","10","5","5","2","15","6","2","9","1","1","C03","7","9","1","10","2","12","","6","6","1","21","4","C03","24.155476","120.659813","2"
"2019","3","7","16","30","臺中市","北屯區","0","0","6","","","50","","","","","","","","","","","","","","","23","","","","","B03","","","1","","2","","","23","23","1","5","","B03","24.166358","120.720995","3"
"2019","3","7","16","34","臺中市","南區","0","1","6","1","5","50","3","1","1","4","4","5","7","4","4","1","4","5","2","12","1","3","10","1","1","B03","7","4","1","8","2","2","","1","1","1","9","8","B03","24.123577","120.670058","2"
"2019","3","7","16","40","臺中市","西屯區","0","0","6","","","40","","","","","","","","","","","","","","","","","","","","B03","","","1","","2","","","6","","1","4","","B03","24.181817","120.638212","3"
"2019","3","7","16","41","臺中市","潭子區","0","1","6","1","5","60","4","1","1","4","4","5","7","1","1","1","4","5","1","16","2","2","8","1","1","C03","7","9","1","10","2","14","","2","2","1","22","8","C03","24.200767","120.703372","2"
"2019","3","7","16","50","臺中市","北屯區","0","1","6","1","5","50","14","7","1","4","4","5","7","4","4","5","5","4","2","18","23","2","9","1","1","C03","7","15","1","10","2","12","","23","23","1","5","8","C03","24.169993","120.705815","2"
"2019","3","7","16","52","臺中市","潭子區","0","1","6","1","5","50","4","1","1","4","4","5","7","2","1","5","5","5","1","1","15","3","10","1","1","B03","7","5","1","8","2","1","","15","15","1","22","8","B03","24.204145","120.722549","2"
"2019","3","7","16","56","臺中市","梧棲區","0","0","8","","","50","","","","","","","","","","","","","","","","","","","","B03","","","1","","2","","","12","","1","2","","B03","24.262264","120.537429","3"
"2019","3","7","16","58","臺中市","西區","0","0","6","","","50","","","","","","","","","","","","","","","","","","","","B03","","","1","","2","","","6","","1","22","","B03","24.152441","120.659086","3"
"2019","3","7","16","59","臺中市","沙鹿區","0","0","6","","","50","","","","","","","","","","","","","","","","","","","","B03","","","1","","2","","","23","","1","4","","B03","24.243338","120.566023","3"
"2019","3","7","17","5","臺中市","太平區","0","1","6","2","5","50","14","9","1","4","4","5","7","4","4","5","4","4","2","12","40","3","10","1","1","B01","7","14","1","4","2","2","","40","40","1","10","4","B01","24.158825","120.715962","2"
"2019","3","7","17","6","臺中市","沙鹿區","0","0","6","","","50","","","","","","","","","","","","","","","","","","","","B03","","","1","","2","","","42","","1","22","","B03","24.238184","120.564454","3"
"2019","3","7","17","7","臺中市","大里區","0","2","6","1","5","60","5","1","1","4","4","5","7","1","1","10","5","5","2","15","25","2","9","1","1","C04","7","9","3","18","2","11","","25","25","1","22","5","C04","24.102101","120.671803","2"
"2019","3","7","17","9","臺中市","潭子區","0","0","6","","","50","","","","","","","","","","","","","","","23","","","","","B03","","","1","","2","","","23","23","1","21","","B03","24.224896","120.690207","3"
"2019","3","7","17","10","臺中市","太平區","0","0","6","","","50","","","","","","","","","","","","","","","","","","","","B03","","","1","","2","","","23","","1","","","B03","24.134818","120.731237","3"
"2019","3","7","17","10","臺中市","大肚區","0","0","","","","","","","","","","","","","","","","","","","","","","","","B12","","","1","","2","","","23","","1","22","","B12","24.172173","120.5825","3"
"2019","3","7","17","13","臺中市","太平區","0","1","6","1","5","50","4","1","1","4","4","5","7","1","1","5","5","5","2","16","23","2","9","1","1","C03","7","9","1","10","2","11","","23","23","1","21","8","C03","24.129194","120.718596","2"
"2019","3","7","17","15","臺中市","大肚區","0","0","8","","","50","","","","","","","","","","","","","","","","","","","","B03","","","1","","2","","","19","","1","19","","B03","24.119176","120.576598","3"
"2019","3","7","17","16","臺中市","神岡區","0","0","6","","","50","","","","","","","","","","","","","","","","","","","","B12","","","1","","2","","","42","","1","10","","B12","24.269891","120.657186","3"
"2019","3","7","17","17","臺中市","潭子區","0","0","6","2","5","50","4","1","1","4","4","5","7","1","1","10","5","5","2","13","","","","","","B03","","","1","","2","","","23","","1","22","","B03","24.211935","120.711966","3"
"2019","3","7","17","20","臺中市","南屯區","0","0","6","","","40","","","","","","","","","","","","","","","","","","","","B12","","","1","","2","","","16","","1","22","","B12","24.125106","120.622747","3"
"2019","3","7","17","22","臺中市","太平區","0","2","6","2","5","50","14","9","1","4","4","5","7","4","4","9","5","5","1","17","19","2","9","1","1","C03","7","1","1","10","2","11","","19","19","1","9","8","C03","24.104","120.717083","2"
"2019","3","7","17","23","臺中市","西屯區","0","0","6","","","50","","","","","","","","","","","","","","","","","","","","C03","","","1","","2","","","43","","1","","","C03","24.159163","120.64705","3"
"2019","3","7","17","24","臺中市","西屯區","0","0","6","","","40","","","","","","","","","","","","","","","","","","","","C03","","","1","","2","","","23","","1","","","C03","24.169013","120.607298","3"
"2019","3","7","17","25","臺中市","烏日區","0","0","6","","","50","","","","","","","","","","","","","","","","","","","","A12","","","1","","2","","","23","","1","22","","A12","24.085996","120.648073","3"
"2019","3","7","17","25","臺中市","大雅區","0","2","6","1","5","50","14","9","1","4","4","5","7","4","4","5","5","5","1","16","26","2","8","1","1","C03","7","5","1","10","2","11","","26","26","1","21","8","C03","24.245529","120.657569","2"
"2019","3","7","17","28","臺中市","烏日區","0","1","6","1","5","60","3","1","1","4","4","5","7","4","4","10","5","5","2","17","9","3","10","1","4","B03","7","6","1","7","2","8","","9","9","1","22","8","B03","24.105651","120.633211","2"
"2019","3","7","17","30","臺中市","大甲區","0","0","6","","","60","","","","","","","","","","","","","","","","","","","","B12","","","3","","2","","","42","","1","22","","B12","24.352757","120.612778","3"
"2019","3","7","17","43","臺中市","北區","0","2","6","3","5","50","4","1","1","4","4","5","7","1","1","5","5","4","2","17","6","2","9","1","1","C03","7","5","1","10","2","12","","6","6","1","21","8","C03","24.151006","120.67809","2"
"2019","3","7","17","45","臺中市","西屯區","0","1","6","3","5","60","14","9","1","4","4","5","7","4","4","9","4","5","2","16","7","2","8","1","1","C03","7","7","1","10","2","13","","7","7","1","22","8","C03","24.200671","120.657531","2"
"2019","3","7","17","50","臺中市","西區","0","0","6","","","50","","","","","","","","","","","","","","","","3","","","","B03","","","1","","2","","","7","","","21","","B03","24.149219","120.661652","3"
"2019","3","7","17","55","臺中市","潭子區","0","0","6","","","60","","","","","","","","","","","","","","","","","","","","B03","","","1","","2","","","7","","1","22","","B03","24.200474","120.710699","3"
"2019","3","7","17","58","臺中市","北區","0","0","6","","","50","","","","","","","","","","","","","","","","3","","","","B03","","","1","","2","","","23","","1","22","","B03","24.154234","120.68718","3"
"2019","3","7","18","0","臺中市","西屯區","0","1","6","3","5","50","3","1","1","4","4","5","7","1","1","10","5","5","2","16","6","3","10","1","1","B03","7","5","1","8","2","2","","6","6","1","4","8","B03","24.166959","120.647711","2"
"2019","3","7","18","0","臺中市","霧峰區","0","0","8","3","5","50","14","7","1","5","4","5","7","4","4","5","4","4","1","12","7","3","10","1","1","B03","7","7","1","8","2","7","","7","7","1","5","8","B03","24.060401","120.69805","3"
"2019","3","7","18","0","臺中市","太平區","0","1","6","3","5","50","3","1","1","4","4","5","7","4","4","10","5","5","2","12","23","3","10","1","1","C03","7","9","1","10","2","12","","23","23","1","21","8","C03","24.128204","120.717943","2"
"2019","3","7","18","2","臺中市","西屯區","0","0","6","","","50","","","","","","","","","","","","","","","","","","","","B03","","","1","","2","","","16","","1","","","B03","24.178522","120.641279","3"
"2019","3","7","18","2","臺中市","梧棲區","0","1","6","3","5","60","4","1","1","4","4","5","7","1","1","10","5","5","1","16","25","3","10","3","4","B03","7","5","1","8","2","2","","26","25","1","21","8","B03","24.223107","120.524907","2"
"2019","3","7","18","9","臺中市","大里區","0","0","6","","","40","","","","","","","","","","","","","","","","","","","","B01","","","1","","2","","","16","","1","10","","B01","24.111713","120.693794","3"
"2019","3","7","18","9","臺中市","豐原區","0","0","6","3","5","","14","9","1","4","4","","7","1","1","4","1","5","1","13","23","3","10","1","1","B03","7","9","1","8","2","8","","23","23","1","22","1","B03","24.240742","120.724214","3"
"2019","3","7","18","10","臺中市","南屯區","0","1","6","3","5","50","4","18","1","4","4","5","7","2","1","10","5","5","2","3","15","3","10","3","4","B03","7","5","1","8","2","1","","15","15","2","22","9","B03","24.151224","120.635219","2"
"2019","3","7","18","12","臺中市","西屯區","0","0","6","","","50","","","","","","","","","","","","","","","","","","","","B03","","","1","","2","","","6","","1","21","","B03","24.19597","120.647721","3"
"2019","3","7","18","12","臺中市","大里區","0","0","6","","","50","","","","","","","","","","","","","","","","","","","","B12","","","1","","2","","","7","","1","2","","B12","24.092823","120.689852","3"
"2019","3","7","18","15","臺中市","北屯區","0","0","8","","","50","","","","","","","","","","","","","","","7","","","","","B03","","","1","","2","","","7","7","1","21","","B03","24.18276","120.697975","3"
"2019","3","7","18","19","臺中市","南屯區","0","1","6","3","5","50","4","1","1","4","4","5","7","2","1","10","5","5","2","16","26","3","10","3","4","B03","7","6","1","8","2","6","","26","26","1","22","9","B03","24.149535","120.623258","2"
"2019","3","7","18","27","臺中市","南區","0","1","6","3","5","50","4","1","1","4","4","5","7","1","1","10","5","5","2","3","52","2","9","4","5","H01","8","16","8","20","2","16","","52","52","1","20","8","H01","24.119466","120.656508","2"
"2019","3","7","18","29","臺中市","北屯區","0","2","6","3","5","40","4","1","1","4","4","5","7","1","1","10","5","5","2","16","8","2","9","1","1","C03","7","5","1","10","2","11","","8","8","1","5","8","C03","24.188818","120.689031","2"
"2019","3","7","18","30","臺中市","北區","0","0","6","","","50","","","","","","","","","","","","","","","","3","","","","C03","","","1","","2","","","23","","1","22","","C03","24.152433","120.688697","3"
"2019","3","7","18","30","臺中市","南區","0","1","6","3","5","50","14","9","1","4","4","5","7","4","4","5","5","5","2","13","23","2","9","1","1","C03","7","9","1","10","2","11","","23","23","1","21","8","C03","24.129978","120.675761","2"
"2019","3","7","18","30","臺中市","西屯區","0","0","8","","","50","","","","","","","","","","","","","","","","","","","","C03","","","1","","2","","","12","","1","22","","C03","24.189217","120.615278","3"
"2019","3","7","18","31","臺中市","大里區","0","1","6","3","5","50","14","13","1","4","4","5","7","4","4","5","5","5","1","17","23","2","8","1","1","C03","7","9","1","10","2","12","","23","23","1","21","8","C03","24.115616","120.676032","2"
"2019","3","7","18","33","臺中市","南屯區","0","1","6","3","5","50","4","1","5","4","4","5","7","1","1","10","5","5","2","13","16","2","9","1","1","B03","7","9","1","8","11","1","","16","16","1","22","9","B03","24.146181","120.63482","2"
"2019","3","7","18","33","臺中市","西屯區","0","2","6","3","5","40","4","1","1","4","4","5","7","4","4","10","5","5","2","15","6","2","9","1","1","C04","7","9","1","10","4","11","","21","6","1","4","8","C04","24.186672","120.606253","2"
"2019","3","7","18","39","臺中市","西屯區","0","0","6","","","80","","","","","","","","","","","","","","","","","","","","B03","","","1","","2","","","23","","1","","","B03","24.171961","120.633086","3"
"2019","3","7","18","39","臺中市","西屯區","0","0","6","","","50","","","","","","","","","","","","","","","19","","","","","B03","","","1","","2","","","19","19","1","22","","B03","24.190035","120.610598","3"
"2019","3","7","18","41","臺中市","北區","0","0","6","","","50","","","","","","","","","","","","","","","","","","","","B03","","","1","","2","","","23","","1","5","","B03","24.169093","120.67241","3"
"2019","3","7","18","41","臺中市","太平區","0","1","6","3","5","50","4","1","1","4","4","5","7","2","1","5","5","5","2","3","15","3","10","1","1","B03","7","9","1","10","2","1","","15","15","1","21","8","B03","24.136","120.715687","2"
"2019","3","7","18","42","臺中市","東區","0","0","6","","","80","","","","","","","","","","","","","","","16","","","","","B03","","","3","10","2","","","16","16","1","","","B03","24.125399","120.703559","3"
"2019","3","7","18","45","臺中市","神岡區","0","0","6","","","50","","","","","","","","","","","","","","","","","","","","B03","","","1","","2","","","7","","1","21","","B03","24.248657","120.69792","3"
"2019","3","7","18","49","臺中市","西屯區","0","0","6","","","50","","","","","","","","","","","","","","","","","","","","B03","","","1","","2","","","16","","1","","","B03","24.173404","120.641121","3"
"2019","3","7","18","50","臺中市","西屯區","0","0","6","","","50","","","","","","","","","","","","","","","","","","","","B03","","","1","","2","","","23","","1","4","","B03","24.179669","120.614728","3"
"2019","3","7","18","53","臺中市","中區","0","0","6","","","50","","","","","","","","","","","","","","","","","","","","B03","","","1","","2","","","23","","1","22","","B03","24.14255","120.684728","3"
"2019","3","7","18","53","臺中市","霧峰區","0","2","6","3","5","40","14","9","1","4","4","5","7","4","4","5","4","5","1","13","23","2","9","1","1","C03","7","9","1","10","2","11","","23","23","1","18","8","C03","24.076999","120.71112","2"
"2019","3","7","18","57","臺中市","南屯區","0","1","6","3","5","50","14","9","1","4","4","5","7","4","4","5","4","5","2","16","10","3","10","3","4","B03","7","11","1","8","2","1","","10","10","1","22","9","B03","24.146831","120.648455","2"
"2019","3","7","18","58","臺中市","南區","0","0","6","","","50","","","","","","","","","","","","","","","","3","","","","B03","","","1","","2","","","23","","1","21","","B03","24.132544","120.661014","3"
"2019","3","7","18","59","臺中市","北屯區","0","1","6","3","5","50","3","1","1","4","4","5","7","1","1","10","5","5","2","16","6","3","10","1","1","B03","7","5","1","8","2","1","","6","6","1","5","8","B03","24.186065","120.664808","2"
"2019","3","7","19","0","臺中市","大里區","0","0","6","","","50","","","","","","","","","","","","","","","","","","","","B03","","","1","","2","","","8","","1","21","","B03","24.091892","120.691208","3"
"2019","3","7","19","0","臺中市","大里區","0","0","6","","","40","","","","","","","","","","","","","","","","","","","","B12","","","1","","2","","","23","","1","21","","B12","24.097361","120.677564","3"
"2019","3","7","19","2","臺中市","西區","0","0","6","","","60","","","","","","","","","","","","","","","","","","","","B03","","","1","","2","","","23","","1","5","","B03","24.152573","120.667765","4"
"2019","3","7","19","4","臺中市","西屯區","0","0","6","","","60","","","","","","","","","","","","","","","","","","","","B03","","","1","","2","","","23","","1","22","","B03","24.160318","120.653851","3"
"2019","3","7","19","5","臺中市","西屯區","0","1","6","3","5","40","4","18","1","4","4","5","7","4","4","10","5","5","2","3","15","3","10","1","1","B03","7","5","1","8","2","4","","15","15","1","21","8","B03","24.157716","120.648276","2"
"2019","3","7","19","10","臺中市","烏日區","0","1","6","3","5","40","3","9","1","4","4","5","7","4","4","4","3","4","2","23","23","2","9","1","1","C03","7","9","1","10","2","11","","23","23","1","22","8","C03","24.072779","120.629626","2"
"2019","3","7","19","14","臺中市","西屯區","0","0","6","","","60","","","","","","","","","","","","","","","","","","","","B03","","","1","","2","","","7","","","22","","B03","24.164239","120.646823","3"
"2019","3","7","19","16","臺中市","北屯區","0","2","6","2","5","50","4","1","1","4","4","5","7","4","4","10","5","5","2","15","6","2","9","1","1","C03","7","9","1","10","2","13","","6","6","1","18","8","C03","24.1703","120.6823","2"
"2019","3","7","19","20","臺中市","北區","0","1","6","3","5","50","3","2","1","4","4","5","7","4","4","10","5","5","2","17","5","2","9","4","5","F01","7","9","8","20","2","16","","5","5","1","22","8","F01","24.161","120.6692","2"
"2019","3","7","19","20","臺中市","霧峰區","0","0","6","","","40","","","","","","","","","","","","","","","","","","","","B03","","","1","","2","","","23","","1","22","","B03","24.044573","120.688091","3"
"2019","3","7","19","21","臺中市","梧棲區","0","0","8","","","50","","","","","","","","","","","","","","","","","","","","B03","","","1","","2","","","23","","","","","B03","24.253827","120.559253","3"
"2019","3","7","19","29","臺中市","潭子區","0","0","6","","","40","","","","","","","","","","","","","","","","","","","","B12","","","1","","2","","","17","","1","22","","B12","24.229377","120.710202","3"
"2019","3","7","19","49","臺中市","南區","0","0","6","","","0","","","","","","","","","","","","","","","","","","","","B03","","","1","","2","","","12","","1","5","","B03","24.129902","120.662025","3"
"2019","3","7","19","50","臺中市","南屯區","0","0","8","","","50","","","","","","","","","","","","","","","","","","","","B02","","","1","","2","","","23","","1","22","","B02","24.144183","120.63914","3"