"年","月","日","時","分","縣市","區","死","受傷","天候","光線","道路類別","速限","道路型態","事故位置","路面鋪裝","路面狀態","路面缺陷","障礙物","視距","號誌種類","號誌動作","分向設施","快車道或一般車道間","快慢車道間","路面邊線","事故類型及型態","主要肇因","受傷程度","主要傷處","保護裝備","行動電話","當事者區分","車輛用途","當事者行動狀態","駕駛資格情形","駕駛執照種類","飲酒情形","車輛撞擊部位最初","車輛撞擊部位其他","肇事因素個別","肇事因素主要","肇事逃逸","職業","旅次目的","車種","GPS座標緯度","GPS座標經度","事故類別"
"2019","3","7","19","50","臺中市","西屯區","0","1","6","3","5","50","4","1","1","4","4","5","7","1","1","10","5","5","2","16","25","3","10","1","1","B12","7","6","1","8","2","2","","25","25","1","21","8","B12","24.206626","120.624653","2"
"2019","3","7","19","50","臺中市","大肚區","","","6","","","40","","","","","","","","","","","","","","","","","","","","B03","","","1","","2","","","12","","1","21","","B03","24.145795","120.548475","3"
"2019","3","7","19","54","臺中市","北區","0","0","6","","","50","","","","","","","","","","","","","","","42","","","","","C03","","","1","","2","","","42","42","1","","","C03","24.163455","120.684096","3"
"2019","3","7","19","55","臺中市","霧峰區","0","1","6","4","5","50","4","1","1","4","4","5","7","1","1","10","5","5","2","17","43","2","9","1","1","C03","7","9","1","10","2","12","","43","43","1","21","8","C03","24.070127","120.696872","2"
"2019","3","7","20","0","臺中市","西屯區","0","2","6","3","5","1","14","20","2","4","4","5","6","4","4","1","4","1","2","2","23","2","8","1","1","C03","7","9","1","10","2","11","12","23","23","1","18","8","C03","24.181282","120.596882","2"
"2019","3","7","20","3","臺中市","東區","0","0","6","1","5","50","14","7","1","5","4","5","7","4","4","4","4","4","2","13","23","3","10","1","1","B03","7","15","1","4","1","1","","23","23","1","22","8","B03","24.142753","120.700616","3"
"2019","3","7","20","34","臺中市","太平區","0","0","8","","","50","","","","","","","","","","","","","","","","","","","","B03","","","1","","2","","","6","","1","","","B03","24.139709","120.711925","3"
"2019","3","7","20","36","臺中市","東區","0","1","6","3","5","50","14","9","1","4","4","5","7","4","4","5","4","5","2","9","43","4","11","3","4","G06","7","21","7","19","11","15","","43","43","1","22","9","G06","24.129414","120.70669","2"
"2019","3","7","20","38","臺中市","大里區","0","0","6","","","50","","","","","","","","","","","","","","","","","","","","B03","","","3","","2","","","23","","1","22","","B03","24.113563","120.677741","3"
"2019","3","7","20","40","臺中市","西屯區","0","0","6","","","60","","","","","","","","","","","","","","","","","","","","B03","","","1","","2","","","12","","1","22","","B03","24.170971","120.661515","3"
"2019","3","7","20","45","臺中市","北屯區","0","1","6","3","5","50","5","1","1","4","4","5","7","1","1","10","5","5","2","16","43","3","10","1","1","B12","7","6","1","8","2","6","","43","43","1","5","8","B12","24.20133","120.686753","2"
"2019","3","7","20","51","臺中市","大雅區","0","1","6","3","5","50","3","9","1","4","4","5","6","4","4","5","5","5","2","17","40","3","10","1","1","B03","7","13","1","8","2","4","","40","40","1","21","8","B03","24.223378","120.648426","2"
"2019","3","7","21","10","臺中市","南區","0","1","6","3","5","50","4","1","1","4","4","5","7","1","1","10","5","5","2","16","6","3","10","1","1","B03","7","6","1","8","2","2","","6","6","1","5","8","B03","24.132632","120.678704","2"
"2019","3","7","21","12","臺中市","西區","0","0","6","","","50","","","","","","","","","","","","","","","","","","","","B03","","","1","","2","","","7","","1","22","","B03","24.140195","120.677257","3"
"2019","3","7","21","25","臺中市","西屯區","0","1","6","3","5","40","3","1","1","4","4","5","7","1","1","10","5","5","2","13","16","3","10","1","1","C03","7","9","1","10","2","11","","16","16","1","4","8","C03","24.176327","120.663194","2"
"2019","3","7","21","35","臺中市","北屯區","0","0","8","","","50","","","","","","","","","","","","","","","","","","","","B03","","","1","","11","","","23","","2","4","","B03","24.173","120.6","3"
"2019","3","7","21","35","臺中市","沙鹿區","0","1","6","4","5","50","3","1","1","4","4","5","7","3","1","10","5","5","2","16","6","3","10","1","1","B03","7","5","1","8","2","2","","6","6","1","9","8","B03","24.243028","120.609703","2"
"2019","3","7","21","36","臺中市","北屯區","0","2","6","2","5","50","4","19","1","4","4","5","7","2","1","1","4","5","2","3","51","2","9","4","5","H01","8","16","8","20","10","16","","51","51","1","18","8","H01","24.17495","120.73582","2"
"2019","3","7","21","40","臺中市","大肚區","0","1","6","3","5","50","14","8","1","4","4","5","7","4","4","1","4","4","1","13","23","2","9","1","1","C03","7","9","1","10","2","11","","23","23","1","21","8","C03","24.118521","120.577031","2"
"2019","3","7","21","47","臺中市","西屯區","0","0","6","","","50","","","","","","","","","","","","","","","","","","","","B03","","","1","","2","","","7","","1","","","B03","24.164132","120.650697","3"
"2019","3","7","22","0","臺中市","烏日區","0","0","6","","","70","","","","","","","","","","","","","","","","","","","","B03","","","1","","2","","","23","","1","22","","B03","24.109322","120.583039","3"
"2019","3","7","22","1","臺中市","西區","0","0","6","","","50","","","","","","","","","","","","","","","","","","","","B03","","","1","","2","","","26","","1","21","","B03","24.14114","120.666655","3"
"2019","3","7","22","4","臺中市","北屯區","0","0","8","","","40","","","","","","","","","","","","","","","","","","","","B03","","","1","","2","","","23","","1","19","","B03","24.2013","120.6868","3"
"2019","3","7","22","10","臺中市","西屯區","0","1","6","3","5","50","14","9","1","4","4","5","7","4","4","5","5","5","2","2","23","3","10","1","1","C03","7","9","1","10","2","11","","23","23","1","22","8","C03","24.171081","120.665348","2"
"2019","3","7","22","13","臺中市","北區","0","2","6","3","5","40","4","1","1","4","4","5","7","1","1","10","5","5","2","16","6","3","10","1","1","C03","7","6","1","10","2","12","","6","6","1","22","8","C03","24.159256","120.675873","2"
"2019","3","7","22","17","臺中市","潭子區","0","2","6","3","5","60","3","1","1","4","4","5","7","4","4","3","4","4","1","12","3","2","8","1","1","C03","7","9","1","10","2","14","","3","3","1","22","8","C03","24.196263","120.702735","2"
"2019","3","7","22","20","臺中市","西屯區","0","2","6","4","5","40","14","9","1","4","4","5","7","4","4","5","4","5","2","2","60","3","10","4","5","H01","8","16","8","20","10","16","","60","60","1","22","8","H01","24.185268","120.624471","2"
"2019","3","7","22","24","臺中市","沙鹿區","0","1","6","3","5","60","14","7","1","4","4","5","7","1","1","3","4","4","1","13","23","2","1","1","1","B03","7","9","1","1","2","1","","23","23","1","22","9","B03","24.249844","120.600824","2"
"2019","3","7","22","29","臺中市","西屯區","0","1","6","3","5","40","4","1","1","4","4","5","7","1","1","10","5","5","2","16","23","2","9","1","1","C03","7","9","1","10","2","11","","23","23","1","4","8","C03","24.167551","120.640815","2"
"2019","3","7","22","30","臺中市","東區","0","0","6","3","5","50","14","7","1","4","4","5","7","4","4","9","4","5","2","13","23","","","","","B03","","9","1","8","2","1","","23","23","1","16","","B03","24.134714","120.682928","3"
"2019","3","7","22","35","臺中市","沙鹿區","0","0","6","","","60","","","","","","","","","","","","","","","42","","","","","B03","","","1","","2","","","44","42","1","18","","B03","24.237102","120.569431","3"
"2019","3","7","22","40","臺中市","南屯區","0","2","6","3","5","50","4","1","1","4","4","5","7","2","1","10","5","5","2","16","25","2","9","1","1","B03","7","5","1","8","2","8","","25","25","1","8","9","B03","24.144602","120.634427","2"
"2019","3","7","23","16","臺中市","南屯區","0","2","6","3","5","50","3","2","1","4","4","5","7","4","4","10","5","5","2","13","23","2","9","1","1","C03","7","9","1","10","2","11","","23","23","1","22","8","C03","24.152243","120.646666","2"
"2019","3","7","23","23","臺中市","北區","0","2","6","3","5","50","4","1","1","4","4","5","7","4","4","10","5","5","2","16","6","2","8","1","1","C03","7","9","1","10","2","14","","6","6","1","22","8","C03","24.1763","120.6694","2"
"2019","3","7","23","38","臺中市","梧棲區","0","0","6","","","70","","","","","","","","","","","","","","","","","","","","B03","","","1","","2","","","12","","1","20","","B03","24.248845","120.554541","3"
"2019","3","7","23","39","臺中市","西區","0","1","6","3","5","40","4","1","1","4","4","5","7","1","1","10","5","5","2","18","23","2","9","1","1","C03","7","8","1","10","2","12","","23","23","1","21","8","C03","24.155367","120.658608","2"
"2019","3","8","1","12","臺中市","北區","0","1","6","3","5","50","3","2","1","4","4","5","7","1","1","5","4","5","2","18","23","2","9","1","1","C03","7","9","1","10","2","14","","23","23","1","22","8","C03","24.166818","120.669271","2"
"2019","3","8","1","52","臺中市","西屯區","0","1","6","3","5","40","14","8","1","4","4","3","7","4","4","9","4","1","2","12","23","2","9","1","1","C03","7","9","1","10","2","12","","23","23","1","21","8","C03","24.166005","120.644013","2"
"2019","3","8","1","55","臺中市","西區","0","1","8","1","5","50","4","1","1","4","4","5","7","1","1","10","5","5","2","23","21","2","1","1","1","B03","7","9","1","8","8","8","","21","21","1","21","8","B03","24.140044","120.657241","2"
"2019","3","8","1","58","臺中市","北區","0","0","6","3","5","50","14","7","1","4","4","5","7","2","1","8","1","4","2","13","23","3","10","1","1","B12","7","9","1","8","6","1","","23","23","1","22","8","B12","24.166909","120.673397","3"
"2019","3","8","3","55","臺中市","沙鹿區","0","1","6","3","5","50","14","13","1","4","4","5","7","4","4","9","5","5","1","17","13","2","1","1","1","B03","7","9","1","8","2","1","","13","13","1","21","8","B03","24.24446","120.568654","2"
"2019","3","8","5","40","臺中市","西屯區","0","2","6","4","5","40","3","2","1","4","4","5","7","4","4","10","5","5","2","2","23","2","9","1","1","C03","7","9","1","10","2","11","","23","23","1","21","8","C03","24.176569","120.648148","2"
"2019","3","8","5","50","臺中市","大甲區","0","1","6","1","5","50","11","9","1","4","4","5","7","4","4","5","5","5","1","17","42","2","9","1","1","C03","7","9","1","2","2","11","","42","42","1","5","8","C03","24.34045","120.627211","2"
"2019","3","8","6","50","臺中市","烏日區","0","0","6","","","50","","","","","","","","","","","","","","","","","","","","B03","","","1","","2","","","6","","1","","","B03","24.103244","120.618752","3"
"2019","3","8","6","58","臺中市","西屯區","0","1","6","1","5","50","3","1","1","4","4","5","7","1","1","10","5","5","2","16","8","3","10","1","1","B03","7","5","1","8","2","8","","8","8","1","4","8","B03","24.187287","120.642921","2"
"2019","3","8","7","1","臺中市","沙鹿區","0","0","8","","","50","","","","","","","","","","","","","","","","","","","","B03","","","1","","2","","","6","","1","21","","B03","24.218772","120.575393","3"
"2019","3","8","7","5","臺中市","大雅區","0","2","6","1","5","50","4","1","1","4","4","5","7","2","1","10","4","5","1","16","16","2","9","1","1","C03","7","9","1","10","2","12","","16","16","1","22","9","C03","24.222675","120.646799","2"
"2019","3","8","7","10","臺中市","石岡區","0","0","6","","","50","","","","","","","","","","","","","","","","","","","","B03","","","1","","2","","","43","","1","5","","B03","24.270821","120.790925","3"
"2019","3","8","7","11","臺中市","東區","0","0","6","1","5","50","4","1","1","5","4","5","7","1","1","10","5","5","2","14","12","3","10","1","1","B03","7","2","1","8","2","3","","12","12","1","22","8","B03","24.142788","120.706002","3"
"2019","3","8","7","15","臺中市","龍井區","0","1","6","1","5","50","3","1","1","4","4","5","7","4","4","10","5","5","2","16","6","3","10","1","1","B03","7","5","1","8","2","4","","6","6","1","21","1","B03","24.190977","120.59199","2"
"2019","3","8","7","24","臺中市","北屯區","0","1","6","1","5","40","4","1","1","4","4","5","7","4","4","10","5","5","2","17","23","3","10","1","1","B03","7","5","1","8","2","8","","23","23","1","5","8","B03","24.186793","120.668142","2"
"2019","3","8","7","25","臺中市","北屯區","0","1","6","1","5","50","5","1","1","4","4","5","7","1","1","10","5","5","2","17","23","2","9","1","1","C03","7","9","1","10","2","14","","23","23","1","4","1","C03","24.171297","120.709605","2"
"2019","3","8","7","29","臺中市","大肚區","0","1","6","1","5","50","4","1","1","4","4","5","7","3","1","10","5","5","2","16","23","3","10","1","1","B03","7","5","1","8","2","8","","23","23","1","4","1","B03","24.151735","120.547346","2"
"2019","3","8","7","30","臺中市","南區","0","0","8","1","5","50","14","9","1","5","4","5","7","4","4","1","4","5","2","13","23","3","10","1","1","B03","7","9","1","8","2","1","","23","23","1","21","8","B03","24.115594","120.655624","3"
"2019","3","8","7","30","臺中市","太平區","","","6","","","40","","","","","","","","","","","","","","","","","","","","B03","","","1","","2","","","42","","1","21","","B03","24.159165","120.710154","3"
"2019","3","8","7","31","臺中市","北屯區","0","0","6","","","60","","","","","","","","","","","","","","","10","","","","","B03","","","1","","2","","","10","10","1","22","","B03","24.164593","120.711846","3"
"2019","3","8","7","31","臺中市","東勢區","0","0","6","","","40","","","","","","","","","","","","","","","","","","","","B03","","","1","","2","","","23","","1","5","","B03","24.266525","120.797858","3"
"2019","3","8","7","33","臺中市","西屯區","0","0","6","","","40","","","","","","","","","","","","","","","43","","","","","B03","","","1","","2","","","43","43","1","22","","B03","24.17239","120.634816","3"
"2019","3","8","7","33","臺中市","大甲區","0","0","","","","","","","","","","","","","","","","","","","","","","","","B03","","","1","","2","","","67","","1","22","","B03","24.346488","120.632286","3"
"2019","3","8","7","35","臺中市","大甲區","0","1","6","1","5","50","14","8","1","4","4","5","7","4","4","5","5","5","1","16","26","3","10","1","1","B03","7","5","1","8","2","8","","26","26","1","5","8","B03","24.345822","120.627978","2"
"2019","3","8","7","37","臺中市","北區","0","1","6","1","5","50","4","1","1","4","4","5","5","4","4","10","5","5","2","15","6","2","9","1","1","C03","7","9","1","10","2","11","","6","6","1","22","8","C03","24.1585","120.6885","2"
"2019","3","8","7","38","臺中市","清水區","","","6","","","60","","","","","","","","","","","","","","","","","","","","B03","","","1","","3","","","16","","1","21","","B03","24.275334","120.546946","4"
"2019","3","8","7","40","臺中市","大里區","0","1","6","1","5","50","4","1","1","4","4","5","7","1","1","10","5","5","2","16","9","3","10","1","1","B03","7","6","1","8","2","2","","9","9","1","12","8","B03","24.115335","120.68393","2"
"2019","3","8","7","41","臺中市","太平區","0","1","6","1","5","40","4","1","1","4","4","5","7","3","1","10","5","5","2","15","6","2","8","1","1","C03","7","9","1","10","2","12","","6","6","1","9","1","C03","24.142101","120.723998","2"
"2019","3","8","7","44","臺中市","太平區","0","1","6","1","5","50","14","9","1","4","4","5","7","4","4","5","4","5","2","16","7","3","10","1","1","C03","7","7","6","18","2","14","","7","7","1","4","8","C03","24.128954","120.707437","2"
"2019","3","8","7","44","臺中市","大甲區","0","1","8","1","5","50","14","9","1","4","4","5","7","4","4","9","5","5","2","11","21","2","9","1","1","B12","7","9","1","8","8","1","","21","21","2","7","8","B12","24.347683","120.608608","2"
"2019","3","8","7","44","臺中市","潭子區","0","0","6","","","40","","","","","","","","","","","","","","","","","","","","C03","","","1","","2","","","42","","1","","","C03","24.216297","120.694749","3"
"2019","3","8","7","45","臺中市","龍井區","0","1","6","1","5","50","4","1","1","4","4","5","7","4","4","10","5","5","1","15","6","2","9","3","4","B03","7","9","1","7","2","1","","6","6","1","9","1","B03","24.218258","120.529696","2"
"2019","3","8","7","45","臺中市","沙鹿區","0","0","6","","","60","","","","","","","","","","","","","","","6","","","","","B03","","","1","","2","","","23","6","1","21","","B03","24.249961","120.594623","3"
"2019","3","8","7","45","臺中市","大甲區","0","1","6","1","5","50","3","1","1","4","4","5","7","1","1","5","5","5","1","17","21","2","9","1","1","B12","7","9","6","8","8","5","","21","21","1","7","8","B12","24.348336","120.611454","2"
"2019","3","8","7","46","臺中市","南屯區","0","0","6","","","50","","","","","","","","","","","","","","","","","","","","B03","","","1","","2","","","26","","1","22","","B03","24.155549","120.646816","3"
"2019","3","8","7","47","臺中市","沙鹿區","0","1","6","1","5","50","4","1","1","4","4","5","7","1","1","10","5","5","2","15","25","3","10","1","1","B03","7","9","1","8","2","8","","25","25","1","21","8","B03","24.233569","120.558767","2"
"2019","3","8","7","48","臺中市","烏日區","0","1","6","1","5","50","14","9","1","4","4","5","7","4","4","5","5","5","1","17","43","2","9","1","1","C03","7","9","1","10","2","11","","43","43","1","21","8","C03","24.057364","120.648541","2"
"2019","3","8","7","49","臺中市","南區","0","2","6","1","5","50","14","8","1","4","4","5","7","4","4","3","4","3","2","18","23","2","9","1","1","C03","7","9","1","10","2","12","","23","23","1","22","9","C03","24.124528","120.659908","2"
"2019","3","8","7","50","臺中市","南區","0","1","6","1","5","40","14","8","1","4","4","5","7","4","4","9","5","4","2","17","19","3","10","1","1","B03","7","1","1","8","2","1","","19","19","1","21","8","B03","24.121219","120.653136","2"
"2019","3","8","7","50","臺中市","梧棲區","0","1","6","1","5","50","3","2","1","4","4","5","7","4","4","10","5","5","2","16","6","3","10","1","1","B12","7","5","1","8","2","8","","6","6","1","9","1","B12","24.239175","120.530997","2"
"2019","3","8","7","50","臺中市","后里區","0","1","6","1","5","50","3","1","1","4","4","5","7","4","4","5","5","5","1","16","6","3","10","1","1","B03","7","5","1","8","2","8","","6","6","1","21","8","B03","24.321103","120.700336","2"
"2019","3","8","7","50","臺中市","大甲區","0","1","6","1","5","40","3","1","1","4","4","5","7","4","4","10","5","5","2","16","6","3","10","1","1","B03","7","6","1","8","2","5","","6","6","1","4","8","B03","24.347956","120.629536","2"
"2019","3","8","7","51","臺中市","西屯區","0","1","6","1","5","50","3","2","1","4","4","5","7","4","4","1","4","5","2","17","43","2","9","3","4","C03","7","9","1","10","2","15","","43","43","1","22","8","C03","24.201323","120.663945","2"
"2019","3","8","7","52","臺中市","西屯區","0","2","6","1","5","50","4","1","5","4","4","5","7","4","4","10","5","5","2","16","23","2","9","1","1","C03","7","9","1","10","2","14","","23","23","1","22","9","C03","24.176853","120.590223","2"
"2019","3","8","7","52","臺中市","西屯區","0","1","6","1","5","40","4","1","1","4","4","5","7","1","1","1","5","5","2","13","16","2","8","1","1","C03","7","9","1","10","2","11","","16","16","1","21","8","C03","24.15608","120.659321","2"
"2019","3","8","7","53","臺中市","潭子區","0","1","6","1","5","50","4","2","1","4","4","5","7","1","1","5","4","4","2","17","40","3","10","1","1","B12","7","15","1","8","2","4","","40","40","1","22","8","B12","24.218321","120.691829","2"
"2019","3","8","7","56","臺中市","北區","0","1","6","1","5","50","4","1","1","4","4","5","7","2","1","10","5","5","2","18","13","2","9","1","1","C03","7","9","1","10","2","12","","13","13","1","21","8","C03","24.15762","120.663889","2"
"2019","3","8","7","56","臺中市","北區","0","1","6","1","5","50","4","1","1","4","4","5","7","2","1","10","5","5","2","3","15","3","10","1","1","B01","7","5","1","4","2","4","","15","15","1","22","8","B01","24.1605","120.6754","2"
"2019","3","8","7","57","臺中市","西屯區","0","1","6","1","5","40","14","8","1","4","4","5","7","4","4","5","4","4","2","13","16","2","9","3","4","C03","7","9","1","10","2","11","14","16","16","1","22","8","C03","24.170781","120.611282","2"
"2019","3","8","7","58","臺中市","大肚區","0","1","6","1","5","50","14","9","1","4","3","5","7","4","4","5","5","5","1","13","16","2","8","1","1","C03","7","9","1","10","2","11","","16","16","1","21","1","C03","24.155572","120.572207","2"
"2019","3","8","8","0","臺中市","北區","0","0","6","","","50","","","","","","","","","","","","","","","","","","","","B03","","","1","","2","","","23","","1","","","B03","24.16001","120.690354","3"
"2019","3","8","8","0","臺中市","大雅區","0","1","6","1","5","50","14","8","1","4","4","5","7","4","4","3","4","4","1","13","23","2","8","1","1","C03","7","9","1","10","2","11","","23","23","1","21","8","C03","24.215939","120.64923","2"
"2019","3","8","8","3","臺中市","潭子區","0","0","6","","","40","","","","","","","","","","","","","","","","","","","","C03","","","1","","2","","","12","","1","22","","C03","24.194549","120.70047","3"
"2019","3","8","8","4","臺中市","大里區","0","0","6","","","40","","","","","","","","","","","","","","","","","","","","C03","","","1","","2","","","6","","1","3","","C03","24.091972","120.683535","3"
"2019","3","8","8","4","臺中市","龍井區","0","1","6","1","5","50","14","9","1","4","4","5","7","4","4","5","5","5","2","16","26","3","10","1","1","B03","7","5","1","8","2","5","","26","26","1","21","1","B03","24.17763","120.582457","2"
"2019","3","8","8","5","臺中市","北區","0","4","6","1","5","50","4","1","1","4","4","5","7","2","1","10","5","5","2","16","6","2","9","1","1","C03","7","5","4","8","2","12","","6","6","1","22","8","C03","24.1591","120.6809","2"
"2019","3","8","8","5","臺中市","清水區","0","2","6","1","5","40","3","1","1","4","4","5","7","4","4","1","4","4","2","17","8","2","9","1","1","C03","7","9","1","10","2","11","","13","8","1","22","1","C03","24.277466","120.578581","2"
"2019","3","8","8","8","臺中市","北屯區","0","2","6","1","5","50","4","1","1","4","4","5","7","2","1","10","5","5","2","17","6","2","9","3","4","C03","7","5","3","18","2","11","","6","6","1","21","8","C03","24.171085","120.729488","2"
"2019","3","8","8","10","臺中市","后里區","0","1","6","1","5","40","3","2","1","4","4","5","7","4","4","10","5","5","2","18","43","2","9","1","1","C03","7","12","1","10","1","15","","43","43","1","21","8","C03","24.30869","120.749963","2"
"2019","3","8","8","13","臺中市","南區","0","0","","","","","","","","","","","","","","","","","","","","","","","","B03","","","1","","2","","","16","","1","","","B03","24.110313","120.64633","3"
"2019","3","8","8","17","臺中市","太平區","","","6","","","50","","","","","","","","","","","","","","","","","","","","B03","","","3","","2","","","23","","1","21","","B03","24.133507","120.715836","3"
"2019","3","8","8","17","臺中市","梧棲區","0","0","6","","","50","","","","","","","","","","","","","","","","","","","","B03","","","1","","2","","","23","","1","4","","B03","24.254088","120.533086","3"
"2019","3","8","8","20","臺中市","西屯區","0","1","6","1","5","50","14","9","1","4","4","5","7","4","4","5","4","5","2","16","19","3","10","3","4","B03","7","1","1","8","2","1","","19","19","1","22","8","B03","24.174014","120.613859","2"
"2019","3","8","8","20","臺中市","大里區","0","1","6","1","5","50","4","1","1","4","4","5","7","1","1","10","5","5","2","17","16","2","9","1","1","C03","7","9","6","18","2","11","14","16","16","1","21","8","C03","24.095356","120.686486","2"
"2019","3","8","8","30","臺中市","東區","0","0","6","","","50","","","","","","","","","","","","","","","","","","","","B03","","","1","","2","","","6","","1","","","B03","24.131923","120.684193","3"
"2019","3","8","8","30","臺中市","太平區","0","1","6","1","5","50","3","1","1","4","4","5","7","4","4","5","5","5","1","16","26","3","10","1","1","B03","7","5","1","8","2","5","","26","26","1","4","8","B03","24.133842","120.712328","2"
"2019","3","8","8","40","臺中市","東區","0","0","6","1","5","50","14","9","1","4","4","5","7","4","4","5","5","5","2","17","42","3","10","1","1","B12","7","9","1","8","11","5","","42","42","1","22","8","B12","24.14419","120.694233","3"
"2019","3","8","8","41","臺中市","北屯區","0","0","6","","","50","","","","","","","","","","","","","","","","","","","","B03","","","1","","2","","","16","","1","22","","B03","24.18225","120.710682","3"
"2019","3","8","8","45","臺中市","太平區","0","1","6","1","5","50","4","2","1","4","4","5","7","1","1","1","5","5","2","18","23","2","9","1","1","C03","7","9","1","10","2","12","","23","23","1","21","8","C03","24.144398","120.712206","2"
"2019","3","8","8","47","臺中市","西屯區","0","1","6","1","5","40","3","1","1","4","4","5","7","4","4","9","5","4","2","16","6","3","10","3","4","B03","7","5","1","8","2","4","","6","6","1","22","8","B03","24.15983","120.658696","2"
"2019","3","8","8","54","臺中市","龍井區","0","0","","","","","","","","","","","","","","","","","","","","","","","","B03","","","1","","2","","","23","","1","21","","B03","24.185223","120.573858","3"
"2019","3","8","8","55","臺中市","北屯區","0","0","6","","","50","","","","","","","","","","","","","","","23","","","","","B03","","","1","","2","","","23","23","1","22","","B03","24.164735","120.711571","3"
"2019","3","8","8","56","臺中市","西屯區","0","2","6","1","5","50","14","7","1","4","4","5","7","1","1","5","5","4","2","16","26","2","8","1","1","C03","7","9","1","10","2","12","","26","26","1","21","8","C03","24.165924","120.647141","2"
"2019","3","8","9","0","臺中市","烏日區","0","0","6","","","50","","","","","","","","","","","","","","","","","","","","B03","","","1","","2","","","12","","1","22","","B03","24.108508","120.597146","3"
"2019","3","8","9","2","臺中市","沙鹿區","0","0","6","","","60","","","","","","","","","","","","","","","","","","","","B12","","","1","","2","","","25","","1","6","","B12","24.240846","120.560579","3"
"2019","3","8","9","2","臺中市","清水區","","","6","","","40","","","","","","","","","","","","","","","","","","","","B03","","","1","","2","","","12","","1","21","","B03","24.265161","120.560844","3"
"2019","3","8","9","9","臺中市","東區","0","0","6","1","5","50","4","1","1","4","4","5","7","4","4","10","5","5","2","13","23","3","10","1","1","B03","7","9","1","8","2","1","","23","23","1","22","8","B03","24.144113","120.69413","3"
"2019","3","8","9","10","臺中市","霧峰區","0","1","8","1","5","50","4","1","1","4","4","5","7","4","4","10","5","5","2","16","11","2","9","1","1","C03","7","11","1","10","2","12","","11","11","1","20","8","C03","24.064602","120.697883","2"
"2019","3","8","9","10","臺中市","龍井區","0","0","","","","","","","","","","","","","","","","","","","","","","","","B03","","","1","","2","","","23","","1","21","","B03","24.185972","120.586166","3"
"2019","3","8","9","17","臺中市","西屯區","0","1","6","1","5","50","4","1","1","4","4","5","7","4","4","10","5","5","2","16","10","3","10","1","1","B03","7","11","1","8","2","1","","10","10","1","22","9","B03","24.166805","120.650446","2"
"2019","3","8","9","18","臺中市","中區","0","0","8","","","50","","","","","","","","","","","","","","","","","","","","B12","","","1","","2","","","6","","1","2","","B12","24.14221","120.679065","3"
"2019","3","8","9","24","臺中市","西屯區","0","0","6","","","80","","","","","","","","","","","","","","","","","","","","B03","","","1","","2","","","16","","1","22","","B03","24.161761","120.62816","3"
"2019","3","8","9","28","臺中市","大里區","0","0","8","","","50","","","","","","","","","","","","","","","","","","","","A12","","","1","","2","","","12","","1","3","","A12","24.087977","120.688944","3"
"2019","3","8","9","35","臺中市","南屯區","0","1","6","1","5","40","14","8","1","4","4","5","7","4","4","5","5","4","2","12","7","3","10","1","1","C03","7","8","1","10","2","12","","7","7","1","21","8","C03","24.138318","120.612534","2"
"2019","3","8","9","36","臺中市","北屯區","0","1","6","1","5","50","4","1","1","4","4","5","7","2","1","10","5","5","2","16","8","3","10","1","1","B03","7","5","1","8","2","5","","8","8","1","22","8","B03","24.171786","120.72678","2"
"2019","3","8","9","39","臺中市","南區","0","0","6","1","5","50","14","7","1","4","4","5","7","4","4","3","4","4","2","13","23","3","10","1","1","B03","7","9","1","8","2","1","","23","23","1","22","9","B03","24.115953","120.654653","3"
"2019","3","8","9","39","臺中市","大雅區","0","1","6","1","5","50","4","1","1","4","4","5","4","4","4","10","5","5","1","16","8","3","10","1","1","B03","7","5","1","8","2","8","","8","8","1","21","8","B03","24.208706","120.63563","2"
"2019","3","8","9","40","臺中市","南區","0","1","6","1","5","50","4","1","1","4","4","5","7","1","1","10","5","5","2","16","6","3","10","1","1","B03","7","6","1","8","2","5","","6","6","1","21","8","B03","24.124686","120.670747","2"
"2019","3","8","9","53","臺中市","大雅區","0","2","6","1","5","50","14","9","1","4","4","5","7","4","4","5","4","5","1","16","16","2","9","1","1","C03","7","9","1","10","2","11","","16","16","1","22","9","C03","24.234629","120.664391","2"
"2019","3","8","9","55","臺中市","潭子區","0","0","6","","","50","","","","","","","","","","","","","","","","","","","","A04","","","1","","2","","","16","","1","","","A04","24.200886","120.702321","3"
"2019","3","8","9","56","臺中市","大里區","0","1","6","1","5","50","14","7","1","4","4","5","7","4","4","5","4","5","2","12","23","2","9","1","1","C03","7","9","1","10","2","11","","23","23","1","21","8","C03","24.100153","120.674411","2"
"2019","3","8","9","58","臺中市","潭子區","0","0","6","","","30","","","","","","","","","","","","","","","","","","","","B12","","","1","","2","","","6","","1","22","","B12","24.196929","120.719245","3"
"2019","3","8","10","3","臺中市","烏日區","0","0","6","","","40","","","","","","","","","","","","","","","","","","","","B12","","","1","","2","","","12","","1","21","","B12","24.098341","120.63975","3"
"2019","3","8","10","12","臺中市","霧峰區","0","2","6","1","5","40","3","1","1","4","4","5","7","4","4","10","5","5","2","16","6","2","8","1","1","C03","7","5","1","10","2","14","","6","6","1","18","8","C03","24.073576","120.715648","2"
"2019","3","8","10","14","臺中市","北屯區","0","1","6","1","5","50","4","1","1","4","4","5","7","1","1","10","5","5","2","15","25","2","8","1","1","C04","7","9","1","10","2","12","","25","25","1","22","8","C04","24.172814","120.698334","2"
"2019","3","8","10","21","臺中市","西屯區","0","0","6","","","50","","","","","","","","","","","","","","","","","","","","B03","","","1","","2","","","26","","","22","","B03","24.174158","120.647923","3"
"2019","3","8","10","22","臺中市","北區","0","0","6","","","50","","","","","","","","","","","","","","","","","","","","B03","","","1","","2","","","7","","1","","","B03","24.158694","120.678606","3"