"年","月","日","時","分","縣市","區","死","受傷","天候","光線","道路類別","速限","道路型態","事故位置","路面鋪裝","路面狀態","路面缺陷","障礙物","視距","號誌種類","號誌動作","分向設施","快車道或一般車道間","快慢車道間","路面邊線","事故類型及型態","主要肇因","受傷程度","主要傷處","保護裝備","行動電話","當事者區分","車輛用途","當事者行動狀態","駕駛資格情形","駕駛執照種類","飲酒情形","車輛撞擊部位最初","車輛撞擊部位其他","肇事因素個別","肇事因素主要","肇事逃逸","職業","旅次目的","車種","GPS座標緯度","GPS座標經度","事故類別"
"2019","3","8","10","24","臺中市","大雅區","0","2","8","1","5","50","4","1","1","5","4","5","7","4","4","10","4","5","1","15","6","2","9","1","1","C03","7","9","1","10","2","11","","6","6","1","22","9","C03","24.225707","120.647197","2"
"2019","3","8","10","40","臺中市","東區","0","1","6","1","5","50","14","7","1","4","4","5","7","4","4","5","4","4","2","18","43","2","9","1","1","C03","7","9","1","10","2","14","","43","43","1","5","8","C03","24.125551","120.702859","2"
"2019","3","8","10","42","臺中市","西區","0","0","6","","","50","","","","","","","","","","","","","","","26","3","","","","B03","","","1","","2","","","26","26","","5","","B03","24.133625","120.673313","3"
"2019","3","8","10","45","臺中市","太平區","0","1","6","1","5","50","5","2","1","4","4","5","7","1","1","5","5","5","1","11","17","3","10","1","1","B03","7","5","1","8","2","4","","17","17","1","9","7","B03","24.124629","120.716145","2"
"2019","3","8","10","47","臺中市","西區","0","0","6","","","50","","","","","","","","","","","","","","","","","","","","B03","","","1","","2","","","10","","1","21","","B03","24.132681","120.66388","3"
"2019","3","8","10","47","臺中市","西區","0","0","8","","","50","","","","","","","","","","","","","","","","","","","","B03","","","1","","2","","","23","","1","21","","B03","24.134234","120.676173","4"
"2019","3","8","11","4","臺中市","龍井區","0","0","","","","","","","","","","","","","","","","","","","42","","","","","A41","","","1","","2","","","42","42","1","10","","A41","24.176071","120.58112","3"
"2019","3","8","11","12","臺中市","豐原區","0","0","6","1","5","50","3","2","1","4","4","5","7","1","1","4","4","4","2","13","21","3","10","1","1","B03","7","9","1","18","6","1","","21","21","1","4","5","B03","24.244444","120.728055","3"
"2019","3","8","11","14","臺中市","太平區","0","1","6","1","5","50","14","9","1","4","4","5","7","4","4","10","5","5","1","10","5","3","10","1","1","B12","7","9","1","8","2","8","","5","5","1","7","8","B12","24.140757","120.729106","2"
"2019","3","8","11","17","臺中市","烏日區","0","1","6","1","5","50","14","7","1","4","4","5","7","4","4","1","4","1","2","12","26","2","9","1","1","C03","7","9","1","10","2","13","","26","26","1","21","8","C03","24.114138","120.611173","2"
"2019","3","8","11","20","臺中市","龍井區","0","1","6","1","5","50","14","9","1","4","4","5","7","4","4","5","5","5","1","14","12","3","10","1","1","B03","7","2","1","8","2","7","","12","12","1","21","8","B03","24.182108","120.583805","2"
"2019","3","8","11","23","臺中市","西區","0","0","6","","","50","","","","","","","","","","","","","","","","","","","","B03","","","1","","2","","","23","","1","","","B03","24.155911","120.659001","3"
"2019","3","8","11","24","臺中市","梧棲區","0","0","6","","","50","","","","","","","","","","","","","","","","","","","","B03","","","1","","2","","","6","","","","","B03","24.235614","120.52623","3"
"2019","3","8","11","28","臺中市","西區","0","1","6","1","5","50","4","1","1","4","4","5","7","4","4","10","5","5","2","15","6","3","10","1","1","B03","7","9","1","8","2","1","","6","6","1","21","8","B03","24.139999","120.669588","2"
"2019","3","8","11","30","臺中市","西屯區","0","1","6","1","5","40","3","1","1","4","4","5","7","4","4","9","5","5","2","16","23","3","10","3","4","B03","7","5","1","8","2","1","","23","23","1","22","8","B03","24.170085","120.588706","2"
"2019","3","8","11","30","臺中市","潭子區","0","1","6","1","5","50","4","1","1","4","4","5","7","4","4","10","5","5","2","16","6","2","2","1","1","B03","7","5","1","8","2","5","","6","6","1","22","8","B03","24.208096","120.677836","2"
"2019","3","8","11","44","臺中市","西區","0","0","6","","","50","","","","","","","","","","","","","","","","","","","","B03","","","1","","2","","","19","","1","21","","B03","24.136296","120.66167","4"
"2019","3","8","11","47","臺中市","大雅區","0","1","6","1","5","50","4","1","1","4","4","5","7","3","1","3","4","4","1","17","4","2","8","1","1","C03","7","9","1","10","2","14","","4","4","1","21","8","C03","24.239821","120.631346","2"
"2019","3","8","11","50","臺中市","大里區","0","0","6","","","80","","","","","","","","","","","","","","","","","","","","B03","","","1","","2","","","43","","1","12","","B03","24.113606","120.699058","3"
"2019","3","8","11","52","臺中市","南區","0","0","6","1","5","50","3","1","1","4","4","5","7","3","1","10","5","5","2","17","6","3","10","1","1","B03","7","6","1","8","2","8","","6","6","1","21","8","B03","24.330597","120.693055","3"
"2019","3","8","11","52","臺中市","西屯區","0","0","6","","","50","","","","","","","","","","","","","","","","","","","","B03","","","1","","2","","","25","","1","","","B03","24.183156","120.592831","3"
"2019","3","8","11","55","臺中市","北屯區","0","1","6","1","5","50","14","9","1","4","4","5","7","4","4","1","4","5","2","16","42","3","10","1","1","B01","7","15","1","4","2","2","","42","42","1","10","8","B01","24.173244","120.668162","2"
"2019","3","8","11","55","臺中市","大肚區","0","0","6","","","40","","","","","","","","","","","","","","","","","","","","B03","","","1","","2","","","17","","1","19","","B03","24.123518","120.565428","3"
"2019","3","8","11","55","臺中市","后里區","0","0","6","1","5","50","14","7","1","4","4","5","7","4","4","5","5","4","1","13","42","3","10","1","1","B03","7","9","1","8","2","1","","42","42","1","21","8","B03","24.311548","120.707121","3"
"2019","3","8","11","56","臺中市","南區","0","1","6","1","5","50","3","2","1","4","4","5","7","4","4","10","5","5","2","16","23","2","8","1","1","C03","7","5","1","10","2","13","","8","23","1","22","9","C03","24.117563","120.656235","2"
"2019","3","8","11","56","臺中市","潭子區","0","0","6","","","50","","","","","","","","","","","","","","","","","","","","B03","","","1","","2","","","42","","1","","","B03","24.201659","120.701326","3"
"2019","3","8","12","8","臺中市","南區","0","1","6","1","5","40","4","1","1","4","4","5","7","3","1","10","5","5","2","15","6","2","7","1","1","C03","7","9","1","10","2","12","","6","6","1","21","8","C03","24.120748","120.656505","2"
"2019","3","8","12","9","臺中市","西區","0","1","6","1","5","50","5","1","1","4","4","5","7","1","1","10","5","5","2","15","25","3","10","1","1","B03","7","9","1","8","2","1","","25","25","1","2","9","B03","24.151348","120.671228","2"
"2019","3","8","12","10","臺中市","南屯區","0","0","6","","","40","","","","","","","","4","","","","","","","6","3","","","","B03","","","1","","2","","","6","6","1","21","","B03","24.129343","120.612878","3"
"2019","3","8","12","11","臺中市","西屯區","0","1","6","1","5","50","3","1","1","4","4","5","7","4","4","5","5","5","2","16","6","3","10","3","4","B03","7","8","1","8","2","8","","6","6","1","22","8","B03","24.161086","120.643029","2"
"2019","3","8","12","11","臺中市","西屯區","0","0","6","","","50","","","","","","","","","","","","","","","","","","","","C03","","","1","","2","","","23","","1","22","","C03","24.187383","120.619544","3"
"2019","3","8","12","11","臺中市","沙鹿區","0","1","6","1","5","60","4","2","1","4","4","5","6","2","1","10","5","5","2","16","9","3","10","3","4","B03","7","6","1","8","2","5","","9","9","1","22","9","B03","24.247433","120.606248","2"
"2019","3","8","12","12","臺中市","北區","0","0","6","","","50","","","","","","","","","","","","","","","","","","","","B03","","","3","","2","","","12","","1","22","","B03","24.1702","120.6673","3"
"2019","3","8","12","24","臺中市","北區","0","1","6","1","5","30","14","7","4","4","4","5","7","4","4","3","2","4","2","18","23","2","8","1","1","C03","7","9","1","10","2","14","","23","23","1","21","8","C03","24.158145","120.666965","2"
"2019","3","8","12","26","臺中市","潭子區","0","2","6","1","5","50","4","1","1","4","4","5","7","4","4","5","5","5","2","15","6","2","9","1","1","C03","7","9","1","10","2","11","","14","6","1","22","8","C03","24.209395","120.702686","2"
"2019","3","8","12","28","臺中市","北屯區","0","1","6","1","5","50","14","9","1","4","4","5","7","4","4","1","4","5","2","17","43","2","9","1","1","C03","7","9","1","10","2","15","","43","43","1","5","8","C03","24.173924","120.670553","2"
"2019","3","8","12","30","臺中市","霧峰區","0","0","8","","","70","","","","","","","","","","","","","","","","","","","","B03","","","1","","2","","","12","","1","21","","B03","24.055353","120.69632","3"
"2019","3","8","12","30","臺中市","霧峰區","0","0","6","","","40","","","","","","","","","","","","","","","","","","","","B12","","","1","","9","","","17","","1","","","B12","24.044233","120.687418","3"
"2019","3","8","12","30","臺中市","太平區","","","6","","","50","","","","","","","","","","","","","","","","","","","","B12","","","1","","3","","","23","","1","21","","B12","24.157887","120.720301","3"
"2019","3","8","12","31","臺中市","西區","0","1","6","1","5","50","4","1","1","4","4","5","7","2","1","10","5","5","2","15","25","2","9","1","1","B03","7","9","1","8","2","4","","25","25","1","21","8","B03","24.137698","120.669013","2"
"2019","3","8","12","36","臺中市","南區","0","1","6","1","5","50","4","1","1","4","4","5","7","1","1","10","5","5","2","3","15","3","10","1","1","B03","7","5","1","10","2","8","","15","15","1","21","8","B03","24.111922","120.650269","2"
"2019","3","8","12","36","臺中市","西屯區","0","1","6","1","5","50","4","1","1","4","4","5","7","1","1","1","2","1","2","16","26","3","10","3","4","B03","7","5","6","8","2","5","","26","26","1","22","8","B03","24.169976","120.588621","2"
"2019","3","8","12","41","臺中市","北屯區","0","0","6","","","60","","","","","","","","","","","","","","","43","","","","","B03","","","1","","2","","","43","43","1","22","","B03","24.164668","120.7069","3"
"2019","3","8","12","45","臺中市","沙鹿區","0","0","6","","","40","","","","","","","","","","","","","","","","","","","","B03","","","1","","2","","","42","","1","1","","B03","24.239274","120.564874","3"
"2019","3","8","12","50","臺中市","梧棲區","0","0","6","","","50","","","","","","","","","","","","","","","","","","","","B03","","","1","","2","","","16","","","","","B03","24.257816","120.539061","3"
"2019","3","8","13","0","臺中市","潭子區","0","0","6","","","50","","","","","","","","","","","","","","","","","","","","A11","","","1","","9","","","17","","2","21","","A11","24.202386","120.70398","3"
"2019","3","8","13","3","臺中市","北屯區","0","0","6","","","50","","","","","","","","","","","","","","","","","","","","B03","","","3","","2","","","7","","1","5","","B03","24.180504","120.666933","3"
"2019","3","8","13","5","臺中市","潭子區","0","1","6","1","5","40","14","8","1","4","4","5","7","4","4","3","4","4","1","12","6","3","10","1","1","B03","7","6","1","8","2","6","","6","6","1","22","9","B03","24.213416","120.685236","2"
"2019","3","8","13","15","臺中市","東區","0","0","6","1","5","50","14","7","1","5","4","5","7","4","4","5","5","5","2","12","23","3","10","1","1","B03","7","6","1","8","2","2","","23","23","1","22","8","B03","24.147061","120.707918","3"
"2019","3","8","13","15","臺中市","西屯區","0","0","6","","","50","","","","","","","","","","","","","","","7","","","","","B03","","","1","","2","","","7","7","1","","","B03","24.182936","120.59333","3"
"2019","3","8","13","15","臺中市","大里區","0","1","6","1","5","60","11","8","1","4","4","5","7","4","4","1","4","4","1","16","6","3","10","1","1","B03","7","9","1","8","2","4","","6","6","1","12","8","B03","24.101037","120.690995","2"
"2019","3","8","13","20","臺中市","西屯區","0","0","6","","","50","","","","","","","","","","","","","","","","","","","","B03","","","1","","2","","","12","","1","22","","B03","24.172322","120.650006","3"
"2019","3","8","13","28","臺中市","西區","0","2","6","1","5","50","14","9","1","4","4","5","7","4","4","5","5","5","2","16","26","2","9","1","1","C03","7","11","1","10","2","14","","26","26","1","21","8","C03","24.141117","120.675278","2"
"2019","3","8","13","30","臺中市","大里區","0","0","6","","","30","","","","","","","","","","","","","","","25","3","10","3","1","A41","7","9","1","1","2","1","","25","25","1","22","9","A41","24.104694","120.680077","3"
"2019","3","8","13","34","臺中市","北區","0","0","6","","","50","","","","","","","","","","","","","","","","","","","","B03","","","1","","2","","","19","","1","","","B03","24.167095","120.678666","3"
"2019","3","8","13","35","臺中市","北屯區","0","0","6","","","40","","","","","","","","","","","","","","","23","","","","","B03","","","1","","2","","","23","23","1","19","","B03","24.1823","120.7131","3"
"2019","3","8","13","43","臺中市","大甲區","0","0","","","","50","","","","","","","","","","","","","","","23","","","","","B12","","","1","","2","","","23","23","1","4","","B12","24.348294","120.622008","3"
"2019","3","8","14","0","臺中市","北區","0","0","6","","","50","","","","","","","","","","","","","","","","3","","","","B03","","","1","","2","","","16","","1","22","","B03","24.16681","120.670564","3"
"2019","3","8","14","0","臺中市","霧峰區","0","1","8","1","5","70","3","1","1","5","4","5","7","1","1","10","5","5","2","17","23","2","1","1","1","B03","7","9","1","8","2","1","","23","23","1","20","8","B03","24.023966","120.696535","2"
"2019","3","8","14","2","臺中市","中區","0","0","8","","","50","","","","","","","","","","","","","","","","","","","","C03","","","6","","2","","","6","","1","20","","C03","24.139518","120.684488","3"
"2019","3","8","14","5","臺中市","龍井區","0","1","8","1","5","40","5","1","1","5","4","5","7","1","1","10","5","5","2","12","43","2","8","4","5","F02","7","9","8","20","2","16","","43","43","1","5","1","F02","24.193561","120.537158","2"
"2019","3","8","14","7","臺中市","西屯區","0","1","6","1","5","50","4","1","1","4","4","5","7","1","1","10","5","5","2","16","9","3","10","1","1","B01","7","6","1","4","2","2","","9","9","1","22","9","B01","24.170326","120.632766","2"
"2019","3","8","14","16","臺中市","西屯區","0","1","6","1","5","50","3","1","1","4","4","5","7","1","1","10","5","5","2","17","23","2","9","1","1","C03","7","9","1","10","2","14","","23","23","1","4","8","C03","24.183431","120.630284","2"
"2019","3","8","14","20","臺中市","大里區","0","0","8","","","40","","","","","","","","","","","","","","","","","","","","B12","","","1","","2","","","12","","1","12","","B12","24.093756","120.683135","3"
"2019","3","8","14","23","臺中市","西屯區","0","1","8","1","5","50","14","9","1","5","4","5","7","4","4","9","4","5","2","17","23","2","9","3","4","C04","7","9","3","18","2","11","","23","23","1","22","8","C04","24.164371","120.654393","2"
"2019","3","8","14","28","臺中市","南區","0","0","8","","","50","","","","","","","","","","","","","","","","3","","","","B03","","","1","","2","","","23","","1","21","","B03","24.114758","120.669691","3"
"2019","3","8","14","29","臺中市","烏日區","0","2","8","1","5","50","4","1","1","5","4","5","7","3","1","10","5","5","2","15","6","3","10","1","1","B03","7","9","1","8","2","5","","6","6","1","5","8","B03","24.110106","120.628483","2"
"2019","3","8","14","30","臺中市","霧峰區","0","1","8","1","5","50","4","2","1","5","4","3","5","4","4","9","5","5","1","11","6","3","10","3","4","B03","7","5","1","8","2","8","","6","6","1","6","8","B03","24.063455","120.697375","2"
"2019","3","8","14","34","臺中市","北屯區","0","1","7","1","5","50","4","1","1","4","4","5","7","2","1","10","5","5","2","17","25","3","10","1","1","B03","7","15","1","8","2","6","","25","25","1","5","8","B03","24.164973","120.700231","2"
"2019","3","8","14","35","臺中市","北屯區","0","1","7","1","5","40","14","7","1","4","4","5","7","4","4","1","4","4","2","12","19","3","10","1","1","B12","7","1","1","8","2","4","","19","19","1","22","8","B12","24.174971","120.730186","2"
"2019","3","8","14","35","臺中市","梧棲區","0","1","8","1","5","40","14","9","1","5","4","5","7","4","4","10","5","5","2","20","23","2","9","3","4","C03","7","9","3","18","8","11","","23","23","1","21","8","C03","24.233352","120.543759","2"
"2019","3","8","14","45","臺中市","太平區","0","0","8","","","50","","","","","","","","","","","","","","","","","","","","B03","","","1","","2","","","23","","1","21","","B03","24.127258","120.711587","3"
"2019","3","8","14","45","臺中市","烏日區","0","1","8","1","5","60","14","9","1","5","4","5","7","4","4","1","4","5","2","18","23","2","7","1","1","C03","7","9","1","10","2","11","14","23","23","1","21","8","C03","24.11128","120.648901","2"
"2019","3","8","15","0","臺中市","北區","0","1","7","1","5","50","4","1","1","5","4","5","7","4","4","5","5","5","2","12","6","3","10","3","4","C03","7","5","1","10","2","13","","6","6","1","22","9","C03","24.162751","120.686626","2"
"2019","3","8","15","4","臺中市","北屯區","0","0","8","","","40","","","","","","","","","","","","","","","","","","","","B03","","","1","","2","","","23","","1","5","","B03","24.173579","120.676238","3"
"2019","3","8","15","10","臺中市","西屯區","0","0","8","","","50","","","","","","","","","","","","","","","","","","","","B03","","","1","","2","","","10","","1","22","","B03","24.172465","120.642758","3"
"2019","3","8","15","15","臺中市","西區","0","0","8","","","50","","","","","","","","","","","","","","","","3","","","","B03","","","1","","2","","","23","","","21","","B03","24.14297","120.65953","3"
"2019","3","8","15","15","臺中市","北區","0","2","7","1","5","50","4","1","1","5","4","3","5","4","4","10","5","5","2","15","6","2","9","1","4","C03","7","9","1","10","2","12","","23","6","1","21","8","C03","24.158165","120.679945","2"
"2019","3","8","15","15","臺中市","北屯區","0","0","8","","","50","","","","","","","","","","","","","","","","","","","","B03","","","1","","2","","","23","","1","7","","B03","24.1649","120.6907","3"
"2019","3","8","15","19","臺中市","南區","0","0","8","","","50","","","","","","","","","","","","","","","","3","","","","B12","","","1","","2","","","23","","1","21","","B12","24.131913","120.674653","3"
"2019","3","8","15","22","臺中市","大雅區","0","0","8","","","60","","","","","","","","","","","","","","","","","","","","","","","","","","","","","","","","","","24.214574","120.649653","3"
"2019","3","8","15","25","臺中市","北區","0","1","8","1","5","50","4","1","1","5","4","5","7","1","1","5","4","5","2","17","6","3","10","1","1","B03","7","5","1","8","2","2","","6","6","1","21","8","B03","24.167205","120.67833","2"
"2019","3","8","15","26","臺中市","西區","0","0","8","","","50","","","","","","","","","","","","","","","","","","","","C03","","","4","","2","","","26","","1","22","","C03","24.135914","120.672797","3"
"2019","3","8","15","28","臺中市","北區","0","1","7","1","5","50","3","1","1","4","4","5","7","1","1","10","5","5","2","12","8","3","10","1","1","B03","7","5","1","8","2","4","","8","8","1","22","8","B03","24.156768","120.68826","2"
"2019","3","8","15","33","臺中市","沙鹿區","0","0","8","","","50","","","","","","","","","","","","","","","","","","","","B03","","","1","","2","","","12","","1","22","","B03","24.238583","120.572247","3"
"2019","3","8","15","38","臺中市","北屯區","0","1","7","1","5","50","4","1","1","4","4","5","7","1","1","10","5","5","2","16","23","3","10","1","1","B03","7","6","1","8","2","1","","23","23","1","22","8","B03","24.174973","120.730216","2"
"2019","3","8","15","38","臺中市","西屯區","0","1","8","1","5","60","14","7","1","5","4","5","7","4","4","9","4","1","2","13","16","3","10","1","1","B03","7","9","1","8","2","1","","16","16","1","22","8","B03","24.158943","120.656265","2"
"2019","3","8","15","41","臺中市","西屯區","0","1","8","1","5","50","3","2","1","4","4","5","7","2","1","5","5","4","2","16","6","3","10","1","1","B03","7","5","1","8","2","2","","6","6","1","22","8","B03","24.166354","120.663967","2"
"2019","3","8","15","42","臺中市","南區","0","0","","","","","","","","","","","","","","","","","","","","","","","","B03","","","1","","2","","","23","","1","","","B03","24.12473","120.659858","3"
"2019","3","8","15","58","臺中市","大雅區","0","0","6","","","50","","","","","","","","","","","","","","","","","","","","B03","","","1","","2","","","12","","1","","","B03","24.206699","120.666603","3"
"2019","3","8","16","0","臺中市","大肚區","0","0","6","","","50","","","","","","","","","","","","","","","","","","","","B03","","","1","","2","","","23","","1","19","","B03","24.156096","120.545281","3"
"2019","3","8","16","0","臺中市","大肚區","0","1","8","1","5","50","14","9","1","5","4","5","7","4","4","5","5","5","1","16","26","3","10","1","1","B12","7","11","1","8","2","5","","26","26","1","21","8","B12","24.167222","120.578333","2"
"2019","3","8","16","7","臺中市","北區","0","0","8","","","50","","","","","","","","","","","","","","","","","","","","B03","","","1","","2","","","23","","1","22","","B03","24.164925","120.667741","3"
"2019","3","8","16","10","臺中市","大里區","0","0","8","","","50","","","","","","","","","","","","","","","","","","","","C03","","","1","","2","","","42","","1","22","","C03","24.096","120.681213","3"
"2019","3","8","16","14","臺中市","南區","0","1","8","1","5","50","14","8","1","5","4","5","7","4","4","5","5","4","2","10","4","2","9","1","1","C04","7","9","1","8","2","11","","4","4","1","4","8","C04","24.125002","120.663933","2"
"2019","3","8","16","15","臺中市","南屯區","0","2","8","1","5","50","3","2","1","5","4","5","7","4","4","10","5","5","2","16","6","2","9","1","1","C04","7","5","1","10","2","14","","6","6","1","22","9","C04","24.146625","120.612878","2"
"2019","3","8","16","15","臺中市","南屯區","0","2","8","1","5","50","4","1","1","5","4","5","7","4","4","10","5","5","2","13","23","2","8","1","1","C03","7","9","1","10","2","11","","23","23","1","22","9","C03","24.145695","120.609861","2"
"2019","3","8","16","16","臺中市","北屯區","0","2","8","1","5","50","4","1","1","5","4","5","7","1","1","10","5","5","2","13","43","2","9","1","1","C03","7","9","1","10","2","11","","43","43","1","4","8","C03","24.1737","120.6713","2"
"2019","3","8","16","21","臺中市","東勢區","0","0","8","1","5","70","3","7","1","5","4","5","7","1","1","1","2","4","1","13","23","3","10","1","1","B03","7","3","1","8","2","3","","23","23","1","22","8","B03","24.27469","120.78296","3"
"2019","3","8","16","26","臺中市","西區","0","2","8","1","5","50","4","2","1","5","4","5","7","2","1","10","5","5","2","13","16","2","9","1","1","C03","7","9","1","10","2","11","","16","16","1","6","9","C03","24.137124","120.680573","2"
"2019","3","8","16","30","臺中市","太平區","","","8","","","50","","","","","","","","","","","","","","","44","","","","","B03","","","1","","2","","","44","44","1","21","","B03","24.11247","120.730564","3"
"2019","3","8","16","35","臺中市","西區","0","1","7","1","5","50","4","1","1","5","4","5","7","4","4","10","5","5","2","15","6","3","10","1","1","B03","7","9","1","8","2","1","","6","6","1","21","8","B03","24.149027","120.667577","2"
"2019","3","8","16","41","臺中市","中區","0","0","8","","","50","","","","","","","","","","","","","","","","3","","","","C03","","","1","","2","","","16","","","21","","C03","24.142551","120.676204","4"
"2019","3","8","16","50","臺中市","南屯區","0","0","6","","","50","","","","","","","","","","","","","","","","","","","","B03","","","1","","11","","","18","","1","22","","B03","24.149008","120.641746","3"
"2019","3","8","16","52","臺中市","霧峰區","0","1","8","1","5","50","14","9","1","5","4","5","7","4","4","5","5","4","1","12","7","2","9","1","1","C03","7","7","1","10","2","14","","7","7","1","18","8","C03","24.066639","120.699001","2"
"2019","3","8","16","54","臺中市","西屯區","0","1","8","1","5","50","14","7","1","5","4","5","7","4","4","4","3","4","2","13","23","2","8","1","1","C03","7","9","1","10","2","11","","23","23","1","21","8","C03","24.185723","120.622963","2"
"2019","3","8","17","0","臺中市","大里區","0","1","7","1","5","40","3","1","2","4","4","5","3","4","4","10","5","5","2","16","6","2","7","1","1","C03","7","6","6","10","2","12","","6","6","1","5","8","C03","24.088926","120.660726","2"
"2019","3","8","17","5","臺中市","大里區","0","2","7","2","5","50","5","1","1","5","4","5","7","1","1","10","5","5","2","17","23","2","8","1","1","C03","7","6","1","10","2","14","","23","23","1","22","5","C03","24.112945","120.689736","2"
"2019","3","8","17","5","臺中市","霧峰區","0","0","8","","","50","","","","","","","","","","","","","","","","","","","","B03","","","1","","2","","","23","","1","","","B03","24.063816","120.698616","3"
"2019","3","8","17","7","臺中市","北區","0","2","7","1","5","50","14","7","1","5","4","5","7","4","4","5","4","5","2","17","8","2","7","1","1","C03","7","5","3","18","2","12","","8","8","1","21","8","C03","24.16706","120.677285","2"
"2019","3","8","17","7","臺中市","北區","0","2","7","1","5","50","4","1","1","4","4","5","7","1","1","10","5","5","2","16","23","2","7","1","4","C03","7","5","1","10","2","12","","6","23","1","21","8","C03","24.159219","120.669186","2"
"2019","3","8","17","9","臺中市","太平區","0","2","8","1","5","50","3","2","1","5","4","5","7","1","1","5","4","3","1","17","19","2","9","1","1","C03","7","1","1","10","2","14","","19","19","1","21","8","C03","24.110457","120.712324","2"
"2019","3","8","17","10","臺中市","大里區","0","0","8","","","50","","","","","","","","","","","","","","","","","","","","B03","","","1","","2","","","7","","1","21","","B03","24.090717","120.692925","3"
"2019","3","8","17","10","臺中市","烏日區","0","0","6","","","60","","","","","","","","","","","","","","","","","","","","B03","","","1","","2","","","16","","1","22","","B03","24.107491","120.636568","3"
"2019","3","8","17","14","臺中市","太平區","0","1","8","2","5","50","3","1","1","5","4","5","7","4","4","5","5","5","1","16","42","2","9","1","1","C03","7","5","4","11","2","14","","42","42","1","20","8","C03","24.12653","120.718638","2"
"2019","3","8","17","15","臺中市","大里區","0","1","7","2","5","50","3","1","1","5","4","5","7","4","4","10","5","5","2","17","6","3","10","1","1","C03","7","5","1","10","2","14","13","6","6","1","22","5","C03","24.106968","120.67948","2"
"2019","3","8","17","32","臺中市","西屯區","0","0","8","","","50","","","","","","","","","","","","","","","","","","","","C03","","","1","","2","","","23","","1","22","","C03","24.183105","120.604456","3"
"2019","3","8","17","32","臺中市","潭子區","0","0","8","1","5","60","14","7","1","5","4","5","7","4","4","10","4","4","1","13","","","","","","B03","","","1","","2","","","23","","1","22","","B03","24.2076","120.68643","3"
"2019","3","8","17","40","臺中市","南屯區","0","1","8","2","5","50","14","8","1","5","4","5","7","4","4","5","4","4","2","16","6","3","10","1","1","B03","7","8","1","8","2","2","","6","6","1","22","9","B03","24.157417","120.615065","2"
"2019","3","8","17","40","臺中市","大里區","0","0","8","","","40","","","","","","","","","","","","","","","","","","","","C03","","","1","","2","","","16","","1","22","","C03","24.110358","120.696441","3"
"2019","3","8","17","40","臺中市","太平區","0","2","8","2","5","50","14","9","1","5","4","5","7","4","4","5","5","5","1","3","51","2","9","1","5","H01","8","16","8","20","10","16","","51","51","1","20","8","H01","24.124516","120.716338","2"
"2019","3","8","17","42","臺中市","北屯區","0","0","7","2","5","50","11","9","1","4","4","5","7","4","4","10","5","5","2","11","21","3","10","1","1","B03","7","9","6","8","6","6","","21","21","1","21","8","B03","24.163463","120.734896","3"
"2019","3","8","17","42","臺中市","大雅區","0","2","8","1","5","50","3","1","1","5","4","5","7","1","1","5","5","5","2","17","6","2","9","1","1","C03","7","5","1","10","2","11","","6","6","1","21","8","C03","24.216465","120.650868","2"
"2019","3","8","17","45","臺中市","東區","0","1","8","1","5","50","4","1","1","5","4","5","7","4","4","10","5","5","2","18","23","2","9","1","1","C03","7","9","1","10","2","12","","23","23","1","21","8","C03","24.13139","120.70524","2"
"2019","3","8","17","47","臺中市","潭子區","0","1","8","3","5","40","11","9","1","4","4","5","7","4","4","10","5","5","2","17","19","3","10","1","1","B03","7","1","1","8","2","8","","19","19","1","22","9","B03","24.222093","120.693436","2"
"2019","3","8","17","50","臺中市","神岡區","0","0","8","","","50","","","","","","","","","","","","","","","1","","","","","B03","","4","1","","2","","","1","1","1","21","","B03","24.258609","120.662577","3"
"2019","3","8","17","50","臺中市","大雅區","0","0","8","","","40","","","","","","","","","","","","","","","","","","","","B12","","","1","","2","","","12","","1","22","","B12","24.23481","120.6325","3"
"2019","3","8","17","53","臺中市","西屯區","0","0","8","","","40","","","","","","","","","","","","","","","","","","","","C03","","","1","","2","","","16","","1","22","","C03","24.182191","120.634745","3"
"2019","3","8","17","54","臺中市","潭子區","0","0","8","","","50","","","","","","","","","","","","","","","","","","","","B03","","","1","","2","","","23","","1","5","","B03","24.203384","120.706303","3"
"2019","3","8","17","55","臺中市","龍井區","0","2","7","2","5","40","3","1","1","5","4","5","7","4","4","10","5","5","2","16","6","2","8","1","1","C03","7","5","1","10","2","14","","6","6","1","5","1","C03","24.180589","120.583992","2"
"2019","3","8","17","57","臺中市","南區","0","0","8","","","50","","","","","","","","","","","","","","","","","","","","B03","","","1","","9","","","26","","2","","","B03","24.121024","120.654046","3"
"2019","3","8","17","58","臺中市","西屯區","0","0","","","","","","","","","","","","","","","","","","","7","","","","","B03","","","1","","2","","","7","7","1","","","B03","24.184218","120.609569","3"
"2019","3","8","17","59","臺中市","南區","0","3","8","1","5","50","3","1","1","5","4","5","7","4","4","1","4","5","2","13","16","2","8","1","1","C03","7","9","1","10","2","11","","16","16","1","18","8","C03","24.119686","120.679313","2"
"2019","3","8","17","59","臺中市","沙鹿區","0","1","8","1","5","50","14","7","1","5","4","5","7","4","4","1","4","4","2","13","23","2","9","1","1","C03","7","9","2","18","2","11","","23","23","1","16","8","C03","24.22888","120.56706","2"
"2019","3","8","18","6","臺中市","太平區","0","0","8","","","50","","","","","","","","","","","","","","","","","","","","B03","","","1","","2","","","42","","1","21","","B03","24.159182","120.708938","3"