"年","月","日","時","分","縣市","區","死","受傷","天候","光線","道路類別","速限","道路型態","事故位置","路面鋪裝","路面狀態","路面缺陷","障礙物","視距","號誌種類","號誌動作","分向設施","快車道或一般車道間","快慢車道間","路面邊線","事故類型及型態","主要肇因","受傷程度","主要傷處","保護裝備","行動電話","當事者區分","車輛用途","當事者行動狀態","駕駛資格情形","駕駛執照種類","飲酒情形","車輛撞擊部位最初","車輛撞擊部位其他","肇事因素個別","肇事因素主要","肇事逃逸","職業","旅次目的","車種","GPS座標緯度","GPS座標經度","事故類別"
"2019","3","8","18","7","臺中市","東區","0","0","","","","","","","","","","","","","","","","","","","","","","","","B12","","","1","","2","","","16","","1","5","","B12","24.135015","120.710576","3"
"2019","3","8","18","8","臺中市","南屯區","0","0","6","","","40","","","","","","","","","","","","","","","","","","","","B03","","","1","","2","","","6","","1","22","","B03","24.133838","120.644228","3"
"2019","3","8","18","10","臺中市","大雅區","0","1","7","2","5","40","3","9","1","4","4","5","7","1","1","4","1","5","1","13","16","2","8","1","1","C03","7","9","1","10","2","11","","16","16","1","19","7","C03","24.216154","120.645615","2"
"2019","3","8","18","14","臺中市","霧峰區","0","1","7","3","5","50","3","1","1","5","4","5","7","1","1","10","5","5","2","16","6","3","10","1","1","C03","7","5","1","10","2","11","","6","6","1","18","8","C03","24.04846","120.686843","2"
"2019","3","8","18","15","臺中市","北屯區","0","0","8","","","50","","","","","","","","","","","","","","","","","","","","","","","7","","11","","","43","","1","","","","24.173937","120.675103","3"
"2019","3","8","18","20","臺中市","霧峰區","0","0","6","","","50","","","","","","","","","","","","","","","","","","","","B03","","","1","","2","","","23","","1","22","","B03","24.075695","120.700448","3"
"2019","3","8","18","20","臺中市","烏日區","0","0","8","","","60","","","","","","","","","","","","","","","","","","","","B03","","","1","","2","","","23","","1","22","","B03","24.059552","120.644563","3"
"2019","3","8","18","21","臺中市","沙鹿區","0","1","8","3","5","60","14","7","1","5","4","5","7","4","4","1","3","1","1","13","16","3","10","1","1","B03","7","12","1","8","2","1","","16","16","1","4","9","B03","24.23385","120.571739","2"
"2019","3","8","18","24","臺中市","太平區","0","0","8","","","50","","","","","","","","","","","","","","","","","","","","B03","","","1","","2","","","23","","1","","","B03","24.110113","120.730075","3"
"2019","3","8","18","25","臺中市","西屯區","0","0","8","","","50","","","","","","","","","","","","","","","","","","","","B03","","","1","","2","","","23","","1","22","","B03","24.177691","120.637388","3"
"2019","3","8","18","29","臺中市","太平區","0","2","8","3","5","50","3","1","1","5","4","5","7","1","1","10","5","5","2","17","23","3","10","1","1","B03","7","5","1","8","2","4","","23","23","1","21","8","B03","24.125775","120.728255","2"
"2019","3","8","18","33","臺中市","西屯區","0","0","8","","","50","","","","","","","","","","","","","","","","","","","","C03","","","1","","2","","","16","","1","22","","C03","24.187495","120.64059","3"
"2019","3","8","18","34","臺中市","潭子區","0","0","8","1","5","50","4","1","1","5","4","5","7","1","1","10","5","5","2","12","","","","","","B03","","","1","","2","","","7","","1","22","","B03","24.206406","120.711881","4"
"2019","3","8","18","39","臺中市","后里區","0","0","8","","","50","","","","","","","","","","","","","","","","","","","","B03","","","1","","2","","","23","","1","5","","B03","24.308965","120.72522","3"
"2019","3","8","18","40","臺中市","北屯區","0","1","8","3","5","40","14","16","1","4","4","5","7","4","4","10","5","5","2","13","16","2","9","1","1","B03","7","9","1","8","2","1","","16","16","1","5","8","B03","24.200922","120.688689","2"
"2019","3","8","18","40","臺中市","烏日區","0","1","8","3","5","50","14","9","1","5","4","5","7","4","4","5","4","5","1","18","43","2","9","1","1","C03","7","9","1","10","2","12","","43","43","1","21","8","C03","24.114487","120.608683","2"
"2019","3","8","18","42","臺中市","西屯區","0","0","8","","","50","","","","","","","","","","","","","","","","","","","","B03","","","1","","2","","","23","","1","22","","B03","24.205722","120.6522","3"
"2019","3","8","18","43","臺中市","北屯區","0","0","8","","","50","","","","","","","","","","","","","","","","","","","","B03","","","1","","2","","","23","","1","20","","B03","24.163","120.693","3"
"2019","3","8","18","43","臺中市","沙鹿區","0","1","8","3","5","60","4","1","1","5","4","5","7","1","1","10","5","5","2","16","7","3","10","1","1","B12","7","8","1","8","2","5","","7","7","1","21","8","B12","24.238099","120.568139","2"
"2019","3","8","18","44","臺中市","西區","0","1","7","3","5","50","3","1","1","5","4","5","7","3","1","10","5","5","2","17","10","3","10","1","1","B03","7","11","1","8","2","5","","10","10","1","22","9","B03","24.154531","120.657463","2"
"2019","3","8","18","45","臺中市","西屯區","0","3","8","1","5","50","4","1","1","5","4","5","7","1","1","4","3","4","2","16","6","2","9","1","1","C03","7","5","1","10","2","12","","6","6","1","21","8","C03","24.166169","120.637408","2"
"2019","3","8","18","48","臺中市","西區","0","0","8","","","50","","","","","","","","","","","","","","","42","3","","","","B03","","","1","","2","","","42","42","","5","","B03","24.140079","120.665709","3"
"2019","3","8","18","50","臺中市","霧峰區","0","0","8","","","50","","","","","","","","","","","","","","","","","","","","C03","","","1","","2","","","6","","1","22","","C03","24.062089","120.697512","3"
"2019","3","8","19","0","臺中市","西區","0","0","8","","","50","","","","","","","","","","","","","","","17","3","","","","C03","","","1","10","2","13","","17","17","1","21","8","C03","24.139294","120.678252","3"
"2019","3","8","19","0","臺中市","大里區","0","1","8","3","5","50","4","1","1","5","4","5","7","1","1","10","5","5","2","13","23","3","10","1","1","B02","7","9","1","8","2","1","","23","23","1","21","8","B02","24.10067","120.683346","2"
"2019","3","8","19","3","臺中市","西區","0","1","8","3","5","50","3","1","1","5","4","5","7","4","4","10","5","5","2","16","6","3","10","1","1","B03","7","5","1","8","2","8","","6","6","1","21","5","B03","24.150297","120.656737","2"
"2019","3","8","19","6","臺中市","西屯區","0","0","8","","","50","","","","","","","","","","","","","","","","","","","","B03","","","1","","2","","","19","","1","22","","B03","24.173538","120.648456","3"
"2019","3","8","19","8","臺中市","太平區","0","0","8","","","50","","","","","","","","","","","","","","","","","","","","C03","","","1","","2","","","23","","1","4","","C03","24.137562","120.724086","3"
"2019","3","8","19","14","臺中市","大肚區","0","1","8","3","5","50","4","7","1","5","4","5","7","1","1","1","4","4","1","12","9","3","10","1","1","B03","7","6","1","8","2","5","","9","9","1","21","8","B03","24.125068","120.561501","2"
"2019","3","8","19","15","臺中市","北屯區","0","0","6","","","50","","","","","","","","","","","","","","","23","","","","","B03","","","1","","2","","","23","23","1","5","","B03","24.190133","120.686293","3"
"2019","3","8","19","22","臺中市","北區","0","0","8","","","40","","","","","","","","","","","","","","","","","","","","B03","","","1","","2","","","1","","1","22","","B03","24.164275","120.674521","4"
"2019","3","8","19","23","臺中市","北區","0","0","6","","","50","","","","","","","","","","","","","","","23","3","","","","C03","","","1","10","2","11","","23","23","","21","","C03","24.165305","120.686297","3"
"2019","3","8","19","24","臺中市","神岡區","0","0","8","","","50","","","","","","","","","","","","","","","23","","","","","B02","","5","1","","2","","","23","23","1","21","","B02","24.248543","120.696246","3"
"2019","3","8","19","28","臺中市","西屯區","0","1","8","3","5","50","14","9","1","5","4","5","7","3","1","9","2","5","2","13","23","2","9","1","1","C03","7","9","1","10","2","11","","23","23","1","22","8","C03","24.19182","120.644118","2"
"2019","3","8","19","28","臺中市","太平區","0","0","6","","","50","","","","","","","","","","","","","","","","","","","","B03","","","1","","2","","","42","","1","19","","B03","24.158565","120.717468","3"
"2019","3","8","19","28","臺中市","烏日區","0","1","8","3","5","70","3","2","1","5","4","5","7","4","4","1","3","4","1","17","9","3","10","1","1","B03","7","6","3","18","2","5","","9","9","1","22","8","B03","24.107371","120.612474","2"
"2019","3","8","19","40","臺中市","北屯區","0","0","8","","","50","","","","","","","","","","","","","","","16","","","","","B03","","","1","","2","","","16","16","1","21","","B03","24.175971","120.722544","3"
"2019","3","8","19","51","臺中市","北區","0","3","7","4","5","50","14","7","1","5","4","5","7","4","4","5","4","4","2","13","23","3","10","1","1","B02","7","9","1","8","2","1","","23","23","1","21","8","B02","24.171153","120.67195","2"
"2019","3","8","19","52","臺中市","大里區","0","1","8","1","5","50","4","2","1","5","4","5","7","1","1","9","4","4","1","16","25","2","8","1","1","C03","7","5","1","10","2","11","","25","25","1","22","9","C03","24.109326","120.679355","2"
"2019","3","8","20","10","臺中市","烏日區","0","0","8","","","50","","","","","","","","","","","","","","","","","","","","B03","","","6","","1","","","43","","1","21","","B03","24.104101","120.64174","3"
"2019","3","8","20","12","臺中市","東區","0","1","7","2","5","50","14","7","1","5","4","5","7","4","4","5","5","4","2","16","26","3","10","1","1","B03","7","11","1","8","2","4","","26","26","1","21","8","B03","24.145679","120.700829","2"
"2019","3","8","20","15","臺中市","西區","0","0","6","","","50","","","","","","","","","","","","","","","","","","","","B03","","","1","","2","","","19","","1","22","","B03","24.14056","120.66714","3"
"2019","3","8","20","15","臺中市","南屯區","0","0","","","","","","","","","","","","","","","","","","","17","","","","","B03","","","1","","2","","","17","17","1","22","","B03","24.129078","120.654431","3"
"2019","3","8","20","33","臺中市","梧棲區","0","2","6","3","5","40","11","9","5","4","4","5","7","4","4","10","5","5","2","10","23","2","9","1","1","C03","7","9","1","10","2","11","","23","23","1","9","8","C03","24.244836","120.539683","2"
"2019","3","8","20","34","臺中市","西屯區","0","0","6","","","50","","","","","","","","","","","","","","","","","","","","B03","","","1","","1","","","12","","1","22","","B03","24.168225","120.643558","3"
"2019","3","8","20","37","臺中市","北屯區","0","0","8","","","40","","","","","","","","","","","","","","","42","","","","","C03","","","1","","2","","","42","42","1","5","","C03","24.163147","120.721941","3"
"2019","3","8","20","43","臺中市","龍井區","0","2","6","3","5","50","14","9","1","4","4","5","7","4","4","5","5","5","1","2","23","2","9","3","4","C03","7","9","1","10","2","15","","23","23","1","22","8","C03","24.190951","120.592236","2"
"2019","3","8","20","43","臺中市","神岡區","0","1","6","4","5","50","3","1","1","4","4","5","7","3","1","5","5","4","2","14","12","3","10","1","1","B03","7","2","1","8","2","2","","12","12","1","21","8","B03","24.267029","120.65853","2"
"2019","3","8","20","47","臺中市","霧峰區","0","3","6","3","5","50","3","1","1","4","4","5","7","4","4","5","4","4","1","17","19","2","9","1","1","C03","7","1","1","10","2","11","","19","19","1","18","8","C03","24.068543","120.699192","2"
"2019","3","8","21","0","臺中市","西區","0","1","6","3","5","50","5","1","1","4","4","5","7","1","1","10","5","5","2","12","17","3","10","1","1","B03","7","9","1","8","2","2","","17","17","1","21","8","B03","24.129408","120.666963","2"
"2019","3","8","21","0","臺中市","北屯區","0","1","6","3","5","50","4","1","1","4","4","5","7","4","4","10","5","5","2","15","6","2","9","1","1","C03","7","9","1","10","2","11","","6","6","1","2","8","C03","24.1893","120.687","2"
"2019","3","8","21","10","臺中市","東區","0","0","6","3","5","50","14","9","1","4","4","5","7","2","1","5","2","5","2","13","23","3","10","1","1","C03","7","9","1","10","2","11","","23","23","1","21","8","C03","24.13079","120.684788","3"
"2019","3","8","21","10","臺中市","烏日區","0","1","6","3","5","40","5","2","1","4","4","5","7","1","1","1","5","5","1","13","23","3","10","1","1","B12","7","1","1","8","2","1","","23","23","1","22","8","B12","24.092982","120.644716","2"
"2019","3","8","21","19","臺中市","南區","0","0","8","","","50","","","","","","","","","","","","","","","","3","","","","A04","","","1","","2","","","42","","1","21","","A04","24.129246","120.668763","3"
"2019","3","8","21","20","臺中市","北屯區","0","0","6","","","50","","","","","","","","","","","","","","","","","","","","B03","","","1","","2","","","23","","1","5","","B03","24.200615","120.693753","3"
"2019","3","8","21","23","臺中市","潭子區","0","0","6","","","50","","","","","","","","","","","","","","","","","","","","B12","","","1","","2","","","23","","1","22","","B12","24.198359","120.701528","3"
"2019","3","8","21","25","臺中市","北區","0","1","6","3","5","50","14","9","1","4","4","5","7","4","4","1","4","5","2","12","7","3","10","3","4","B01","7","8","1","4","2","3","","7","7","1","22","9","B01","24.160445","120.691528","2"
"2019","3","8","21","26","臺中市","大雅區","0","2","6","3","5","50","11","7","1","4","4","5","1","4","4","1","4","4","1","13","16","3","10","1","1","B03","7","9","1","8","2","1","","16","16","1","21","8","B03","24.242178","120.628495","2"
"2019","3","8","21","34","臺中市","西屯區","0","0","8","","","40","","","","","","","","","","","","","","","","","","","","B03","","","1","","2","","","12","","1","","","B03","24.18474","120.607611","3"
"2019","3","8","21","37","臺中市","北屯區","0","1","6","3","5","50","4","1","1","4","4","5","7","1","1","10","5","5","2","16","8","3","10","1","1","B03","7","5","1","8","2","5","","8","8","1","5","8","B03","24.172673","120.718896","2"
"2019","3","8","21","39","臺中市","北區","0","0","6","","","50","","","","","","","","","","","","","","","","","","","","B03","","","1","","2","","","7","","1","","","B03","24.171111","120.671666","3"
"2019","3","8","21","43","臺中市","西屯區","0","0","6","","","50","","","","","","","","","","","","","","","","","","","","B03","","","1","","2","","","12","","1","22","","B03","24.183773","120.63921","3"
"2019","3","8","21","44","臺中市","西屯區","0","0","6","","","60","","","","","","","","","","","","","","","","","","","","B03","","","1","","2","","","23","","1","22","","B03","24.164586","120.654126","3"
"2019","3","8","21","46","臺中市","北屯區","0","1","6","3","5","50","14","7","1","4","4","5","7","4","4","1","4","4","2","13","16","2","9","1","1","C03","7","9","1","10","2","11","12","16","16","1","5","8","C03","24.174756","120.685561","2"
"2019","3","8","22","0","臺中市","東區","0","0","6","3","5","50","14","9","1","4","4","5","7","2","1","3","2","5","2","17","23","3","10","1","1","C03","7","9","1","10","2","12","","23","23","1","21","8","C03","24.135765","120.68597","3"
"2019","3","8","22","8","臺中市","北區","0","0","6","","","50","","","","","","","","","","","","","","","","","","","","B03","","","1","","2","","","7","","1","5","","B03","24.154076","120.689383","3"
"2019","3","8","22","9","臺中市","北屯區","0","1","6","3","5","50","14","9","1","4","4","5","7","4","4","8","3","5","2","16","10","3","10","1","1","B03","7","11","1","8","2","8","","10","10","1","21","8","B03","24.175396","120.687204","2"
"2019","3","8","22","14","臺中市","大雅區","0","1","6","3","5","50","14","8","1","4","4","5","7","4","4","9","4","5","1","17","26","3","10","1","1","B03","7","11","1","8","2","5","","26","26","1","22","9","B03","24.22306","120.64954","2"
"2019","3","8","22","27","臺中市","太平區","0","0","6","","","50","","","","","","","","","","","","","","","19","","","","","B03","","","1","","2","","","38","19","1","","","B03","24.128055","120.716944","3"
"2019","3","8","22","28","臺中市","石岡區","0","0","6","","","70","","","","","","","","","","","","","","","","","","","","B03","","","1","","2","","","23","","1","22","","B03","24.260606","120.815484","3"
"2019","3","8","22","39","臺中市","中區","0","0","6","","","50","","","","","","","","","","","","","","","16","3","","","","B01","","","1","","2","","","16","16","1","21","","B01","24.140136","120.682173","3"
"2019","3","8","22","40","臺中市","西屯區","0","1","6","1","5","50","4","1","1","4","4","5","7","1","1","4","3","4","2","16","17","2","9","1","1","C03","7","9","1","10","2","14","","17","17","1","21","8","C03","24.176626","120.643268","2"
"2019","3","8","22","40","臺中市","大里區","0","1","6","3","5","50","14","7","1","4","4","5","7","4","4","5","4","4","2","17","26","3","10","1","1","B12","7","11","1","8","2","4","","26","26","1","22","5","B12","24.096381","120.69639","2"
"2019","3","8","23","0","臺中市","西屯區","0","1","6","3","5","40","3","1","1","4","4","5","7","1","1","10","5","5","2","17","43","2","9","1","1","C03","7","9","1","10","2","14","","43","43","1","21","8","C03","24.184674","120.611802","2"
"2019","3","8","23","4","臺中市","沙鹿區","0","0","","","","","","","","","","","","","","","","","","","","","","","","B03","","","1","","2","","","23","","1","","","B03","24.242546","120.561299","3"
"2019","3","8","23","20","臺中市","大雅區","0","4","6","3","5","50","14","8","1","4","4","5","7","4","4","9","4","4","1","12","23","2","9","1","1","C03","7","9","1","10","2","11","","23","23","1","22","9","C03","24.21055","120.64478","2"
"2019","3","8","23","25","臺中市","北屯區","0","1","6","3","5","50","14","7","1","4","4","5","7","1","1","5","5","4","2","10","4","3","10","1","1","C03","7","9","1","10","11","14","","4","4","2","4","8","C03","24.19248","120.68149","2"
"2019","3","8","23","28","臺中市","烏日區","0","1","6","3","5","70","4","1","1","4","4","5","7","2","1","1","3","4","1","3","23","3","10","1","1","B03","7","5","1","8","2","1","","23","23","1","22","8","B03","24.110638","120.600518","2"
"2019","3","8","23","49","臺中市","西屯區","0","1","6","3","5","50","14","9","1","4","4","5","7","1","1","3","4","5","2","29","23","2","9","1","1","C03","7","9","1","10","2","12","","23","23","1","22","8","C03","24.161237","120.634805","2"
"2019","3","8","23","54","臺中市","霧峰區","0","1","6","3","5","40","14","9","1","4","4","5","7","4","4","5","5","5","1","16","19","2","9","1","1","C03","7","9","1","10","2","14","","23","19","1","17","8","C03","24.07385","120.715253","2"
"2019","3","9","0","30","臺中市","烏日區","0","0","6","","","50","","","","","","","","","","","","","","","","","","","","C03","","","1","","2","","","12","","1","21","","C03","24.107305","120.634076","3"
"2019","3","9","0","59","臺中市","西屯區","0","1","8","1","5","50","4","1","1","4","4","5","7","3","1","4","3","4","2","16","6","2","9","1","1","B03","7","9","1","8","2","1","","6","6","1","21","8","B03","24.163936","120.636025","2"
"2019","3","9","1","6","臺中市","北屯區","0","0","6","","","40","","","","","","","","","","","","","","","","","","","","B03","","","1","","11","","","12","","1","5","","B03","24.171536","120.691695","3"
"2019","3","9","1","21","臺中市","龍井區","0","1","6","3","5","40","3","2","1","4","4","5","7","1","1","10","5","1","2","18","43","2","8","3","4","C03","7","5","1","9","2","12","","43","43","1","22","8","C03","24.187987","120.579136","2"
"2019","3","9","1","25","臺中市","北區","0","0","6","3","5","50","14","9","1","4","4","5","7","4","4","10","5","5","2","23","23","3","10","1","1","B03","7","9","5","8","2","8","","23","23","1","20","8","B03","24.1462","120.6849","3"
"2019","3","9","1","43","臺中市","南屯區","0","0","6","","","80","","","","","","","","","","","","","","","","","","","","B03","","","1","","2","","","13","","1","5","","B03","24.123003","120.619801","3"
"2019","3","9","1","50","臺中市","大安區","0","0","6","","","50","","","","","","","","","","","","","","","","","","","","A12","","","1","","2","","","42","","1","10","","A12","24.377663","120.591358","3"
"2019","3","9","1","55","臺中市","太平區","0","1","6","4","5","50","14","13","1","4","4","5","7","4","4","5","5","5","1","17","23","2","9","1","1","B03","7","9","1","8","2","1","","23","23","1","20","8","B03","24.111874","120.703668","2"
"2019","3","9","2","21","臺中市","西屯區","0","2","6","3","5","50","14","9","1","4","4","5","7","4","4","5","4","5","2","13","23","2","9","1","1","C03","7","9","3","18","2","12","","23","23","1","22","8","C03","24.158552","120.655698","2"
"2019","3","9","3","1","臺中市","西區","0","1","6","3","5","50","14","8","1","4","4","5","7","4","4","1","4","4","2","12","21","2","9","1","1","C03","7","15","1","10","8","11","","21","21","1","21","8","C03","24.160545","120.662252","2"
"2019","3","9","3","35","臺中市","北屯區","0","0","6","","","50","","","","","","","","","","","","","","","","","","","","B03","","","1","","2","","","12","","1","21","","B03","24.169913","120.687543","3"
"2019","3","9","4","46","臺中市","南屯區","0","4","6","3","5","60","14","5","1","4","4","5","7","4","4","1","4","1","2","18","13","2","9","3","4","B03","7","9","1","8","2","4","","13","13","1","22","8","B03","24.159151","120.590485","2"
"2019","3","9","6","0","臺中市","西屯區","0","1","8","1","5","50","14","9","1","5","4","5","7","4","4","10","5","5","2","18","43","2","9","1","1","C03","7","9","1","10","9","12","","43","43","1","21","8","C03","24.178106","120.661689","2"
"2019","3","9","6","8","臺中市","沙鹿區","0","2","6","1","5","40","14","8","1","4","4","5","7","4","4","1","4","1","1","17","23","2","9","1","1","C03","7","9","1","10","2","11","","23","23","1","21","8","C03","24.240382","120.562801","2"
"2019","3","9","6","12","臺中市","中區","0","0","6","","","50","","","","","","","","","","","","","","","26","3","","","","B12","","","1","","2","","","26","26","1","21","","B12","24.137672","120.684987","3"
"2019","3","9","7","6","臺中市","龍井區","0","1","6","1","5","40","3","1","1","4","4","5","7","4","4","10","5","5","2","15","6","3","10","1","1","B03","7","9","1","8","2","5","","6","6","1","19","8","B03","24.189673","120.538311","2"
"2019","3","9","7","20","臺中市","西區","0","1","6","1","5","50","5","1","1","4","4","5","7","1","1","5","2","5","2","16","9","3","10","1","1","B03","7","6","1","10","2","2","","9","9","1","5","6","B03","24.147569","120.67391","2"
"2019","3","9","7","33","臺中市","太平區","0","1","6","1","5","50","4","1","1","4","4","5","7","4","4","10","5","5","2","15","6","2","9","1","1","C03","7","9","1","10","2","11","","6","6","1","21","8","C03","24.149957","120.722357","2"
"2019","3","9","7","36","臺中市","北屯區","0","1","6","1","5","50","14","9","1","4","4","5","7","1","1","10","1","5","2","16","23","2","9","1","1","C03","7","9","4","11","2","15","","23","23","1","21","8","C03","24.17926","120.685712","2"
"2019","3","9","7","38","臺中市","西屯區","0","1","6","1","5","40","14","7","1","4","4","5","7","1","1","5","4","4","2","13","16","2","8","1","1","C03","7","9","1","10","2","11","","16","16","1","22","8","C03","24.167448","120.640508","2"
"2019","3","9","7","40","臺中市","烏日區","0","1","6","1","5","70","14","7","1","4","4","5","7","1","1","1","4","4","1","13","16","2","8","1","1","B03","7","9","1","8","2","1","","16","16","1","22","8","B03","24.110318","120.600142","2"
"2019","3","9","7","43","臺中市","北區","0","2","6","1","5","50","14","8","1","4","4","5","7","4","4","3","4","4","2","17","7","2","9","1","1","C03","7","8","1","10","2","13","","7","7","1","22","8","C03","24.15919","120.68509","2"
"2019","3","9","7","48","臺中市","太平區","","","8","","","50","","","","","","","","","","","","","","","","","","","","B12","","","1","","2","","","12","","1","21","","B12","24.154728","120.704338","3"
"2019","3","9","7","50","臺中市","沙鹿區","0","0","","","","","","","","","","","","","","","","","","","","","","","","B03","","","1","","2","","","42","","1","","","B03","","","3"
"2019","3","9","8","5","臺中市","大里區","0","1","6","1","5","50","4","1","1","4","4","5","7","1","1","10","5","5","2","17","8","2","9","1","1","C03","7","5","1","8","2","14","","8","8","1","9","1","C03","24.10053","120.691565","2"
"2019","3","9","8","14","臺中市","龍井區","0","1","6","1","5","70","3","2","1","4","4","5","7","1","1","10","5","5","2","23","46","2","1","3","4","B03","7","9","1","8","3","1","","46","46","1","21","8","B03","24.189846","120.57969","2"
"2019","3","9","8","29","臺中市","龍井區","0","1","6","1","5","60","4","1","1","4","4","5","7","1","1","10","5","5","2","17","25","3","10","1","1","B03","7","5","1","8","2","15","","25","25","1","21","8","B03","24.175787","120.581639","2"
"2019","3","9","8","33","臺中市","北屯區","0","1","6","1","5","40","3","1","1","4","4","5","7","4","4","10","5","5","2","17","6","3","10","1","1","B03","7","6","1","8","2","8","","6","6","1","5","8","B03","24.169206","120.704893","2"
"2019","3","9","8","35","臺中市","北屯區","0","0","6","","","50","","","","","","","","","","","","","","","16","","","","","B03","","","1","","2","","","44","16","1","5","","B03","24.200793","120.665366","3"
"2019","3","9","8","35","臺中市","大雅區","0","0","","","","","","","","","","","","","","","","","","","","","","","","B03","","","1","","2","","","23","","1","21","","B03","24.229987","120.655585","3"
"2019","3","9","8","44","臺中市","潭子區","0","1","6","1","5","40","14","9","1","4","4","5","7","4","4","5","4","5","1","12","6","3","10","1","1","B12","7","6","1","8","2","5","","6","6","1","22","9","B12","24.204306","120.716425","2"
"2019","3","9","8","50","臺中市","大里區","0","1","6","1","5","50","14","7","1","4","4","5","7","4","4","9","4","4","1","17","19","3","10","1","1","A02","7","1","1","2","2","15","","19","19","1","10","8","A02","24.10519","120.689341","2"
"2019","3","9","8","58","臺中市","烏日區","0","0","6","","","30","","","","","","","","","","","","","","","23","","","","","A04","","","1","","2","","","9","23","1","10","","A04","24.113422","120.618011","3"
"2019","3","9","9","2","臺中市","南屯區","0","0","8","","","50","","","","","","","","","","","","","","","","","","","","B02","","","1","","2","","","23","","1","22","","B02","24.150205","120.612293","3"
"2019","3","9","9","6","臺中市","南區","0","0","6","","","50","","","","","","","","","","","","","","","","3","","","","B02","","","1","","2","","","25","","1","21","","B02","24.133593","120.65721","3"
"2019","3","9","9","10","臺中市","西屯區","0","1","6","1","5","50","3","1","1","4","4","5","7","1","1","9","5","4","2","3","15","3","10","3","4","B03","7","5","1","8","2","8","","15","15","1","22","8","B03","24.1808","120.6197","2"
"2019","3","9","9","12","臺中市","大里區","0","0","6","","","25","","","","","","","","","","","","","","","26","","","","","B03","","","1","","2","","","44","26","1","21","","B03","24.111195","120.697576","3"
"2019","3","9","9","20","臺中市","北區","0","0","6","","","50","","","","","","","","","","","","","","","","","","","","B03","","","1","","2","","","23","","1","","","B03","24.163033","120.671105","3"
"2019","3","9","9","30","臺中市","北屯區","0","1","6","1","5","50","14","7","1","4","4","5","7","4","4","5","5","4","2","16","42","3","10","1","1","B03","7","9","1","8","2","5","","42","42","1","21","8","B03","24.164938","120.695377","2"
"2019","3","9","9","35","臺中市","北區","0","0","6","","","50","","","","","","","","","","","","","","","","","","","","B03","","","1","","2","","","12","","1","22","","B03","24.15432","120.68317","3"
"2019","3","9","9","45","臺中市","太平區","0","1","6","1","5","40","4","1","1","4","4","5","7","2","1","10","5","5","2","12","43","2","8","1","1","C03","7","9","1","10","2","14","","43","43","1","18","5","C03","24.149412","120.723266","2"
"2019","3","9","9","50","臺中市","西區","0","0","6","","","50","","","","","","","","","","","","","","","","","","","","B03","","","1","","2","","","12","","1","5","","B03","24.137972","120.667415","3"
"2019","3","9","9","51","臺中市","西屯區","0","0","6","","","50","","","","","","","","","","","","","","","","","","","","B03","","","1","","2","","","16","","1","22","","B03","24.159493","120.654953","3"
"2019","3","9","9","57","臺中市","潭子區","0","0","6","","","60","","","","","","","","","","","","","","","","","","","","B03","","","1","","2","","","23","","1","22","","B03","24.19256","120.719155","3"
"2019","3","9","9","59","臺中市","大里區","0","1","6","1","5","50","4","2","1","4","4","5","7","1","1","9","4","5","1","17","9","3","10","3","4","B03","7","6","1","8","2","15","","9","9","1","5","8","B03","24.115346","120.679361","2"
"2019","3","9","10","10","臺中市","北區","0","1","6","1","5","50","4","1","1","4","4","5","7","2","1","10","5","5","2","18","23","2","9","1","1","C03","7","9","1","10","2","14","","23","23","1","18","8","C03","24.151259","120.675114","2"
"2019","3","9","10","12","臺中市","西屯區","0","0","6","","","40","","","","","","","","","","","","","","","","","","","","B03","","","1","","2","","","6","","1","22","","B03","24.18289","120.616658","3"
"2019","3","9","10","21","臺中市","西區","0","0","","","","","","","","","","","","","","","","","","","","","","","","B03","","","","","","","","","","1","","","B03","","","3"
"2019","3","9","10","22","臺中市","南區","0","0","6","","","50","","","","","","","","","","","","","","","23","3","","","","B12","","","1","","2","","","23","23","","19","","B12","24.112508","120.656998","3"
"2019","3","9","10","27","臺中市","北屯區","0","0","6","","","50","","","","","","","","","","","","","","","","","","","","B03","","","1","","2","","","12","","1","4","","B03","24.17639","120.694417","3"
"2019","3","9","10","30","臺中市","沙鹿區","0","0","6","","","50","","","","","","","","","","","","","","","","","","","","B03","","","1","","2","","","12","","1","4","","B03","24.234399","120.560228","3"
"2019","3","9","10","30","臺中市","神岡區","0","0","6","","","40","","","","","","","","","","","","","","","23","","","","5","B12","","","1","","2","","","23","23","1","21","","B12","24.257624","120.65531","3"
"2019","3","9","10","45","臺中市","北屯區","0","0","6","","","40","","","","","","","","","","","","","","","","","","","","B03","","","1","","2","","","18","","1","5","","B03","24.162718","120.690266","3"
"2019","3","9","10","50","臺中市","大里區","0","1","7","1","5","60","14","12","1","4","4","5","7","4","4","1","4","4","1","16","6","3","10","1","1","B03","7","6","1","8","2","5","","6","6","1","12","8","B03","24.103826","120.67687","2"
"2019","3","9","10","50","臺中市","大里區","0","0","8","","","40","","","","","","","","","","","","","","","","","","","","B12","","","1","","2","","","26","","1","7","","B12","24.094913","120.68816","3"
"2019","3","9","10","50","臺中市","沙鹿區","0","0","6","","","60","","","","","","","","","","","","","","","","","","","","B03","","","1","","2","","","23","","1","21","","B03","24.250132","120.591115","3"