"年","月","日","時","分","縣市","區","死","受傷","天候","光線","道路類別","速限","道路型態","事故位置","路面鋪裝","路面狀態","路面缺陷","障礙物","視距","號誌種類","號誌動作","分向設施","快車道或一般車道間","快慢車道間","路面邊線","事故類型及型態","主要肇因","受傷程度","主要傷處","保護裝備","行動電話","當事者區分","車輛用途","當事者行動狀態","駕駛資格情形","駕駛執照種類","飲酒情形","車輛撞擊部位最初","車輛撞擊部位其他","肇事因素個別","肇事因素主要","肇事逃逸","職業","旅次目的","車種","GPS座標緯度","GPS座標經度","事故類別"
"2019","3","9","10","55","臺中市","西區","0","1","6","1","5","50","4","1","1","4","4","5","7","1","1","10","5","5","2","17","6","3","10","1","1","B12","7","5","1","8","2","2","","6","6","1","5","5","B12","24.150818","120.652941","2"
"2019","3","9","10","55","臺中市","梧棲區","0","0","6","","","60","","","","","","","","","","","","","","","","","","","","B03","","","1","","2","","","16","","1","21","","B03","24.250081","120.536139","3"
"2019","3","9","10","57","臺中市","西區","0","0","6","1","5","50","3","1","1","4","4","5","7","4","4","10","5","5","2","16","","","","","","B02","","","1","","2","","","6","","1","4","","B02","24.135556","120.674434","3"
"2019","3","9","10","59","臺中市","沙鹿區","0","0","6","","","40","","","","","","","","","","","","","","","","","","","","B03","","","1","","2","","","26","","1","","","B03","24.241251","120.56085","3"
"2019","3","9","11","0","臺中市","北區","0","1","6","1","5","50","3","1","1","4","4","5","7","4","4","10","5","5","2","13","23","2","9","1","1","C03","7","9","1","10","2","11","","23","23","1","22","8","C03","24.14976","120.6756","2"
"2019","3","9","11","10","臺中市","南屯區","0","1","6","1","5","50","14","9","1","4","4","5","7","4","4","10","5","5","2","16","27","3","10","1","1","B03","7","6","1","8","2","5","","27","27","1","21","8","B03","24.153342","120.6514","2"
"2019","3","9","11","14","臺中市","太平區","0","0","6","","","50","","","","","","","","","","","","","","","","","","","","B03","","","1","","2","","","23","","1","4","","B03","24.141607","120.715321","3"
"2019","3","9","11","19","臺中市","大里區","0","1","7","1","5","50","4","4","1","4","4","5","7","1","1","1","5","5","1","17","23","2","9","1","1","C03","7","9","4","8","2","12","11","23","23","1","21","8","C03","24.089935","120.693825","2"
"2019","3","9","11","27","臺中市","后里區","0","1","6","1","5","50","5","9","1","4","4","5","7","4","4","5","4","5","1","16","10","3","10","1","1","B03","7","11","1","8","2","6","","10","10","1","5","8","B03","24.30857","120.709858","2"
"2019","3","9","11","33","臺中市","大甲區","0","0","6","","","50","","","","","","","","","","","","","","","42","","","","","A11","","","1","","2","","","42","42","1","","","A11","24.349329","120.626287","3"
"2019","3","9","11","45","臺中市","清水區","0","0","","","","50","","","","","","","","","","","","","","","","","","","","B03","","","1","","2","","","8","","1","4","","B03","24.274351","120.57387","3"
"2019","3","9","11","46","臺中市","北屯區","0","1","6","1","5","50","14","7","1","4","4","5","7","4","4","1","4","4","2","16","23","3","10","1","1","B03","7","9","1","8","2","1","","23","23","1","21","8","B03","24.163941","120.716869","2"
"2019","3","9","11","51","臺中市","太平區","0","1","6","1","5","50","4","1","1","4","4","5","7","4","4","10","5","5","2","17","26","2","9","1","1","C03","7","1","1","10","2","11","","26","26","1","21","8","C03","24.125741","120.712704","2"
"2019","3","9","11","57","臺中市","西區","0","0","8","","","50","","","","","","","","","","","","","","","","","","","","B03","","","1","","2","","","23","","1","21","","B03","24.155075","120.658411","4"
"2019","3","9","12","10","臺中市","北區","0","1","6","1","5","50","4","1","1","4","4","5","7","1","1","10","5","5","2","16","6","3","10","1","1","B03","7","5","1","8","2","6","","6","6","1","21","8","B03","24.150288","120.673984","2"
"2019","3","9","12","10","臺中市","北區","0","0","6","","","50","","","","","","","","","","","","","","","","","","","","B03","","","1","","2","","","23","","","22","","B03","24.16759","120.66825","3"
"2019","3","9","12","10","臺中市","沙鹿區","0","1","6","1","5","50","11","9","1","4","4","5","1","4","4","4","5","5","1","17","42","2","9","1","1","C03","7","9","1","10","2","12","","42","42","1","21","8","C03","24.244467","120.590673","2"
"2019","3","9","12","17","臺中市","神岡區","0","0","6","","","40","","","","","","","","","","","","","","","","","","","","F02","","","8","","2","","","43","","1","21","","F02","24.239264","120.687967","4"
"2019","3","9","12","20","臺中市","西區","0","1","6","1","5","50","4","1","1","4","4","5","7","1","1","10","5","5","2","16","8","3","10","1","1","B12","7","5","1","8","2","5","","8","8","1","2","9","B12","24.14023","120.657496","2"
"2019","3","9","12","20","臺中市","南區","0","1","6","1","5","50","3","1","1","4","4","5","7","4","4","10","5","5","2","16","10","3","10","1","1","B03","7","11","1","8","2","8","","10","10","1","9","5","B03","24.115474","120.660585","2"
"2019","3","9","12","20","臺中市","大里區","0","0","","","","","","","","","","","","","","","","","","","","","","","","B03","","","1","","2","","","12","","1","12","","B03","24.101205","120.689323","4"
"2019","3","9","12","22","臺中市","西屯區","0","0","6","","","50","","","","","","","","","","","","","","","","","","","","B03","","","1","","2","","","18","","1","22","","B03","24.174068","120.615771","3"
"2019","3","9","12","23","臺中市","豐原區","0","0","6","","","50","","","","","","","","","","","","","","","","","","","","B03","","","1","","2","","","26","","1","12","","B03","24.250398","120.717831","3"
"2019","3","9","12","29","臺中市","西區","0","0","6","","","50","","","","","","","","","","","","","","","","","","","","B03","","","1","","2","","","23","","1","","","B03","24.138057","120.670248","3"
"2019","3","9","12","42","臺中市","西屯區","0","1","6","1","5","50","3","1","1","4","4","5","7","1","1","9","5","4","2","16","6","3","10","3","4","B03","7","5","1","8","2","5","","6","6","1","22","8","B03","24.16704","120.647433","2"
"2019","3","9","12","43","臺中市","南區","0","1","6","3","5","50","4","1","1","4","4","5","7","1","1","10","5","5","2","16","6","3","10","1","1","B12","7","6","1","8","2","5","","6","6","1","21","8","B12","24.128398","120.67837","2"
"2019","3","9","12","46","臺中市","北屯區","0","1","7","1","5","50","3","1","1","4","4","5","7","4","4","10","5","5","2","16","43","3","10","1","1","C03","7","9","1","10","2","12","11","43","43","1","5","3","C03","24.178156","120.667026","2"
"2019","3","9","12","54","臺中市","西區","0","1","6","1","5","50","3","1","1","4","4","5","7","4","4","3","4","4","2","18","42","2","9","1","1","C03","7","9","1","10","2","12","","42","42","1","5","5","C03","24.140006","120.661179","2"
"2019","3","9","12","55","臺中市","東區","0","0","6","","","50","","","","","","","","","","","","","","","23","","","","","B03","","","1","8","2","","","23","23","2","","","B03","24.140037","120.691","3"
"2019","3","9","12","55","臺中市","新社區","0","0","6","","","50","","","","","","","","","","","","","","","","","","","","B03","","","1","","2","","","23","","1","21","","B03","24.213031","120.804276","3"
"2019","3","9","12","58","臺中市","梧棲區","0","0","6","","","40","","","","","","","","","","","","","","","","","","","","B03","","","1","","2","","","17","","1","19","","B03","24.25379","120.546678","3"
"2019","3","9","13","2","臺中市","西區","0","1","6","1","5","50","5","1","1","4","4","5","7","1","1","10","5","5","2","16","23","3","10","1","1","B03","7","9","1","8","2","4","","23","23","1","4","6","B03","24.150472","120.670071","2"
"2019","3","9","13","3","臺中市","沙鹿區","0","1","6","1","5","40","14","13","1","4","4","5","7","4","4","1","4","4","1","17","23","2","9","4","5","F03","7","9","8","20","2","16","","23","23","1","21","8","F03","24.244996","120.61193","2"
"2019","3","9","13","13","臺中市","霧峰區","0","0","8","","","50","","","","","","","","","","","","","","","","","","","","B12","","","1","","2","","","23","","1","22","","B12","24.05089","120.684349","3"
"2019","3","9","13","20","臺中市","神岡區","0","0","6","","","50","","","","","","","","","","","","","","","","","","","","B03","","","1","","2","","","42","","1","21","","B03","24.246447","120.684226","3"
"2019","3","9","13","30","臺中市","南屯區","0","0","7","","","40","","","","","","","","4","","","","","","","43","3","","","","B02","","","1","","1","","","43","43","1","21","","B02","24.153537","120.649138","3"
"2019","3","9","13","33","臺中市","西區","0","0","6","","","50","","","","","","","","","","","","","","","","","","","","B12","","","1","","2","","","16","","1","10","","B12","24.140028","120.655181","4"
"2019","3","9","13","37","臺中市","南區","0","2","6","1","5","40","15","9","1","4","4","5","7","4","4","10","5","5","2","11","5","2","8","1","1","C03","7","4","1","10","2","11","","5","5","1","5","5","C03","24.129568","120.674884","2"
"2019","3","9","13","39","臺中市","西區","0","0","6","","","50","","","","","","","","","","","","","","","","","","","","B03","","","1","","2","","","23","","1","4","","B03","24.150823","120.653607","4"
"2019","3","9","13","39","臺中市","北區","0","0","6","","","50","","","","","","","","","","","","","","","","","","","","B03","","","1","","2","","","23","","","22","","B03","24.16707","120.67835","3"
"2019","3","9","13","58","臺中市","西區","0","0","","","","","","","","","","","","","","","","","","","","","","","","B03","","","1","","2","","","23","","1","19","","B03","","","3"
"2019","3","9","13","58","臺中市","西屯區","0","0","8","","","50","","","","","","","","","","","","","","","","","","","","B03","","","1","","2","","","23","","1","22","","B03","24.166715","120.651716","3"
"2019","3","9","14","0","臺中市","西區","0","0","6","","","50","","","","","","","","","","","","","","","","","","","","B03","","","1","","2","","","23","","1","21","","B03","24.140807","120.666433","4"
"2019","3","9","14","1","臺中市","南屯區","0","0","6","","","60","","","","","","","","","","","","","","","","","","","","B03","","","1","","2","","","26","","1","5","","B03","24.140453","120.622726","3"
"2019","3","9","14","7","臺中市","西區","0","1","6","1","5","50","14","7","1","4","4","5","7","4","4","1","4","4","2","23","42","2","9","1","1","C04","7","9","1","10","2","11","","42","42","1","20","9","C04","24.141054","120.6553","2"
"2019","3","9","14","13","臺中市","大雅區","0","1","6","1","5","50","14","9","1","4","4","5","7","4","4","5","5","5","1","17","10","3","10","1","1","B03","7","11","1","8","2","7","","10","10","1","21","8","B03","24.227696","120.651273","2"
"2019","3","9","14","30","臺中市","大里區","0","1","6","1","5","50","14","7","1","4","4","5","7","4","4","1","4","5","1","12","23","2","9","1","1","C03","7","9","1","10","2","12","","23","23","1","5","8","C03","24.103821","120.681298","2"
"2019","3","9","14","38","臺中市","北屯區","0","0","6","","","40","","","","","","","","","","","","","","","","","","","","B03","","","1","","2","","","7","","1","5","","B03","24.186017","120.664684","3"
"2019","3","9","14","44","臺中市","西屯區","0","0","6","","","40","","","","","","","","","","","","","","","","","","","","B12","","","1","","2","","","16","","1","22","","B12","24.171335","120.661363","3"
"2019","3","9","15","1","臺中市","南區","0","1","6","1","5","50","14","7","1","4","4","5","7","4","4","9","4","4","2","17","44","3","10","1","1","B03","7","15","1","8","2","4","","44","44","1","21","8","B03","24.12775","120.676571","2"
"2019","3","9","15","2","臺中市","東區","0","1","6","1","5","50","4","1","1","4","4","5","7","2","1","10","5","5","2","16","26","2","8","1","1","C03","7","5","6","10","2","14","","26","26","1","5","8","C03","24.142908","120.689673","2"
"2019","3","9","15","8","臺中市","西屯區","0","0","6","","","50","","","","","","","","","","","","","","","16","","","","","B03","","","1","","2","","","16","16","1","4","","B03","24.158064","120.655353","3"
"2019","3","9","15","15","臺中市","沙鹿區","0","0","6","","","50","","","","","","","","","","","","","","","","","","","","B03","","","1","","2","","","23","","1","9","","B03","24.239501","120.560225","3"
"2019","3","9","15","16","臺中市","北區","0","2","6","1","5","50","14","7","1","4","4","5","7","4","4","5","4","5","2","17","26","3","10","1","1","B03","7","6","1","8","2","2","","26","26","1","21","8","B03","24.163655","120.672201","2"
"2019","3","9","15","16","臺中市","梧棲區","0","0","6","","","40","","","","","","","","","","","","","","","","","","","","A12","","","1","","2","","","50","","1","10","","A12","24.229695","120.522831","3"
"2019","3","9","15","25","臺中市","中區","0","1","6","1","5","50","4","1","1","4","4","5","7","2","1","10","5","5","2","15","25","3","10","1","1","B03","7","9","1","8","2","1","","25","25","1","4","5","B03","24.138791","120.683791","2"
"2019","3","9","15","26","臺中市","東勢區","0","0","6","","","50","","","","","","","","","","","","","","","","","","","","B12","","","6","","3","","","16","","1","21","","B12","24.191595","120.839373","3"
"2019","3","9","15","29","臺中市","北屯區","0","0","6","1","5","50","5","4","1","4","4","5","7","1","1","4","5","5","2","13","23","3","10","1","1","B03","7","9","1","8","2","1","","23","23","1","21","8","B03","24.162791","120.691948","3"
"2019","3","9","15","38","臺中市","西屯區","0","1","6","1","5","50","4","1","1","4","4","5","7","2","1","5","4","4","2","16","8","3","10","1","1","B03","7","5","1","8","2","1","","8","8","1","22","9","B03","24.176273","120.637216","2"
"2019","3","9","15","38","臺中市","西屯區","0","1","6","1","5","50","14","8","1","4","4","5","7","4","4","3","4","4","2","17","40","3","10","1","1","B12","7","15","1","8","2","4","","40","40","1","22","8","B12","24.169533","120.646451","2"
"2019","3","9","15","40","臺中市","太平區","0","1","6","1","5","50","14","9","1","4","4","5","7","4","4","4","5","5","1","12","43","3","10","1","1","B03","7","9","1","8","3","2","","43","43","1","4","5","B03","24.128598","120.71774","2"
"2019","3","9","15","44","臺中市","烏日區","0","0","6","","","60","","","","","","","","","","","","","","","","","","","","B03","","","1","","2","","","16","","","21","","B03","24.109078","120.641968","3"
"2019","3","9","15","47","臺中市","龍井區","0","0","6","","","40","","","","","","","","","","","","","","","","","","","","B03","","","1","","2","","","12","","1","","","B03","24.2","120.52","3"
"2019","3","9","15","49","臺中市","南區","0","0","6","","","40","","","","","","","","","","","","","","","17","3","","","","B03","","","1","","2","","","17","17","","22","","B03","24.113621","120.649668","3"
"2019","3","9","15","50","臺中市","西屯區","0","0","6","","","50","","","","","","","","","","","","","","","23","","","","","B03","","","1","","2","","","23","23","1","","","B03","24.182141","120.616798","3"
"2019","3","9","15","50","臺中市","外埔區","0","0","6","","","40","","","","","","","","","","","","","","","","","","","","B03","","","1","","2","","","12","","1","22","","B03","24.327758","120.681481","3"
"2019","3","9","15","56","臺中市","太平區","0","0","6","","","50","","","","","","","","","","","","","","","","","","","","B03","","","1","","2","","","18","","1","21","","B03","24.148368","120.717802","3"
"2019","3","9","16","2","臺中市","西區","0","0","6","","","50","","","","","","","","","","","","","","","","","","","","B03","","","1","","2","","","16","","1","5","","B03","24.140167","120.659977","3"
"2019","3","9","16","4","臺中市","沙鹿區","0","0","8","","","50","","","","","","","","","","","","","","","","","","","","B12","","","1","","2","","","12","","1","2","","B12","24.233079","120.559877","3"
"2019","3","9","16","8","臺中市","大里區","0","1","6","1","5","50","14","9","1","4","4","5","7","4","4","1","4","5","1","16","7","2","9","1","1","C03","7","7","1","10","2","14","","7","7","1","19","8","C03","24.095191","120.687075","2"
"2019","3","9","16","10","臺中市","大里區","0","1","6","1","5","50","4","1","1","4","4","5","7","2","1","5","4","5","2","12","8","3","10","1","1","B03","7","5","1","8","2","7","","8","8","1","22","8","B03","24.111233","120.696737","2"
"2019","3","9","16","15","臺中市","大里區","0","1","6","1","5","50","3","1","1","4","4","5","7","4","4","10","5","5","2","17","6","3","10","1","1","B01","7","5","1","4","2","5","","6","6","1","22","5","B01","24.101733","120.68685","2"
"2019","3","9","16","16","臺中市","北屯區","0","1","6","1","5","50","4","1","1","4","4","1","7","3","1","10","5","5","2","16","23","3","10","1","1","B03","7","6","1","8","2","1","","23","23","1","21","8","B03","24.196157","120.676142","2"
"2019","3","9","16","19","臺中市","北區","0","0","6","","","50","","","","","","","","","","","","","","","","","","","","B03","","","1","","2","","","23","","1","","","B03","24.149772","120.6756","3"
"2019","3","9","16","20","臺中市","龍井區","0","1","6","1","5","70","14","7","1","4","4","4","7","4","4","3","4","4","1","13","23","3","10","1","1","B03","7","8","1","8","2","1","","23","23","1","21","8","B03","24.21","120.54","2"
"2019","3","9","16","22","臺中市","北區","0","0","6","","","50","","","","","","","","","","","","","","","","","","","","B03","","","1","","2","","","12","","1","21","","B03","24.158979","120.689003","3"
"2019","3","9","16","40","臺中市","西區","0","0","8","","","50","","","","","","","","","","","","","","","26","3","","","","B03","","","1","8","2","2","","26","26","1","21","8","B03","24.154869","120.660984","3"
"2019","3","9","16","46","臺中市","北區","0","0","6","","","50","","","","","","","","","","","","","","","","","","","","B12","","","1","","2","","","23","","1","","","B12","24.171302","120.678273","3"
"2019","3","9","16","48","臺中市","西屯區","0","0","6","","","50","","","","","","","","","","","","","","","","","","","","B03","","","1","","2","","","6","","1","4","","B03","24.173025","120.64888","3"
"2019","3","9","16","52","臺中市","沙鹿區","0","0","6","","","50","","","","","","","","","","","","","","","","","","","","A11","","","1","","2","","","8","","1","","","A11","24.244135","120.615026","3"
"2019","3","9","16","59","臺中市","西屯區","0","0","6","","","40","","","","","","","","","","","","","","","","","","","","B02","","","1","","2","","","12","","1","22","","B02","24.174236","120.644606","3"
"2019","3","9","17","2","臺中市","北屯區","0","2","6","1","5","70","14","9","1","4","4","5","7","4","4","1","4","5","2","20","42","3","10","1","1","B03","7","15","1","8","2","1","6","42","42","1","5","8","B03","24.201153","120.669669","2"
"2019","3","9","17","4","臺中市","西區","0","1","6","1","5","50","4","1","1","4","4","5","7","1","1","10","5","5","2","18","42","2","9","1","1","C03","7","9","1","10","2","12","","42","42","1","21","5","C03","24.146712","120.656761","2"
"2019","3","9","17","12","臺中市","大里區","0","1","6","1","5","40","14","9","1","4","4","5","7","4","4","10","4","5","1","17","23","2","9","1","1","C03","7","9","1","10","2","11","","23","23","1","22","9","C03","24.107845","120.671013","2"
"2019","3","9","17","15","臺中市","南屯區","0","1","6","1","5","50","3","1","1","4","4","5","7","2","1","10","5","5","2","18","23","2","8","1","1","C03","7","9","1","10","2","12","","23","23","1","22","9","C03","24.135865","120.647755","2"
"2019","3","9","17","20","臺中市","西屯區","0","0","6","","","50","","","","","","","","","","","","","","","","","","","","B03","","","1","","2","","","23","","1","22","","B03","24.156125","120.638505","3"
"2019","3","9","17","29","臺中市","中區","0","1","6","2","5","50","3","7","1","4","4","5","7","4","4","5","4","5","2","12","17","3","10","1","1","B12","7","9","1","8","2","6","","17","17","1","22","8","B12","24.13832","120.680426","2"
"2019","3","9","17","31","臺中市","北區","0","0","6","","","50","","","","","","","","","","","","","","","23","3","","","","B03","","","1","8","2","5","","23","23","","21","","B03","24.159968","120.665728","3"
"2019","3","9","17","32","臺中市","北屯區","0","1","6","3","5","50","14","9","1","4","4","5","7","4","4","1","3","5","2","9","42","3","10","1","1","A02","7","14","1","2","2","15","","42","42","1","21","8","A02","24.171108","120.698234","2"
"2019","3","9","17","35","臺中市","西區","0","1","6","3","5","50","14","7","1","4","4","5","7","4","4","10","5","5","2","13","16","2","8","1","1","C03","7","9","1","10","2","11","","16","16","1","21","8","C03","24.153749","120.654839","2"
"2019","3","9","17","50","臺中市","西區","0","0","6","","","50","","","","","","","","","","","","","","","","","","","","C03","","","1","","2","","","16","","1","5","","C03","24.15094","120.654104","4"
"2019","3","9","17","55","臺中市","北區","0","0","6","","","50","","","","","","","","","","","","","","","","","","","","B01","","","1","","2","","","23","","1","","","B01","24.151267","120.676304","3"
"2019","3","9","18","0","臺中市","大雅區","0","0","6","","","50","","","","","","","","","","","","","","","","","","","","B03","","","1","","2","","","23","","1","22","","B03","24.22556","120.6454","3"
"2019","3","9","18","5","臺中市","西屯區","0","1","6","3","5","40","14","8","1","4","4","5","7","4","4","1","4","1","2","16","7","2","9","3","4","C03","7","9","1","10","2","12","","44","7","1","22","8","C03","24.170246","120.632038","2"
"2019","3","9","18","6","臺中市","大里區","0","1","6","3","5","40","4","2","1","4","4","5","7","1","1","9","4","4","1","16","44","3","10","1","1","B12","7","9","1","8","11","2","","44","44","2","22","9","B12","24.111157","120.696157","2"
"2019","3","9","18","10","臺中市","南區","0","1","6","3","5","50","4","1","1","4","4","5","7","1","1","10","5","5","2","16","26","3","10","1","1","B03","7","6","1","8","2","5","","26","26","1","21","8","B03","24.131963","120.676926","2"
"2019","3","9","18","11","臺中市","太平區","0","0","6","","","50","","","","","","","","","","","","","","","","","","","","B03","","","1","","2","","","23","","1","5","","B03","24.112275","120.730919","3"
"2019","3","9","18","15","臺中市","西區","0","0","6","","","40","","","","","","","","","","","","","","","7","3","","","","B03","","","1","8","2","2","","7","7","1","21","8","B03","24.149482","120.663017","3"
"2019","3","9","18","18","臺中市","北屯區","0","0","6","","","50","","","","","","","","","","","","","","","43","","","","","B03","","","1","","2","","","43","43","1","21","","B03","24.20087","120.664335","3"
"2019","3","9","18","20","臺中市","南屯區","0","1","6","3","5","50","3","1","1","4","4","5","7","4","4","1","4","5","2","18","23","2","1","1","1","C03","7","9","1","10","2","14","","23","23","1","22","9","C03","24.14985","120.644298","2"
"2019","3","9","18","23","臺中市","西屯區","0","0","6","","","40","","","","","","","","","","","","","","","23","","","","","B12","","","1","","2","","","23","23","1","","","B12","24.198415","120.653058","3"
"2019","3","9","18","30","臺中市","西屯區","0","0","6","","","10","","","","","","","","","","","","","","","12","","","","","B03","","","1","","2","","","12","12","1","4","","B03","24.185626","120.64276","3"
"2019","3","9","18","30","臺中市","大里區","0","2","6","3","5","40","4","1","1","4","4","5","7","1","1","10","5","5","2","18","43","2","9","1","1","C03","7","9","1","10","2","12","","43","43","1","12","5","C03","24.096338","120.666813","2"
"2019","3","9","18","33","臺中市","后里區","0","0","6","","","50","","","","","","","","","","","","","","","","","","","","B03","","","1","","2","","","23","","1","22","","B03","24.309088","120.719826","3"
"2019","3","9","18","40","臺中市","南區","0","0","6","","","50","","","","","","","","","","","","","","","","","","","","B03","","","1","","2","","","23","","1","22","","B03","24.121872","120.649055","3"
"2019","3","9","18","40","臺中市","東區","0","1","6","3","5","50","4","1","1","4","4","5","7","2","1","10","5","5","2","3","15","3","10","1","1","B03","7","6","1","8","2","1","","15","15","1","5","8","B03","24.139722","120.689041","2"
"2019","3","9","18","40","臺中市","龍井區","0","0","","","","","","","","","","","","","","","","","","","","","","","","B03","","","1","","2","","","17","","1","21","","B03","24.180631","120.583888","3"
"2019","3","9","18","44","臺中市","南區","0","1","6","3","5","50","4","1","1","4","4","5","7","1","1","10","5","5","2","16","26","3","10","1","1","B03","7","6","1","8","2","5","","26","26","1","21","8","B03","24.117238","120.667144","2"
"2019","3","9","18","56","臺中市","太平區","0","1","6","3","5","50","3","1","1","4","4","5","7","2","1","10","5","5","2","17","6","3","10","1","1","B03","7","5","1","8","2","5","","6","6","1","5","8","B03","24.150297","120.730003","2"
"2019","3","9","19","1","臺中市","東區","","","","","","","","","","","","","","","","","","","","","","","","","","B03","","","3","","2","","","23","","1","5","","B03","24.130005","120.705668","3"
"2019","3","9","19","1","臺中市","北屯區","0","0","6","","","50","","","","","","","","","","","","","","","","","","","","B12","","","3","","2","","","23","","1","5","","B12","24.182806","120.699134","3"
"2019","3","9","19","6","臺中市","西屯區","0","0","6","","","50","","","","","","","","","","","","","","","","","","","","B03","","","1","","2","","","7","","1","22","","B03","24.162351","120.64493","3"
"2019","3","9","19","10","臺中市","西屯區","0","0","6","","","60","","","","","","","","","","","","","","","","","","","","B03","","","1","","2","","","12","","1","22","","B03","24.186271","120.610005","3"
"2019","3","9","19","10","臺中市","梧棲區","0","1","6","3","5","40","4","2","1","4","4","5","7","2","1","10","5","5","2","13","23","2","9","1","1","C03","7","9","1","10","2","11","","23","23","1","18","8","C03","24.252283","120.529404","2"
"2019","3","9","19","20","臺中市","南屯區","0","2","6","3","5","50","4","2","1","4","4","5","7","2","1","5","4","5","2","29","16","2","9","1","1","C03","7","9","1","10","2","11","","16","16","1","22","9","C03","24.136691","120.647771","2"
"2019","3","9","19","23","臺中市","北屯區","0","0","6","","","40","","","","","","","","","","","","","","","21","","","","","F01","","","8","","7","","","21","21","1","9","","F01","24.1924","120.6815","3"
"2019","3","9","19","30","臺中市","大甲區","0","1","6","3","5","50","14","7","1","4","4","5","7","4","4","9","5","4","2","26","43","2","9","1","1","F03","7","9","8","20","2","16","","43","43","1","4","1","F03","24.400174","120.65443","2"
"2019","3","9","19","32","臺中市","西區","0","0","6","","","40","","","","","","","","","","","","","","","","","","","","B03","","","1","","2","","","19","","1","22","","B03","24.155858","120.656342","3"
"2019","3","9","19","43","臺中市","西屯區","0","2","6","3","5","50","4","2","1","4","4","5","7","1","1","3","4","4","2","3","23","2","8","1","1","C03","7","9","1","10","2","11","","23","23","1","21","8","C03","24.15795","120.642716","2"
"2019","3","9","19","51","臺中市","沙鹿區","0","0","8","","","50","","","","","","","","","","","","","","","","","","","","C03","","","1","","2","","","16","","1","","","C03","24.227121","120.574962","3"
"2019","3","9","20","9","臺中市","西屯區","0","0","8","","","50","","","","","","","","","","","","","","","","","","","","B03","","","1","","2","","","7","","2","4","","B03","24.175746","120.645783","3"
"2019","3","9","20","10","臺中市","北屯區","0","0","6","","","50","","","","","","","","","","","","","","","","","","","","B03","","","1","","2","","","23","","1","4","","B03","24.200746","120.666456","3"
"2019","3","9","20","10","臺中市","大甲區","0","1","7","3","5","50","4","1","1","4","4","5","7","4","4","10","5","5","2","17","23","3","10","1","1","B03","7","5","1","8","2","4","","23","23","1","4","8","B03","24.344726","120.622396","2"
"2019","3","9","20","20","臺中市","西區","0","2","6","3","5","50","4","1","1","4","4","5","7","1","1","10","5","5","2","15","25","2","9","1","1","C03","7","9","1","10","2","11","","25","25","1","21","8","C03","24.149155","120.673601","2"
"2019","3","9","20","24","臺中市","西屯區","0","1","6","3","5","50","3","2","1","4","4","5","7","2","1","1","4","5","2","17","43","2","9","1","1","C03","7","9","1","10","2","15","","43","43","1","21","8","C03","24.162793","120.628521","2"
"2019","3","9","20","25","臺中市","大里區","0","0","6","3","5","60","14","7","1","4","4","5","7","4","4","1","4","4","1","13","16","3","10","1","1","B12","7","9","1","8","2","1","","16","16","1","5","8","B12","24.103493","120.684501","3"
"2019","3","9","20","33","臺中市","西屯區","0","1","7","3","5","40","14","8","1","4","4","5","7","4","4","10","5","5","2","13","16","2","9","1","1","C03","7","9","1","10","2","11","","16","16","1","21","8","C03","24.181946","120.599188","2"
"2019","3","9","20","34","臺中市","東勢區","0","3","6","3","5","60","14","8","1","4","4","5","7","4","4","1","4","4","1","17","6","2","9","1","1","C03","7","6","1","10","2","14","","6","6","1","9","8","C03","24.248561","120.830186","2"
"2019","3","9","20","45","臺中市","北屯區","0","0","6","","","40","","","","","","","","","","","","","","","23","","","","","B03","","","1","","2","","","23","23","1","20","","B03","24.1633","120.7181","3"
"2019","3","9","20","54","臺中市","西屯區","0","0","6","","","50","","","","","","","","","","","","","","","17","","","","","A05","","","1","","2","","","23","17","1","22","","A05","24.200477","120.65663","3"
"2019","3","9","21","0","臺中市","中區","0","1","7","3","5","50","14","9","1","4","4","5","7","4","4","5","2","5","2","18","23","2","9","1","1","C03","7","9","1","10","2","14","","23","23","1","21","8","C03","24.145213","120.676295","2"
"2019","3","9","21","0","臺中市","南區","0","1","8","3","5","50","14","8","1","4","4","5","7","4","4","3","4","4","2","18","23","2","9","1","1","C03","7","9","1","10","2","15","","23","23","1","22","9","C03","24.118525","120.669391","2"
"2019","3","9","21","0","臺中市","南屯區","0","0","6","","","50","","","","","","","","","","","","","","","","","","","","B12","","","1","","2","","","23","","1","22","","B12","24.150868","120.633208","3"
"2019","3","9","21","15","臺中市","南屯區","0","1","7","3","5","50","5","1","1","4","4","5","7","1","1","10","5","5","2","16","27","3","10","1","1","B01","7","6","1","4","2","2","","27","27","1","22","8","B01","24.144211","120.634262","2"
"2019","3","9","21","22","臺中市","西屯區","0","1","6","1","5","50","14","8","1","4","4","5","7","4","4","1","3","4","1","2","23","3","10","1","1","C03","7","9","1","10","2","11","","23","23","1","4","8","C03","24.187345","120.607971","2"
"2019","3","9","21","47","臺中市","西屯區","0","1","8","3","5","50","4","1","1","5","4","5","7","1","1","10","5","5","2","16","23","3","10","1","1","B03","7","6","1","8","2","2","","23","23","1","22","8","B03","24.174395","120.646415","2"