"年","月","日","時","分","縣市","區","死","受傷","天候","光線","道路類別","速限","道路型態","事故位置","路面鋪裝","路面狀態","路面缺陷","障礙物","視距","號誌種類","號誌動作","分向設施","快車道或一般車道間","快慢車道間","路面邊線","事故類型及型態","主要肇因","受傷程度","主要傷處","保護裝備","行動電話","當事者區分","車輛用途","當事者行動狀態","駕駛資格情形","駕駛執照種類","飲酒情形","車輛撞擊部位最初","車輛撞擊部位其他","肇事因素個別","肇事因素主要","肇事逃逸","職業","旅次目的","車種","GPS座標緯度","GPS座標經度","事故類別"
"2019","3","11","8","57","臺中市","東區","0","1","7","1","5","50","5","1","1","4","4","5","7","1","1","10","5","5","2","16","6","2","8","1","1","C03","7","9","1","10","2","14","","6","6","1","21","8","C03","24.14003","120.692271","2"
"2019","3","11","9","1","臺中市","北屯區","0","1","6","1","5","40","3","1","1","4","4","5","7","2","1","10","5","5","2","13","16","3","10","1","1","B03","7","9","1","8","2","5","","16","16","1","21","8","B03","24.161988","120.722974","2"
"2019","3","11","9","2","臺中市","中區","0","0","8","","","50","","","","","","","","","","","","","","","","","","","","B12","","","1","","2","","","10","","1","21","","B12","24.140286","120.677205","3"
"2019","3","11","9","2","臺中市","太平區","0","0","8","","","40","","","","","","","","","","","","","","","16","","","","","B12","","","1","","2","","","44","16","1","4","","B12","24.151217","120.701372","3"
"2019","3","11","9","11","臺中市","北屯區","0","1","7","1","5","50","3","1","1","4","4","5","7","2","1","10","5","5","2","16","25","3","10","1","1","B03","7","9","1","2","2","8","","25","25","1","5","8","B03","24.182745","120.665794","2"
"2019","3","11","9","13","臺中市","南區","0","0","8","","","40","","","","","","","","","","","","","","","12","3","","","","B12","","","1","8","2","","","12","12","","21","","B12","24.130443","120.675144","3"
"2019","3","11","9","13","臺中市","北屯區","0","0","","","","","","","","","","","","","","","","","","","","","","","","B03","","","1","","2","","","23","","1","5","","B03","24.175759","120.688997","3"
"2019","3","11","9","14","臺中市","西屯區","0","0","8","","","50","","","","","","","","","","","","","","","","","","","","B03","","","1","","2","","","16","","1","","","B03","24.162949","120.649645","3"
"2019","3","11","9","20","臺中市","烏日區","0","1","8","1","5","40","3","1","1","5","4","5","7","1","1","1","4","1","1","16","25","2","9","1","1","C03","7","9","1","10","2","14","","25","25","1","22","8","C03","24.113189","120.587332","2"
"2019","3","11","9","24","臺中市","南屯區","0","0","8","","","50","","","","","","","","1","","","","","","","19","3","","","","B03","","","1","","2","","","19","19","1","21","","B03","24.142602","120.649932","3"
"2019","3","11","9","24","臺中市","西屯區","0","0","8","","","50","","","","","","","","","","","","","","","","","","","","B03","","","1","","2","","","23","","1","22","","B03","24.163829","120.629143","3"
"2019","3","11","9","25","臺中市","烏日區","0","0","8","","","70","","","","","","","","","","","","","","","17","","","","","B12","","","1","","2","","","17","17","1","22","","B12","24.109595","120.603715","3"
"2019","3","11","9","28","臺中市","北屯區","0","1","8","1","5","50","14","9","1","5","4","5","7","4","4","5","2","5","2","13","16","3","10","1","1","C03","7","9","1","10","2","11","","16","16","1","18","8","C03","24.1696","120.7068","2"
"2019","3","11","9","33","臺中市","烏日區","0","0","8","","","50","","","","","","","","","","","","","","","","","","","","B03","","","1","","2","","","42","","1","22","","B03","24.107401","120.649495","3"
"2019","3","11","9","46","臺中市","外埔區","0","0","8","","","50","","","","","","","","","","","","","","","","","","","","A04","","","1","","2","","","12","","1","","","A04","24.333461","120.65143","3"
"2019","3","11","9","50","臺中市","北區","0","0","8","","","50","","","","","","","","","","","","","","","23","","","","","B02","","","1","4","2","","","23","23","1","","","B02","24.157086","120.681192","3"
"2019","3","11","9","57","臺中市","北屯區","0","1","8","1","5","50","14","8","1","5","4","5","7","4","4","5","4","4","2","26","26","2","8","1","1","B03","7","15","1","8","2","1","","26","26","1","21","8","B03","24.164633","120.733306","2"
"2019","3","11","9","58","臺中市","潭子區","0","1","7","1","5","40","3","1","1","5","4","5","7","4","4","5","5","5","2","16","6","3","10","1","1","B12","7","5","1","8","2","4","","6","6","1","22","9","B12","24.22307","120.701394","2"
"2019","3","11","10","1","臺中市","北屯區","0","2","8","1","5","50","4","1","1","5","4","5","7","4","4","10","5","5","2","15","6","2","9","1","1","C03","7","9","1","10","2","12","","6","6","1","22","8","C03","24.18586","120.701178","2"
"2019","3","11","10","1","臺中市","北屯區","0","0","8","","","50","","","","","","","","","","","","","","","43","","","","","B03","","","1","","2","","","43","43","1","22","","B03","24.188956","120.742194","3"
"2019","3","11","10","5","臺中市","太平區","0","0","8","1","5","50","3","1","1","5","4","5","7","4","4","5","5","5","2","16","23","3","10","1","1","B03","7","5","1","8","5","8","","23","23","1","21","8","B03","24.123963","120.720186","3"
"2019","3","11","10","16","臺中市","大雅區","0","0","8","","","40","","","","","","","","","","","","","","","","","","","","B12","","","1","","2","","","23","","1","22","","B12","24.22542","120.62067","3"
"2019","3","11","10","18","臺中市","西屯區","0","1","8","1","5","50","4","1","1","5","4","5","7","2","1","10","5","5","2","16","9","3","10","3","4","A05","7","6","1","1","2","2","","9","9","1","10","9","A05","24.180736","120.638008","2"
"2019","3","11","10","20","臺中市","烏日區","0","1","8","1","5","60","14","7","1","5","4","5","7","4","4","1","4","4","1","21","43","2","9","1","1","B12","7","9","1","8","2","1","","43","43","1","21","8","B12","24.112603","120.618763","2"
"2019","3","11","10","21","臺中市","西屯區","0","0","8","","","50","","","","","","","","","","","","","","","","","","","","B03","","","1","","2","","","12","","1","22","","B03","24.20363","120.652861","3"
"2019","3","11","10","37","臺中市","南區","0","0","8","","","50","","","","","","","","","","","","","","","","","","","","B12","","","1","","2","","","42","","1","22","","B12","24.113625","120.657168","3"
"2019","3","11","10","37","臺中市","太平區","0","2","8","1","5","50","14","9","1","5","4","5","7","4","4","5","5","5","1","17","19","2","9","1","1","C03","7","1","1","10","2","14","","19","19","1","21","8","C03","24.121993","120.709886","2"
"2019","3","11","10","38","臺中市","南區","0","0","8","","","50","","","","","","","","","","","","","","","","3","","","","B03","","","1","","2","","","23","","1","21","","B03","24.123348","120.654416","3"
"2019","3","11","10","44","臺中市","西區","0","0","7","1","5","50","14","9","1","5","4","5","7","4","4","10","5","5","2","12","","3","","","","B12","","","1","","2","","","23","","1","21","","B12","24.145775","120.669649","3"
"2019","3","11","10","48","臺中市","西區","0","1","8","1","5","50","15","7","1","5","4","5","7","4","4","5","2","4","2","17","23","2","9","1","1","C03","7","9","1","10","2","12","","23","23","1","19","7","C03","24.132305","120.664186","2"
"2019","3","11","10","48","臺中市","烏日區","0","0","8","","","50","","","","","","","","","","","","","","","","","","","","B03","","","1","","2","","","45","","1","22","","B03","24.106641","120.650741","3"
"2019","3","11","11","6","臺中市","太平區","0","0","8","","","50","","","","","","","","","","","","","","","","","","","","B12","","","1","","2","","","19","","1","21","","B12","24.117109","120.706136","3"
"2019","3","11","11","12","臺中市","清水區","0","1","8","1","5","50","4","1","1","5","4","5","7","1","1","10","5","5","2","15","25","2","9","1","1","C03","7","9","1","10","2","12","","25","25","1","20","7","C03","24.263873","120.573078","2"
"2019","3","11","11","15","臺中市","霧峰區","0","1","8","1","5","70","14","12","1","5","4","4","7","1","1","3","4","4","1","27","42","2","9","1","1","C03","7","9","1","10","2","11","","42","42","1","22","8","C03","24.019534","120.696204","2"
"2019","3","11","11","20","臺中市","南屯區","0","0","8","","","40","","","","","","","","","","","","","","","","","","","","G03","","","1","","2","","","12","","1","22","","G03","24.14139","120.654063","3"
"2019","3","11","11","20","臺中市","沙鹿區","0","0","","","","","","","","","","","","","","","","","","","","","","","","C03","","","1","","2","","","10","","1","4","","C03","24.241286","120.560677","3"
"2019","3","11","11","26","臺中市","神岡區","0","1","7","1","5","40","14","20","1","5","4","5","2","4","4","10","5","5","2","9","12","3","10","1","1","B12","7","2","1","8","2","6","","12","12","1","5","4","B12","24.279286","120.699975","2"
"2019","3","11","11","27","臺中市","南區","0","0","8","","","50","","","","","","","","","","","","","","","16","3","","","","B03","","","1","8","2","","","16","16","","21","","B03","24.111845","120.650616","3"
"2019","3","11","11","28","臺中市","梧棲區","0","1","8","1","5","50","4","1","1","5","4","5","7","4","4","10","5","5","2","15","6","3","10","1","1","B12","7","9","1","6","2","1","","6","6","1","10","8","B12","24.241601","120.547616","2"
"2019","3","11","11","38","臺中市","梧棲區","0","0","8","","","50","","","","","","","","","","","","","","","","","","","","B03","","","1","","2","","","23","","1","5","","B03","24.250978","120.555486","3"
"2019","3","11","11","42","臺中市","烏日區","0","0","8","","","40","","","","","","","","","","","","","","","","","","","","B03","","","1","","2","","","12","","1","22","","B03","24.098","120.641377","3"
"2019","3","11","11","43","臺中市","東區","0","1","8","1","5","50","14","9","1","5","4","5","7","4","4","3","2","5","2","12","17","3","10","1","1","B03","7","4","1","8","2","2","","17","17","1","5","8","B03","24.136066","120.686876","2"
"2019","3","11","11","50","臺中市","大里區","0","1","7","1","8","40","4","2","1","5","4","5","7","1","1","1","2","5","1","16","2","2","9","1","1","C03","7","9","1","10","2","15","","2","2","1","9","8","C03","24.100313","120.691636","2"
"2019","3","11","11","55","臺中市","南區","0","0","8","","","50","","","","","","","","","","","","","","","","","","","","C03","","","1","","2","","","16","","1","22","","C03","24.122454","120.666674","3"
"2019","3","11","11","55","臺中市","霧峰區","0","0","8","","","50","","","","","","","","","","","","","","","","","","","","B12","","","1","","2","","","12","","1","22","","B12","24.059686","120.66324","3"
"2019","3","11","11","56","臺中市","梧棲區","0","0","8","","","50","","","","","","","","","","","","","","","","","","","","B03","","","1","","2","","","43","","1","4","","B03","24.253238","120.534593","4"
"2019","3","11","11","56","臺中市","大雅區","0","1","8","1","5","40","4","1","1","5","4","5","7","4","4","10","5","5","1","15","6","3","10","1","1","B03","7","9","1","8","2","2","","6","6","1","21","8","B03","24.215365","120.666058","2"
"2019","3","11","12","2","臺中市","西區","0","1","7","1","5","50","14","7","1","5","4","5","7","4","4","1","4","4","2","13","23","2","9","1","1","C03","7","9","1","10","2","11","","23","23","1","21","8","C03","24.150831","120.653275","2"
"2019","3","11","12","3","臺中市","西區","0","0","8","","","60","","","","","","","","","","","","","","","","","","","","B03","","","1","","2","","","16","","1","18","","B03","24.155104","120.66164","3"
"2019","3","11","12","14","臺中市","太平區","0","1","8","1","5","50","4","2","1","5","4","5","7","2","1","5","5","5","2","16","42","2","9","1","1","C03","7","10","1","10","2","12","","42","42","1","18","8","C03","24.158463","120.718111","2"
"2019","3","11","12","18","臺中市","大里區","0","1","8","1","5","50","4","1","1","5","4","5","7","1","1","10","5","5","2","17","27","3","10","1","1","B03","7","6","1","8","2","3","","27","27","1","22","8","B03","24.103099","120.675137","2"
"2019","3","11","12","31","臺中市","北區","0","1","8","1","5","50","4","1","1","5","4","5","7","4","4","10","5","5","2","16","6","3","10","3","4","B03","7","5","1","8","2","1","1","6","6","1","22","9","B03","24.170778","120.674359","2"
"2019","3","11","12","36","臺中市","北區","0","1","8","1","5","50","4","1","1","5","4","5","7","1","1","5","5","4","2","15","25","2","7","1","1","C04","7","9","1","10","2","11","","25","25","1","21","8","C04","24.171644","120.668253","2"
"2019","3","11","12","47","臺中市","沙鹿區","0","0","8","","","50","","","","","","","","","","","","","","","","","","","","B03","","","1","","2","","","16","","","4","","B03","24.238899","120.564552","3"
"2019","3","11","12","55","臺中市","南屯區","0","0","8","1","","50","","","","","","","","4","","","","","","","23","3","","","","B12","","","1","","3","","","23","23","1","21","","B12","24.152488","120.635012","3"
"2019","3","11","12","55","臺中市","北屯區","0","1","8","1","5","50","4","1","1","5","4","5","7","1","1","10","5","5","2","16","6","3","10","1","1","B03","7","6","1","8","2","8","","6","6","1","22","8","B03","24.200773","120.670886","2"
"2019","3","11","12","58","臺中市","梧棲區","0","2","8","1","5","50","3","9","1","5","4","5","7","4","4","5","5","5","1","16","23","2","8","1","1","C03","7","4","1","10","2","11","","23","23","1","18","8","C03","24.231631","120.533401","2"
"2019","3","11","13","0","臺中市","北屯區","0","0","8","","","80","","","","","","","","","","","","","","","43","","","","","B02","","","1","","2","","","43","43","1","22","","B02","24.201014","120.686234","3"
"2019","3","11","13","0","臺中市","大里區","0","1","8","1","5","50","4","1","1","5","4","5","7","1","1","10","5","5","2","3","6","3","10","1","1","B03","7","5","1","8","2","1","","6","6","1","12","8","B03","24.119118","120.684976","2"
"2019","3","11","13","19","臺中市","石岡區","0","1","8","1","5","70","3","7","1","5","4","5","7","1","1","4","3","4","1","13","23","2","9","1","1","B03","7","9","1","8","2","1","","23","23","1","22","9","B03","24.277221","120.764763","2"
"2019","3","11","13","40","臺中市","霧峰區","0","0","8","","","70","","","","","","","","","","","","","","","","","","","","B03","","","1","","11","","","12","","1","22","","B03","24.071051","120.697481","3"
"2019","3","11","13","42","臺中市","西屯區","0","0","8","","","50","","","","","","","","","","","","","","","","","","","","B03","","","1","","2","","","42","","1","22","","B03","24.165227","120.650918","3"
"2019","3","11","13","45","臺中市","南屯區","0","0","8","","","50","","","","","","","","4","","","","","","","23","3","","","","B11","","","1","","2","","","23","23","1","21","","B11","24.145669","120.63223","3"
"2019","3","11","13","45","臺中市","西屯區","0","0","8","1","5","50","14","9","1","5","4","5","7","4","4","1","3","4","1","12","","","","","","B12","","","1","","2","","","35","","1","22","","B12","24.169888","120.645936","3"
"2019","3","11","13","45","臺中市","大里區","0","1","8","1","5","60","4","1","1","5","4","5","7","1","1","5","2","4","1","17","25","3","10","1","1","B12","7","11","1","8","2","15","","25","25","1","22","8","B12","24.102533","120.671056","2"
"2019","3","11","13","47","臺中市","西屯區","0","0","8","","","40","","","","","","","","","","","","","","","","","","","","B01","","","1","","2","","","23","","1","","","B01","24.163003","120.63802","3"
"2019","3","11","13","49","臺中市","西屯區","0","1","8","1","5","50","3","2","1","5","4","5","7","1","1","5","4","4","2","16","43","3","10","1","1","B03","7","9","1","8","2","2","","43","43","1","22","8","B03","24.185768","120.603593","2"
"2019","3","11","13","50","臺中市","沙鹿區","0","0","8","","","40","","","","","","","","","","","","","","","","","","","","C03","","","1","","2","","","42","","1","18","","C03","24.214552","120.580737","3"
"2019","3","11","13","51","臺中市","清水區","0","1","8","1","5","40","4","1","1","5","4","5","7","1","1","10","5","5","2","29","23","2","1","1","1","B03","7","6","1","8","7","1","","23","23","1","20","8","B03","24.262843","120.561967","2"
"2019","3","11","13","57","臺中市","太平區","0","1","8","1","5","50","5","1","1","5","4","5","7","1","1","10","5","5","2","16","42","3","10","1","1","B11","7","6","1","8","2","2","","42","42","1","21","8","B11","24.134847","120.710112","2"
"2019","3","11","14","18","臺中市","北屯區","0","1","7","1","5","50","4","1","1","5","4","5","7","1","1","10","5","5","2","13","23","2","9","1","1","C03","7","9","1","10","2","11","","23","23","1","21","8","C03","24.17342","120.685681","2"
"2019","3","11","14","24","臺中市","西區","0","2","8","1","5","50","3","1","1","5","4","5","7","4","4","10","5","5","2","15","6","2","9","1","1","C03","7","9","1","10","2","11","","14","6","1","22","8","C03","24.145562","120.660868","2"
"2019","3","11","14","24","臺中市","太平區","0","3","8","1","5","50","4","1","1","5","4","5","7","1","1","5","5","5","2","15","42","2","9","1","1","C03","7","9","1","10","2","12","","42","42","1","18","8","C03","24.133696","120.721046","2"
"2019","3","11","14","44","臺中市","西區","0","0","8","1","5","50","14","7","1","5","4","5","7","1","1","5","2","4","2","13","","","","","","B03","","","1","","2","","","23","","1","5","","B03","24.140164","120.662607","3"
"2019","3","11","14","44","臺中市","太平區","0","0","8","","","50","","","","","","","","","","","","","","","","","","","","B03","","","3","","2","","","42","","1","21","","B03","24.13538","120.709327","3"
"2019","3","11","15","0","臺中市","南區","0","2","7","1","5","50","3","1","1","5","4","5","7","4","4","10","4","5","2","17","26","2","9","1","1","C03","7","6","1","9","2","11","","44","26","1","21","8","C03","24.1219453","120.666797","2"
"2019","3","11","15","4","臺中市","北屯區","0","1","8","1","5","50","3","1","1","5","4","5","7","1","1","10","5","5","2","16","42","3","10","3","4","B03","7","6","1","8","2","15","","42","42","1","21","8","B03","24.16532","120.727246","2"
"2019","3","11","15","7","臺中市","西區","0","0","8","","","50","","","","","","","","","","","","","","","","","","","","C03","","","1","","2","","","16","","1","5","","C03","24.140033","120.662569","3"
"2019","3","11","15","8","臺中市","西區","0","1","8","1","5","50","14","9","1","5","4","5","7","4","4","5","5","5","2","12","42","3","10","1","1","B03","7","9","1","8","2","2","","42","42","1","5","5","B03","24.14249","120.66833","2"
"2019","3","11","15","17","臺中市","西區","0","0","8","","","60","","","","","","","","","","","","","","","","","","","","B12","","","1","","2","","","16","","1","5","","B12","24.158015","120.658125","4"
"2019","3","11","15","31","臺中市","太平區","0","1","7","1","5","50","14","9","1","5","4","5","7","4","4","10","5","5","2","17","21","2","9","1","1","C03","7","9","1","10","7","11","","21","21","1","21","8","C03","24.149502","120.706326","2"
"2019","3","11","15","37","臺中市","沙鹿區","0","0","8","","","50","","","","","","","","","","","","","","","","","","","","B03","","","1","","2","","","12","","","4","","B03","24.225456","120.570517","3"
"2019","3","11","15","44","臺中市","大里區","0","0","8","","","50","","","","","","","","","","","","","","","","","","","","C03","","","1","","2","","","23","","1","22","","C03","24.106941","120.684961","3"
"2019","3","11","15","53","臺中市","西屯區","0","0","8","","","50","","","","","","","","","","","","","","","","","","","","B03","","","1","","2","","","23","","1","","","B03","24.187366","120.619625","3"
"2019","3","11","15","54","臺中市","龍井區","0","0","8","","","40","","","","","","","","","","","","","","","","","","","","B03","","","1","","2","","","6","","1","","","B03","24.180515","120.576721","3"
"2019","3","11","15","58","臺中市","西屯區","0","0","","","","","","","","","","","","","","","","","","","","","","","","B03","","","1","","2","","","23","","1","22","","B03","24.174546","120.634028","3"
"2019","3","11","16","0","臺中市","西區","0","2","8","1","5","50","3","1","1","5","4","5","7","4","4","5","5","5","2","16","26","2","9","3","4","C03","7","5","1","10","2","11","","26","26","1","21","8","C03","24.139173","120.674398","2"
"2019","3","11","16","4","臺中市","西屯區","0","0","8","","","40","","","","","","","","","","","","","","","6","","","","","B03","","","1","","2","","","6","6","1","4","","B03","24.186013","120.60892","3"
"2019","3","11","16","7","臺中市","龍井區","0","0","","","","","","","","","","","","","","","","","","","7","","","","","B12","","","1","","2","","","44","7","1","10","","B12","24.195142","120.571992","3"
"2019","3","11","16","12","臺中市","北區","","","8","","","50","","","","","","","","","","","","","","","","","","","","B03","","","1","","2","","","19","","1","22","","B03","24.151333","120.684634","3"
"2019","3","11","16","14","臺中市","北區","0","0","7","1","5","50","5","2","1","5","4","5","7","2","1","8","3","5","2","12","","","","","","B12","","","1","","2","","","23","","1","22","","B12","24.158405","120.676216","3"
"2019","3","11","16","14","臺中市","清水區","0","1","8","1","5","50","3","1","1","5","4","5","7","4","4","10","5","5","2","13","16","2","8","1","1","C03","7","9","1","10","2","11","","16","16","1","18","8","C03","24.294207","120.563975","2"
"2019","3","11","16","18","臺中市","西屯區","0","1","8","1","5","40","14","9","1","5","4","5","7","4","4","10","5","5","2","16","10","3","10","1","1","B03","7","11","1","8","2","5","","10","10","1","22","8","B03","24.181768","120.614761","2"
"2019","3","11","16","22","臺中市","北區","0","1","8","1","5","50","3","2","1","5","4","5","7","4","4","9","3","5","2","9","43","3","10","1","1","B03","7","2","1","8","11","15","","43","43","1","21","8","B03","24.161441","120.690223","2"
"2019","3","11","16","37","臺中市","大里區","0","1","8","1","5","40","8","9","1","5","4","5","7","4","4","1","5","5","1","17","23","2","9","1","1","C03","7","7","3","18","2","14","","23","23","1","21","5","C03","24.097799","120.694649","2"
"2019","3","11","16","40","臺中市","東區","0","1","7","2","5","50","14","9","1","5","4","5","7","3","1","5","5","5","2","13","16","3","10","1","1","C03","7","9","1","10","2","11","","16","16","1","21","8","C03","24.13877","120.693872","2"
"2019","3","11","16","45","臺中市","大里區","0","2","8","1","5","50","4","1","1","5","4","5","7","4","4","10","5","5","2","16","4","2","8","1","1","C03","7","9","1","10","2","11","","4","4","1","7","8","C03","24.086581","120.709968","2"
"2019","3","11","16","50","臺中市","西屯區","0","0","8","","","50","","","","","","","","","","","","","","","","","","","","B03","","","1","","2","","","23","","1","21","","B03","24.16313","120.633966","3"
"2019","3","11","17","9","臺中市","烏日區","0","1","8","1","5","50","3","9","4","5","2","1","7","4","4","5","4","5","2","18","19","2","9","1","1","C03","7","1","1","10","2","12","","19","19","1","22","8","C03","24.066259","120.645296","2"
"2019","3","11","17","10","臺中市","南區","0","0","","","","","","","","","","","","","","","","","","","","","","","","B03","","","1","","2","","","23","","1","21","","B03","24.113186","120.6597","3"
"2019","3","11","17","11","臺中市","西屯區","0","0","8","1","5","40","14","9","1","5","4","5","7","4","4","9","4","5","2","14","12","3","10","3","4","A11","7","2","1","3","9","7","","12","12","2","22","9","A11","24.177068","120.594955","3"
"2019","3","11","17","12","臺中市","大雅區","0","0","8","","","50","","","","","","","","","","","","","","","","","","","","B03","","","1","","2","","","23","","1","22","","B03","24.240664","120.628685","3"
"2019","3","11","17","13","臺中市","大雅區","0","0","8","","","50","","","","","","","","","","","","","","","","","","","","B03","","","1","","9","","","43","","2","","","B03","24.227556","120.650985","3"
"2019","3","11","17","14","臺中市","北屯區","0","0","8","","","50","","","","","","","","","","","","","","","23","","","","","B12","","","1","","2","","","23","23","1","","","B12","24.17239","120.685398","3"
"2019","3","11","17","14","臺中市","西屯區","0","0","8","","","40","","","","","","","","","","","","","","","23","","","","","A11","","","1","","2","","","23","23","1","4","","A11","24.19947","120.646051","3"
"2019","3","11","17","16","臺中市","南區","0","0","8","","","50","","","","","","","","","","","","","","","6","3","","","","C03","","","1","","2","","","6","6","","16","","C03","24.11496","120.670996","3"
"2019","3","11","17","18","臺中市","霧峰區","0","0","8","","","50","","","","","","","","","","","","","","","","","","","","F03","","","7","","2","","","26","","1","22","","F03","24.065768","120.695387","3"
"2019","3","11","17","20","臺中市","北屯區","0","0","8","","","50","","","","","","","","","","","","","","","","","","","","B03","","","1","","2","","","16","","1","22","","B03","24.193127","120.747257","3"
"2019","3","11","17","20","臺中市","大里區","0","0","8","","","50","","","","","","","","","","","","","","","","","","","","B03","","","1","","2","","","23","","1","22","","B03","24.094467","120.709679","3"
"2019","3","11","17","25","臺中市","東區","0","0","8","","","50","","","","","","","","","","","","","","","","","","","","B03","","","1","","2","","","23","","1","22","","B03","24.133874","120.708039","3"
"2019","3","11","17","27","臺中市","西屯區","0","0","8","","","50","","","","","","","","","","","","","","","","","","","","C03","","","1","","2","","","23","","1","22","","C03","24.173825","120.623158","3"
"2019","3","11","17","27","臺中市","潭子區","0","0","8","","","80","","","","","","","","","","","","","","","","","","","","B03","","","1","","2","","","23","","1","22","","B03","24.200569","120.705418","3"
"2019","3","11","17","36","臺中市","大里區","0","0","8","","","40","","","","","","","","","","","","","","","","","","","","B12","","","1","","2","","","7","","1","12","","B12","24.103964","120.692946","3"
"2019","3","11","17","39","臺中市","清水區","0","1","8","1","5","70","14","7","1","5","4","5","7","2","1","9","4","4","1","16","43","3","10","1","1","B03","7","21","1","8","2","5","2","43","43","1","21","1","B03","24.310998","120.603168","2"
"2019","3","11","17","40","臺中市","沙鹿區","0","0","8","","","50","","","","","","","","","","","","","","","","","","","","B03","","","1","","2","","","43","","1","4","","B03","24.24417","120.564718","3"
"2019","3","11","17","45","臺中市","潭子區","0","3","7","2","5","40","4","1","1","5","4","3","7","4","4","10","5","5","2","17","19","2","9","1","1","C03","7","1","1","10","2","11","","19","19","1","21","8","C03","24.215483","120.729936","2"
"2019","3","11","17","48","臺中市","西屯區","0","2","8","3","5","40","14","7","1","5","4","5","7","4","4","5","5","4","2","16","10","2","7","1","1","C03","7","11","1","10","2","12","","10","10","1","4","8","C03","24.176311","120.643587","2"
"2019","3","11","17","50","臺中市","沙鹿區","0","1","8","3","5","40","14","8","1","5","4","5","7","4","4","1","4","1","1","16","27","3","10","1","1","B03","7","6","1","7","2","15","","27","27","1","4","5","B03","24.232235","120.572882","2"
"2019","3","11","17","50","臺中市","后里區","0","0","8","","","40","","","","","","","","","","","","","","","","","","","","B03","","","1","","9","","","43","","1","5","","B03","24.305236","120.710068","3"
"2019","3","11","17","55","臺中市","西區","0","0","8","","","50","","","","","","","","","","","","","","","","","","","","B03","","","1","","2","","","23","","1","5","","B03","24.13928","120.66577","3"
"2019","3","11","17","58","臺中市","烏日區","0","0","","","","","","","","","","","","","","","","","","","","","","","","B12","","","1","","2","","","17","","1","22","","B12","24.10239","120.620142","4"
"2019","3","11","17","58","臺中市","潭子區","0","0","8","","","60","","","","","","","","","","","","","","","","","","","","B03","","","1","","2","","","7","","1","22","","B03","24.205592","120.704772","3"
"2019","3","11","18","5","臺中市","霧峰區","0","1","8","2","5","50","4","1","1","5","4","5","7","4","4","10","5","5","2","16","9","3","10","3","4","B03","7","6","1","8","2","2","","9","9","1","22","8","B03","24.046631","120.687473","2"
"2019","3","11","18","5","臺中市","大肚區","0","1","8","1","5","50","3","1","1","5","4","5","7","4","4","10","5","5","2","16","26","2","8","1","1","C03","7","9","1","10","2","11","","26","26","1","19","8","C03","24.150536","120.542518","2"
"2019","3","11","18","8","臺中市","西區","0","0","","","","","","","","","","","","","","","","","","","","","","","","B03","","","1","","2","","","16","","1","5","","B03","24.155983","120.65898","4"
"2019","3","11","18","11","臺中市","北區","0","0","8","","","50","","","","","","","","","","","","","","","19","","","","","B03","","","1","","2","5","","19","19","1","22","","B03","24.1531","120.6875","3"
"2019","3","11","18","15","臺中市","大里區","0","2","8","2","5","40","3","1","1","5","4","5","7","4","4","10","5","5","2","17","6","2","9","1","1","C03","7","6","1","10","2","11","","6","6","1","18","8","C03","24.089205","120.70978","2"
"2019","3","11","18","20","臺中市","西屯區","0","0","8","","","50","","","","","","","","","","","","","","","","","","","","C03","","","1","","2","","","26","","1","5","","C03","24.174341","120.64766","3"
"2019","3","11","18","20","臺中市","霧峰區","0","1","8","3","5","50","3","1","1","5","4","5","7","4","4","10","5","5","2","17","27","3","10","1","1","B03","7","5","1","8","2","4","","27","27","1","21","5","B03","24.061642","120.699872","2"
"2019","3","11","18","23","臺中市","沙鹿區","0","1","8","2","5","50","14","9","1","5","4","5","7","4","4","5","5","5","1","17","40","3","10","1","1","B03","7","14","1","8","2","4","","40","40","1","5","5","B03","24.236277","120.56621","2"
"2019","3","11","18","31","臺中市","北區","0","1","8","3","5","50","14","9","1","5","4","5","7","4","4","5","5","5","2","27","66","","","","","","","","","","","","","66","66","1","","","","24.151591","120.674875","2"
"2019","3","11","18","31","臺中市","石岡區","0","0","8","","","","","","","","","","","","","","","","","","23","3","10","3","1","B12","7","8","1","8","2","5","","23","23","1","22","8","B12","24.273201","120.790683","3"
"2019","3","11","18","34","臺中市","北屯區","0","1","8","3","5","50","5","1","1","5","4","5","7","2","1","10","5","5","2","12","42","2","9","3","4","C03","7","15","1","10","2","14","","42","42","1","21","8","C03","24.188748","120.686478","2"
"2019","3","11","18","35","臺中市","西屯區","0","0","","","","","","","","","","","","","","","","","","","9","","","","","B03","","","1","","2","","","9","9","1","22","","B03","24.183123","120.616631","3"
"2019","3","11","18","35","臺中市","西屯區","0","1","8","3","5","50","3","1","1","5","4","5","7","4","4","4","3","4","1","15","6","2","9","1","1","C03","7","11","1","10","2","11","","6","6","1","4","8","C03","24.177936","120.666051","2"
"2019","3","11","18","36","臺中市","潭子區","0","0","8","","","50","","","","","","","","","","","","","","","","","","","","B03","","","1","","2","","","23","","1","22","","B03","24.20609","120.702521","3"