"年","月","日","時","分","縣市","區","死","受傷","天候","光線","道路類別","速限","道路型態","事故位置","路面鋪裝","路面狀態","路面缺陷","障礙物","視距","號誌種類","號誌動作","分向設施","快車道或一般車道間","快慢車道間","路面邊線","事故類型及型態","主要肇因","受傷程度","主要傷處","保護裝備","行動電話","當事者區分","車輛用途","當事者行動狀態","駕駛資格情形","駕駛執照種類","飲酒情形","車輛撞擊部位最初","車輛撞擊部位其他","肇事因素個別","肇事因素主要","肇事逃逸","職業","旅次目的","車種","GPS座標緯度","GPS座標經度","事故類別"
"2019","3","11","18","38","臺中市","南區","0","1","8","2","5","50","4","1","1","5","4","5","7","2","1","10","5","5","2","16","25","3","10","1","1","A12","7","5","1","3","2","6","","25","25","1","5","8","A12","24.126389","120.679241","2"
"2019","3","11","18","38","臺中市","北屯區","0","2","8","3","5","50","5","1","1","5","4","5","7","1","1","10","5","5","2","16","6","2","9","1","1","C03","7","5","1","10","2","11","","6","6","1","21","8","C03","24.177148","120.730448","2"
"2019","3","11","18","38","臺中市","潭子區","0","1","8","3","5","30","4","1","1","5","4","5","7","1","1","10","5","5","2","17","23","3","10","1","1","B03","7","9","1","8","2","5","","23","23","1","21","8","B03","24.204434","120.716406","2"
"2019","3","11","18","40","臺中市","南屯區","0","1","8","1","5","40","4","1","1","5","4","5","7","4","4","10","5","5","2","16","7","3","10","1","1","B03","7","10","1","8","2","6","","7","7","1","22","9","B03","24.116015","120.62672","2"
"2019","3","11","18","57","臺中市","大肚區","0","0","8","","","50","","","","","","","","","","","","","","","","","","","","B03","","","1","","2","","","12","","1","4","","B03","24.120818","120.578993","3"
"2019","3","11","18","58","臺中市","大甲區","0","1","8","3","5","50","15","7","1","5","3","5","7","4","4","9","4","4","2","17","42","2","7","1","1","C03","7","9","3","18","2","12","","42","42","1","16","1","C03","24.342285","120.62564","2"
"2019","3","11","18","58","臺中市","潭子區","0","0","8","3","5","50","14","9","1","5","4","5","7","1","1","8","4","5","1","13","","","","","","B03","","","1","","2","","","23","","1","22","","B03","24.210294","120.686583","3"
"2019","3","11","19","0","臺中市","西區","0","1","8","3","5","50","3","1","1","5","4","5","7","1","1","10","5","5","2","17","10","3","10","1","1","B03","7","11","1","8","2","6","","10","10","1","21","8","B03","24.150904","120.663437","2"
"2019","3","11","19","0","臺中市","西屯區","0","0","","","","","","","","","","","","","","","","","","","","","","","","B12","","","1","","2","","","6","","1","22","","B12","24.198598","120.634661","3"
"2019","3","11","19","5","臺中市","大里區","0","0","8","","","50","","","","","","","","","","","","","","","","","","","","B03","","","1","","2","","","23","","1","22","","B03","24.103109","120.674586","3"
"2019","3","11","19","8","臺中市","烏日區","0","2","8","3","5","60","4","1","1","5","4","5","7","2","1","10","5","5","2","16","4","2","7","1","1","C03","7","11","1","10","2","11","","10","4","1","21","8","C03","24.107122","120.63612","2"
"2019","3","11","19","10","臺中市","西區","0","0","8","","","50","","","","","","","","","","","","","","","","","","","","B03","","","1","","2","","","23","","1","5","","B03","24.140843","120.658819","3"
"2019","3","11","19","13","臺中市","西屯區","0","0","8","","","50","","","","","","","","","","","","","","","","","","","","B03","","","1","","2","","","16","","1","4","","B03","24.173694","120.633217","3"
"2019","3","11","19","15","臺中市","西屯區","0","0","8","","","50","","","","","","","","","","","","","","","","","","","","B03","","","1","","2","","","23","","1","22","","B03","24.184066","120.590605","3"
"2019","3","11","19","17","臺中市","西屯區","0","0","8","","","50","","","","","","","","","","","","","","","","","","","","B03","","","1","","2","","","23","","1","","","B03","24.18105","120.624958","3"
"2019","3","11","19","17","臺中市","烏日區","0","2","8","3","5","40","14","11","1","5","4","5","7","4","4","2","4","1","2","13","13","2","9","1","4","C03","7","9","1","10","2","11","","13","13","1","18","8","C03","24.102323","120.619823","2"
"2019","3","11","19","26","臺中市","西區","0","0","8","","","50","","","","","","","","","","","","","","","","","","","","B03","","","1","","2","","","6","","1","5","","B03","24.132564","120.671863","3"
"2019","3","11","19","32","臺中市","梧棲區","0","1","8","3","5","50","4","18","1","5","4","5","7","1","1","10","5","5","2","3","25","3","10","1","1","B11","7","6","1","8","2","2","","25","25","1","1","4","B11","24.246173","120.542009","2"
"2019","3","11","19","33","臺中市","西屯區","0","2","8","2","5","50","4","1","1","5","4","5","7","4","4","4","1","4","1","11","6","3","10","1","1","B03","7","5","1","8","2","5","","6","6","1","4","8","B03","24.178113","120.665933","2"
"2019","3","11","19","33","臺中市","西屯區","0","0","8","","","60","","","","","","","","","","","","","","","","","","","","B03","","","1","","2","","","16","","1","4","","B03","24.171177","120.636436","3"
"2019","3","11","19","38","臺中市","大里區","0","1","8","3","7","80","14","9","1","5","4","5","7","4","4","1","5","5","1","20","42","2","6","1","1","B12","7","7","1","8","2","5","","42","42","1","21","5","B12","24.099641","120.691375","2"
"2019","3","11","19","51","臺中市","太平區","0","0","8","","","50","","","","","","","","","","","","","","","","","","","","C03","","","1","","2","","","23","","1","21","","C03","24.127026","120.718743","3"
"2019","3","11","19","54","臺中市","東區","0","1","8","3","5","50","4","18","1","5","4","5","7","2","1","5","4","4","2","9","43","3","10","1","1","B03","7","5","1","8","2","8","","43","43","1","21","8","B03","24.132","120.684125","2"
"2019","3","11","19","54","臺中市","潭子區","0","0","8","4","5","50","14","9","1","5","4","5","7","4","4","4","4","5","2","13","","","","","","B03","","","1","","2","","","18","","1","22","","B03","24.212931","120.70363","4"
"2019","3","11","19","58","臺中市","神岡區","0","0","8","","","40","","","","","","","","","","","","","","","","","","","","B03","","","1","","2","","","5","","1","22","","B03","24.257639","120.705641","3"
"2019","3","11","20","6","臺中市","清水區","0","0","8","","","50","","","","","","","","","","","","","","","","","","","","B03","","","1","","2","","","23","","1","12","","B03","24.27014","120.5783","3"
"2019","3","11","20","10","臺中市","大肚區","0","1","8","1","5","30","12","9","1","5","4","5","7","4","4","5","5","5","2","18","23","2","1","1","1","C03","7","9","6","10","8","11","","23","23","1","19","8","C03","24.153029","120.560858","2"
"2019","3","11","20","11","臺中市","霧峰區","0","1","8","3","5","50","14","9","1","5","4","5","7","4","4","5","5","5","2","17","6","3","10","3","4","A05","7","4","1","2","2","15","","6","6","1","22","8","A05","24.079493","120.716726","2"
"2019","3","11","20","20","臺中市","大里區","0","0","8","","","50","","","","","","","","","","","","","","","","","","","","B03","","","1","","2","","","5","","1","22","","B03","24.085076","120.700633","3"
"2019","3","11","20","33","臺中市","北區","0","2","8","3","5","50","14","9","1","5","4","5","7","4","4","5","4","5","2","17","26","2","9","1","1","C03","7","11","1","10","2","11","","26","26","1","21","8","C03","24.166885","120.677181","2"
"2019","3","11","20","40","臺中市","龍井區","0","1","8","3","5","40","14","8","1","5","4","5","7","4","4","1","4","1","1","29","43","2","9","4","5","F01","7","9","8","20","2","16","","43","43","1","9","8","F01","24.216591","120.508818","2"
"2019","3","11","20","45","臺中市","西區","0","1","8","3","5","40","4","2","1","5","4","5","7","1","1","10","5","5","2","13","16","3","10","1","1","C03","7","9","1","10","2","14","","16","16","1","21","8","C03","24.146918","120.6728","2"
"2019","3","11","20","45","臺中市","西區","0","1","8","3","5","50","14","7","1","5","4","5","7","4","4","1","4","4","2","17","19","3","10","1","1","B03","7","1","1","8","2","8","","19","19","1","21","8","B03","24.147378","120.657222","2"
"2019","3","11","20","53","臺中市","石岡區","0","1","8","3","5","70","14","7","1","5","4","5","7","4","4","1","4","4","1","17","7","2","9","1","1","C03","7","7","1","10","2","13","","7","7","1","21","8","C03","24.270818","120.796011","2"
"2019","3","11","20","59","臺中市","梧棲區","0","2","8","3","5","40","3","1","1","5","4","5","7","4","4","10","5","5","2","11","23","2","9","1","1","C03","7","9","1","10","2","14","","23","23","1","11","5","C03","24.241581","120.557727","2"
"2019","3","11","21","12","臺中市","大甲區","0","1","8","3","5","50","14","9","1","5","4","5","7","4","4","10","5","5","2","16","6","3","10","1","1","B03","7","6","1","8","2","6","","6","6","1","5","8","B03","24.355196","120.631848","2"
"2019","3","11","21","13","臺中市","北區","0","0","8","3","5","50","","","","","","","","","","","","","","","","","","","","B03","","","1","","2","","","23","","1","5","","B03","24.150439","120.676284","3"
"2019","3","11","21","18","臺中市","大雅區","0","1","8","3","5","50","14","8","1","5","4","5","7","4","4","1","4","4","1","13","23","2","9","1","1","C03","7","9","3","18","2","11","","23","23","1","22","8","C03","24.224121","120.645913","2"
"2019","3","11","21","30","臺中市","南區","0","0","","","","","","","","","","","","","","","","","","","","","","","","B03","","","1","","2","","","23","","1","21","","B03","24.129912","120.685141","3"
"2019","3","11","21","32","臺中市","西屯區","0","3","8","3","5","50","4","2","1","5","4","5","7","2","1","5","4","4","2","16","26","2","9","1","1","C03","7","9","1","10","2","11","14","44","26","1","18","8","C03","24.184621","120.644658","2"
"2019","3","11","21","32","臺中市","烏日區","0","1","8","3","5","30","11","9","1","5","4","5","1","2","1","10","4","5","2","17","23","2","9","1","1","C03","7","9","1","10","2","14","","23","23","1","21","8","C03","24.111745","120.616492","2"
"2019","3","11","21","34","臺中市","烏日區","0","2","8","3","5","40","14","8","1","5","4","5","7","4","4","1","4","4","1","13","23","2","9","1","4","C03","7","9","1","10","2","11","","23","23","1","22","8","C03","24.109015","120.606188","2"
"2019","3","11","21","37","臺中市","西屯區","0","0","","","","","","","","","","","","","","","","","","","12","","","","","B12","","","1","","2","","","12","12","1","22","","B12","24.17652","120.616376","3"
"2019","3","11","21","53","臺中市","西屯區","0","0","8","","","50","","","","","","","","","","","","","","","43","","","","","","","","7","","11","","","43","43","","","","","24.15737","120.657716","3"
"2019","3","11","21","55","臺中市","北區","0","0","8","","","50","","","","","","","","","","","","","","","","","","","","B12","","","1","","2","","","23","","1","22","","B12","24.1592","120.6794","3"
"2019","3","11","22","24","臺中市","大里區","0","0","8","","","40","","","","","","","","","","","","","","","","","","","","C03","","","1","","2","","","23","","1","22","","C03","24.111115","120.696396","3"
"2019","3","11","22","25","臺中市","南區","0","1","8","3","5","50","4","1","1","5","4","5","7","4","4","10","5","5","2","15","14","3","10","1","1","B03","7","9","1","8","4","5","","14","14","1","21","8","B03","24.119927","120.662063","2"
"2019","3","11","22","28","臺中市","西屯區","0","0","8","","","50","","","","","","","","","","","","","","","","","","","","B03","","","1","","2","","","16","","1","22","","B03","24.163073","120.644658","3"
"2019","3","11","22","33","臺中市","西屯區","0","1","8","3","5","40","4","1","1","5","4","5","7","4","4","10","5","5","2","3","23","3","10","1","1","C03","7","9","1","10","2","11","","23","23","1","4","8","C03","24.178772","120.644439","2"
"2019","3","11","23","5","臺中市","大里區","0","0","8","","","50","","","","","","","","","","","","","","","","","","","","B12","","","1","","2","","","12","","1","","","B12","24.106561","120.702294","3"
"2019","3","11","23","43","臺中市","西區","0","1","8","3","5","50","4","1","1","5","4","5","7","1","1","10","5","5","2","16","6","3","10","1","1","C03","7","6","1","10","2","13","","6","6","1","5","5","C03","24.140176","120.667867","2"
"2019","3","11","23","52","臺中市","太平區","0","0","8","3","5","40","4","8","1","5","4","5","7","2","1","5","4","4","2","14","","","","","","B03","","","1","","2","","","12","","1","21","","B03","24.149663","120.710756","3"
"2019","3","12","0","21","臺中市","龍井區","0","3","8","3","5","50","4","1","1","5","4","5","7","1","1","10","5","5","2","16","26","2","9","1","1","C03","7","5","1","10","2","11","","26","26","1","22","8","C03","24.175903","120.58196","2"
"2019","3","12","0","39","臺中市","東區","0","1","8","1","5","50","4","1","1","5","4","5","7","3","1","10","5","5","2","15","6","3","10","1","1","B03","7","9","1","8","2","1","","6","6","1","21","8","B03","24.134749","120.690689","2"
"2019","3","12","1","6","臺中市","西屯區","0","1","8","3","5","50","3","1","1","5","4","5","7","3","1","10","5","5","2","17","23","2","9","3","4","C03","7","9","1","10","2","12","","23","23","1","22","8","C03","24.169328","120.648327","2"
"2019","3","12","1","29","臺中市","北區","0","1","8","3","5","50","14","9","1","5","4","5","7","4","4","10","5","5","2","17","13","2","9","3","4","B03","7","9","3","18","2","8","","13","13","1","22","9","B03","24.166321","120.682963","2"
"2019","3","12","4","47","臺中市","龍井區","0","1","8","3","5","50","4","1","1","5","4","5","7","2","1","10","5","5","2","3","23","3","10","1","1","B03","7","9","1","8","2","2","","23","23","1","6","1","B03","24.125435","120.536247","2"
"2019","3","12","5","21","臺中市","北屯區","0","0","8","","","50","","","","","","","","","","","","","","","","","","","","","","","7","","11","","","43","","2","","","","24.16914","120.70163","3"
"2019","3","12","5","25","臺中市","清水區","0","1","8","3","5","50","4","2","1","5","4","5","7","4","4","10","5","5","2","18","42","2","9","1","1","C03","7","11","1","10","2","14","","42","42","1","21","8","C03","24.267335","120.578864","2"
"2019","3","12","5","55","臺中市","清水區","","","8","","","40","","","","","","","","","","","","","","","","","","","","C03","","","1","","2","","","25","","1","21","","C03","24.267853","120.544072","3"
"2019","3","12","6","8","臺中市","西屯區","0","0","8","","","50","","","","","","","","","","","","","","","","","","","","B03","","","3","","2","","","42","","1","22","","B03","24.194395","120.65877","3"
"2019","3","12","6","35","臺中市","烏日區","0","0","8","","","40","","","","","","","","","","","","","","","","","","","","B03","","","1","","2","","","12","","1","21","","B03","24.109","120.636307","3"
"2019","3","12","6","53","臺中市","北屯區","0","2","8","1","5","50","4","1","1","5","4","5","7","2","1","10","5","5","2","16","26","2","9","3","4","C03","7","9","1","10","2","14","","26","26","1","22","8","C03","24.201369","120.686988","2"
"2019","3","12","6","53","臺中市","梧棲區","0","1","8","1","5","40","4","1","1","5","4","5","7","1","1","10","5","5","2","15","44","2","9","3","4","F01","7","9","8","20","2","16","","44","44","1","12","1","F01","24.224654","120.520303","2"
"2019","3","12","6","58","臺中市","北屯區","0","1","8","1","5","40","4","1","1","5","4","5","7","1","1","1","2","4","2","13","23","2","8","1","1","C03","7","9","1","10","2","11","","23","23","1","22","8","C03","24.16259","120.721587","2"
"2019","3","12","7","10","臺中市","西屯區","0","0","8","","","50","","","","","","","","","","","","","","","","","","","","B03","","","1","","2","","","23","","1","21","","B03","24.19895","120.643075","3"
"2019","3","12","7","10","臺中市","太平區","0","1","8","1","5","50","14","9","1","5","4","5","7","4","4","5","5","5","1","18","67","","","","","","","","","","","","","67","67","1","","","","24.109763","120.725097","2"
"2019","3","12","7","13","臺中市","北屯區","0","1","8","1","5","50","4","2","1","5","4","5","7","1","1","5","4","4","2","16","10","3","10","1","1","B03","7","11","1","8","2","4","","10","10","1","21","8","B03","24.175877","120.715325","2"
"2019","3","12","7","15","臺中市","大甲區","0","0","8","","","50","","","","","","","","","","","","","","","","","","","","B03","","","2","","1","","","1","","1","5","","B03","24.342685","120.622159","3"
"2019","3","12","7","18","臺中市","梧棲區","0","1","8","1","5","50","3","1","1","5","4","5","7","3","1","10","5","5","2","13","23","3","10","1","1","B03","7","5","1","8","2","8","","23","23","1","9","1","B03","24.247891","120.548513","2"
"2019","3","12","7","18","臺中市","大甲區","0","0","8","1","5","40","14","9","1","5","4","5","7","4","4","8","3","5","1","13","23","3","10","1","1","B03","7","14","1","8","1","1","","23","23","1","4","1","B03","24.38139","120.655333","3"
"2019","3","12","7","21","臺中市","南屯區","0","1","8","1","5","50","4","1","1","5","4","5","7","2","1","10","5","5","2","3","15","3","10","3","4","B03","7","5","1","8","2","1","","15","15","1","22","9","B03","24.150978","120.633339","2"
"2019","3","12","7","25","臺中市","大雅區","0","0","8","","","50","","","","","","","","","","","","","","","","","","","","C03","","","1","","2","","","16","","1","","","C03","24.206832","120.629008","3"
"2019","3","12","7","27","臺中市","西區","0","0","8","1","5","50","14","8","1","5","4","5","7","4","4","5","2","4","2","17","43","","","","","B03","","","1","","2","","","43","43","1","22","","B03","24.151987","120.670368","3"
"2019","3","12","7","33","臺中市","潭子區","0","3","8","1","5","50","4","1","1","5","4","5","7","1","1","10","5","5","2","16","8","2","8","1","1","C03","7","5","1","10","2","11","","8","8","1","22","8","C03","24.204618","120.706497","2"
"2019","3","12","7","36","臺中市","西屯區","0","1","8","1","5","50","14","7","1","5","4","5","7","2","1","1","4","4","2","13","16","2","9","3","4","C03","7","9","1","10","2","11","","16","16","1","22","9","C03","24.195155","120.658793","2"
"2019","3","12","7","40","臺中市","大里區","0","0","8","","","80","","","","","","","","","","","","","","","","","","","","B03","","","1","","2","","","23","","1","22","","B03","24.112013","120.697523","3"
"2019","3","12","7","40","臺中市","龍井區","0","0","8","","","40","","","","","","","","","","","","","","","","","","","","C03","","","1","","2","","","23","","1","3","","C03","24.2","120.52","3"
"2019","3","12","7","42","臺中市","西區","0","0","8","1","5","50","4","7","1","5","4","5","7","1","1","5","4","4","2","13","","","","","","C03","","","1","","2","","","23","","1","2","","C03","24.142496","120.679662","3"
"2019","3","12","7","42","臺中市","梧棲區","0","1","8","1","5","50","4","2","1","5","4","5","7","1","1","10","5","5","2","16","43","3","10","1","1","C03","7","5","1","10","2","11","","43","43","1","20","8","C03","24.248806","120.538566","2"
"2019","3","12","7","43","臺中市","北屯區","0","0","8","","","50","","","","","","","","","","","","","","","","","","","","B01","","","1","","2","","","16","","1","","","B01","24.177059","120.67569","3"
"2019","3","12","7","45","臺中市","烏日區","0","0","8","","","40","","","","","","","","","","","","","","","","","","","","C03","","","1","","2","","","16","","1","21","","C03","24.110475","120.634966","3"
"2019","3","12","7","46","臺中市","太平區","0","1","8","1","5","50","3","1","1","5","4","5","7","3","1","5","5","5","2","13","43","2","9","1","1","C03","7","7","1","10","2","14","","43","43","1","21","8","C03","24.133362","120.735871","2"
"2019","3","12","7","48","臺中市","西屯區","0","0","8","","","50","","","","","","","","","","","","","","","","","","","","B03","","","1","","2","","","23","","1","22","","B03","24.176295","120.589632","3"
"2019","3","12","7","50","臺中市","西區","0","2","8","1","5","50","14","9","1","5","4","5","7","4","4","5","4","5","2","9","60","2","9","4","5","H01","8","16","8","20","2","16","","60","60","1","20","8","H01","24.146938","120.658785","2"
"2019","3","12","7","51","臺中市","西屯區","0","1","8","1","5","50","3","1","1","5","4","5","7","4","4","5","4","4","2","16","6","3","10","3","4","B03","7","6","1","8","2","1","","6","6","1","21","8","B03","24.175853","120.640511","2"
"2019","3","12","7","51","臺中市","大肚區","0","1","8","1","5","50","4","1","1","5","4","5","7","1","1","10","5","5","2","15","25","3","10","1","1","C03","7","9","1","10","2","12","","25","25","1","12","1","C03","24.15647","120.538555","2"
"2019","3","12","7","51","臺中市","沙鹿區","0","0","8","","","40","","","","","","","","","","","","","","","","","","","","B12","","","1","","2","","","42","","1","2","","B12","24.201227","120.582464","3"
"2019","3","12","7","53","臺中市","北區","0","0","8","","","50","","","","","","","","","","","","","","","44","3","","","","B03","","","1","8","2","","","44","44","1","22","","B03","24.16512","120.673989","3"
"2019","3","12","7","55","臺中市","北屯區","0","2","8","1","5","30","14","8","1","5","4","5","7","4","4","1","5","5","1","17","26","2","8","1","1","C03","7","9","1","10","2","11","","26","26","1","22","8","C03","24.201296","120.691825","2"
"2019","3","12","7","55","臺中市","太平區","0","0","8","","","50","","","","","","","","","","","","","","","","","","","","B03","","","1","","2","","","18","","1","21","","B03","24.116029","120.732643","3"
"2019","3","12","8","0","臺中市","南屯區","0","2","8","1","5","40","4","1","1","5","4","5","7","4","4","10","5","5","2","16","6","3","10","1","1","B12","7","6","1","8","2","2","","6","6","1","22","8","B12","24.12499","120.632048","2"
"2019","3","12","8","0","臺中市","沙鹿區","0","0","8","","","50","","","","","","","","","","","","","","","","","","","","B03","","","1","","2","","","22","","2","4","","B03","24.259358","120.600939","3"
"2019","3","12","8","2","臺中市","北區","0","1","8","1","5","40","14","8","1","5","4","5","7","4","4","1","2","4","2","18","23","2","8","1","1","C03","7","9","1","10","2","12","","23","23","1","18","2","C03","24.150016","120.675856","2"
"2019","3","12","8","4","臺中市","清水區","0","0","8","","","50","","","","","","","","","","","","","","","","","","","","B03","","","1","","2","","","25","","2","21","","B03","24.266557","120.561268","3"
"2019","3","12","8","5","臺中市","東勢區","0","0","8","","5","50","14","9","1","5","4","5","7","4","4","5","5","5","1","17","","","","","","A02","","","1","","2","","","23","","1","10","","A02","24.252073","120.829895","3"
"2019","3","12","8","6","臺中市","神岡區","0","0","8","","","50","","","","","","","","","","","","","","","","","","","","B03","","","1","","2","","","16","","1","21","","B03","24.247599","120.68095","3"
"2019","3","12","8","16","臺中市","北屯區","0","0","8","","","50","","","","","","","","","","","","","","","","","","","","B01","","","1","","2","","","23","","1","","","B01","24.172147","120.684172","3"
"2019","3","12","8","17","臺中市","南屯區","0","0","8","","","60","","","","","","","","","","","","","","","","","","","","B03","","","1","","2","","","16","","1","","","B03","24.149813","120.623116","3"
"2019","3","12","8","20","臺中市","大里區","0","1","8","1","5","40","14","12","1","5","4","5","7","4","4","1","2","4","1","13","23","2","9","1","1","C03","7","9","1","10","2","11","","23","23","1","5","1","C03","24.107571","120.664136","2"
"2019","3","12","8","23","臺中市","潭子區","0","1","8","1","5","40","3","2","1","5","4","5","7","4","4","5","4","4","1","11","8","2","8","1","1","C03","7","5","1","10","2","11","","8","8","1","22","1","C03","24.216907","120.690843","2"
"2019","3","12","8","36","臺中市","南屯區","0","0","8","","","50","","","","","","","","","","","","","","","","","","","","B03","","","1","","2","","","23","","1","22","","B03","24.147703","120.629221","3"
"2019","3","12","8","37","臺中市","中區","0","1","8","1","5","50","4","1","1","5","4","5","7","4","4","10","5","5","2","12","26","3","10","3","4","B01","7","5","1","4","2","4","","26","26","1","10","8","B01","24.145245","120.677829","2"
"2019","3","12","8","38","臺中市","西區","0","1","8","1","5","50","4","1","1","5","4","5","7","2","1","5","2","5","2","16","23","2","9","1","1","C03","7","9","1","10","2","14","","23","23","1","4","1","C03","24.139402","120.681454","2"
"2019","3","12","8","38","臺中市","潭子區","0","2","8","1","5","50","4","1","1","5","4","5","7","1","1","10","5","5","2","15","25","2","9","4","1","F01","7","9","8","20","2","16","","25","25","1","22","8","F01","24.211409","120.706955","2"
"2019","3","12","8","40","臺中市","北屯區","0","1","8","1","5","50","4","18","1","5","4","5","7","1","1","10","5","5","2","3","15","3","10","1","1","B03","7","5","1","8","2","4","","15","15","1","21","8","B03","24.169221","120.706121","2"
"2019","3","12","8","40","臺中市","烏日區","0","0","8","","","50","","","","","","","","","","","","","","","","","","","","B12","","","8","","10","","","43","","1","22","","B12","24.110345","120.608556","3"
"2019","3","12","8","44","臺中市","北屯區","0","0","8","","","40","","","","","","","","","","","","","","","","","","","","B12","","","1","","2","","","12","","1","","","B12","24.184477","120.722233","3"
"2019","3","12","8","46","臺中市","南區","0","0","","","","","","","","","","","","","","","","","","","","","","","","B03","","","1","","2","","","23","","1","21","","B03","24.127225","120.67189","3"
"2019","3","12","8","55","臺中市","西區","0","0","8","1","5","50","4","1","1","5","4","5","7","2","1","1","4","4","2","13","","","","","","B03","","","1","","2","","","23","","1","20","","B03","24.145518","120.671316","3"
"2019","3","12","8","57","臺中市","霧峰區","0","0","8","1","5","40","14","16","1","5","4","5","7","4","4","1","5","5","1","13","16","3","10","1","1","B12","7","9","1","8","2","1","","16","16","1","9","8","B12","24.077453","120.66377","3"
"2019","3","12","8","58","臺中市","西屯區","","","8","","","50","","","","","","","","","","","","","","","","","","","","B12","","","1","","9","","","16","","2","22","","B12","24.173623","120.637158","3"
"2019","3","12","9","0","臺中市","大里區","0","1","8","1","5","50","3","1","1","5","4","5","7","4","4","10","5","5","2","17","19","3","10","1","1","B03","7","1","1","8","2","1","","19","19","1","5","5","B03","24.112466","120.68265","2"
"2019","3","12","9","0","臺中市","清水區","0","0","","","","50","","","","","","","","","","","","","","","","","","","","B03","","","1","","2","","","23","","1","5","","B03","24.275183","120.547825","3"
"2019","3","12","9","3","臺中市","西屯區","0","1","8","1","5","40","14","8","1","5","4","5","7","4","4","1","4","4","2","17","43","2","9","1","1","C03","7","21","1","10","2","15","","43","43","1","22","9","C03","24.187045","120.611115","2"
"2019","3","12","9","5","臺中市","大里區","0","2","8","1","5","50","4","1","1","5","4","3","5","3","1","5","2","5","1","16","4","2","8","1","1","C03","7","5","1","10","2","14","","4","4","1","22","8","C03","24.083505","120.69094","2"
"2019","3","12","9","6","臺中市","西區","0","0","8","1","5","50","3","1","1","5","4","5","7","4","4","10","5","5","2","17","","","","","","B11","","","1","","2","","","38","","1","22","","B11","24.138872","120.660198","3"
"2019","3","12","9","7","臺中市","西屯區","0","1","8","1","5","50","3","1","1","5","4","5","7","4","4","5","5","5","2","16","6","2","9","3","4","C03","7","5","1","10","2","11","","6","6","1","21","8","C03","24.19627","120.642187","2"
"2019","3","12","9","8","臺中市","沙鹿區","0","2","8","1","5","40","14","8","1","5","4","5","7","4","4","9","5","4","2","12","42","2","9","1","1","C03","7","6","1","10","2","14","","42","42","1","4","8","C03","24.233333","120.565768","2"
"2019","3","12","9","10","臺中市","北屯區","0","0","8","","","50","","","","","","","","","","","","","","","","","","","","B12","","","1","","2","","","23","","1","","","B12","24.182044","120.702096","3"
"2019","3","12","9","13","臺中市","龍井區","0","1","8","1","5","40","4","1","1","5","4","5","7","4","4","10","5","5","2","15","6","2","9","3","4","C03","7","9","1","10","2","12","","6","6","1","22","8","C03","24.180983","120.583736","2"
"2019","3","12","9","20","臺中市","霧峰區","0","1","8","1","5","40","4","1","1","5","4","5","7","4","4","10","5","5","2","15","6","2","9","1","1","C03","7","9","1","10","2","11","","6","6","1","18","2","C03","24.060891","120.695638","2"
"2019","3","12","9","23","臺中市","北屯區","0","1","8","1","5","50","14","7","1","5","4","5","7","4","4","1","4","4","2","16","7","2","9","1","1","C03","7","7","1","10","2","14","","7","7","1","22","8","C03","24.162894","120.69019","2"
"2019","3","12","9","28","臺中市","北屯區","0","1","8","1","5","50","4","2","1","5","4","5","7","4","4","5","5","4","2","13","16","2","9","1","1","C03","7","9","1","10","2","11","","16","16","1","22","8","C03","24.176654","120.67885","2"
"2019","3","12","9","43","臺中市","大里區","0","0","8","","","40","","","","","","","","","","","","","","","","","","","","B03","","","1","","2","","","18","","1","","","B03","24.103741","120.689918","3"
"2019","3","12","9","45","臺中市","烏日區","0","0","8","","","50","","","","","","","","","","","","","","","","","","","","C03","","","1","","2","","","8","","1","18","","C03","24.118203","120.607853","4"
"2019","3","12","9","52","臺中市","中區","0","1","8","1","5","50","4","1","1","5","4","5","7","4","4","10","5","5","2","16","6","2","9","3","4","C03","7","9","1","10","2","11","","6","6","1","21","8","C03","24.139466","120.684499","2"
"2019","3","12","9","55","臺中市","西區","0","2","8","1","5","50","14","8","1","5","4","5","7","1","1","5","4","4","2","13","23","2","8","1","1","C03","7","9","1","10","2","11","","23","23","1","5","1","C03","24.13439","120.67126","2"
"2019","3","12","9","55","臺中市","北屯區","0","0","8","","","40","","","","","","","","","","","","","","","12","3","","","","B03","","","1","","2","","","12","12","","21","","B03","24.186361","120.686993","3"
"2019","3","12","9","55","臺中市","后里區","0","0","8","","","50","","","","","","","","","","","","","","","","","","","","B03","","","1","","2","","","23","","1","","","B03","24.312115","120.722628","3"
"2019","3","12","9","58","臺中市","霧峰區","0","1","8","1","5","40","4","1","1","5","4","5","7","1","1","10","5","5","2","16","8","2","9","1","1","C03","7","5","1","10","2","12","","8","8","1","20","5","C03","24.060038","120.662576","2"
"2019","3","12","10","6","臺中市","北屯區","0","0","8","","","50","","","","","","","","","","","","","","","","","","","","B03","","","1","","2","","","7","","1","","","B03","24.200814","120.683836","3"
"2019","3","12","10","8","臺中市","梧棲區","0","0","8","","","50","","","","","","","","","","","","","","","","","","","","B03","","","1","","2","","","23","","1","9","","B03","24.25322","120.529681","3"
"2019","3","12","10","14","臺中市","南區","0","0","8","","","50","","","","","","","","","","","","","","","43","","","","","B03","","","1","","2","","","43","43","1","22","","B03","24.114946","120.654913","3"