"年","月","日","時","分","縣市","區","死","受傷","天候","光線","道路類別","速限","道路型態","事故位置","路面鋪裝","路面狀態","路面缺陷","障礙物","視距","號誌種類","號誌動作","分向設施","快車道或一般車道間","快慢車道間","路面邊線","事故類型及型態","主要肇因","受傷程度","主要傷處","保護裝備","行動電話","當事者區分","車輛用途","當事者行動狀態","駕駛資格情形","駕駛執照種類","飲酒情形","車輛撞擊部位最初","車輛撞擊部位其他","肇事因素個別","肇事因素主要","肇事逃逸","職業","旅次目的","車種","GPS座標緯度","GPS座標經度","事故類別"
"2019","3","12","10","18","臺中市","清水區","0","1","8","1","5","60","5","2","1","5","4","5","7","1","1","3","4","4","1","12","44","3","10","1","1","B12","7","6","1","8","2","5","","44","44","1","6","7","B12","24.275873","120.547253","2"
"2019","3","12","10","36","臺中市","龍井區","0","0","","","","","","","","","","","","","","","","","","","23","","","","","B03","","","1","","2","","","44","23","1","22","","B03","24.185714","120.586819","3"
"2019","3","12","10","48","臺中市","石岡區","0","1","8","1","5","70","3","1","1","5","4","5","7","1","1","10","5","5","2","17","6","3","10","1","1","B03","7","5","1","8","2","5","","6","6","1","21","8","B03","24.266156","120.807226","2"
"2019","3","12","10","50","臺中市","烏日區","0","1","8","1","5","40","3","1","1","5","4","5","7","3","1","1","4","4","1","16","6","2","9","1","1","C03","7","9","1","10","2","12","","6","6","1","21","8","C03","24.112747","120.644256","2"
"2019","3","12","10","59","臺中市","烏日區","0","1","8","1","5","60","4","1","1","5","4","5","7","2","1","10","5","5","2","12","8","2","9","1","1","C03","7","5","1","10","2","13","11","8","8","1","21","8","C03","24.109143","120.642123","2"
"2019","3","12","11","1","臺中市","大里區","0","1","8","1","5","50","4","1","1","5","4","5","7","4","4","10","5","5","2","16","6","2","9","1","1","F02","7","9","8","20","2","16","","6","6","1","20","8","F02","24.095679","120.71532","2"
"2019","3","12","11","4","臺中市","北屯區","0","2","8","1","5","50","4","1","1","5","4","5","7","3","1","5","5","5","2","15","6","3","10","1","1","B03","7","9","1","8","2","8","","6","6","1","22","8","B03","24.163854","120.688788","2"
"2019","3","12","11","4","臺中市","烏日區","0","0","8","","","50","","","","","","","","","","","","","","","","","","","","B03","","","1","","2","","","17","","1","22","","B03","24.062278","120.643118","3"
"2019","3","12","11","9","臺中市","梧棲區","0","0","8","","","50","","","","","","","","","","","","","","","","","","","","B03","","","1","","2","","","16","","1","9","","B03","24.246522","120.547992","3"
"2019","3","12","11","10","臺中市","北區","0","0","8","","","50","","","","","","","","","","","","","","","23","","","","","B03","","","1","8","2","","","23","23","1","","","B03","24.162979","120.669915","3"
"2019","3","12","11","10","臺中市","大雅區","0","1","8","1","5","50","3","7","1","5","4","5","7","4","4","4","5","4","1","13","16","3","10","1","1","B12","7","9","1","7","2","1","","16","16","1","22","9","B12","24.211126","120.631049","2"
"2019","3","12","11","11","臺中市","龍井區","0","0","8","","","50","","","","","","","","","","","","","","","","","","","","B12","","","1","","2","","","12","","1","10","","B12","24.199433","120.510263","3"
"2019","3","12","11","16","臺中市","太平區","0","1","8","1","5","50","4","1","1","5","4","5","7","1","1","10","5","5","2","16","26","3","10","1","1","B03","7","5","1","8","11","2","","26","26","1","21","8","B03","24.149614","120.714241","2"
"2019","3","12","11","20","臺中市","大里區","0","0","8","","","40","","","","","","","","","","","","","","","","","","","","B12","","","1","","2","","","23","","1","10","","B12","24.116446","120.678621","3"
"2019","3","12","11","20","臺中市","太平區","0","0","8","","","50","","","","","","","","","","","","","","","","","","","","B12","","","1","","2","","","23","","1","4","","B12","24.133407","120.725575","3"
"2019","3","12","11","25","臺中市","西區","0","1","8","1","5","50","3","1","1","5","4","5","7","4","4","10","5","5","2","16","23","3","10","1","1","B03","7","5","1","8","2","8","","23","23","1","22","8","B03","24.145585","120.664272","2"
"2019","3","12","11","25","臺中市","霧峰區","0","0","8","","","50","","","","","","","","","","","","","","","","","","","","B12","","","1","","2","","","12","","1","22","","B12","24.060056","120.664435","3"
"2019","3","12","11","25","臺中市","潭子區","0","1","8","1","5","50","14","7","1","5","4","5","7","4","4","1","4","4","1","18","14","2","8","1","1","C03","7","12","1","10","2","15","","14","14","1","9","1","C03","24.192536","120.700043","2"
"2019","3","12","11","29","臺中市","大甲區","0","0","8","","","40","","","","","","","","","","","","","","","","","","","","B12","","","1","","2","","","23","","1","4","","B12","24.339162","120.622907","3"
"2019","3","12","11","31","臺中市","西區","0","0","8","1","5","50","14","9","1","5","4","5","7","4","4","5","5","5","2","12","","3","","","","B03","","","1","","2","","","40","","1","21","","B03","24.145519","120.661098","3"
"2019","3","12","11","37","臺中市","南屯區","0","1","8","1","5","40","14","8","1","5","4","5","7","2","1","1","4","4","2","17","7","3","10","3","4","B03","7","8","1","8","2","1","","7","7","1","22","9","B03","24.150787","120.648964","2"
"2019","3","12","11","41","臺中市","沙鹿區","0","0","8","","","60","","","","","","","","","","","","","","","","","","","","B03","","","1","","2","","","7","","1","","","B03","24.237596","120.569108","3"
"2019","3","12","11","45","臺中市","西區","0","0","8","1","5","50","14","7","1","5","4","5","7","4","4","5","2","4","2","14","","","","","","B03","","","1","","2","","","12","","1","19","","B03","24.136338","120.660957","3"
"2019","3","12","11","45","臺中市","大甲區","0","1","8","1","5","50","4","2","1","5","4","5","7","4","4","5","5","5","2","17","6","3","10","1","1","B12","7","9","1","8","2","8","","23","6","2","22","1","B12","24.344615","120.626635","2"
"2019","3","12","11","46","臺中市","南區","0","2","8","1","5","40","3","2","1","5","4","5","7","4","4","10","5","5","2","3","23","2","9","1","1","C03","7","9","1","9","2","11","","23","23","1","21","8","C03","24.112531","120.652251","2"
"2019","3","12","11","49","臺中市","南屯區","0","0","8","","","50","","","","","","","","","","","","","","","","","","","","B03","","","1","","2","","","16","","1","22","","B03","24.14769","120.628785","3"
"2019","3","12","11","49","臺中市","北屯區","0","1","8","1","5","40","4","1","1","5","4","5","7","2","1","10","5","5","2","16","26","2","8","1","1","C03","7","5","1","10","2","13","","26","26","1","21","8","C03","24.162908","120.69073","2"
"2019","3","12","11","50","臺中市","北屯區","0","1","8","1","5","50","4","1","1","5","4","5","7","4","4","10","5","5","2","15","6","2","9","1","1","C03","7","9","1","10","2","12","","6","6","1","21","8","C03","24.185261","120.699196","2"
"2019","3","12","12","5","臺中市","北屯區","0","0","8","","","50","","","","","","","","","","","","","","","","","","","","B03","","","1","","2","","","23","","1","","","B03","24.171925","120.687688","3"
"2019","3","12","12","6","臺中市","西屯區","0","0","8","","","50","","","","","","","","","","","","","","","","","","","","A05","","","1","","2","","","23","","1","","","A05","24.186385","120.602812","3"
"2019","3","12","12","6","臺中市","太平區","0","0","8","","","50","","","","","","","","","","","","","","","","","","","","B03","","","1","","2","","","23","","1","21","","B03","24.133362","120.735871","3"
"2019","3","12","12","17","臺中市","南區","0","1","8","1","5","50","4","2","1","5","4","5","7","2","1","10","5","5","2","18","23","2","9","1","1","C03","7","9","1","10","2","12","","23","23","1","21","8","C03","24.131854","120.676553","2"
"2019","3","12","12","20","臺中市","沙鹿區","0","1","8","1","5","40","14","8","1","5","4","5","7","4","4","1","4","1","2","18","13","2","9","1","1","C03","7","9","1","10","2","12","","13","13","1","18","5","C03","24.227382","120.575691","2"
"2019","3","12","12","30","臺中市","烏日區","0","1","8","1","5","40","3","1","1","5","4","5","7","4","4","10","5","5","2","16","6","3","10","1","1","B03","7","5","1","8","2","8","","6","6","1","21","8","B03","24.10812","120.625898","2"
"2019","3","12","12","30","臺中市","梧棲區","0","0","8","","","50","","","","","","","","","","","","","","","","","","","","B03","","","1","","2","","","6","","1","10","","B03","24.252528","120.536589","3"
"2019","3","12","12","35","臺中市","大里區","0","0","8","1","5","50","14","13","1","5","4","5","7","4","4","5","2","5","1","14","12","3","10","1","1","A11","7","2","1","3","2","6","","12","12","1","10","3","A11","24.087912","120.688995","3"
"2019","3","12","12","42","臺中市","北屯區","0","2","8","1","5","50","4","1","1","5","4","5","7","4","4","10","5","5","2","15","6","2","9","3","4","C03","7","9","1","10","2","12","","6","6","1","21","8","C03","24.183785","120.699213","2"
"2019","3","12","12","46","臺中市","沙鹿區","0","0","8","","","40","","","","","","","","","","","","","","","","","","","","C03","","","1","","2","","","42","","1","18","","C03","24.227306","120.57479","3"
"2019","3","12","12","50","臺中市","烏日區","0","1","8","1","5","50","14","9","1","5","4","3","7","4","4","4","5","5","1","17","23","3","10","1","1","B03","7","9","1","8","2","5","","23","23","1","22","8","B03","24.105241","120.640108","2"
"2019","3","12","12","56","臺中市","豐原區","0","1","8","1","5","40","14","9","1","5","4","5","7","1","1","1","4","5","1","13","23","2","7","1","1","C03","7","9","1","10","2","11","","23","23","1","21","8","C03","24.237296","120.70759","2"
"2019","3","12","13","2","臺中市","西區","0","0","8","1","5","50","14","9","1","5","4","5","7","4","4","10","5","5","2","12","","3","","","","B03","","","1","","2","","","19","","1","21","","B03","24.148112","120.671447","3"
"2019","3","12","13","5","臺中市","大雅區","0","3","8","1","5","50","14","9","1","5","4","5","7","4","4","5","5","5","2","17","4","2","8","1","1","C03","7","5","1","10","2","11","","4","4","1","21","8","C03","24.225067","120.655888","2"
"2019","3","12","13","11","臺中市","大里區","0","0","8","","","40","","","","","","","","","","","","","","","","","","","","B12","","","1","","2","","","9","","1","21","","B12","24.09989","120.658576","3"
"2019","3","12","13","12","臺中市","東區","0","0","8","","","50","","","","","","","","","","","","","","","6","","","","","B12","","","1","","2","","","6","6","1","5","","B12","24.141238","120.706908","3"
"2019","3","12","13","20","臺中市","大里區","0","1","8","1","5","50","3","1","1","5","4","5","5","4","4","10","5","5","2","16","6","2","9","1","1","C03","7","5","1","10","2","11","","6","6","1","9","8","C03","24.087915","120.705001","2"
"2019","3","12","13","25","臺中市","北屯區","0","0","8","","","40","","","","","","","","","","","","","","","","","","","","B03","","","1","","2","","","12","","1","","","B03","24.175182","120.691545","3"
"2019","3","12","13","25","臺中市","石岡區","0","0","","","","","","","","","","","","","","","","","","","23","","","","","B12","","","1","","2","","","44","23","1","22","","B12","24.27847","120.767622","3"
"2019","3","12","13","28","臺中市","東勢區","0","2","8","1","5","60","11","9","1","5","4","5","1","4","4","8","4","5","1","16","26","2","9","1","1","C03","7","5","1","10","2","11","","26","26","1","5","8","C03","24.292873","120.801086","2"
"2019","3","12","13","30","臺中市","西屯區","","","8","","","50","","","","","","","","","","","","","","","","","","","","B12","","","1","","2","","","42","","1","22","","B12","24.200883","120.643983","3"
"2019","3","12","13","38","臺中市","外埔區","0","1","8","1","5","50","3","2","1","5","4","5","7","4","4","4","4","4","1","16","8","3","10","1","1","B12","7","5","1","8","4","5","","8","8","1","4","8","B12","24.342299","120.637676","2"
"2019","3","12","13","57","臺中市","大里區","0","0","8","1","5","50","4","2","5","5","4","5","7","2","1","5","4","5","1","16","25","3","10","1","1","B03","7","5","1","8","2","5","","25","25","1","5","8","B03","24.09184","120.691255","3"
"2019","3","12","14","21","臺中市","北區","0","0","8","","","50","","","","","","","","","","","","","","","23","","","","","B03","","","1","8","2","","","23","23","1","","","B03","24.162957","120.670561","3"
"2019","3","12","14","24","臺中市","西區","0","2","8","1","5","50","3","1","1","5","4","5","7","2","1","10","5","5","2","16","6","2","9","1","1","C03","7","6","1","10","2","12","","6","6","1","5","5","C03","24.141577","120.661676","2"
"2019","3","12","14","29","臺中市","龍井區","0","0","8","","","50","","","","","","","","","","","","","","","","","","","","B03","","","1","","2","","","23","","1","","","B03","24.18634","120.577533","3"
"2019","3","12","14","30","臺中市","大肚區","0","0","8","","","40","","","","","","","","","","","","","","","","","","","","C03","","","1","","2","","","5","","1","5","","C03","24.123601","120.567825","3"
"2019","3","12","14","30","臺中市","石岡區","0","0","8","","","50","","","","","","","","","","","","","","","","","","","","A31","","","1","","2","","","12","","1","10","","A31","24.280379","120.778382","3"
"2019","3","12","14","31","臺中市","西屯區","0","0","8","","","50","","","","","","","","","","","","","","","","","","","","B03","","","1","","2","","","23","","1","22","","B03","24.19894","120.654727","3"
"2019","3","12","14","36","臺中市","西屯區","0","1","8","1","5","40","14","9","1","5","4","5","7","4","4","10","5","5","2","14","12","","","","","","","","","","","","","","","","","","","24.15975","120.616331","2"
"2019","3","12","14","40","臺中市","南區","0","0","8","","","50","","","","","","","","","","","","","","","","","","","","B03","","","1","","2","","","23","","1","22","","B03","24.116843","120.670078","3"
"2019","3","12","14","40","臺中市","北屯區","0","0","8","","","50","","","","","","","","","","","","","","","26","","","","","B03","","","1","","2","","","26","26","1","21","","B03","24.177115","120.72293","3"
"2019","3","12","14","43","臺中市","大里區","0","0","8","","","50","","","","","","","","","","","","","","","","","","","","B03","","","1","","2","","","5","","1","22","","B03","24.098883","120.708903","3"
"2019","3","12","14","46","臺中市","潭子區","0","1","8","1","5","60","14","8","1","5","4","1","7","4","4","8","4","4","1","28","23","2","9","1","1","C03","7","9","1","10","2","11","","23","23","1","22","1","C03","24.217917","120.688731","2"
"2019","3","12","14","55","臺中市","清水區","0","0","8","1","5","70","4","","","","","","","","","","","","","","23","","","","","B03","","","1","","2","","","23","23","1","21","","B03","24.297623","120.564821","3"
"2019","3","12","14","57","臺中市","神岡區","0","0","8","","","40","","","","","","","","","","","","","","","","","","","","B12","","","1","","2","","","6","","1","22","","B12","24.261196","120.678208","3"
"2019","3","12","14","59","臺中市","梧棲區","0","1","8","1","5","50","4","1","1","5","4","5","7","3","1","10","5","5","2","13","16","3","10","1","1","C03","7","9","1","10","2","11","","16","16","1","5","5","C03","24.251347","120.537025","2"
"2019","3","12","15","0","臺中市","西區","0","1","8","1","5","50","4","1","1","5","4","5","7","2","1","10","5","5","2","17","43","2","9","1","1","C03","7","9","1","10","1","14","","43","43","1","20","8","C03","24.138047","120.680062","2"
"2019","3","12","15","5","臺中市","霧峰區","0","0","8","","","40","","","","","","","","","","","","","","","","","","","","B03","","","1","","2","","","23","","1","5","","B03","24.069778","120.662016","3"
"2019","3","12","15","24","臺中市","西屯區","0","0","8","","","40","","","","","","","","","","","","","","","7","","","","","B12","","","1","","2","","","7","7","1","","","B12","24.200868","120.64395","3"
"2019","3","12","15","27","臺中市","龍井區","0","1","8","1","5","50","14","9","1","5","4","5","7","4","4","5","5","5","1","17","19","3","10","1","1","B03","7","1","1","8","2","5","","19","19","1","21","8","B03","24.191111","120.587785","2"
"2019","3","12","15","38","臺中市","北屯區","0","0","8","","","40","","","","","","","","","","","","","","","","","","","","B03","","","1","","2","","","19","","1","22","","B03","24.175781","120.690308","3"
"2019","3","12","15","50","臺中市","北屯區","0","1","8","1","5","50","14","9","1","5","4","5","7","4","4","5","4","5","2","16","10","3","10","1","1","B03","7","11","1","8","2","4","","10","10","1","21","8","B03","24.175361","120.719021","2"
"2019","3","12","15","51","臺中市","北屯區","0","0","8","","","50","","","","","","","","","","","","","","","","","","","","B03","","","1","","2","","","12","","1","","","B03","24.173582","120.669826","3"
"2019","3","12","15","55","臺中市","東勢區","0","0","8","","","50","","","","","","","","","","","","","","","","","","","","B12","","","1","","2","","","12","","1","5","","B12","24.253643","120.83014","3"
"2019","3","12","15","57","臺中市","北屯區","0","0","8","","","50","","","","","","","","","","","","","","","","","","","","B03","","","1","","2","","","23","","1","","","B03","24.170082","120.704598","3"
"2019","3","12","15","59","臺中市","大里區","0","1","8","1","5","50","3","1","1","5","4","5","7","4","4","10","5","5","2","13","23","2","9","3","4","C03","7","9","1","10","2","11","","23","23","1","22","8","C03","24.092888","120.694361","2"
"2019","3","12","16","0","臺中市","南屯區","0","3","8","1","5","50","4","1","1","5","4","5","7","2","1","10","5","5","2","12","1","3","10","1","1","C03","7","4","1","10","2","12","","1","1","1","22","9","C03","24.140051","120.644982","2"
"2019","3","12","16","0","臺中市","西屯區","0","0","","","","","","","","","","","","","","","","","","","23","","","","","B11","","","1","","2","","","42","23","1","22","","B11","24.161306","120.652368","3"
"2019","3","12","16","3","臺中市","西屯區","0","0","8","","","50","","","","","","","","","","","","","","","","","","","","B12","","","1","","2","","","23","","1","4","","B12","24.183765","120.644528","3"
"2019","3","12","16","4","臺中市","太平區","0","0","8","","","50","","","","","","","","","","","","","","","","","","","","B03","","","1","","2","","","42","","1","21","","B03","24.153044","120.702848","3"
"2019","3","12","16","6","臺中市","大里區","0","2","8","1","5","40","3","1","1","5","4","5","7","4","4","10","5","5","2","17","23","3","10","1","1","B03","7","5","1","8","2","1","","23","23","1","21","5","B03","24.087365","120.711489","2"
"2019","3","12","16","10","臺中市","北屯區","0","1","8","1","5","50","14","9","1","5","4","5","7","1","1","9","4","4","2","17","43","2","9","4","5","F01","7","9","8","20","2","16","","43","43","1","20","8","F01","24.163806","120.714821","2"
"2019","3","12","16","10","臺中市","梧棲區","0","2","8","1","5","40","4","1","1","5","4","5","7","4","4","10","5","5","2","15","6","2","9","1","1","C03","7","9","1","10","2","11","","6","6","1","20","5","C03","24.24274","120.537694","2"
"2019","3","12","16","15","臺中市","北屯區","0","0","8","","","50","","","","","","","","","","","","","","","23","","","","","B03","","","1","","2","","","23","23","1","21","","B03","24.196378","120.686342","3"
"2019","3","12","16","19","臺中市","梧棲區","0","0","8","","","50","","","","","","","","","","","","","","","","","","","","B03","","","1","","2","","","10","","1","9","","B03","24.261256","120.537048","3"
"2019","3","12","16","24","臺中市","北區","0","1","8","1","5","50","4","1","1","5","4","5","7","4","4","5","4","5","2","15","6","2","9","1","1","C03","7","9","1","10","2","11","","6","6","1","5","8","C03","24.168761","120.670024","2"
"2019","3","12","16","30","臺中市","西區","0","0","8","","","50","","","","","","","","","","","","","","","42","3","","","","B03","","","1","","2","","","42","42","","5","","B03","24.147854","120.673618","3"
"2019","3","12","16","37","臺中市","沙鹿區","0","1","8","1","5","40","3","1","1","5","4","5","7","1","1","10","5","5","2","17","23","2","9","1","1","C03","7","9","1","10","2","11","","23","23","1","18","5","C03","24.217088","120.580282","2"
"2019","3","12","16","38","臺中市","東區","0","1","8","1","5","50","4","1","1","5","4","5","7","1","1","9","4","4","2","18","23","3","10","1","1","B03","7","5","1","8","2","15","","44","23","1","5","8","B03","24.13238","120.684033","2"
"2019","3","12","16","38","臺中市","霧峰區","0","2","8","1","5","70","14","12","1","5","4","5","7","4","4","3","4","4","1","12","23","2","9","1","1","C03","7","9","3","18","2","11","","23","23","1","20","8","C03","24.023891","120.696656","2"
"2019","3","12","16","40","臺中市","太平區","0","0","8","","","40","","","","","","","","","","","","","","","","","","","","A12","","","1","","2","","","12","","1","9","","A12","24.126692","120.706439","3"
"2019","3","12","16","40","臺中市","沙鹿區","0","3","8","1","5","40","14","8","1","5","4","5","7","4","4","1","5","1","1","13","23","2","9","1","1","C03","7","9","1","10","2","11","","23","23","1","18","8","C03","24.204336","120.58112","2"
"2019","3","12","16","47","臺中市","東區","0","2","8","2","5","50","14","9","1","5","4","5","7","4","4","5","5","5","2","13","16","2","8","1","1","B03","7","9","1","8","2","1","","16","16","1","21","8","B03","24.129311","120.69955","2"
"2019","3","12","16","47","臺中市","北屯區","0","1","8","1","5","50","14","9","1","5","4","5","7","4","4","1","4","5","2","18","42","2","9","1","1","C03","7","9","1","10","2","15","","42","42","1","21","8","C03","24.172395","120.681725","2"
"2019","3","12","16","47","臺中市","北屯區","0","1","8","1","5","50","4","1","1","5","4","5","7","4","4","10","5","5","2","15","14","2","9","3","4","C03","7","9","1","10","2","11","","14","14","1","21","8","C03","24.181543","120.703941","2"
"2019","3","12","16","48","臺中市","后里區","0","1","8","1","5","40","3","2","1","5","4","5","3","4","4","5","5","5","1","16","6","2","7","1","1","C03","7","6","1","10","2","11","","6","6","1","22","9","C03","24.306108","120.714755","2"
"2019","3","12","16","50","臺中市","大雅區","0","1","8","1","5","50","3","1","1","5","4","5","7","1","1","10","4","5","1","3","23","3","10","1","1","A11","7","6","1","7","2","1","","23","23","1","22","9","A11","24.215955","120.647855","2"
"2019","3","12","16","55","臺中市","西屯區","0","0","8","","","50","","","","","","","","","","","","","","","23","","","","","B03","","","1","","2","","","44","23","1","","","B03","24.175066","120.66109","3"
"2019","3","12","16","57","臺中市","北屯區","0","1","8","1","5","50","4","1","1","5","4","5","7","3","1","10","5","5","2","15","6","3","10","1","1","B03","7","9","1","8","2","4","","6","6","1","21","5","B03","24.186901","120.689688","2"
"2019","3","12","17","2","臺中市","潭子區","0","1","7","1","5","40","4","1","1","5","4","5","7","4","4","10","5","5","2","17","6","2","9","1","1","C03","7","5","1","10","2","11","","6","6","1","21","8","C03","24.229016","120.710476","2"
"2019","3","12","17","3","臺中市","南區","0","0","8","","","40","","","","","","","","","","","","","","","","","","","","","","","7","","11","","","43","","","","","","24.126325","120.670815","3"
"2019","3","12","17","8","臺中市","西屯區","0","1","8","1","5","40","14","8","1","5","4","5","7","1","1","5","4","4","2","12","43","3","10","1","1","B03","7","9","1","8","2","5","","43","43","1","22","8","B03","24.194375","120.624096","2"
"2019","3","12","17","8","臺中市","霧峰區","0","1","8","1","5","40","3","2","1","5","4","5","7","4","4","10","5","5","2","17","19","3","10","1","1","B03","7","1","1","8","2","4","","19","19","1","22","8","B03","24.063083","120.667958","2"
"2019","3","12","17","13","臺中市","東區","0","0","8","","","50","","","","","","","","","","","","","","","17","","","","","B03","","","1","","2","","","23","17","1","5","","B03","24.144786","120.696908","4"
"2019","3","12","17","17","臺中市","北屯區","0","0","8","","","50","","","","","","","","","","","","","","","","","","","","C03","","","1","","2","","","25","","1","21","","C03","24.193028","120.689509","3"
"2019","3","12","17","18","臺中市","潭子區","0","0","8","","","50","","","","","","","","","","","","","","","","","","","","B03","","","1","","2","","","23","","1","22","","B03","24.195784","120.702461","3"
"2019","3","12","17","19","臺中市","梧棲區","0","0","8","","","40","","","","","","","","","","","","","","","","","","","","A11","","","1","","2","","","17","","1","10","","A11","24.230599","120.525796","3"
"2019","3","12","17","20","臺中市","北區","0","0","8","2","5","50","11","17","1","5","4","5","7","4","4","10","4","5","2","12","","","","","","B02","","","1","","2","","","23","","1","22","","B02","24.162687","120.684934","3"
"2019","3","12","17","25","臺中市","大里區","0","1","8","1","5","50","4","1","1","5","4","5","7","1","1","10","5","5","1","17","6","2","9","1","1","C03","7","9","1","10","2","12","","23","6","1","4","8","C03","24.111212","120.70365","2"
"2019","3","12","17","29","臺中市","梧棲區","0","0","8","","","50","","","","","","","","","","","","","","","","","","","","B03","","","1","","2","","","12","","1","19","","B03","24.250828","120.552137","3"
"2019","3","12","17","30","臺中市","中區","0","0","8","","","50","","","","","","","","","","","","","","","","","","","","B03","","","1","","2","","","16","","1","5","","B03","24.136367","120.681814","3"
"2019","3","12","17","32","臺中市","西區","0","2","8","1","5","50","4","1","1","5","4","5","7","2","1","10","5","5","2","16","19","2","9","1","1","C04","7","1","1","10","2","14","","19","19","1","5","5","C04","24.146723","120.656774","2"
"2019","3","12","17","34","臺中市","大甲區","0","1","8","1","5","50","4","2","1","5","4","5","7","1","1","5","5","5","1","17","42","3","10","1","1","B03","7","15","1","8","2","1","3","42","42","1","5","8","B03","24.35079","120.620109","2"
"2019","3","12","17","35","臺中市","北屯區","0","2","8","1","5","50","4","2","1","5","4","5","7","1","1","1","2","5","2","13","23","2","9","1","1","C03","7","9","1","10","2","11","","23","23","1","21","8","C03","24.172498","120.685435","2"
"2019","3","12","17","39","臺中市","外埔區","0","1","8","1","5","50","14","9","1","5","4","5","7","4","4","5","5","5","1","17","40","3","10","2","1","B03","7","15","1","8","2","4","","40","40","1","22","9","B03","24.332446","120.65407","2"
"2019","3","12","17","40","臺中市","太平區","0","0","8","","","50","","","","","","","","","","","","","","","","","","","","C03","","","1","","2","","","6","","1","21","","C03","24.149385","120.722826","3"
"2019","3","12","17","48","臺中市","太平區","0","0","8","","","40","","","","","","","","","","","","","","","","","","","","B03","","","1","","2","","","12","","1","9","","B03","24.144432","120.733392","3"
"2019","3","12","17","49","臺中市","西屯區","0","0","8","","","60","","","","","","","","","","","","","","","","","","","","B01","","","1","","2","","","7","","1","","","B01","24.163293","120.648434","3"
"2019","3","12","17","50","臺中市","大肚區","0","0","8","","","40","","","","","","","","","","","","","","","","","","","","A12","","","1","","2","","","42","","1","10","","A12","24.113418","120.580905","3"
"2019","3","12","17","52","臺中市","烏日區","0","1","8","1","5","50","3","1","1","5","4","5","7","4","4","10","5","5","2","16","23","2","5","1","1","C03","7","9","1","10","2","11","","23","23","1","21","1","C03","24.093003","120.647493","2"
"2019","3","12","17","56","臺中市","北屯區","0","0","8","","","50","","","","","","","","","","","","","","","","","","","","B03","","","1","","2","","","23","","1","22","","B03","24.181448","120.70387","3"
"2019","3","12","18","0","臺中市","沙鹿區","0","0","8","","","40","","","","","","","","","","","","","","","","","","","","B03","","","1","","2","","","18","","1","19","","B03","24.226683","120.575171","3"
"2019","3","12","18","5","臺中市","大雅區","0","2","8","2","5","40","4","1","1","5","4","5","7","4","4","5","5","5","1","15","6","2","9","1","1","C03","7","9","1","10","2","11","","6","6","1","22","8","C03","24.226715","120.64646","2"
"2019","3","12","18","6","臺中市","豐原區","0","0","8","","","50","","","","","","","","","","","","","","","","","","","","B03","","","1","","2","","","26","","1","21","","B03","24.25782","120.719478","3"
"2019","3","12","18","7","臺中市","潭子區","0","1","8","3","5","50","14","9","1","5","4","5","7","1","1","8","4","5","1","12","23","3","10","1","1","C03","7","9","1","10","2","12","","23","23","1","22","1","C03","24.204183","120.675856","2"
"2019","3","12","18","10","臺中市","沙鹿區","0","2","8","2","5","50","4","1","1","5","4","5","7","4","4","10","5","5","2","16","6","2","9","1","1","C03","7","5","1","10","2","12","","6","6","1","5","5","C03","24.21877","120.575389","2"
"2019","3","12","18","12","臺中市","神岡區","0","0","8","","","50","","","","","","","","","","","","","","","","","","","","B12","","","1","","2","","","6","","1","10","","B12","24.248291","120.699136","3"
"2019","3","12","18","31","臺中市","潭子區","0","0","8","","","50","","","","","","","","","","","","","","","","","","","","B03","","","1","","2","","","12","","1","","","B03","24.216311","120.6997","3"
"2019","3","12","18","32","臺中市","西屯區","0","1","8","3","5","50","14","7","1","5","4","5","7","4","4","5","4","4","2","13","16","2","7","1","1","C03","7","9","1","10","2","11","12","16","16","1","21","8","C03","24.192303","120.607641","2"
"2019","3","12","18","39","臺中市","潭子區","0","4","7","3","5","60","14","9","1","5","4","5","7","4","4","1","4","5","1","13","19","3","10","1","1","C03","7","1","1","10","2","15","","19","19","1","22","8","C03","24.211605","120.705023","2"
"2019","3","12","18","45","臺中市","烏日區","0","1","8","3","5","50","3","1","1","5","4","5","7","4","4","5","4","5","2","16","6","3","10","1","1","B03","7","5","1","8","2","8","","6","6","1","21","8","B03","24.10503","120.639724","2"
"2019","3","12","19","0","臺中市","西屯區","0","1","8","3","5","40","14","8","1","5","4","5","7","4","4","8","3","1","2","13","16","2","9","1","1","C03","7","9","1","10","2","12","","16","16","1","22","9","C03","24.164994","120.64476","2"
"2019","3","12","19","0","臺中市","大里區","0","0","8","","","50","","","","","","","","","","","","","","","","","","","","C03","","","3","","2","","","42","","1","6","","C03","24.102611","120.685056","3"
"2019","3","12","19","1","臺中市","北屯區","0","0","8","","","40","","","","","","","","","","","","","","","","","","","","B03","","","1","","2","","","23","","1","5","","B03","24.200954","120.678738","3"
"2019","3","12","19","5","臺中市","北屯區","0","1","8","3","5","50","4","1","1","5","4","5","7","1","1","10","5","5","2","15","25","3","10","1","1","C03","7","9","1","10","2","14","","25","25","1","21","8","C03","24.172158","120.724648","2"