"年","月","日","時","分","縣市","區","死","受傷","天候","光線","道路類別","速限","道路型態","事故位置","路面鋪裝","路面狀態","路面缺陷","障礙物","視距","號誌種類","號誌動作","分向設施","快車道或一般車道間","快慢車道間","路面邊線","事故類型及型態","主要肇因","受傷程度","主要傷處","保護裝備","行動電話","當事者區分","車輛用途","當事者行動狀態","駕駛資格情形","駕駛執照種類","飲酒情形","車輛撞擊部位最初","車輛撞擊部位其他","肇事因素個別","肇事因素主要","肇事逃逸","職業","旅次目的","車種","GPS座標緯度","GPS座標經度","事故類別"
"2019","3","12","19","7","臺中市","太平區","0","3","8","3","5","50","4","1","1","5","4","5","7","4","4","10","5","5","2","16","6","2","9","3","4","C03","7","5","1","10","2","12","","6","6","1","9","8","C03","24.13979","120.711841","2"
"2019","3","12","19","11","臺中市","太平區","0","0","8","","","50","","","","","","","","","","","","","","","","","","","","B12","","","1","","2","","","42","","1","","","B12","24.156369","120.719863","3"
"2019","3","12","19","19","臺中市","西屯區","0","0","8","","","50","","","","","","","","","","","","","","","","","","","","B03","","","1","","2","","","23","","1","4","","B03","24.174856","120.634308","3"
"2019","3","12","19","19","臺中市","龍井區","0","2","7","3","5","50","3","1","1","5","4","5","7","4","4","5","4","4","2","3","53","3","10","4","5","H01","8","16","8","20","10","15","","53","53","1","21","8","H01","24.181011","120.587966","2"
"2019","3","12","19","26","臺中市","太平區","0","1","8","3","5","50","4","1","1","5","4","5","7","1","1","10","5","5","2","16","23","2","7","1","1","C03","7","9","1","10","11","12","","23","23","1","4","5","C03","24.153394","120.701591","2"
"2019","3","12","19","31","臺中市","西屯區","0","0","8","","","40","","","","","","","","","","","","","","","","","","","","B03","","","1","","2","","","42","","1","22","","B03","24.182956","120.60325","3"
"2019","3","12","19","32","臺中市","南區","0","1","8","1","5","50","4","1","1","5","4","5","7","1","1","10","5","5","2","16","6","3","10","1","1","B03","7","6","1","8","2","2","","6","6","1","4","8","B03","24.112744","120.670016","2"
"2019","3","12","19","40","臺中市","烏日區","0","3","8","3","5","40","3","1","1","5","4","5","7","4","4","10","5","5","2","16","8","2","9","1","1","C03","7","5","1","10","2","14","","8","8","1","22","8","C03","24.098129","120.641637","2"
"2019","3","12","19","55","臺中市","沙鹿區","0","0","","","","","","","","","","","","","","","","","","","","","","","","B03","","","1","","2","","","12","","1","","","B03","","","3"
"2019","3","12","20","0","臺中市","龍井區","0","0","8","","","40","","","","","","","","","","","","","","","","","","","","A12","","","1","","2","","","23","","1","","","A12","24.187221","120.543755","3"
"2019","3","12","20","8","臺中市","南區","0","1","8","3","5","30","3","1","1","5","4","5","7","2","1","5","5","5","2","12","16","3","10","1","1","C03","7","9","1","10","2","12","","16","16","1","5","5","C03","24.121709","120.65182","2"
"2019","3","12","20","15","臺中市","太平區","0","2","8","3","5","50","3","1","1","5","4","5","7","2","1","10","5","5","2","16","6","2","9","3","4","C03","7","5","1","10","2","12","","6","6","1","19","8","C03","24.149766","120.712799","2"
"2019","3","12","20","16","臺中市","大里區","0","1","8","3","5","50","3","1","1","5","4","5","7","1","1","10","5","5","2","16","23","2","9","3","4","C03","7","6","1","10","2","14","","23","23","1","22","8","C03","24.11411","120.689915","2"
"2019","3","12","20","20","臺中市","西屯區","0","1","8","1","5","40","4","2","1","5","4","4","7","1","1","5","4","4","2","16","27","3","10","1","1","C03","7","5","1","8","2","12","","27","27","1","22","8","C03","24.171663","120.63955","2"
"2019","3","12","20","25","臺中市","北屯區","0","1","8","3","5","50","14","18","1","5","4","5","7","1","1","1","4","5","2","3","15","3","10","1","1","B03","7","6","1","8","2","2","","15","15","1","21","8","B03","24.171341","120.688503","2"
"2019","3","12","20","55","臺中市","大里區","0","0","8","","","50","","","","","","","","","","","","","","","","","","","","B03","","","1","","2","","","12","","1","21","","B03","24.100406","120.695935","3"
"2019","3","12","20","59","臺中市","大里區","0","3","8","3","5","50","14","9","1","5","4","5","7","4","4","5","4","5","1","16","26","2","9","1","1","C03","7","5","1","10","2","12","","26","26","1","4","8","C03","24.115136","120.676626","2"
"2019","3","12","21","9","臺中市","西屯區","0","1","8","3","5","40","14","8","1","5","4","5","7","4","4","1","4","1","1","18","23","2","9","1","1","C03","7","9","1","10","2","11","","23","23","1","4","7","C03","24.181766","120.617573","2"
"2019","3","12","21","33","臺中市","西區","0","2","8","3","5","50","4","1","1","5","4","5","7","4","4","10","5","5","2","15","6","2","9","1","1","C03","7","9","1","10","2","11","","6","6","1","5","5","C03","24.153452","120.661358","2"
"2019","3","12","21","33","臺中市","東勢區","0","0","8","","","50","","","","","","","","","","","","","","","","","","","","A11","","","1","","2","","","12","","1","10","","A11","24.264233","120.825223","3"
"2019","3","12","21","40","臺中市","大里區","0","1","8","3","5","50","3","2","1","5","4","5","7","4","4","5","5","5","1","2","23","3","10","1","1","C03","7","9","1","10","2","12","","23","23","1","18","5","C03","24.088432","120.702398","2"
"2019","3","12","21","44","臺中市","大雅區","0","1","8","3","5","50","14","9","1","5","4","5","7","4","4","5","5","5","1","17","21","2","9","3","4","C03","7","9","1","10","8","12","","21","21","1","22","9","C03","24.220647","120.643962","2"
"2019","3","12","21","55","臺中市","西屯區","0","1","8","3","5","50","3","1","1","5","4","5","7","2","1","10","5","5","2","16","42","3","10","1","1","C03","7","15","1","10","2","14","","42","42","1","21","8","C03","24.18257","120.64478","2"
"2019","3","12","21","55","臺中市","沙鹿區","0","1","8","3","5","50","3","1","1","5","4","5","7","4","4","10","5","5","2","16","6","3","10","1","1","C03","7","5","1","10","2","14","","6","6","1","18","8","C03","24.228258","120.574205","2"
"2019","3","12","22","3","臺中市","太平區","0","0","8","3","5","50","3","9","1","5","4","5","7","2","1","5","4","5","2","16","","","","","","A05","","","1","","2","","","7","","1","21","","A05","24.148773","120.716286","3"
"2019","3","12","22","10","臺中市","北區","0","4","8","3","5","50","4","1","1","5","4","5","7","1","1","10","5","5","2","11","6","2","9","3","4","C03","7","5","1","10","2","12","","6","6","1","5","8","C03","24.159095","120.68238","2"
"2019","3","12","22","52","臺中市","南區","0","1","8","3","5","50","3","1","1","5","4","5","7","1","1","10","5","5","2","21","13","2","9","1","1","C03","7","9","1","10","2","12","","13","13","1","5","1","C03","24.116375","120.654193","2"
"2019","3","12","22","57","臺中市","北屯區","0","0","8","","","50","","","","","","","","","","","","","","","","","","","","B03","","","1","","2","","","23","","1","21","","B03","24.164747","120.695133","3"
"2019","3","12","23","10","臺中市","南區","0","1","8","3","5","50","14","8","1","5","4","5","7","1","1","1","2","4","2","12","23","2","8","1","1","C03","7","9","1","10","2","11","","23","23","1","4","8","C03","24.116775","120.653955","2"
"2019","3","13","0","5","臺中市","潭子區","0","0","8","","","80","","","","","","","","","","","","","","","","","","","","B03","","","1","","2","","","7","","1","22","","B03","24.1892649","120.722417","3"
"2019","3","13","0","39","臺中市","烏日區","0","2","8","3","5","40","3","1","1","5","4","5","7","4","4","10","5","5","2","16","19","2","9","1","1","C03","7","1","1","10","2","11","","19","19","1","5","8","C03","24.094553","120.635962","2"
"2019","3","13","1","13","臺中市","中區","0","1","8","3","5","50","4","1","1","5","4","5","7","4","4","10","5","5","2","16","10","3","10","1","1","B03","7","11","1","8","2","8","","10","10","1","21","8","B03","24.14336","120.674671","2"
"2019","3","13","3","55","臺中市","北屯區","0","0","8","","","30","","","","","","","","","","","","","","","","","","","","B03","","","1","","2","","","23","","1","21","","B03","24.185313","120.67743","3"
"2019","3","13","6","24","臺中市","南屯區","0","2","8","2","5","40","4","1","1","5","4","5","7","2","1","5","5","4","2","16","8","2","9","1","1","C03","7","5","4","11","2","13","12","8","8","1","19","8","C03","24.153866","120.634655","2"
"2019","3","13","6","27","臺中市","西屯區","0","1","8","1","5","40","14","8","1","5","4","5","7","2","1","5","4","4","2","17","42","2","9","3","4","B03","7","6","1","8","2","1","","42","42","1","22","8","B03","24.17218","120.649878","2"
"2019","3","13","6","46","臺中市","西區","0","1","8","1","5","50","4","1","1","5","4","5","7","1","1","10","5","5","2","17","8","2","9","1","1","C03","7","5","1","10","2","13","","8","8","1","5","5","C03","24.135136","120.659491","2"
"2019","3","13","6","55","臺中市","霧峰區","0","0","8","","","50","","","","","","","","","","","","","","","","","","","","B03","","","6","","2","","","6","","1","21","","B03","24.066116","120.694214","3"
"2019","3","13","7","14","臺中市","西屯區","0","1","8","1","5","50","4","1","1","5","4","5","7","1","1","10","5","5","2","16","25","3","10","1","1","B02","7","5","1","8","2","2","","25","25","1","21","8","B02","24.17077","120.63651","2"
"2019","3","13","7","17","臺中市","沙鹿區","0","0","8","","","60","","","","","","","","","","","","","","","","","","","","B03","","","1","","2","","","23","","1","","","B03","24.243214","120.572035","3"
"2019","3","13","7","18","臺中市","石岡區","0","0","8","","","50","","","","","","","","","","","","","","","","","","","","B03","","","1","","2","","","23","","1","21","","B03","24.276605","120.776093","3"
"2019","3","13","7","20","臺中市","清水區","0","0","","","","60","","","","","","","","","","","","","","","","","","","","B03","","","1","","2","","","7","","1","5","","B03","24.275001","120.547126","3"
"2019","3","13","7","25","臺中市","北屯區","0","2","8","1","5","50","14","7","1","5","4","5","7","4","4","1","4","4","2","18","23","2","9","1","1","C03","7","9","1","10","2","14","","23","23","1","22","8","C03","24.16221","120.699992","2"
"2019","3","13","7","30","臺中市","西區","0","0","8","1","5","50","4","1","1","5","4","5","7","1","1","4","","5","2","16","16","3","10","1","1","A02","7","5","1","2","2","4","","16","16","1","20","8","A02","24.157873","120.66091","3"
"2019","3","13","7","30","臺中市","清水區","0","1","8","1","5","50","4","1","1","5","4","5","7","1","1","5","5","5","1","16","42","3","10","1","1","B03","7","6","1","8","2","2","","44","42","1","4","8","B03","24.267165","120.561056","2"
"2019","3","13","7","35","臺中市","清水區","0","0","8","1","5","50","","","","","","","","","","","","","","","42","","","","","B03","","","1","","2","","","42","42","1","4","","B03","24.277163","120.560021","3"
"2019","3","13","7","43","臺中市","太平區","0","0","8","","","50","","","","","","","","","","","","","","","","","","","","B03","","","1","","2","","","42","","1","4","","B03","24.159835","120.715458","3"
"2019","3","13","7","45","臺中市","西屯區","","","8","","","40","","","","","","","","","","","","","","","","","","","","B03","","","1","","2","","","8","","1","22","","B03","24.183563","120.615266","3"
"2019","3","13","7","49","臺中市","西區","0","1","8","1","5","50","4","1","1","5","4","5","7","1","1","10","5","5","2","18","23","2","9","1","1","C03","7","12","1","10","2","14","","23","23","1","22","8","C03","24.146758","120.652935","2"
"2019","3","13","7","53","臺中市","潭子區","0","1","8","1","5","50","14","9","1","5","4","5","7","4","4","9","4","4","2","27","23","2","7","1","1","C03","7","9","1","10","1","11","","23","23","1","22","1","C03","24.20593","120.704589","2"
"2019","3","13","7","56","臺中市","大里區","0","1","8","1","5","50","14","9","1","5","4","5","7","4","4","10","5","5","1","13","23","2","8","1","1","C03","7","9","1","10","2","11","","23","23","1","22","8","C03","24.104076","120.664848","2"
"2019","3","13","7","59","臺中市","西屯區","0","1","8","1","5","50","3","1","1","5","4","5","7","1","1","10","5","5","2","12","23","3","10","1","1","B03","7","9","1","8","2","5","","23","23","1","21","8","B03","24.194268","120.650573","2"
"2019","3","13","8","0","臺中市","北屯區","0","0","8","","","50","","","","","","","","","","","","","","","23","3","","","","B12","","","1","","2","","","23","23","","21","","B12","24.177978","120.672593","3"
"2019","3","13","8","12","臺中市","西屯區","","","8","","","50","","","","","","","","","","","","","","","","","","","","C03","","","1","","2","","","43","","1","22","","C03","24.182673","120.615401","3"
"2019","3","13","8","25","臺中市","南屯區","0","0","8","","","50","","","","","","","","","","","","","","","","","","","","B03","","","1","","2","","","26","","1","","","B03","24.153658","120.646745","3"
"2019","3","13","8","25","臺中市","南屯區","0","1","8","1","5","50","14","9","1","5","4","5","7","4","4","4","4","5","2","18","43","2","9","1","1","C03","7","9","1","10","3","14","","43","43","1","22","8","C03","24.147105","120.638745","2"
"2019","3","13","8","28","臺中市","烏日區","0","0","8","","","30","","","","","","","","","","","","","","","","","","","","B03","","","1","","2","","","42","","1","21","","B03","24.113986","120.616684","3"
"2019","3","13","8","33","臺中市","潭子區","0","0","8","","","40","","","","","","","","","","","","","","","","","","","","B03","","","1","","2","","","42","","1","","","B03","24.210128","120.686094","3"
"2019","3","13","8","53","臺中市","西屯區","0","2","8","1","5","50","4","7","1","5","4","5","7","3","1","10","5","5","2","16","23","2","9","1","1","C03","7","15","1","10","2","12","","23","23","1","22","9","C03","24.175496","120.66567","2"
"2019","3","13","8","59","臺中市","南屯區","0","0","","","","","","","","","","","","","","","","","","","26","","","","","C03","","","1","","2","","","26","26","1","22","","C03","24.152065","120.624156","3"
"2019","3","13","9","1","臺中市","東區","0","0","8","","","50","","","","","","","","","","","","","","","16","","","","","B12","","","1","","2","","","16","16","1","5","","B12","24.144334","120.701058","3"
"2019","3","13","9","5","臺中市","南區","0","1","8","1","5","50","14","7","1","5","4","5","7","4","4","1","4","4","2","13","16","3","10","1","1","B03","7","9","1","8","2","1","","16","16","1","5","8","B03","24.116351","120.669984","2"
"2019","3","13","9","8","臺中市","沙鹿區","0","1","8","1","5","60","4","1","1","5","4","5","7","1","1","10","5","5","2","16","26","3","10","1","1","B03","7","6","1","8","2","2","","26","26","1","7","8","B03","24.242485","120.571542","2"
"2019","3","13","9","13","臺中市","大里區","0","1","8","1","5","40","3","2","1","5","4","5","7","3","1","5","5","5","1","16","6","2","9","4","5","F01","7","5","8","20","2","16","","6","6","1","20","8","F01","24.096948","120.674721","2"
"2019","3","13","9","16","臺中市","龍井區","0","0","8","","","40","","","","","","","","","","","","","","","","","","","","B12","","","1","","2","","","12","","1","","","B12","24.19462","120.531181","3"
"2019","3","13","9","21","臺中市","西屯區","0","1","8","1","5","50","4","1","1","5","4","5","7","1","1","10","5","5","2","18","43","2","9","1","1","C04","7","5","1","10","2","14","","43","43","1","21","8","C04","24.164114","120.636","2"
"2019","3","13","9","23","臺中市","龍井區","0","1","8","1","5","50","14","9","1","5","4","5","7","4","4","5","5","5","1","17","11","2","8","3","4","C03","7","11","1","10","2","14","","11","11","1","22","8","C03","24.178698","120.582866","2"
"2019","3","13","9","29","臺中市","龍井區","0","0","","","","","","","","","","","","","","","","","","","","","","","","B03","","","1","","2","","","17","","1","22","","B03","24.184502","120.57399","3"
"2019","3","13","9","30","臺中市","霧峰區","0","0","8","","","50","","","","","","","","","","","","","","","","","","","","B03","","","1","","2","","","12","","1","22","","B03","24.065221","120.700231","3"
"2019","3","13","9","38","臺中市","神岡區","0","0","8","","","60","","","","","","","","","","","","","","","","","","","","B03","","","1","","2","","","42","","1","22","","B03","24.247329","120.687746","3"
"2019","3","13","9","40","臺中市","北屯區","0","0","8","","","50","","","","","","","","","","","","","","","","","","","","B03","","","6","","2","","","26","","1","","","B03","24.164951","120.694382","3"
"2019","3","13","9","40","臺中市","沙鹿區","0","0","","","","","","","","","","","","","","","","","","","","","","","","B03","","","1","","2","","","44","","1","","","B03","","","3"
"2019","3","13","9","55","臺中市","大里區","0","1","8","1","5","40","14","9","1","5","4","5","7","4","4","10","5","5","1","17","19","3","10","1","1","A11","7","1","1","2","2","15","","19","19","1","10","8","A11","24.105069","120.682","2"
"2019","3","13","9","57","臺中市","南區","0","2","8","1","5","50","3","1","1","5","4","5","7","2","1","10","5","5","2","17","42","3","10","1","1","C03","7","15","1","10","2","14","","42","42","1","21","8","C03","24.124678","120.657617","2"
"2019","3","13","9","59","臺中市","烏日區","0","0","8","","","30","","","","","","","","","","","","","","","","","","","","C03","","","1","","2","","","43","","1","21","","C03","24.119221","120.606048","3"
"2019","3","13","10","17","臺中市","西屯區","","","8","","","50","","","","","","","","","","","","","","","","","","","","B03","","","1","","2","","","42","","1","22","","B03","24.181205","120.618765","3"
"2019","3","13","10","20","臺中市","西區","0","1","8","1","5","50","14","8","1","5","4","5","7","4","4","1","4","4","2","13","23","3","10","1","1","C03","7","13","1","8","2","15","","38","23","1","20","8","C03","24.133671","120.666471","2"
"2019","3","13","10","22","臺中市","北區","0","0","8","","","50","","","","","","","","","","","","","","","","3","","","","B12","","","1","","2","","","23","","1","21","","B12","24.149568","120.685078","3"
"2019","3","13","10","25","臺中市","烏日區","0","0","8","","","50","","","","","","","","","","","","","","","","","","","","B12","","","1","","2","","","18","","1","10","","B12","24.106398","120.622491","3"
"2019","3","13","10","36","臺中市","梧棲區","0","1","8","1","5","50","4","2","1","5","4","5","7","1","1","5","2","5","1","17","43","2","1","4","4","F01","7","9","8","20","2","16","","43","43","1","20","9","F01","24.257913","120.534428","2"
"2019","3","13","10","39","臺中市","南屯區","0","1","8","1","5","50","4","1","1","5","4","5","7","4","4","10","5","5","2","16","6","3","10","3","4","B03","7","5","1","8","2","6","","6","6","1","22","9","B03","24.141349","120.635613","2"
"2019","3","13","10","48","臺中市","北區","0","1","8","1","5","50","14","7","1","5","4","5","7","4","4","3","4","4","1","13","23","3","10","1","1","B12","7","9","1","8","2","1","","23","23","1","10","9","B12","24.163223","120.688051","2"
"2019","3","13","10","50","臺中市","南區","0","1","8","1","5","50","14","9","1","5","4","5","7","4","4","5","2","5","2","13","16","3","10","3","4","B02","7","14","1","8","2","1","","16","16","1","5","3","B02","24.12199","120.653971","2"
"2019","3","13","10","55","臺中市","西區","0","1","8","1","5","50","5","1","1","5","4","5","7","4","4","10","5","5","2","16","6","3","10","1","1","B03","7","5","1","8","2","8","","6","6","1","22","8","B03","24.150926","120.675424","2"
"2019","3","13","10","59","臺中市","北屯區","0","0","8","","","50","","","","","","","","","","","","","","","","","","","","B03","","","1","","2","","","6","","1","","","B03","24.176199","120.717162","3"
"2019","3","13","11","5","臺中市","沙鹿區","0","2","8","1","5","50","3","2","1","5","4","5","7","4","4","10","5","5","2","16","26","2","7","1","1","C03","7","5","1","10","2","11","","26","26","1","19","8","C03","24.24276","120.56854","2"
"2019","3","13","11","9","臺中市","西區","0","0","8","1","5","50","14","9","1","5","4","5","7","4","4","5","5","5","2","14","","3","","","","B12","","","1","","2","","","12","","1","21","","B12","24.149894","120.674024","3"
"2019","3","13","11","19","臺中市","霧峰區","0","1","8","1","5","50","4","9","1","5","4","5","7","4","4","10","5","5","2","16","23","3","10","1","1","C03","7","9","1","10","2","12","","23","23","1","22","8","C03","24.058856","120.695998","2"
"2019","3","13","11","20","臺中市","大里區","0","1","8","1","5","50","14","9","1","5","4","5","7","4","4","5","5","5","1","17","19","3","10","1","1","B02","7","1","1","8","2","2","","19","19","1","22","8","B02","24.087699","120.705391","2"
"2019","3","13","11","21","臺中市","西區","0","1","8","1","5","50","4","2","1","5","4","5","7","1","1","5","2","5","2","17","19","3","10","1","1","C03","7","1","1","10","2","13","","19","19","1","2","7","C03","24.146785","120.661601","2"
"2019","3","13","11","21","臺中市","北區","0","1","8","1","5","50","4","1","1","5","4","5","7","1","1","10","5","5","2","15","25","3","10","3","4","B12","7","9","1","8","2","5","5","25","25","1","22","4","B12","24.165153","120.667556","2"
"2019","3","13","11","24","臺中市","霧峰區","0","1","8","1","5","40","4","1","1","5","4","5","7","1","1","10","4","4","1","15","26","3","10","1","1","B11","7","9","1","8","2","5","","26","26","1","10","8","B11","24.029332","120.685795","2"
"2019","3","13","11","31","臺中市","北屯區","0","1","8","1","5","50","4","1","1","5","4","5","7","3","1","10","5","5","2","15","6","2","3","1","1","B03","7","9","1","8","2","1","","6","6","1","5","8","B03","24.190538","120.689473","2"
"2019","3","13","11","31","臺中市","龍井區","0","0","","","","","","","","","","","","","","","","","","","","","","","","B03","","","1","","2","","","12","","1","21","","B03","24.181404","120.592135","3"
"2019","3","13","11","45","臺中市","后里區","0","0","8","1","5","50","4","2","1","5","4","5","7","2","1","5","4","4","2","12","1","","","","","B03","","","1","","2","","","6","1","1","","","B03","24.302619","120.717599","3"
"2019","3","13","11","50","臺中市","西區","0","0","8","1","5","50","14","7","1","5","4","5","7","2","1","5","4","4","2","13","","","","","","B03","","","1","","2","","","16","","1","20","","B03","24.146708","120.664024","3"
"2019","3","13","11","55","臺中市","龍井區","0","0","","","","","","","","","","","","","","","","","","","","","","","","B03","","","1","","2","","","43","","1","22","","B03","24.18066","120.583621","3"
"2019","3","13","12","6","臺中市","北區","0","0","8","","","50","","","","","","","","","","","","","","","","3","","","","B03","","","1","","2","","","23","","1","22","","B03","24.167184","120.673193","3"
"2019","3","13","12","8","臺中市","中區","0","2","8","1","5","50","5","1","1","5","4","5","7","4","4","10","5","5","2","16","26","2","9","1","1","C03","7","5","1","10","2","13","","26","26","1","22","8","C03","24.145933","120.677676","2"
"2019","3","13","12","10","臺中市","北屯區","0","0","8","","","40","","","","","","","","","","","","","","","","","","","","B03","","","1","","2","","","23","","1","","","B03","24.183129","120.666487","3"
"2019","3","13","12","28","臺中市","龍井區","0","1","8","1","5","50","14","13","1","5","4","5","7","4","4","5","5","5","1","17","19","3","10","1","1","C03","7","1","1","10","2","14","","19","19","1","4","7","C03","24.205949","120.523441","2"
"2019","3","13","12","30","臺中市","西屯區","0","1","8","1","5","50","4","1","1","5","4","5","7","1","1","10","5","5","2","18","23","2","9","1","1","C03","7","9","1","10","2","14","","23","23","1","21","8","C03","24.17135","120.644153","2"
"2019","3","13","12","38","臺中市","后里區","0","0","8","1","5","50","3","4","1","5","4","5","7","2","1","5","3","5","1","13","","","","","","B03","","","7","","9","","","23","","","","","B03","24.315058","120.685675","3"
"2019","3","13","12","40","臺中市","北屯區","0","0","8","","","50","","","","","","","","","","","","","","","16","3","","","","C03","","","1","","2","","","16","16","","21","","C03","24.170743","120.683264","3"
"2019","3","13","12","41","臺中市","龍井區","0","1","8","1","5","40","4","2","1","5","4","5","7","1","1","10","5","5","2","16","43","2","3","3","1","C03","7","9","1","10","2","12","","43","43","1","7","8","C03","24.215631","120.50802","2"
"2019","3","13","12","54","臺中市","西區","0","0","8","1","5","50","4","1","1","5","4","5","7","4","4","10","5","5","2","15","6","3","10","1","1","B03","7","9","1","8","2","2","","6","6","1","5","5","B03","24.139292","120.658828","3"
"2019","3","13","12","54","臺中市","大甲區","0","0","8","","","60","","","","","","","","","","","","","","","","","","","","A02","","","1","","2","","","7","","1","22","","A02","24.327763","120.608813","3"
"2019","3","13","13","0","臺中市","東區","0","0","8","1","5","40","4","1","1","5","4","5","7","4","4","10","5","5","2","14","12","3","10","3","4","B12","7","2","1","8","2","6","","12","12","1","5","8","B12","24.128608","120.69749","3"
"2019","3","13","13","20","臺中市","北區","0","3","8","1","5","50","4","1","1","5","4","5","7","1","1","10","5","5","2","12","6","2","9","1","1","C03","6","5","1","10","2","13","","6","6","1","22","8","C03","24.1653","120.68235","2"
"2019","3","13","13","20","臺中市","南屯區","0","1","8","1","5","50","14","9","1","5","4","5","7","4","4","5","5","5","2","16","19","3","10","1","1","B12","7","1","1","8","2","1","","19","19","1","22","8","B12","24.149061","120.647576","2"
"2019","3","13","13","20","臺中市","霧峰區","0","1","8","1","5","40","14","9","1","5","4","5","7","4","4","10","5","5","2","16","42","2","9","1","1","C03","7","9","1","10","2","11","","42","42","1","18","8","C03","24.047889","120.715542","2"
"2019","3","13","13","21","臺中市","西屯區","0","0","8","","","50","","","","","","","","","","","","","","","","","","","","B03","","","1","","2","","","23","","1","22","","B03","24.174998","120.646233","3"
"2019","3","13","13","30","臺中市","太平區","0","1","8","1","5","50","4","1","1","5","4","5","7","2","1","10","5","5","2","16","25","3","10","1","1","C03","7","4","1","10","2","14","","25","25","1","5","8","C03","24.134722","120.732777","2"
"2019","3","13","13","36","臺中市","北屯區","0","3","8","1","5","40","14","7","1","5","4","5","7","4","4","5","5","4","2","16","19","2","9","1","1","C03","7","1","1","10","2","11","12","19","19","1","5","8","C03","24.179345","120.74028","2"
"2019","3","13","13","41","臺中市","南區","0","0","","","","","","","","","","","","","","","","","","","","","","","","B03","","","1","","2","","","23","","1","21","","B03","24.121798","120.66143","3"
"2019","3","13","13","49","臺中市","西區","0","3","8","1","5","50","4","2","1","5","4","5","7","1","1","10","5","5","2","13","23","2","9","1","1","C03","7","9","1","10","2","11","","23","23","1","22","8","C03","24.134881","120.67382","2"
"2019","3","13","13","50","臺中市","東區","0","1","8","1","5","50","5","1","1","5","4","5","7","1","1","10","5","5","2","15","25","3","10","1","1","C03","7","9","1","10","2","12","","25","25","1","22","8","C03","24.137076","120.689066","2"
"2019","3","13","13","50","臺中市","大甲區","0","0","8","","","70","","","","","","","","","","","","","","","","","","","","B03","","","1","","2","","","23","","1","21","","B03","24.36634","120.64182","3"
"2019","3","13","13","54","臺中市","太平區","0","0","8","","","50","","","","","","","","","","","","","","","","","","","","C03","","","1","","2","","","6","","1","","","C03","24.126516","120.716521","3"
"2019","3","13","14","0","臺中市","西區","0","1","8","1","5","50","4","1","1","5","4","5","7","1","1","10","5","5","2","16","26","3","10","1","1","B03","7","6","1","8","2","2","","26","26","1","21","8","B03","24.15496","120.686","2"
"2019","3","13","14","11","臺中市","西區","0","0","8","","","50","","","","","","","","","","","","","","","23","3","","","","B03","","","1","","2","","","23","23","","5","","B03","24.132244","120.664121","3"
"2019","3","13","14","30","臺中市","西區","0","0","8","","","50","","","","","","","","","","","","","","","","","","","","B03","","","1","","2","","","7","","1","5","","B03","24.145853","120.670775","3"
"2019","3","13","14","32","臺中市","沙鹿區","0","1","8","1","5","50","5","1","1","5","4","5","7","2","1","1","4","1","1","16","17","2","7","1","1","C03","7","9","1","10","2","11","","17","17","1","19","8","C03","24.228023","120.558508","2"
"2019","3","13","14","38","臺中市","沙鹿區","0","2","8","1","5","40","14","8","1","5","4","5","7","4","4","1","4","3","1","12","23","2","9","1","1","C03","7","9","1","10","2","12","","23","23","1","18","5","C03","24.197657","120.58028","2"
"2019","3","13","14","39","臺中市","南屯區","0","0","","","","","","","","","","","","","","","","","","","","","","","","B03","","","6","","2","","","16","","1","","","B03","24.1347","120.643935","3"
"2019","3","13","14","42","臺中市","北屯區","0","0","8","","","50","","","","","","","","","","","","","","","","","","","","B03","","","1","","2","","","16","","1","5","","B03","24.181728","120.72172","3"
"2019","3","13","14","50","臺中市","南區","0","0","8","","","50","","","","","","","","","","","","","","","","","","","","B03","","","1","","2","","","12","","1","5","","B03","24.130852","120.671884","3"
"2019","3","13","14","51","臺中市","南區","0","0","8","1","5","50","4","1","1","5","4","5","7","2","1","10","5","5","2","12","","","","","","B12","","","1","","2","","","17","","1","5","","B12","24.120618","120.650088","3"
"2019","3","13","14","59","臺中市","霧峰區","0","1","7","1","5","40","3","2","4","5","4","5","7","4","4","10","5","5","2","16","6","3","10","1","1","B12","7","5","1","8","2","8","","6","6","1","21","8","B12","24.063511","120.700418","2"
"2019","3","13","14","59","臺中市","沙鹿區","0","0","8","","","50","","","","","","","","","","","","","","","","","","","","B03","","","1","","2","","","12","","1","21","","B03","24.234004","120.55959","3"
"2019","3","13","15","5","臺中市","太平區","0","0","8","","","40","","","","","","","","","","","","","","","","","","","","B03","","","4","","3","","","23","","1","","","B03","24.122777","120.714444","3"
"2019","3","13","15","13","臺中市","太平區","0","0","8","","","50","","","","","","","","","","","","","","","","","","","","B12","","","1","","2","","","23","","1","","","B12","24.1332","120.714959","3"
"2019","3","13","15","14","臺中市","西屯區","0","0","8","","","40","","","","","","","","","","","","","","","","","","","","B03","","","1","","2","","","10","","1","22","","B03","24.176091","120.668751","3"
"2019","3","13","15","19","臺中市","北屯區","0","2","8","1","5","50","4","1","1","5","4","5","7","1","1","1","2","5","2","13","16","2","9","1","1","C03","7","9","1","10","2","11","","16","16","1","22","8","C03","24.17371","120.671262","2"
"2019","3","13","15","20","臺中市","大雅區","0","0","8","","","40","","","","","","","","","","","","","","","","","","","","B12","","","1","","2","","","19","","1","","","B12","24.207322","120.627496","3"