"年","月","日","時","分","縣市","區","死","受傷","天候","光線","道路類別","速限","道路型態","事故位置","路面鋪裝","路面狀態","路面缺陷","障礙物","視距","號誌種類","號誌動作","分向設施","快車道或一般車道間","快慢車道間","路面邊線","事故類型及型態","主要肇因","受傷程度","主要傷處","保護裝備","行動電話","當事者區分","車輛用途","當事者行動狀態","駕駛資格情形","駕駛執照種類","飲酒情形","車輛撞擊部位最初","車輛撞擊部位其他","肇事因素個別","肇事因素主要","肇事逃逸","職業","旅次目的","車種","GPS座標緯度","GPS座標經度","事故類別"
"2019","3","13","15","25","臺中市","北屯區","0","1","8","1","5","50","4","1","1","5","4","3","5","1","1","10","5","5","2","16","6","3","10","1","1","B03","7","6","1","8","2","5","","6","6","1","21","8","B03","24.173023","120.717338","2"
"2019","3","13","15","28","臺中市","南屯區","0","0","8","","","50","","","","","","","","","","","","","","","23","","","","","B03","","","1","8","2","","","23","23","1","12","","B03","24.14066","120.606568","3"
"2019","3","13","15","30","臺中市","大里區","0","0","8","","","50","","","","","","","","","","","","","","","","","","","","A31","","","1","","2","","","12","","1","10","","A31","24.10011","120.716701","3"
"2019","3","13","15","35","臺中市","大肚區","0","0","8","","","40","","","","","","","","","","","","","","","","","","","","B03","","","1","","2","","","22","","1","20","","B03","24.120366","120.573735","3"
"2019","3","13","15","43","臺中市","外埔區","0","0","8","","","50","","","","","","","","","","","","","","","","","","","","B12","","","1","","2","","","43","","1","22","","B12","24.330645","120.65462","4"
"2019","3","13","15","50","臺中市","太平區","0","1","8","1","5","50","3","1","1","5","4","5","7","4","4","10","5","5","2","16","26","2","7","1","1","C03","7","5","1","10","2","11","","26","26","1","5","8","C03","24.149444","120.700833","2"
"2019","3","13","15","55","臺中市","東區","0","0","8","1","5","50","4","1","1","5","4","5","7","4","4","10","5","5","2","15","6","3","10","1","1","B03","7","9","1","8","2","1","","6","6","1","22","8","B03","24.143344","120.707346","3"
"2019","3","13","15","59","臺中市","潭子區","0","0","8","","","50","","","","","","","","","","","","","","","","","","","","B03","","","1","","2","","","19","","1","","","B03","24.19386","120.723325","3"
"2019","3","13","16","6","臺中市","龍井區","0","1","8","1","5","50","3","1","1","5","4","5","7","1","1","10","5","5","2","17","25","3","10","3","4","C02","7","6","1","9","2","13","","25","25","1","22","8","C02","24.192584","120.579746","2"
"2019","3","13","16","7","臺中市","北屯區","0","0","8","","","40","","","","","","","","","","","","","","","12","","","","","B12","","","1","","2","","","12","12","1","","","B12","24.169481","120.70035","3"
"2019","3","13","16","10","臺中市","大里區","0","2","8","1","5","50","4","1","1","5","4","5","7","4","4","10","5","5","2","17","6","2","9","1","1","C03","7","5","1","10","2","11","","6","6","1","21","5","C03","24.110411","120.684951","2"
"2019","3","13","16","22","臺中市","北屯區","0","1","8","1","5","50","14","7","1","5","4","5","7","4","4","9","5","4","2","12","40","3","10","3","4","B03","7","13","1","8","2","4","","40","40","1","21","8","B03","24.176111","120.696447","2"
"2019","3","13","16","25","臺中市","北屯區","0","1","8","1","5","50","4","1","1","5","4","5","7","1","1","10","5","5","2","16","6","3","10","1","1","B03","7","5","1","8","2","5","","6","6","1","21","5","B03","24.174865","120.685856","2"
"2019","3","13","16","25","臺中市","大里區","0","1","8","3","5","50","4","8","1","5","4","5","7","4","4","1","4","4","1","17","16","2","8","3","4","C03","7","9","1","10","2","11","","16","16","1","22","8","C03","24.10448","120.680776","2"
"2019","3","13","16","28","臺中市","西屯區","0","2","8","1","5","50","4","1","1","5","4","4","7","2","1","10","5","5","2","16","25","3","10","1","1","B03","7","5","1","8","2","2","","25","25","1","21","8","B03","24.183311","120.592959","2"
"2019","3","13","16","30","臺中市","東區","0","0","8","","","40","","","","","","","","","","","","","","","","","","","","B03","","","1","","2","","","23","","1","22","","B03","24.14934","120.709335","3"
"2019","3","13","16","30","臺中市","太平區","0","1","8","1","5","50","3","2","1","5","4","5","7","2","1","5","2","4","1","13","23","3","10","1","1","B03","7","9","1","8","2","1","","23","23","1","5","8","B03","24.159166","120.712777","2"
"2019","3","13","16","30","臺中市","大雅區","0","2","8","1","5","50","4","1","1","5","4","5","7","2","1","3","4","4","1","12","9","3","10","1","1","C03","7","6","1","10","2","14","","9","9","1","22","9","C03","24.222613","120.646625","2"
"2019","3","13","16","33","臺中市","北屯區","0","1","8","1","5","50","14","9","1","5","4","5","7","4","4","5","2","5","2","17","23","2","9","1","1","C04","7","9","1","10","2","11","","23","23","1","5","8","C04","24.185658","120.744013","2"
"2019","3","13","16","45","臺中市","南區","0","1","8","1","5","50","14","9","1","5","4","5","7","4","4","5","5","5","2","16","19","2","9","1","1","C03","7","1","1","10","2","14","","19","19","1","19","5","C03","24.120419","120.649751","2"
"2019","3","13","16","50","臺中市","潭子區","0","0","8","","","60","","","","","","","","","","","","","","","","","","","","A02","","","1","","2","","","7","","1","22","","A02","24.207494","120.704551","3"
"2019","3","13","16","52","臺中市","西區","0","2","8","1","5","50","14","9","1","5","4","5","7","4","4","5","5","5","2","16","42","2","9","1","1","C03","7","5","1","10","2","14","","42","42","1","5","5","C03","24.149938","120.654152","2"
"2019","3","13","17","1","臺中市","北區","0","1","8","1","5","50","4","2","1","5","4","5","7","1","1","10","5","5","2","12","7","2","7","1","1","C03","7","7","1","10","2","14","","7","7","1","22","8","C03","24.1614","120.6632","2"
"2019","3","13","17","9","臺中市","梧棲區","0","2","8","1","5","50","3","1","1","5","4","5","7","4","4","10","5","5","2","17","17","2","9","3","4","C03","7","5","1","10","2","14","","17","17","1","21","8","C03","24.242884","120.53517","2"
"2019","3","13","17","12","臺中市","西屯區","0","0","8","1","5","50","4","1","1","5","4","5","7","3","1","10","5","5","2","15","6","3","10","3","4","B03","7","9","1","8","2","1","","6","6","1","22","9","B03","24.186625","120.639396","3"
"2019","3","13","17","13","臺中市","西區","0","1","8","1","5","50","4","1","1","5","4","5","7","1","1","3","2","4","2","16","6","3","10","1","1","B03","7","5","1","8","2","1","","6","6","1","21","8","B03","24.140149","120.658842","2"
"2019","3","13","17","14","臺中市","沙鹿區","0","0","8","","","60","","","","","","","","","","","","","","","","","","","","B12","","","1","","2","","","23","","1","2","","B12","24.248547","120.575787","3"
"2019","3","13","17","16","臺中市","北屯區","0","0","8","","","50","","","","","","","","","","","","","","","8","","","","","C03","","","1","","2","","","8","8","1","","","C03","24.193305","120.67805","3"
"2019","3","13","17","16","臺中市","西屯區","0","1","8","1","5","50","4","1","1","5","4","5","7","1","1","5","4","4","2","16","43","2","9","3","4","C03","7","6","1","10","2","11","","43","43","1","21","8","C03","24.155591","120.60877","2"
"2019","3","13","17","20","臺中市","沙鹿區","0","1","8","1","5","40","14","9","1","5","4","5","7","4","4","10","5","5","1","18","13","2","9","1","1","C03","7","9","1","10","2","11","","13","13","1","11","8","C03","24.252839","120.594069","2"
"2019","3","13","17","22","臺中市","大里區","0","1","8","1","5","40","4","1","1","5","4","5","7","1","1","10","5","5","2","17","23","3","10","1","1","B03","7","6","1","7","2","1","","23","23","1","22","8","B03","24.102187","120.671606","2"
"2019","3","13","17","31","臺中市","西屯區","0","2","8","2","5","50","3","1","1","5","4","5","7","1","1","10","5","5","2","16","19","3","10","1","1","B03","7","1","1","8","2","4","","19","19","1","21","8","B03","24.190268","120.616218","2"
"2019","3","13","17","38","臺中市","龍井區","0","0","8","","","70","","","","","","","","","","","","","","","","","","","","B12","","","1","","2","","","43","","1","","","B12","24.21123","120.550966","4"
"2019","3","13","17","44","臺中市","龍井區","0","0","8","1","4","50","14","9","1","5","4","5","7","4","4","5","4","5","2","12","67","4","11","3","4","B12","7","21","1","19","11","15","","23","67","1","9","9","B12","24.213405","120.549609","3"
"2019","3","13","17","46","臺中市","南區","0","0","8","","","50","","","","","","","","","","","","","","","16","3","","","","C03","","","1","8","2","","","16","16","","18","","C03","120.655511","24.115408","3"
"2019","3","13","18","3","臺中市","西區","0","0","8","","","50","","","","","","","","","","","","","","","43","","","","","","","","7","","11","","","43","43","","","","","24.155167","120.655033","3"
"2019","3","13","18","10","臺中市","東區","0","0","8","1","5","50","3","1","1","5","4","5","7","1","1","10","5","5","2","12","7","3","10","1","1","B03","7","7","1","8","2","4","","26","7","1","22","8","B03","24.13612","120.696268","3"
"2019","3","13","18","12","臺中市","大雅區","0","1","8","3","5","40","4","2","1","5","4","5","7","1","1","5","5","4","1","13","16","2","8","1","1","C03","7","9","1","10","2","11","","16","16","1","22","8","C03","24.209928","120.630182","2"
"2019","3","13","18","13","臺中市","北屯區","0","1","8","3","5","50","4","2","1","5","4","5","7","2","1","5","4","5","2","16","43","3","10","1","1","A12","7","6","1","6","2","6","","43","43","1","21","8","A12","24.170218","120.698005","2"
"2019","3","13","18","17","臺中市","南區","0","1","8","3","5","40","4","1","1","5","4","5","7","4","4","10","5","5","2","15","6","2","9","1","1","C03","7","9","1","10","2","12","","6","6","1","20","8","C03","24.125661","120.682341","2"
"2019","3","13","18","20","臺中市","清水區","0","0","8","1","5","70","","","","","","","","","","","","","","","","","","","","B03","","","1","","2","","","16","","1","21","","B03","24.282204","120.581575","3"
"2019","3","13","18","26","臺中市","烏日區","0","2","8","3","5","40","13","9","1","5","4","5","7","4","4","10","5","5","2","3","42","2","9","1","4","C03","7","9","1","10","2","11","","42","42","1","22","8","C03","24.120688","120.607408","2"
"2019","3","13","18","30","臺中市","北屯區","0","1","8","3","5","50","4","1","1","5","4","5","7","1","1","10","5","5","2","12","23","3","10","1","1","B03","7","9","1","8","2","5","","23","23","1","21","8","B03","24.169131","120.694025","2"
"2019","3","13","18","30","臺中市","沙鹿區","0","1","8","3","5","50","3","2","1","5","4","5","7","4","4","10","5","5","2","16","26","3","10","1","1","C03","7","5","1","10","2","13","","26","26","1","9","1","C03","24.215424","120.580266","2"
"2019","3","13","18","31","臺中市","北屯區","0","3","8","2","5","50","4","1","1","5","4","5","7","1","1","10","5","5","2","16","23","2","9","1","1","C03","7","9","1","10","2","11","","23","23","1","5","8","C03","24.17342","120.714403","2"
"2019","3","13","18","32","臺中市","大雅區","0","0","8","","","40","","","","","","","","","","","","","","","","","","","","B03","","","1","","2","","","16","","1","21","","B03","24.22951","120.647436","3"
"2019","3","13","18","36","臺中市","中區","0","2","8","3","5","50","4","1","1","5","4","5","7","4","4","10","5","5","2","12","19","2","9","1","1","C03","7","1","1","10","2","14","","19","19","1","5","5","C03","24.136842","120.681146","2"
"2019","3","13","18","36","臺中市","西區","0","2","8","3","5","50","4","1","1","5","4","5","7","4","4","10","5","5","2","16","6","2","9","1","1","C03","7","9","1","10","2","12","","23","6","1","5","5","C03","24.145529","120.65947","2"
"2019","3","13","18","36","臺中市","大雅區","0","1","8","3","5","40","14","9","1","5","4","5","7","1","1","9","5","5","1","13","16","2","8","1","1","C03","7","9","1","10","2","11","","16","16","1","22","8","C03","24.233198","120.643618","2"
"2019","3","13","18","38","臺中市","大里區","0","0","8","","","40","","","","","","","","","","","","","","","","","","","","C03","","","1","","2","","","23","","1","22","","C03","24.101946","120.672728","3"
"2019","3","13","18","40","臺中市","西屯區","0","0","8","","","40","","","","","","","","","","","","","","","6","","","","","B03","","","1","","2","","","6","6","1","","","B03","24.160243","120.636125","3"
"2019","3","13","18","49","臺中市","后里區","0","1","8","3","5","50","14","7","1","5","4","5","7","4","4","1","4","4","1","13","16","3","10","1","1","B03","7","9","1","8","2","8","","16","16","1","21","8","B03","24.307291","120.721896","2"
"2019","3","13","18","55","臺中市","南屯區","0","1","8","3","5","50","4","1","1","5","4","5","7","2","1","10","5","5","2","16","6","3","10","1","1","B03","7","6","1","8","2","2","","6","6","1","5","8","B03","24.125368","120.631967","2"
"2019","3","13","19","5","臺中市","清水區","0","0","","","","40","","","","","","","","","","","","","","","23","","","","","B03","","","1","","2","","","23","23","1","4","","B03","24.263953","120.572705","3"
"2019","3","13","19","6","臺中市","大雅區","0","1","8","3","5","50","4","1","1","5","4","5","7","1","1","1","4","4","1","16","25","2","8","1","1","C03","7","9","6","10","2","12","","25","25","1","22","9","C03","24.227317","120.642257","2"
"2019","3","13","19","15","臺中市","南屯區","0","1","8","3","5","50","14","7","1","5","4","5","7","4","4","5","5","4","2","16","6","3","10","1","1","B03","7","5","1","8","2","1","","6","6","1","22","8","B03","24.153644","120.645024","2"
"2019","3","13","19","16","臺中市","大里區","0","2","8","3","5","50","14","9","1","5","4","5","7","4","4","5","5","5","1","3","51","2","9","4","5","H01","8","18","8","20","2","16","","51","51","1","21","5","H01","24.094476","120.698568","2"
"2019","3","13","19","21","臺中市","大里區","0","0","8","","","50","","","","","","","","","","","","","","","","","","","","B03","","","1","","2","","","6","","1","22","","B03","24.106811","120.689706","3"
"2019","3","13","19","36","臺中市","大里區","0","1","8","3","5","50","3","1","1","5","4","5","7","1","1","5","4","4","2","11","6","3","10","3","4","B03","7","5","1","8","2","1","","6","6","1","2","8","B03","24.114316","120.683885","2"
"2019","3","13","19","37","臺中市","西區","0","0","8","","","40","","","","","","","","","","","","","","","","","","","","B03","","","1","","2","","","19","","1","","","B03","24.131184","120.66758","3"
"2019","3","13","19","50","臺中市","北屯區","0","0","8","","","50","","","","","","","","","","","","","","","","","","","","C03","","","1","","2","","","16","","1","21","","C03","24.176148","120.695725","3"
"2019","3","13","20","2","臺中市","西屯區","0","1","8","3","5","50","4","1","1","5","4","5","7","3","1","10","5","5","2","15","6","3","10","3","4","B03","7","9","1","8","2","4","","6","6","1","22","9","B03","24.190278","120.656828","2"
"2019","3","13","20","5","臺中市","大里區","0","1","8","3","5","50","4","1","1","5","4","5","7","1","1","10","5","5","2","17","6","3","10","1","1","B03","7","6","1","8","2","5","","6","6","1","21","5","B03","24.094342","120.6879","2"
"2019","3","13","20","14","臺中市","西屯區","0","1","8","3","5","50","4","2","1","5","4","5","7","1","1","5","4","5","2","16","42","3","10","3","4","B03","7","8","1","8","2","6","","42","42","1","21","8","B03","24.183693","120.629353","2"
"2019","3","13","20","34","臺中市","西屯區","0","2","8","3","5","50","4","2","1","5","4","5","7","1","1","5","4","4","2","16","6","3","10","3","4","B03","7","7","1","8","2","1","","6","6","1","22","8","B03","24.16856","120.592807","2"
"2019","3","13","20","37","臺中市","北屯區","0","1","8","3","5","50","3","2","1","5","4","5","7","4","4","5","5","4","2","13","16","2","8","1","1","B03","7","9","1","8","2","1","","16","16","1","21","8","B03","24.189644","120.660063","2"
"2019","3","13","20","45","臺中市","大雅區","0","2","8","3","5","40","11","9","1","5","4","5","7","1","1","5","5","5","1","13","16","2","9","1","1","C03","7","9","1","10","2","11","","16","16","1","22","8","C03","24.212777","120.647104","2"
"2019","3","13","21","1","臺中市","沙鹿區","0","0","8","3","5","50","14","7","1","5","4","5","7","4","4","1","5","4","2","13","","","","","","C03","","","1","","2","","","16","","1","","","C03","24.23943","120.560183","3"
"2019","3","13","21","6","臺中市","大雅區","0","0","8","","","50","","","","","","","","","","","","","","","","","","","","B03","","","1","","2","","","23","","1","","","B03","24.225506","120.644892","3"
"2019","3","13","21","26","臺中市","大里區","0","1","8","3","5","50","14","9","1","5","4","5","7","4","4","3","4","5","1","17","43","3","10","1","1","B01","7","9","1","4","2","6","","43","43","1","10","9","B01","24.091536","120.691801","2"
"2019","3","13","21","28","臺中市","清水區","0","1","8","3","5","50","4","2","1","5","4","5","7","3","1","5","5","5","1","11","6","3","10","1","1","B03","7","9","1","8","2","1","","6","6","1","5","7","B03","24.292388","120.575421","2"
"2019","3","13","21","37","臺中市","南區","0","1","8","3","5","50","3","1","1","5","4","5","7","4","4","3","4","4","2","12","7","3","10","1","1","B03","7","8","1","8","2","2","","7","7","1","5","5","B03","24.130166","120.672582","2"
"2019","3","13","21","40","臺中市","大肚區","0","2","8","3","5","40","4","1","1","5","4","5","7","4","4","10","5","5","2","16","6","2","8","1","1","C03","7","9","1","10","2","11","","6","6","1","22","8","C03","24.173806","120.580805","2"
"2019","3","13","21","46","臺中市","北屯區","0","1","8","3","5","50","14","7","1","5","4","5","7","4","4","1","2","4","2","13","23","2","7","1","1","C03","7","9","1","10","2","11","","23","23","1","22","8","C03","24.169193","120.697228","2"
"2019","3","13","21","53","臺中市","沙鹿區","0","0","8","","","50","","","","","","","","","","","","","","","","","","","","B03","","","1","","2","","","23","","1","5","","B03","24.236592","120.559359","3"
"2019","3","13","22","8","臺中市","西屯區","0","3","8","3","5","50","4","1","1","5","4","5","7","1","1","10","5","5","2","16","6","2","9","1","1","C03","7","9","1","10","2","11","14","23","6","1","21","8","C03","24.184088","120.617056","2"
"2019","3","13","22","11","臺中市","北區","0","0","8","","","50","","","","","","","","","","","","","","","","","","","","B02","","","3","","2","","","16","","1","5","","B02","24.154546","120.685408","3"
"2019","3","13","22","14","臺中市","太平區","0","1","8","3","5","50","4","1","1","5","4","5","7","2","1","5","4","4","2","16","9","3","10","1","1","B03","7","6","1","8","2","2","","9","9","1","21","1","B03","24.138318","120.715098","2"
"2019","3","13","22","15","臺中市","西屯區","0","1","8","3","5","40","3","1","1","5","4","5","7","4","4","10","5","5","2","16","6","3","10","3","4","B03","7","6","1","8","2","5","","6","6","1","22","9","B03","24.18269","120.616493","2"
"2019","3","13","22","47","臺中市","大里區","0","2","8","1","5","50","3","2","1","5","4","5","7","3","1","5","4","5","1","13","23","2","2","3","4","B03","7","9","1","8","2","1","","23","23","1","12","8","B03","24.087455","120.688821","2"
"2019","3","13","23","0","臺中市","霧峰區","0","1","8","3","5","40","11","9","1","5","4","5","7","4","4","5","5","5","1","27","42","2","9","1","1","C03","7","9","1","10","2","11","","42","42","1","18","8","C03","24.073681","120.706846","2"
"2019","3","13","23","59","臺中市","烏日區","0","1","8","3","5","60","4","2","1","5","4","5","7","1","1","1","3","4","1","17","25","3","10","1","1","B03","7","5","1","8","2","5","","25","25","1","22","8","B03","24.108839","120.641776","2"
"2019","3","14","0","24","臺中市","北屯區","0","0","8","","","60","","","","","","","","","","","","","","","","","","","","B03","","","1","","2","","","42","","1","","","B03","24.164174","120.715304","3"
"2019","3","14","0","40","臺中市","西屯區","0","0","8","","","50","","","","","","","","","","","","","","","","","","","","B03","","","1","","2","","","23","","1","4","","B03","24.163477","120.629425","3"
"2019","3","14","1","50","臺中市","西區","0","0","","","","","","","","","","","","","","","","","","","","","","","","C03","","","1","","2","","","26","","1","","","C03","","","3"
"2019","3","14","1","50","臺中市","北屯區","0","1","8","3","5","50","14","7","1","5","4","5","7","4","4","5","5","4","2","18","42","2","9","3","4","C03","7","9","1","10","2","15","","42","42","1","21","8","C03","24.169438","120.686079","2"
"2019","3","14","2","25","臺中市","南區","0","1","8","3","5","50","14","8","1","5","4","5","7","4","4","1","2","4","2","17","23","2","1","1","1","C03","7","9","1","10","2","11","","23","23","1","4","8","C03","24.111165","120.659374","2"
"2019","3","14","2","59","臺中市","西區","0","2","8","3","5","40","14","8","1","5","4","5","7","4","4","3","4","3","2","13","23","2","9","1","1","C03","7","9","1","10","2","11","","23","23","1","5","5","C03","24.152738","120.667749","2"
"2019","3","14","3","19","臺中市","北屯區","0","1","8","3","5","60","4","1","1","5","4","1","7","1","1","10","5","5","2","28","43","2","9","1","1","C03","7","9","4","8","2","11","","43","43","1","21","8","C03","24.163","120.719442","2"
"2019","3","14","4","5","臺中市","西屯區","0","1","8","3","5","50","4","1","1","5","4","5","7","1","1","10","5","5","2","16","25","2","1","1","1","B03","7","9","1","8","2","2","","25","25","1","4","8","B03","24.181844","120.635933","2"
"2019","3","14","6","55","臺中市","大甲區","0","1","8","1","5","50","4","18","1","5","4","5","7","1","1","10","5","5","1","3","15","3","10","1","1","B11","7","5","1","3","2","8","","15","15","1","22","1","B11","24.35076","120.620104","2"
"2019","3","14","6","56","臺中市","南區","0","0","8","","","40","","","","","","","","","","","","","","","19","3","","","","B03","","","1","","2","","","19","19","","9","","B03","24.119475","120.66702","3"
"2019","3","14","7","10","臺中市","南區","0","0","8","","","50","","","","","","","","","","","","","","","23","","","","","B03","","","1","","2","","","23","23","2","20","","B03","24.119512","120.663112","3"
"2019","3","14","7","15","臺中市","潭子區","0","1","7","1","5","50","4","1","1","5","4","5","7","1","1","10","5","5","2","17","7","2","9","1","1","C03","7","9","1","10","2","11","","23","7","1","21","8","C03","24.214113","120.700666","2"
"2019","3","14","7","19","臺中市","龍井區","0","0","8","","","70","","","","","","","","","","","","","","","","","","","","B03","","","1","","2","","","7","","1","12","","B03","24.2095","120.5056","3"
"2019","3","14","7","20","臺中市","大里區","0","0","8","1","5","50","14","8","1","5","4","5","7","4","4","5","4","4","2","16","7","3","10","1","1","B03","7","8","1","8","2","2","","7","7","1","5","8","B03","24.111208","120.696673","3"
"2019","3","14","7","20","臺中市","大肚區","0","0","8","","","40","","","","","","","","","","","","","","","","","","","","B03","","","1","","2","","","23","","1","4","","B03","24.132871","120.555271","3"
"2019","3","14","7","20","臺中市","清水區","0","0","8","1","5","40","","","","","","","","","","","","","","","8","","","","","B03","","","1","","2","","","8","8","1","22","","B03","24.272836","120.555181","3"
"2019","3","14","7","20","臺中市","大甲區","0","1","8","1","5","50","4","1","1","5","4","5","7","4","4","10","5","5","2","17","6","3","10","1","1","B03","7","9","6","18","2","2","","6","6","1","22","8","B03","24.341273","120.619805","2"
"2019","3","14","7","20","臺中市","潭子區","0","0","8","1","5","50","14","7","1","5","4","5","7","4","4","5","5","4","2","11","","","","","","C03","","","3","","2","","","26","","1","22","","C03","24.21267","120.70263","3"
"2019","3","14","7","27","臺中市","南屯區","0","1","8","1","5","50","5","1","1","5","4","5","7","4","4","5","4","4","2","11","14","3","10","1","1","B03","7","5","1","8","2","15","","44","14","1","22","8","B03","24.132956","120.65239","2"
"2019","3","14","7","28","臺中市","北區","0","0","8","","","50","","","","","","","","","","","","","","","","","","","","C03","","","1","","2","","","42","","1","","","C03","24.150103","120.685094","3"
"2019","3","14","7","30","臺中市","東勢區","0","1","8","1","5","40","3","2","1","5","4","5","7","4","4","10","5","5","1","17","6","2","5","1","1","C03","7","6","1","10","2","13","","6","6","1","7","8","C03","24.227041","120.836131","2"
"2019","3","14","7","37","臺中市","大里區","0","0","8","","","50","","","","","","","","","","","","","","","17","","","","","","","","7","","11","","","67","17","1","","","","24.093791","120.700495","3"
"2019","3","14","7","37","臺中市","太平區","0","0","8","","","50","","","","","","","","","","","","","","","","","","","","B03","","","1","","2","","","23","","1","","","B03","24.143333","120.721111","3"
"2019","3","14","7","38","臺中市","西屯區","0","1","8","1","5","50","14","9","1","5","4","5","7","4","4","10","5","5","2","12","43","2","9","1","1","C03","7","9","1","10","2","14","","43","43","1","21","8","C03","24.16276","120.629935","2"
"2019","3","14","7","39","臺中市","霧峰區","0","1","8","1","5","40","4","1","1","5","4","5","7","1","1","1","5","4","1","12","6","3","10","1","1","B03","7","6","1","8","2","6","","6","6","1","19","8","B03","24.033876","120.684062","2"
"2019","3","14","7","40","臺中市","西區","0","1","8","1","5","50","4","1","1","5","4","5","7","2","1","10","5","5","2","16","6","3","10","1","1","B03","7","6","1","8","2","2","","6","6","1","20","8","B03","24.146818","120.651456","2"
"2019","3","14","7","47","臺中市","西區","0","0","8","1","5","50","4","1","1","5","4","5","7","4","4","10","5","5","2","15","","","","","","B03","","","1","","2","","","6","","1","22","","B03","24.149","120.668193","3"
"2019","3","14","7","51","臺中市","大雅區","0","1","8","1","5","40","4","1","1","5","4","5","7","4","4","10","5","5","2","16","6","2","9","1","1","C03","7","6","3","18","2","11","","6","6","1","22","9","C03","24.235005","120.667132","2"
"2019","3","14","7","55","臺中市","南區","0","1","8","1","5","50","4","2","1","5","4","5","7","2","1","1","2","5","2","13","16","2","7","1","1","C03","7","9","1","10","2","11","","16","16","1","18","8","C03","24.120623","120.650136","2"
"2019","3","14","7","55","臺中市","北屯區","0","2","8","1","5","50","4","1","1","5","4","5","7","4","4","10","5","5","2","15","6","3","10","1","1","B03","7","9","1","8","2","1","","6","6","1","5","8","B03","24.171221","120.719683","2"
"2019","3","14","7","59","臺中市","北屯區","0","1","8","1","5","50","4","1","1","5","4","5","7","1","1","10","5","5","2","13","23","3","10","1","1","B03","7","9","1","8","2","1","","23","23","1","21","8","B03","24.176561","120.719608","2"
"2019","3","14","8","2","臺中市","南區","0","2","8","1","5","50","4","1","1","5","4","5","7","2","1","5","5","5","2","11","25","2","9","1","1","C03","7","6","1","10","2","11","","25","25","1","2","5","C03","24.116923","120.66676","2"
"2019","3","14","8","4","臺中市","龍井區","0","0","8","","","40","","","","","","","","","","","","","","","","","","","","B03","","","1","","2","","","23","","1","","","B03","24.182136","120.585403","3"
"2019","3","14","8","8","臺中市","南屯區","0","0","8","","","50","","","","","","","","","","","","","","","","","","","","B03","","","5","","2","","","26","","1","","","B03","24.149668","120.622926","3"
"2019","3","14","8","14","臺中市","西屯區","0","1","8","1","5","40","4","1","1","5","4","5","7","1","1","9","5","4","2","16","25","3","10","3","4","C03","7","6","1","10","9","14","","25","25","1","22","8","C03","24.183235","120.618253","2"
"2019","3","14","8","16","臺中市","西屯區","0","0","8","","","60","","","","","","","","","","","","","","","","","","","","B01","","","1","","2","","","16","","1","22","","B01","24.16117","120.652147","3"
"2019","3","14","8","19","臺中市","東區","0","0","7","1","5","50","4","7","1","5","4","5","7","1","1","9","4","4","2","13","23","","","","","B03","","9","1","8","2","1","","23","23","1","5","","B03","24.127004","120.702816","3"
"2019","3","14","8","22","臺中市","北屯區","0","0","8","","","50","","","","","","","","","","","","","","","","","","","","C03","","","1","","2","","","16","","1","","","C03","24.195225","120.686412","3"
"2019","3","14","8","25","臺中市","北屯區","0","1","8","1","5","50","4","1","1","5","4","5","7","1","1","10","5","5","2","16","43","3","10","1","1","B03","7","6","1","8","2","15","","43","43","1","21","8","B03","24.172761","120.681665","2"
"2019","3","14","8","30","臺中市","北屯區","0","1","8","1","5","40","4","1","1","5","4","5","7","1","1","10","5","5","2","12","7","3","10","1","1","A02","7","10","1","2","2","2","","7","7","1","5","8","A02","24.177148","120.669493","2"
"2019","3","14","8","30","臺中市","大里區","0","1","8","1","5","50","14","9","1","5","4","5","7","4","4","4","5","5","1","12","43","3","10","1","1","B12","7","9","1","8","11","15","","43","43","2","22","5","B12","24.072001","120.682025","2"
"2019","3","14","8","31","臺中市","西屯區","0","1","8","1","5","50","14","7","1","5","4","5","7","4","4","10","5","5","2","12","19","3","10","1","1","B03","7","1","1","8","2","8","","19","19","1","21","8","B03","24.19502","120.656955","2"
"2019","3","14","8","41","臺中市","烏日區","0","1","8","1","5","50","4","1","1","5","4","5","7","2","1","10","5","5","2","16","25","3","10","1","1","B02","7","9","1","8","2","5","","25","25","1","21","1","B02","24.093421","120.649053","2"
"2019","3","14","8","46","臺中市","沙鹿區","0","1","8","1","5","50","14","9","1","5","4","5","7","4","4","5","5","5","1","16","4","2","9","1","1","C03","7","11","3","18","2","12","","4","4","1","21","8","C03","24.225971","120.57337","2"
"2019","3","14","8","55","臺中市","西屯區","0","0","8","","","40","","","","","","","","","","","","","","","","","","","","A12","","","1","","2","","","42","","1","22","","A12","24.160774","120.617898","3"
"2019","3","14","8","59","臺中市","烏日區","0","1","8","1","5","50","4","2","1","5","4","5","7","4","4","5","4","4","2","3","23","3","10","1","1","C03","7","9","1","10","2","11","","23","23","1","21","8","C03","24.108276","120.63786","2"
"2019","3","14","9","0","臺中市","西屯區","0","0","8","","","50","","","","","","","","","","","","","","","","","","","","C03","","","1","","2","","","16","","1","22","","C03","24.166301","120.65339","3"
"2019","3","14","9","0","臺中市","大里區","0","1","8","1","5","40","14","9","1","5","4","5","7","4","4","10","5","5","2","16","19","3","10","1","1","B03","7","1","1","8","2","8","","19","19","1","5","8","B03","24.096042","120.676573","2"
"2019","3","14","9","0","臺中市","沙鹿區","0","0","8","","","50","","","","","","","","","","","","","","","","","","","","B03","","","1","","2","","","12","","1","21","","B03","24.221791","120.579922","4"
"2019","3","14","9","9","臺中市","南區","0","2","8","1","5","40","3","1","1","5","4","5","7","4","4","10","5","5","2","16","19","2","9","4","1","F03","7","1","8","20","2","16","","19","19","1","5","8","F03","24.113715","120.65596","2"
"2019","3","14","9","10","臺中市","沙鹿區","0","3","8","1","5","50","3","1","1","5","4","5","7","1","1","1","4","4","1","16","9","2","9","1","1","C03","7","6","1","10","2","12","","9","9","1","18","8","C03","24.220869","120.55609","2"