"年","月","日","時","分","縣市","區","死","受傷","天候","光線","道路類別","速限","道路型態","事故位置","路面鋪裝","路面狀態","路面缺陷","障礙物","視距","號誌種類","號誌動作","分向設施","快車道或一般車道間","快慢車道間","路面邊線","事故類型及型態","主要肇因","受傷程度","主要傷處","保護裝備","行動電話","當事者區分","車輛用途","當事者行動狀態","駕駛資格情形","駕駛執照種類","飲酒情形","車輛撞擊部位最初","車輛撞擊部位其他","肇事因素個別","肇事因素主要","肇事逃逸","職業","旅次目的","車種","GPS座標緯度","GPS座標經度","事故類別"
"2019","3","14","20","46","臺中市","北屯區","0","1","8","3","5","50","3","2","1","5","4","5","7","4","4","5","5","4","2","3","23","3","10","1","1","B03","7","9","1","8","2","8","","23","23","1","21","8","B03","24.189778","120.662676","2"
"2019","3","14","20","47","臺中市","大甲區","0","1","8","3","5","50","14","8","1","5","4","5","7","4","4","5","5","4","1","13","16","2","9","1","1","C03","7","9","1","10","2","11","","16","16","1","5","9","C03","24.342331","120.622658","2"
"2019","3","14","20","48","臺中市","外埔區","0","0","8","","","50","","","","","","","","","","","","","","","","","","","","B03","","","1","","2","","","23","","1","","","B03","24.342503","120.637735","4"
"2019","3","14","20","52","臺中市","北屯區","0","3","8","3","5","50","4","1","1","5","4","5","7","2","1","10","5","5","2","16","8","2","9","1","1","C03","7","5","1","10","2","11","","8","8","1","5","8","C03","24.181441","120.69503","2"
"2019","3","14","21","12","臺中市","太平區","0","2","8","3","5","50","4","1","1","5","4","5","7","1","1","10","5","5","2","15","25","2","9","1","1","C03","7","9","4","8","11","12","","25","25","2","21","8","C03","24.151439","120.710887","2"
"2019","3","14","21","22","臺中市","西區","0","0","8","","","50","","","","","","","","","","","","","","","","","","","","B03","","","1","","2","","","7","","1","2","","B03","24.136338","120.65905","3"
"2019","3","14","21","30","臺中市","西屯區","0","1","8","3","5","60","4","1","1","5","4","5","7","1","1","5","2","4","2","16","8","2","9","1","1","C03","7","5","1","10","2","14","","8","8","1","22","8","C03","24.188155","120.620658","2"
"2019","3","14","21","32","臺中市","南屯區","0","2","8","3","5","40","4","1","1","5","4","5","7","4","4","10","5","5","2","15","6","2","9","1","1","C03","7","9","1","10","2","11","12","6","6","1","20","8","C03","24.136136","120.640383","2"
"2019","3","14","22","5","臺中市","大肚區","0","0","","","","","","","","","","","","","","","","","","","","","","","","B03","","","1","","2","","","23","","1","3","","B03","24.127098","120.558134","3"
"2019","3","14","22","6","臺中市","霧峰區","0","1","8","1","5","50","14","12","1","5","4","5","7","4","4","5","2","4","1","12","23","2","9","1","1","C03","7","9","1","10","2","11","","23","23","1","3","8","C03","24.060121","120.695786","2"
"2019","3","14","22","16","臺中市","大雅區","0","1","8","3","5","50","5","1","1","5","4","5","7","1","1","10","5","5","2","11","6","3","10","1","1","B03","7","5","1","7","2","8","","6","6","1","22","9","B03","24.245847","120.667614","2"
"2019","3","14","22","19","臺中市","西屯區","0","0","8","","","50","","","","","","","","","","","","","","","","","","","","B03","","","1","","2","","","23","","1","","","B03","24.186405","120.621922","3"
"2019","3","14","22","28","臺中市","西屯區","0","1","8","3","5","1","14","9","1","5","4","5","7","4","4","10","5","5","2","16","19","3","10","1","1","C03","7","1","1","10","2","11","","19","19","1","21","8","C03","24.180061","120.62352","2"
"2019","3","14","22","34","臺中市","大雅區","0","0","8","","","50","","","","","","","","","","","","","","","","","","","","A41","","","1","","2","","","23","","1","","","A41","24.215923","120.647864","3"
"2019","3","14","22","50","臺中市","西區","0","2","8","3","5","50","4","1","1","5","4","5","7","2","1","10","5","5","2","16","6","2","9","1","1","C03","7","5","1","10","2","15","","6","6","1","21","8","C03","24.141327","120.67597","2"
"2019","3","14","23","15","臺中市","太平區","","","8","","","50","","","","","","","","","","","","","","","","","","","","C03","","","3","","2","","","25","","1","21","","C03","24.148864","120.715964","3"
"2019","3","14","23","31","臺中市","大里區","0","1","8","4","5","50","4","1","1","5","4","5","7","3","1","10","5","5","2","16","6","3","10","3","4","B03","7","9","1","8","2","5","","6","6","1","3","8","B03","24.105364","120.667215","2"
"2019","3","14","23","44","臺中市","西屯區","0","1","8","3","5","60","4","1","1","5","4","5","7","1","1","1","4","1","2","11","25","3","10","1","1","B02","7","5","1","8","2","1","","25","25","1","22","8","B02","24.170445","120.632123","2"
"2019","3","15","0","5","臺中市","烏日區","0","4","8","4","5","70","14","8","1","5","4","5","7","4","4","1","4","4","1","13","16","2","9","1","1","C03","7","9","1","10","2","11","","16","16","1","22","8","C03","24.11423","120.603815","2"
"2019","3","15","0","30","臺中市","北屯區","0","2","8","3","5","50","4","1","1","5","4","1","7","1","1","10","5","5","2","15","25","2","9","1","1","B12","7","9","1","8","2","2","","25","25","1","22","8","B12","24.190153","120.673546","2"
"2019","3","15","0","36","臺中市","北屯區","0","1","8","3","5","50","14","8","1","5","4","5","7","4","4","4","5","4","2","17","23","2","1","1","1","B03","7","15","1","8","2","5","","23","23","1","5","8","B03","24.172438","120.707679","2"
"2019","3","15","0","44","臺中市","西屯區","0","1","8","3","5","50","14","9","1","5","4","5","7","1","1","10","5","5","2","13","16","2","9","1","1","C03","7","9","1","10","2","11","","16","16","1","22","8","C03","24.173781","120.641253","2"
"2019","3","15","5","21","臺中市","清水區","0","0","6","","","50","","","","","","","","","","","","","","","","","","","","B12","","","1","","2","","","6","","1","4","","B12","24.263816","120.572298","3"
"2019","3","15","6","20","臺中市","東區","0","1","6","1","5","50","14","9","1","4","4","5","7","1","1","1","5","5","2","18","42","2","9","1","1","C03","7","9","1","10","2","14","","42","42","1","22","8","C03","24.138445","120.689818","2"
"2019","3","15","6","30","臺中市","太平區","","","8","","","50","","","","","","","","","","","","","","","","","","","","B03","","","1","","2","","","23","","1","21","","B03","24.142356","120.721321","3"
"2019","3","15","6","43","臺中市","北屯區","0","1","7","2","5","40","14","7","1","4","4","5","7","4","4","1","4","4","2","12","19","3","10","3","4","B03","7","1","1","8","2","3","","19","19","1","21","8","B03","24.176186","120.670181","2"
"2019","3","15","6","48","臺中市","南區","0","1","7","1","5","50","4","1","1","4","4","5","7","1","1","10","5","5","2","16","25","3","10","1","1","B03","7","5","1","8","2","2","","25","25","1","4","8","B03","24.126352","120.684114","2"
"2019","3","15","6","51","臺中市","大雅區","0","2","8","1","5","50","4","1","1","5","4","5","7","1","1","1","4","5","1","17","16","2","8","1","1","C03","7","9","1","10","2","14","","16","16","1","21","8","C03","24.235989","120.614087","2"
"2019","3","15","6","54","臺中市","潭子區","0","0","8","","","40","","","","","","","","","","","","","","","","","","","","B03","","","1","","2","","","6","","1","22","","B03","24.192076","120.700343","3"
"2019","3","15","6","58","臺中市","西區","0","2","8","1","5","40","14","8","1","5","4","5","7","4","4","1","4","1","2","12","23","2","8","1","1","C03","7","9","1","10","2","12","","23","23","1","5","1","C03","24.155478","120.659536","2"
"2019","3","15","7","3","臺中市","太平區","0","1","6","1","5","40","14","12","1","4","4","5","7","4","4","5","4","4","1","18","23","2","9","1","1","C03","7","9","4","8","2","14","","23","23","1","18","8","C03","24.149032","120.719253","2"
"2019","3","15","7","10","臺中市","北屯區","0","0","8","","","50","","","","","","","","","","","","","","","42","","","","","A04","","","1","","2","","","42","42","1","10","","A04","24.185766","120.677061","3"
"2019","3","15","7","20","臺中市","潭子區","0","0","8","1","5","50","3","2","1","5","4","5","7","4","4","5","4","5","1","13","","","","","","B03","","","1","","2","","","23","","1","22","","B03","24.211847","120.700679","3"
"2019","3","15","7","21","臺中市","大雅區","0","0","8","","","50","","","","","","","","","","","","","","","","","","","","B03","","","1","","2","","","16","","1","","","B03","24.211194","120.650313","3"
"2019","3","15","7","22","臺中市","沙鹿區","0","1","7","1","5","40","14","9","1","4","4","5","7","4","4","10","5","5","2","17","42","2","9","1","1","C03","7","9","1","10","2","11","","42","42","1","21","8","C03","24.2416","120.561572","2"
"2019","3","15","7","28","臺中市","南區","0","1","8","1","5","40","14","7","1","5","4","3","7","4","4","9","5","4","2","17","23","2","9","1","1","C03","7","9","1","10","2","14","","23","23","1","5","8","C03","24.114252","120.652702","2"
"2019","3","15","7","28","臺中市","北屯區","0","0","8","","","50","","","","","","","","","","","","","","","","","","","","B03","","","1","","2","","","23","","1","22","","B03","24.169317","120.727431","3"
"2019","3","15","7","30","臺中市","烏日區","0","0","8","","","40","","","","","","","","","","","","","","","","","","","","B03","","","1","","2","","","23","","1","23","","B03","24.09322","120.64634","3"
"2019","3","15","7","31","臺中市","龍井區","0","1","7","1","5","40","14","8","1","5","4","5","7","4","4","1","4","1","1","17","42","2","8","1","1","C03","7","6","1","10","2","11","","42","42","1","21","8","C03","24.187695","120.581679","2"
"2019","3","15","7","32","臺中市","西屯區","0","0","6","","","40","","","","","","","","","","","","","","","","","","","","B03","","","1","","2","","","6","","1","22","","B03","24.160414","120.655146","3"
"2019","3","15","7","35","臺中市","大里區","0","1","7","1","5","50","14","9","1","5","4","5","7","4","4","5","4","5","1","16","26","3","10","1","1","B03","7","11","1","8","2","4","","26","26","1","5","8","B03","24.093478","120.691056","2"
"2019","3","15","7","35","臺中市","大雅區","0","1","8","1","5","40","4","1","1","5","4","5","7","4","4","10","5","5","2","17","6","3","10","1","1","B03","7","6","1","8","2","8","","6","6","1","22","9","B03","24.21914","120.65161","2"
"2019","3","15","7","42","臺中市","西區","0","1","7","1","5","50","4","2","1","5","4","5","7","1","1","10","5","5","2","17","16","3","10","3","4","C03","7","9","1","10","2","11","","16","16","1","21","8","C03","24.152466","120.661644","2"
"2019","3","15","7","43","臺中市","潭子區","0","0","8","","","50","","","","","","","","","","","","","","","","","","","","B03","","","1","","2","","","16","","1","22","","B03","24.217961","120.72365","3"
"2019","3","15","7","45","臺中市","潭子區","0","0","6","","","60","","","","","","","","","","","","","","","","","","","","C03","","","1","","2","","","23","","1","","","C03","24.202452","120.703345","3"
"2019","3","15","7","49","臺中市","后里區","0","0","8","","","50","","","","","","","","","","","","","","","","","","","","B12","","","1","","10","","","42","","1","","","B12","24.314325","120.690305","3"
"2019","3","15","7","50","臺中市","大里區","0","1","7","1","5","50","3","1","1","5","4","5","7","3","1","10","5","5","2","17","6","3","10","1","1","B03","7","5","1","8","2","1","","6","6","1","22","5","B03","24.092443","120.729511","2"
"2019","3","15","7","51","臺中市","龍井區","0","1","7","1","5","50","4","1","1","5","4","5","7","1","1","10","5","5","2","15","43","3","10","1","1","C03","7","9","1","10","2","13","","43","43","1","19","8","C03","24.210601","120.524441","2"
"2019","3","15","7","55","臺中市","西區","0","1","8","1","5","50","14","8","1","4","4","5","7","4","4","1","3","4","1","17","17","2","9","1","1","C03","7","9","1","10","2","11","","17","17","1","21","8","C03","24.144239","120.670109","2"
"2019","3","15","7","56","臺中市","太平區","0","2","7","1","5","40","3","2","1","5","4","5","7","4","4","5","5","5","1","16","26","2","8","1","1","C03","7","11","1","10","2","14","","26","26","1","4","5","C03","24.131632","120.715142","2"
"2019","3","15","8","0","臺中市","潭子區","0","1","8","1","5","50","3","1","1","5","4","5","7","1","1","5","2","5","1","12","17","3","10","1","1","B12","7","6","1","3","2","6","","17","17","1","22","9","B12","24.218136","120.723411","2"
"2019","3","15","8","2","臺中市","南區","0","0","8","","","50","","","","","","","","","","","","","","","","","","","","B03","","","1","","2","","","19","","1","4","","B03","24.12258","120.661245","3"
"2019","3","15","8","4","臺中市","北屯區","0","1","7","1","5","50","3","1","1","4","4","5","7","4","4","10","5","5","2","16","6","3","10","1","1","B03","7","6","1","8","2","5","","6","6","1","5","8","B03","24.178471","120.690598","2"
"2019","3","15","8","7","臺中市","潭子區","0","0","8","","","50","","","","","","","","","","","","","","","","","","","","B12","","","1","","1","","","11","","2","22","","B12","24.204304","120.716755","3"
"2019","3","15","8","9","臺中市","烏日區","0","0","8","","","50","","","","","","","","","","","","","","","18","3","","","","B03","","","1","","2","","","18","18","","21","","B03","120.644066","24.0848024","3"
"2019","3","15","8","12","臺中市","西屯區","0","2","8","1","5","50","4","1","1","5","4","5","7","1","1","10","5","5","2","12","6","2","9","1","1","C03","7","5","1","10","2","14","","6","6","1","21","8","C03","24.167584","120.663214","2"
"2019","3","15","8","12","臺中市","清水區","0","1","8","1","5","50","14","7","1","5","4","5","7","4","4","10","4","4","2","12","16","2","7","1","1","C03","7","9","1","10","2","11","","16","16","1","21","1","C03","24.272911","120.576911","2"
"2019","3","15","8","20","臺中市","南屯區","0","0","8","","","50","","","","","","","","","","","","","","","23","","","","","B12","","","1","","2","","","23","23","1","22","","B12","24.140209","120.626129","3"
"2019","3","15","8","21","臺中市","大雅區","0","1","8","1","5","40","3","1","1","5","4","5","7","4","4","5","5","5","1","16","6","2","9","1","1","C03","7","5","1","10","2","14","","6","6","1","21","8","C03","24.229161","120.636684","2"
"2019","3","15","8","37","臺中市","西區","0","0","8","","","50","","","","","","","","","","","","","","","","","","","","B03","","","1","","2","","","17","","1","21","","B03","24.154187","120.655229","3"
"2019","3","15","8","39","臺中市","西屯區","0","1","8","1","5","50","4","1","1","5","4","5","7","4","4","9","4","4","2","16","8","3","10","3","4","B03","7","5","1","8","2","5","","8","8","1","22","8","B03","24.188783","120.616813","2"
"2019","3","15","8","40","臺中市","太平區","0","0","8","","","50","","","","","","","","","","","","","","","","","","","","B03","","","1","","2","","","6","","1","","","B03","24.143055","120.715555","3"
"2019","3","15","8","40","臺中市","大甲區","0","1","8","1","5","50","14","9","1","5","4","5","7","4","4","5","5","4","1","16","19","3","10","1","4","B03","7","1","1","8","2","8","","19","19","1","21","8","B03","24.35839","120.635946","2"
"2019","3","15","8","50","臺中市","新社區","0","1","8","1","5","50","3","2","1","5","4","5","7","4","4","8","3","5","1","16","6","3","10","1","1","B12","7","5","1","8","2","1","","6","6","1","22","9","B12","24.210124","120.795698","2"
"2019","3","15","8","51","臺中市","西屯區","0","0","8","","","60","","","","","","","","","","","","","","","","","","","","B03","","","1","","2","","","43","","1","22","","B03","24.181851","120.618056","3"
"2019","3","15","8","54","臺中市","南區","0","2","8","1","5","50","3","1","1","5","4","5","7","4","4","1","4","4","2","18","26","2","8","1","1","C03","7","9","1","10","2","12","","26","26","1","5","8","C03","24.11564","120.655049","2"
"2019","3","15","9","0","臺中市","北屯區","0","1","7","1","5","50","14","9","1","4","4","5","7","4","4","9","4","5","2","13","16","2","9","1","1","C03","7","9","1","10","2","11","","16","16","1","21","8","C03","24.17688","120.734163","2"
"2019","3","15","9","0","臺中市","烏日區","0","1","8","1","5","50","4","2","1","5","4","5","7","1","1","1","4","5","2","13","23","2","8","1","1","C03","7","9","1","10","2","11","","23","23","1","21","8","C03","24.095421","120.641648","2"
"2019","3","15","9","2","臺中市","北區","0","1","7","1","5","50","4","1","1","5","4","5","7","1","1","10","5","5","2","13","23","2","9","1","4","C03","7","9","1","10","2","12","","23","23","1","21","8","C03","24.151512","120.678137","2"
"2019","3","15","9","10","臺中市","西區","0","0","8","1","5","50","14","7","1","5","4","5","7","4","4","1","4","4","2","13","","","","","","B03","","","1","","2","","","23","","1","22","","B03","24.15075","120.654367","3"
"2019","3","15","9","12","臺中市","潭子區","0","0","8","","","30","","","","","","","","","","","","","","","","","","","","G03","","","1","","2","","","12","","1","22","","G03","24.20602","120.679083","3"
"2019","3","15","9","16","臺中市","大雅區","0","0","8","","","40","","","","","","","","","","","","","","","","","","","","B12","","","1","","2","","","16","","1","","","B12","24.221309","120.647436","3"
"2019","3","15","9","21","臺中市","潭子區","0","1","7","1","5","50","14","9","1","4","4","5","7","4","4","9","5","5","2","18","16","2","9","1","1","C03","7","9","1","10","2","12","","16","16","1","22","8","C03","24.211669","120.676979","2"
"2019","3","15","9","27","臺中市","西屯區","0","0","8","","","50","","","","","","","","","","","","","","","","","","","","B03","","","1","","2","","","23","","1","","","B03","24.189029","120.60555","3"
"2019","3","15","9","35","臺中市","西屯區","0","0","8","1","5","70","14","7","1","5","4","5","7","4","4","1","3","1","1","12","","","","","","B12","","","1","","2","","","7","","1","22","","B12","24.183241","120.615034","3"
"2019","3","15","9","40","臺中市","西屯區","0","2","8","1","5","50","14","9","1","5","4","5","7","4","4","3","2","5","2","12","42","2","9","3","4","C03","7","15","1","10","2","13","11","42","42","1","22","8","C03","24.191948","120.597941","2"
"2019","3","15","9","44","臺中市","沙鹿區","0","1","8","1","5","60","4","1","1","5","4","5","7","1","1","10","5","5","2","16","26","3","10","1","1","B12","7","6","1","8","2","2","","26","26","1","21","8","B12","24.23943","120.564658","2"
"2019","3","15","10","0","臺中市","大里區","0","0","7","1","5","40","11","9","1","5","4","5","7","4","4","10","5","5","2","17","17","3","10","1","1","A12","7","9","1","7","2","2","","17","17","1","10","8","A12","24.096746","120.705303","3"
"2019","3","15","10","2","臺中市","大雅區","0","0","8","","","50","","","","","","","","","","","","","","","","","","","","B12","","","1","","2","","","23","","1","22","","B12","24.22819","120.64335","3"
"2019","3","15","10","7","臺中市","大雅區","0","0","8","","","40","","","","","","","","","","","","","","","","","","","","B03","","","1","","2","","","5","","1","","","B03","24.207765","120.670237","3"
"2019","3","15","10","10","臺中市","烏日區","0","0","8","","","60","","","","","","","","","","","","","","","","","","","","B12","","","6","","2","","","23","","1","","","B12","24.104146","120.624582","3"
"2019","3","15","10","15","臺中市","梧棲區","0","2","8","1","5","50","4","1","1","5","4","5","7","1","1","10","5","5","2","15","6","2","1","1","1","B03","7","9","1","8","2","1","","6","6","1","21","1","B03","24.242359","120.537099","2"
"2019","3","15","10","20","臺中市","神岡區","0","0","8","","","40","","","","","","","","","","","","","","","5","","","","","B03","","","1","","2","","","5","5","1","","","B03","24.276911","120.659201","3"
"2019","3","15","10","30","臺中市","大里區","0","0","8","","","50","","","","","","","","","","","","","","","","","","","","A05","","","1","","2","","","42","","1","21","","A05","24.109477","120.686976","3"
"2019","3","15","10","30","臺中市","大雅區","0","0","8","","","40","","","","","","","","","","","","","","","","","","","","A12","","","1","","2","","","12","","1","22","","A12","24.22928","120.66629","3"
"2019","3","15","10","32","臺中市","北區","0","0","8","","","50","","","","","","","","","","","","","","","43","","","","","","","","7","19","11","15","","43","43","","","","","24.165303","120.673719","3"
"2019","3","15","10","38","臺中市","北屯區","0","0","8","","","50","","","","","","","","","","","","","","","","","","","","B12","","","1","","2","","","23","","1","22","","B12","24.18327","120.665526","3"
"2019","3","15","10","40","臺中市","南屯區","0","0","8","","","50","","","","","","","","","","","","","","","23","","","","","B03","","","1","","2","","","44","23","1","22","","B03","24.143617","120.64695","3"
"2019","3","15","10","40","臺中市","西屯區","0","0","8","","","50","","","","","","","","","","","","","","","","","","","","C03","","","1","","2","","","23","","1","22","","C03","24.161277","120.659799","3"
"2019","3","15","10","52","臺中市","北屯區","0","0","8","","","50","","","","","","","","","","","","","","","","","","","","B03","","","1","","2","","","19","","1","5","","B03","24.195276","120.687608","3"
"2019","3","15","10","58","臺中市","外埔區","0","1","8","1","5","50","12","9","1","5","4","5","7","4","4","5","5","5","1","18","22","2","9","4","5","F02","7","9","8","20","2","16","","22","22","1","20","5","F02","24.341808","120.662883","2"
"2019","3","15","11","0","臺中市","和平區","0","0","8","1","2","5","14","8","1","5","4","5","7","4","4","5","3","","2","13","23","3","10","1","1","B03","7","9","6","18","2","5","","23","23","1","22","9","B03","24.175222","120.88358","3"
"2019","3","15","11","9","臺中市","大雅區","0","0","8","","","40","","","","","","","","","","","","","","","","","","","","B12","","","1","","2","","","5","","1","","","B12","24.219362","120.634681","3"
"2019","3","15","11","15","臺中市","清水區","0","2","8","1","5","50","3","1","1","5","4","4","7","1","1","10","5","5","2","17","19","3","10","1","1","B03","7","1","1","8","2","15","","19","19","1","5","5","B03","24.267397","120.559214","2"
"2019","3","15","11","20","臺中市","潭子區","1","0","8","1","5","50","3","1","1","5","4","5","7","3","1","1","4","4","1","18","42","1","1","2","5","F03","7","9","8","20","2","16","","42","42","1","22","9","F03","24.215865","120.68168","1"
"2019","3","15","11","33","臺中市","北屯區","0","1","8","1","5","50","4","1","1","5","4","5","7","3","1","10","5","5","2","15","6","2","9","1","1","C03","7","9","1","10","2","11","","6","6","1","21","8","C03","24.20124","120.689824","2"
"2019","3","15","11","38","臺中市","北屯區","0","1","7","1","5","50","4","1","1","4","4","5","7","1","1","10","5","5","2","17","43","2","9","1","1","C03","7","4","1","10","2","11","","43","43","1","21","8","C03","24.174943","120.719155","2"
"2019","3","15","11","39","臺中市","南屯區","0","1","8","1","5","50","4","1","1","5","4","5","7","4","4","10","5","5","2","15","6","2","9","1","1","C03","7","9","1","10","2","11","","6","6","1","22","8","C03","24.143825","120.653903","2"
"2019","3","15","11","39","臺中市","西屯區","0","0","8","","","50","","","","","","","","","","","","","","","","","","","","B01","","","1","","2","","","6","","1","22","","B01","24.186002","120.607952","3"
"2019","3","15","11","46","臺中市","沙鹿區","0","0","8","","","50","","","","","","","","","","","","","","","","","","","","B03","","","1","","2","","","12","","1","21","","B03","24.22124","120.57871","3"
"2019","3","15","11","47","臺中市","大里區","0","3","8","1","5","50","4","2","1","5","4","5","7","1","1","10","5","5","1","16","6","2","8","1","1","C03","7","5","1","10","2","14","","6","6","1","22","9","C03","24.112351","120.678561","2"
"2019","3","15","11","56","臺中市","西屯區","0","0","8","","","50","","","","","","","","","","","","","","","","","","","","B03","","","1","","2","","","23","","1","","","B03","24.201113","120.659407","3"
"2019","3","15","12","10","臺中市","西屯區","0","1","8","1","5","50","3","1","1","5","4","5","7","1","1","9","5","4","2","16","42","2","9","3","4","C03","7","5","3","18","2","11","","42","42","1","22","8","C03","24.170513","120.658221","2"
"2019","3","15","12","15","臺中市","南屯區","0","1","7","1","5","40","4","2","1","5","4","4","7","1","1","1","4","1","2","13","23","2","9","1","1","C03","7","9","1","10","2","11","","23","23","1","22","9","C03","24.145082","120.620736","2"
"2019","3","15","12","16","臺中市","南屯區","0","0","8","","","50","","","","","","","","","","","","","","","23","","","","","B03","","","1","","2","","","23","23","1","22","","B03","24.135333","120.649993","3"
"2019","3","15","12","20","臺中市","東區","0","1","7","1","5","50","14","9","1","5","4","5","7","4","4","1","4","5","2","13","23","2","9","1","1","C03","7","9","1","10","2","11","","23","23","1","21","8","C03","24.139591","120.696654","2"
"2019","3","15","12","20","臺中市","南屯區","0","1","8","1","5","50","14","7","1","5","4","5","7","4","4","1","4","5","2","12","17","3","10","1","1","B03","7","9","1","8","2","2","","17","17","1","22","9","B03","24.140003","120.645787","2"
"2019","3","15","12","20","臺中市","大里區","0","2","8","1","5","40","3","1","1","5","4","5","7","4","4","10","5","5","2","16","6","2","7","1","1","B03","7","6","1","8","2","2","","6","6","1","5","8","B03","24.099733","120.669116","2"
"2019","3","15","12","30","臺中市","南區","0","1","7","1","5","50","4","1","1","5","4","5","7","4","4","10","5","5","2","16","6","2","8","1","1","C03","7","9","3","18","2","12","","6","6","1","20","5","C03","24.131626","120.656156","2"
"2019","3","15","12","31","臺中市","南區","0","0","8","1","5","40","4","2","1","5","4","5","7","4","4","10","5","5","2","14","","","","","","A11","","","1","","2","","","12","","1","5","","A11","24.123848","120.661455","3"
"2019","3","15","12","34","臺中市","大里區","0","0","8","","","40","","","","","","","","","","","","","","","","","","","","B12","","","1","","2","","","23","","1","21","","B12","24.110953","120.665656","3"
"2019","3","15","12","42","臺中市","北屯區","0","1","8","1","5","50","14","7","1","5","4","5","7","4","4","9","5","5","2","18","43","2","9","1","1","C03","7","9","1","10","2","15","","43","43","1","22","8","C03","24.184343","120.664922","2"
"2019","3","15","12","53","臺中市","烏日區","0","0","8","","","50","","","","","","","","","","","","","","","","","","","","B01","","","1","","2","","","8","","1","21","","B01","24.116193","120.616828","3"
"2019","3","15","12","55","臺中市","南屯區","0","0","8","","","50","","","","","","","","","","","","","","","","","","","","B03","","","1","","2","","","19","","1","22","","B03","24.139682","120.642625","3"
"2019","3","15","13","5","臺中市","西屯區","0","0","8","","","40","","","","","","","","","","","","","","","","","","","","B03","","","1","","2","","","17","","1","22","","B03","24.200277","120.65643","3"
"2019","3","15","13","5","臺中市","潭子區","0","1","7","1","5","60","14","8","1","5","4","5","7","4","4","1","2","4","1","18","23","2","9","1","1","C03","7","9","1","10","2","12","","23","23","1","22","8","C03","24.211803","120.705334","2"
"2019","3","15","13","22","臺中市","大安區","0","0","8","","","40","","","","","","","","","","","","","","","","","","","","B03","","","1","","2","","","12","","1","5","","B03","24.388084","120.591062","3"
"2019","3","15","13","24","臺中市","大甲區","0","0","8","1","5","50","14","9","1","5","4","5","7","1","1","4","5","5","1","13","23","3","10","1","1","B03","7","9","1","8","2","1","","23","23","1","22","8","B03","24.393422","120.655463","3"
"2019","3","15","13","29","臺中市","西屯區","0","3","8","1","5","50","3","1","1","5","4","5","7","4","4","10","5","5","2","17","43","2","9","1","1","C03","7","7","1","10","2","14","","43","43","1","21","8","C03","24.161569","120.651902","2"
"2019","3","15","13","33","臺中市","北屯區","0","0","8","","","50","","","","","","","","","","","","","","","","","","","","C03","","","1","","2","","","42","","1","","","C03","24.170017","120.690531","3"
"2019","3","15","13","35","臺中市","龍井區","0","0","8","","","50","","","","","","","","","","","","","","","","","","","","B03","","","1","","1","","","6","","1","4","","B03","24.212553","120.518215","3"
"2019","3","15","13","45","臺中市","大雅區","0","1","8","1","5","50","5","1","1","5","4","5","7","1","1","9","4","4","1","17","6","3","10","1","1","B03","7","5","1","8","2","6","","6","6","1","22","9","B03","24.22658","120.64818","2"
"2019","3","15","14","2","臺中市","北區","0","1","8","1","5","50","5","2","1","5","4","5","7","1","1","10","5","5","2","13","16","2","9","1","1","C03","7","9","1","10","2","11","","16","16","1","5","8","C03","24.154865","120.686283","2"
"2019","3","15","14","10","臺中市","北屯區","0","1","8","1","5","50","4","1","1","5","4","5","7","4","4","10","5","5","2","16","6","2","3","1","1","C03","7","5","1","10","2","12","","6","6","1","22","8","C03","24.178272","120.683832","2"
"2019","3","15","14","24","臺中市","南屯區","0","0","8","1","5","50","4","1","1","5","4","","7","1","1","10","5","5","2","12","19","3","10","1","1","B03","7","1","1","8","2","8","","19","19","1","22","8","B03","24.13334","120.649912","3"
"2019","3","15","14","25","臺中市","西區","0","0","8","","","50","","","","","","","","","","","","","","","","","","","","C03","","","1","","2","","","42","","1","21","","C03","24.156145","120.660247","3"
"2019","3","15","14","27","臺中市","烏日區","0","0","8","","","30","","","","","","","","","","","","","","","","","","","","B03","","","1","","2","","","26","","1","21","","B03","24.110121","120.619733","3"
"2019","3","15","14","45","臺中市","西區","0","0","8","","","50","","","","","","","","","","","","","","","23","","","","","B03","","","1","","2","","","23","23","1","21","","B03","24.153046","120.658299","3"
"2019","3","15","14","46","臺中市","北區","0","1","7","1","5","50","4","1","1","5","4","5","7","3","1","10","5","5","2","15","6","3","10","1","1","B03","7","9","1","8","2","1","","6","6","1","22","8","B03","24.15988","120.697314","2"
"2019","3","15","14","55","臺中市","沙鹿區","0","0","8","","","50","","","","","","","","","","","","","","","","","","","","C03","","","1","","2","","","23","","1","","","C03","24.22253","120.556798","3"
"2019","3","15","15","0","臺中市","烏日區","","","8","","","50","","","","","","","","","","","","","","","","","","","","B02","","","1","","2","","","12","","1","22","","B02","24.116295","120.615344","3"
"2019","3","15","15","0","臺中市","沙鹿區","0","2","8","1","5","40","14","9","1","5","4","5","7","4","4","9","5","5","1","16","19","2","9","1","1","C03","7","1","1","10","2","14","","19","19","1","18","8","C03","24.222997","120.573411","2"
"2019","3","15","15","9","臺中市","北區","0","0","8","","","50","","","","","","","","","","","","","","","","","","","","C03","","","1","","2","","","19","","1","","","C03","24.157506","120.669256","3"
"2019","3","15","15","18","臺中市","神岡區","0","0","8","","","50","","","","","","","","","","","","","","","","","","","","B12","","","1","","2","","","42","","1","9","","B12","24.260076","120.70778","3"