"年","月","日","時","分","縣市","區","死","受傷","天候","光線","道路類別","速限","道路型態","事故位置","路面鋪裝","路面狀態","路面缺陷","障礙物","視距","號誌種類","號誌動作","分向設施","快車道或一般車道間","快慢車道間","路面邊線","事故類型及型態","主要肇因","受傷程度","主要傷處","保護裝備","行動電話","當事者區分","車輛用途","當事者行動狀態","駕駛資格情形","駕駛執照種類","飲酒情形","車輛撞擊部位最初","車輛撞擊部位其他","肇事因素個別","肇事因素主要","肇事逃逸","職業","旅次目的","車種","GPS座標緯度","GPS座標經度","事故類別"
"2019","3","15","15","25","臺中市","大肚區","","","8","","","50","","","","","","","","","","","","","","","","","","","","B03","","","1","","2","","","42","","1","21","","B03","24.142006","120.554336","3"
"2019","3","15","15","29","臺中市","西屯區","0","1","8","1","5","40","3","1","1","5","4","5","7","4","4","5","5","4","2","16","6","3","10","1","1","B03","7","5","1","7","2","5","","6","6","1","21","8","B03","24.159781","120.659001","2"
"2019","3","15","15","46","臺中市","西屯區","0","0","8","","","40","","","","","","","","","","","","","","","","","","","","B03","","","1","","2","","","23","","1","22","","B03","24.173375","120.593049","3"
"2019","3","15","15","52","臺中市","西屯區","0","1","8","1","5","50","4","1","1","5","4","5","7","1","1","4","3","4","2","16","26","3","10","1","1","B03","7","6","1","8","2","6","","26","26","1","21","8","B03","24.166898","120.665636","2"
"2019","3","15","15","53","臺中市","北區","0","0","8","","","50","","","","","","","","","","","","","","","","","","","","B11","","","1","","2","","","6","","","22","","B11","24.15348","120.681","3"
"2019","3","15","16","0","臺中市","清水區","0","0","","","","50","","","","","","","","","","","","","","","","","","","","B03","","","1","","2","","","23","","1","5","","B03","24.272505","120.576611","3"
"2019","3","15","16","4","臺中市","北屯區","0","0","8","","","50","","","","","","","","","","","","","","","","","","","","B03","","","1","","2","","","43","","1","21","","B03","24.182236","120.71046","3"
"2019","3","15","16","4","臺中市","大里區","0","1","7","1","5","50","4","1","1","5","4","5","7","1","1","5","4","5","1","12","3","3","10","1","1","B03","7","9","1","7","2","5","","3","3","1","21","8","B03","24.095644","120.680074","2"
"2019","3","15","16","7","臺中市","潭子區","0","2","7","1","5","50","3","1","1","5","4","5","7","4","4","10","5","5","1","16","16","2","9","1","1","C03","7","9","2","18","2","11","","16","16","1","22","8","C03","24.229859","120.683753","2"
"2019","3","15","16","13","臺中市","南區","0","1","7","1","5","50","14","8","1","5","4","5","7","4","4","1","3","4","2","17","43","2","9","1","1","C03","7","9","1","10","2","11","","43","43","1","21","8","C03","24.123397","120.679725","2"
"2019","3","15","16","13","臺中市","東區","0","2","8","1","5","40","4","1","1","5","4","5","7","4","4","1","4","4","2","13","23","2","9","1","1","C03","7","9","1","10","2","11","","23","23","1","22","8","C03","24.126991","120.690128","2"
"2019","3","15","16","21","臺中市","太平區","","","8","","","50","","","","","","","","","","","","","","","","","","","","B03","","","1","","2","","","26","","1","","","B03","24.108183","120.729201","3"
"2019","3","15","16","21","臺中市","神岡區","0","0","8","","","50","","","","","","","","","","","","","","","19","","","","","B12","","","1","","2","","","19","19","1","2","","B12","24.247435","120.695605","3"
"2019","3","15","16","29","臺中市","西區","0","0","8","","","50","","","","","","","","","","","","","","","23","3","","","","B03","","","1","","2","","","23","23","1","21","","B03","24.14106","120.666782","3"
"2019","3","15","16","30","臺中市","清水區","0","1","8","1","5","40","3","1","1","5","4","5","7","1","1","10","5","5","2","16","8","2","9","1","1","C03","7","5","1","10","2","14","","8","8","1","19","5","C03","24.300658","120.595206","2"
"2019","3","15","16","40","臺中市","大甲區","0","0","8","","","60","","","","","","","","","","","","","","","","","","","","B03","","","1","","2","","","16","","1","4","","B03","24.345979","120.633249","3"
"2019","3","15","16","42","臺中市","西區","0","0","8","","","50","","","","","","","","","","","","","","","16","","","","","C03","","","1","","2","","","16","16","1","21","","C03","24.148315","120.672679","4"
"2019","3","15","16","45","臺中市","北屯區","0","0","8","","","50","","","","","","","","","","","","","","","","","","","","B12","","","1","","2","","","12","","1","22","","B12","24.170155","120.697622","3"
"2019","3","15","16","55","臺中市","南區","0","1","8","1","5","50","14","7","1","5","4","5","7","4","4","3","4","4","2","17","38","3","10","1","1","B03","7","14","1","8","2","7","","38","38","1","21","8","B03","24.112838","120.670138","2"
"2019","3","15","16","59","臺中市","東區","0","0","8","","","50","","","","","","","","","","","","","","","","","","","","B12","","","1","","2","","","1","","1","","","B12","24.132951","120.694233","3"
"2019","3","15","17","0","臺中市","潭子區","0","0","8","1","5","50","14","7","1","5","4","5","7","4","4","5","4","4","2","13","","","","","","C03","","","1","","2","","","16","","1","22","","C03","24.19433","120.72306","3"
"2019","3","15","17","1","臺中市","沙鹿區","0","0","8","","","60","","","","","","","","","","","","","","","","","","","","B03","","","1","","2","","","42","","1","","","B03","24.212638","120.556049","3"
"2019","3","15","17","6","臺中市","西屯區","0","1","8","1","5","50","14","7","1","5","4","5","7","4","4","5","4","4","2","13","23","2","9","1","1","C03","7","9","1","10","2","11","","23","23","1","22","9","C03","24.189066","120.615931","2"
"2019","3","15","17","7","臺中市","大里區","0","1","8","1","5","50","4","1","1","5","4","5","7","4","4","10","5","5","2","15","6","2","8","1","1","C03","7","9","1","10","2","12","","6","6","1","19","8","C03","24.087846","120.698928","2"
"2019","3","15","17","11","臺中市","清水區","0","0","8","","","70","","","","","","","","","","","","","","","7","","","","","B12","","","1","","2","","","7","7","1","11","","B12","24.27866","120.575798","3"
"2019","3","15","17","12","臺中市","潭子區","0","0","8","","","60","","","","","","","","","","","","","","","7","","","","","B12","","","1","","2","","","7","7","1","22","","B12","24.23042","120.708679","3"
"2019","3","15","17","13","臺中市","東區","","","","","","","","","","","","","","","","","","","","","","","","","","B12","","","1","","2","","","12","","1","5","","B12","24.142755","120.709826","3"
"2019","3","15","17","16","臺中市","大里區","0","0","8","","","40","","","","","","","","","","","","","","","","","","","","B03","","","1","","2","","","42","","1","12","","B03","24.080386","120.697898","3"
"2019","3","15","17","18","臺中市","潭子區","0","0","8","","","50","","","","","","","","","","","","","","","","","","","","A12","","","1","","2","","","12","","1","22","","A12","24.197105","120.70984","4"
"2019","3","15","17","18","臺中市","潭子區","0","1","7","1","5","50","3","1","1","5","4","5","7","4","4","5","5","5","1","16","6","3","10","1","1","B03","7","5","1","8","2","5","","6","6","1","22","8","B03","24.223011","120.713749","2"
"2019","3","15","17","20","臺中市","西屯區","0","0","8","","","50","","","","","","","","","","","","","","","","","","","","B03","","","1","","2","","","42","","1","22","","B03","24.174475","120.639814","3"
"2019","3","15","17","20","臺中市","大里區","0","1","8","1","5","50","4","1","1","5","4","5","7","2","1","10","5","5","2","13","23","2","9","1","1","C03","7","4","1","10","2","11","","23","23","1","4","5","C03","24.111498","120.69483","2"
"2019","3","15","17","25","臺中市","霧峰區","0","1","8","1","5","40","3","1","1","5","4","5","7","4","4","10","5","5","2","16","37","3","10","1","1","B12","7","5","1","7","2","6","","37","37","1","5","8","B12","24.049275","120.663778","2"
"2019","3","15","17","28","臺中市","龍井區","0","0","8","","","50","","","","","","","","","","","","","","","","","","","","B01","","","1","","2","","","12","","1","10","","B01","24.191223","120.899031","3"
"2019","3","15","17","30","臺中市","烏日區","0","2","8","1","5","50","14","9","1","5","4","5","7","4","4","1","4","5","2","16","19","2","9","1","1","C03","7","1","1","10","2","11","","19","19","1","21","8","C03","24.108083","120.61246","2"
"2019","3","15","17","37","臺中市","西屯區","0","0","8","","","50","","","","","","","","","","","","","","","23","","","","","C03","","","1","","2","","","23","23","1","","","C03","24.158761","120.646445","3"
"2019","3","15","17","38","臺中市","北屯區","0","1","8","1","5","50","3","1","1","5","4","5","7","4","4","10","5","5","2","16","6","3","10","1","1","B12","7","5","1","8","2","5","","6","6","1","21","8","B12","24.187135","120.668046","2"
"2019","3","15","17","39","臺中市","東勢區","0","1","8","2","5","50","4","1","1","5","4","5","7","4","4","10","5","5","2","16","6","2","9","1","1","C03","7","9","3","18","2","11","","6","6","1","16","1","C03","24.255588","120.82825","2"
"2019","3","15","17","46","臺中市","北屯區","0","1","8","3","5","50","14","9","1","5","4","5","7","4","4","5","5","5","1","18","23","2","9","1","1","C03","7","1","1","10","2","14","","23","23","1","4","8","C03","24.201","120.788","2"
"2019","3","15","17","48","臺中市","烏日區","0","0","","","","","","","","","","","","","","","","","","","","","","","","B03","","","1","","2","","","23","","1","22","","B03","24.107539","120.637231","3"
"2019","3","15","17","50","臺中市","沙鹿區","0","2","8","3","5","40","4","2","1","5","4","5","7","4","4","1","2","4","2","16","8","2","9","1","1","C03","7","5","1","10","2","13","","8","8","1","19","5","C03","24.233821","120.561466","2"
"2019","3","15","17","55","臺中市","梧棲區","0","1","8","2","5","50","4","1","1","5","4","5","7","2","1","10","5","5","2","16","6","3","10","1","1","B03","7","5","1","10","2","2","","6","6","1","21","8","B03","24.238858","120.518044","2"
"2019","3","15","17","56","臺中市","太平區","0","0","8","","","80","","","","","","","","","","","","","","","","","","","","B03","","","1","","2","","","16","","1","","","B03","24.146766","120.713536","3"
"2019","3","15","18","0","臺中市","清水區","0","0","8","","","80","","","","","","","","","","","","","","","23","","","","","A41","","","1","","2","","","23","23","1","10","","A41","24.304206","120.555891","3"
"2019","3","15","18","3","臺中市","西屯區","0","0","8","","","40","","","","","","","","","","","","","","","","","","","","C03","","","1","","2","","","7","","1","22","","C03","24.158271","120.657217","3"
"2019","3","15","18","3","臺中市","霧峰區","0","2","8","3","5","50","14","9","1","5","4","5","7","4","4","5","5","5","2","17","19","2","9","1","1","C03","7","1","1","10","2","13","","19","19","1","22","8","C03","24.053595","120.686586","2"
"2019","3","15","18","4","臺中市","南區","0","1","8","3","5","50","14","7","1","5","4","5","7","4","4","5","4","4","2","16","19","2","8","1","1","C03","7","1","1","10","2","11","","19","19","1","22","9","C03","24.122286","120.682324","2"
"2019","3","15","18","4","臺中市","北屯區","0","1","8","1","5","50","4","1","1","5","4","5","7","2","1","10","5","5","2","17","6","3","10","1","1","A05","7","6","1","2","2","5","","6","6","1","5","8","A05","24.19044","120.67336","2"
"2019","3","15","18","9","臺中市","北屯區","0","1","8","3","5","50","14","7","1","5","4","5","7","4","4","5","4","4","2","13","23","2","9","1","1","C03","7","9","1","10","2","11","","23","23","1","21","8","C03","24.184428","120.664751","2"
"2019","3","15","18","10","臺中市","沙鹿區","0","2","8","3","5","40","14","8","1","5","4","5","7","4","4","3","4","4","2","13","23","2","8","1","1","C03","7","9","1","10","2","11","","23","23","1","21","8","C03","24.231705","120.565795","2"
"2019","3","15","18","12","臺中市","大里區","0","1","8","1","5","40","14","9","1","5","4","5","7","4","4","5","4","5","1","13","23","3","10","1","1","B12","7","9","1","8","2","1","","23","23","1","22","8","B12","24.123015","120.701484","2"
"2019","3","15","18","16","臺中市","太平區","0","2","8","3","5","40","14","8","1","5","4","5","7","4","4","5","5","4","1","13","23","2","8","1","1","C03","7","9","6","18","2","12","","23","23","1","21","8","C03","24.149401","120.721018","2"
"2019","3","15","18","16","臺中市","大雅區","0","0","8","","","60","","","","","","","","","","","","","","","","","","","","B03","","","1","","2","","","23","","1","","","B03","24.213332","120.649738","3"
"2019","3","15","18","20","臺中市","沙鹿區","0","1","8","3","5","60","3","1","1","5","4","5","7","1","1","10","5","5","2","16","10","3","10","1","1","B03","7","11","1","8","2","5","","10","10","1","20","5","B03","24.248485","120.575683","2"
"2019","3","15","18","23","臺中市","大里區","0","1","8","3","5","50","4","2","1","5","4","5","7","1","1","10","5","5","2","12","6","3","10","1","1","B03","7","6","1","8","2","2","","6","6","1","22","1","B03","24.095406","120.687371","2"
"2019","3","15","18","27","臺中市","西區","0","1","8","3","5","50","5","3","1","5","4","5","7","1","1","10","5","5","2","13","16","3","10","1","1","B03","7","9","1","8","2","1","","16","16","1","21","8","B03","24.132092","120.668527","2"
"2019","3","15","18","35","臺中市","大雅區","0","2","8","3","5","50","14","9","1","5","4","5","7","4","4","9","5","5","2","3","23","2","8","1","1","C03","7","9","1","10","2","11","","23","23","1","22","9","C03","24.243024","120.63215","2"
"2019","3","15","18","35","臺中市","大雅區","0","0","8","","","40","","","","","","","","","","","","","","","","","","","","B03","","","1","","2","","","5","","1","","","B03","24.222345","120.670891","3"
"2019","3","15","18","37","臺中市","西區","0","1","8","3","5","50","4","1","1","5","4","5","7","1","1","10","5","5","2","16","23","3","10","1","1","B03","7","5","1","8","2","5","","23","23","1","21","8","B03","24.146708","120.661687","2"
"2019","3","15","18","37","臺中市","南屯區","0","0","8","","","50","","","","","","","","","","","","","","","","","","","","B03","","","1","","2","","","1","","1","21","","B03","24.152513","120.635036","3"
"2019","3","15","18","38","臺中市","梧棲區","0","1","8","3","5","50","14","8","1","5","4","5","7","4","4","1","4","4","2","16","23","2","8","1","1","C03","7","9","1","10","2","11","","23","23","1","3","8","C03","24.257435","120.540112","2"
"2019","3","15","18","39","臺中市","西屯區","0","0","8","","","50","","","","","","","","","","","","","","","","","","","","B03","","","1","","2","","","23","","1","","","B03","24.174585","120.647246","3"
"2019","3","15","18","40","臺中市","北區","0","2","7","3","5","50","3","1","1","5","4","5","7","4","4","10","5","5","2","13","16","2","9","1","1","C03","7","9","1","10","2","11","","16","16","1","5","8","C03","24.162892","120.671733","2"
"2019","3","15","18","40","臺中市","大雅區","0","1","8","3","5","50","4","1","1","5","4","5","7","1","1","10","5","5","2","29","6","","","","","","","","","","","","","67","6","1","","","","24.222239","120.653592","2"
"2019","3","15","18","41","臺中市","北區","0","0","8","","","50","","","","","","","","","","","","","","","","","","","","B03","","","1","","2","","","26","","","22","","B03","24.16543","120.68499","3"
"2019","3","15","18","42","臺中市","西屯區","0","0","8","","","50","","","","","","","","","","","","","","","","","","","","B03","","","1","","2","","","16","","1","22","","B03","24.178242","120.668617","3"
"2019","3","15","18","51","臺中市","沙鹿區","0","1","8","3","5","50","3","1","1","5","4","5","7","1","1","10","5","5","2","16","23","2","8","1","1","C03","7","9","1","10","2","14","","23","23","1","21","8","C03","24.21963","120.569772","2"
"2019","3","15","18","54","臺中市","大里區","0","0","8","","","50","","","","","","","","","","","","","","","","","","","","B03","","","1","","2","","","23","","1","4","","B03","24.110393","120.686156","3"
"2019","3","15","18","55","臺中市","北屯區","0","1","8","3","5","50","14","9","1","5","4","5","7","4","4","1","4","5","1","13","23","3","10","1","1","C03","7","9","1","10","2","11","","23","23","1","22","8","C03","24.201274","120.66567","2"
"2019","3","15","18","57","臺中市","北區","0","0","8","","","50","","","","","","","","","","","","","","","","","","","","B03","","","1","","2","","","26","","1","","","B03","24.159182","120.684983","3"
"2019","3","15","19","0","臺中市","烏日區","0","0","8","","","80","","","","","","","","","","","","","","","","","","","","B03","","","1","","2","","","16","","1","22","","B03","24.108985","120.618297","3"
"2019","3","15","19","1","臺中市","大里區","0","0","8","","","50","","","","","","","","","","","","","","","","","","","","B03","","","1","","2","","","19","","1","22","","B03","24.087923","120.704782","3"
"2019","3","15","19","2","臺中市","太平區","0","2","8","3","5","40","14","8","1","5","4","5","7","4","4","9","4","4","1","13","16","2","9","1","1","C03","7","9","4","8","2","11","","16","16","1","5","1","C03","24.157445","120.704952","2"
"2019","3","15","19","4","臺中市","南區","0","0","","","","","","","","","","","","","","","","","","","","","","","","C03","","","2","","2","","","7","","1","","","C03","24.132658","120.678711","3"
"2019","3","15","19","9","臺中市","南屯區","0","0","8","","","50","","","","","","","","","","","","","","","16","","","","","B03","","","1","8","2","","","16","16","1","12","","B03","24.145273","120.621727","3"
"2019","3","15","19","17","臺中市","北屯區","0","1","8","3","5","40","14","9","1","5","4","5","7","4","4","10","5","5","2","18","43","2","9","1","1","C03","7","15","1","10","2","15","","43","43","1","5","8","C03","24.164664","120.698432","2"
"2019","3","15","19","17","臺中市","西屯區","0","0","8","","","50","","","","","","","","","","","","","","","2","","","","","B03","","","1","","2","","","2","2","1","","","B03","24.196328","120.64712","3"
"2019","3","15","19","17","臺中市","大里區","0","3","8","3","5","40","3","1","1","5","4","5","7","4","4","10","5","5","1","12","8","2","9","4","1","F01","7","5","8","20","2","16","","8","8","1","15","8","F01","24.091332","120.707748","2"
"2019","3","15","19","26","臺中市","南區","0","6","8","3","5","50","14","22","1","5","4","5","7","4","4","3","4","4","2","17","42","2","9","1","1","C03","7","9","1","10","2","13","","42","42","1","22","8","C03","24.122606","120.662483","2"
"2019","3","15","19","27","臺中市","西區","0","0","8","","","50","","","","","","","","","","","","","","","25","3","","","","A05","","","1","","2","","","25","25","1","21","","A05","24.13798","120.66561","3"
"2019","3","15","19","38","臺中市","北屯區","0","3","8","3","5","50","4","1","1","5","4","5","7","1","1","10","5","5","2","16","25","2","7","1","1","B03","7","9","1","8","2","1","","25","25","1","18","8","B03","24.181963","120.719546","2"
"2019","3","15","19","38","臺中市","梧棲區","0","0","8","","","0","","","","","","","","","","","","","","","","","","","","B03","","","1","","10","","","43","","1","","","B03","24.249111","120.530665","3"
"2019","3","15","19","39","臺中市","烏日區","0","0","8","","","60","","","","","","","","","","","","","","","","","","","","B02","","","3","","2","","","23","","1","21","","B02","24.105108","120.631648","3"
"2019","3","15","19","40","臺中市","沙鹿區","0","0","","","","","","","","","","","","","","","","","","","","","","","","C03","","","1","","2","","","8","","1","","","C03","24.241906","120.615019","3"
"2019","3","15","19","45","臺中市","沙鹿區","0","3","8","1","5","40","4","1","1","5","4","5","7","4","4","10","5","5","2","15","6","2","7","1","1","B03","7","9","1","8","2","2","","6","6","1","21","8","B03","24.217884","120.550429","2"
"2019","3","15","19","46","臺中市","北屯區","0","0","8","","","50","","","","","","","","","","","","","","","","","","","","B03","","","1","","2","","","16","","1","21","","B03","24.187233","120.667831","3"
"2019","3","15","19","59","臺中市","西屯區","0","2","8","3","5","40","4","1","1","5","4","5","7","4","4","10","5","5","2","17","23","2","9","1","1","C03","7","9","1","10","2","14","","23","23","1","22","9","C03","24.169079","120.646939","2"
"2019","3","15","20","0","臺中市","清水區","0","2","8","3","5","50","3","1","1","5","4","5","7","1","1","10","5","5","2","16","6","3","10","1","1","B03","7","5","1","8","2","1","","6","6","1","5","5","B03","24.260218","120.572063","2"
"2019","3","15","20","5","臺中市","大里區","0","0","8","","","40","","","","","","","","","","","","","","","","","","","","B12","","","1","","2","","","17","","2","21","","B12","24.082918","120.709426","3"
"2019","3","15","20","7","臺中市","西區","0","1","8","3","5","50","4","2","1","5","4","5","7","1","1","5","4","5","2","16","25","3","10","1","1","B03","7","9","1","8","2","4","","25","25","1","21","8","B03","24.150872","120.667591","2"
"2019","3","15","20","12","臺中市","西屯區","0","1","8","3","5","50","15","7","1","5","4","5","7","4","4","5","4","4","2","13","23","2","1","1","1","B03","7","9","1","8","2","1","","23","23","1","22","9","B03","24.170841","120.643796","2"
"2019","3","15","20","13","臺中市","梧棲區","0","0","8","","","50","","","","","","","","","","","","","","","","","","","","B03","","","1","","2","","","43","","1","","","B03","24.245539","120.537588","3"
"2019","3","15","20","15","臺中市","霧峰區","0","0","8","","","50","","","","","","","","","","","","","","","","","","","","B03","","","1","","2","","","16","","1","5","","B03","24.068924","120.699209","3"
"2019","3","15","20","37","臺中市","南屯區","0","1","8","3","5","50","4","1","1","5","4","5","7","1","1","10","5","5","2","16","7","3","10","1","1","C03","7","7","1","10","2","13","","7","7","1","5","8","C03","24.115335","120.626601","2"
"2019","3","15","20","38","臺中市","大里區","0","2","8","3","5","50","14","11","1","5","4","5","7","1","1","2","5","2","1","13","13","2","8","1","1","C03","7","9","1","10","2","11","","13","13","1","22","8","C03","24.094612","120.688074","2"
"2019","3","15","20","44","臺中市","大里區","0","1","8","1","5","50","5","1","1","5","4","5","7","1","1","5","4","4","2","11","8","2","9","1","1","C03","7","5","1","10","2","12","","8","8","1","22","8","C03","24.093813","120.706698","2"
"2019","3","15","20","46","臺中市","西區","0","0","8","","","50","","","","","","","","","","","","","","","","","","","","B03","","","1","","2","","","7","","1","21","","B03","24.149908","120.671181","3"
"2019","3","15","20","49","臺中市","南區","0","0","","","","","","","","","","","","","","","","","","","23","3","","","","B03","","","1","","2","","","23","23","1","22","","B03","24.121535","120.661451","3"
"2019","3","15","20","50","臺中市","烏日區","0","2","8","3","5","50","14","7","1","5","4","5","5","4","4","5","4","4","2","12","26","2","8","1","1","C03","7","5","1","10","2","14","","26","26","1","22","8","C03","24.111725","120.637438","2"
"2019","3","15","21","9","臺中市","西區","0","1","8","3","5","50","4","1","1","5","4","5","7","1","1","10","5","5","2","16","6","3","10","1","1","B03","7","5","1","8","2","2","","6","6","1","21","8","B03","24.146702","120.656746","2"
"2019","3","15","21","10","臺中市","太平區","0","1","8","3","5","50","5","1","1","5","4","5","7","1","1","10","5","5","2","16","44","2","3","1","1","C03","7","9","1","10","2","14","","23","44","1","21","8","C03","24.134847","120.710225","2"
"2019","3","15","21","10","臺中市","大雅區","0","2","8","3","5","40","4","9","1","5","4","5","7","4","4","10","5","5","1","15","6","2","9","1","1","C03","7","9","1","10","2","11","","6","6","1","21","8","C03","24.227676","120.644945","2"
"2019","3","15","21","16","臺中市","梧棲區","0","1","8","3","5","50","4","2","1","5","4","5","7","1","1","10","5","5","2","15","25","2","9","1","1","C03","7","9","1","10","6","11","","25","25","1","9","8","C03","24.241993","120.537055","2"
"2019","3","15","21","17","臺中市","后里區","0","1","8","3","5","50","14","9","1","5","4","5","7","4","4","9","4","5","1","12","7","3","10","1","1","B03","7","8","1","8","2","5","","7","7","1","21","8","B03","24.306319","120.717682","2"
"2019","3","15","21","22","臺中市","南區","0","1","8","3","5","50","4","1","1","5","4","5","7","4","4","10","5","5","2","16","6","3","10","1","1","B03","7","5","1","8","2","8","","6","6","1","21","8","B03","24.116752","120.671771","2"
"2019","3","15","21","33","臺中市","霧峰區","0","2","8","3","5","40","14","9","1","5","4","5","7","4","4","9","5","5","1","12","27","2","7","1","1","C03","7","5","1","10","2","14","","27","27","1","22","8","C03","24.077001","120.711543","2"
"2019","3","15","21","35","臺中市","南區","0","0","8","","","50","","","","","","","","","","","","","","","","3","","","","B03","","","1","","2","","","42","","1","21","","B03","24.133904","120.68149","3"
"2019","3","15","21","46","臺中市","西屯區","0","0","8","","","50","","","","","","","","","","","","","","","","","","","","A12","","","6","","2","","","26","","1","22","","A12","24.200037","120.657255","3"
"2019","3","15","21","54","臺中市","北屯區","0","0","8","","","50","","","","","","","","","","","","","","","25","","","","","B03","","","1","","2","","","25","25","1","5","","B03","24.173255","120.66847","3"
"2019","3","15","21","55","臺中市","西屯區","0","0","8","","","50","","","","","","","","","","","","","","","23","","","","","B03","","","1","","2","","","23","23","1","","","B03","24.170218","120.641208","3"
"2019","3","15","22","9","臺中市","太平區","0","1","8","3","5","50","14","8","1","5","4","5","7","4","4","5","4","4","1","18","43","2","9","1","1","C03","7","9","1","10","2","12","","43","43","1","5","7","C03","24.14972","120.724978","2"
"2019","3","15","22","10","臺中市","大里區","0","0","8","","","40","","","","","","","","","","","","","","","","","","","","B03","","","1","","2","","","6","","1","5","","B03","24.114281","120.679459","3"
"2019","3","15","22","12","臺中市","南屯區","0","1","8","3","5","50","14","9","1","5","4","5","7","4","4","10","5","5","2","13","23","3","10","3","4","B03","7","9","1","8","2","1","","23","23","1","12","8","B03","24.13858","120.64488","2"
"2019","3","15","22","15","臺中市","大雅區","0","2","8","3","5","40","3","9","1","5","4","5","7","4","4","1","5","5","2","17","6","3","10","1","1","B03","7","6","1","8","2","4","","6","6","1","22","9","B03","24.224127","120.646089","2"
"2019","3","15","22","20","臺中市","北區","0","0","8","","","50","","","","","","","","","","","","","","","","","","","","B03","","","1","","2","","","12","","1","22","","B03","24.1556","120.6871","3"
"2019","3","15","22","31","臺中市","太平區","0","0","8","","","50","","","","","","","","","","","","","","","","","","","","B03","","","1","","2","","","18","","1","21","","B03","24.139675","120.711977","3"
"2019","3","15","22","32","臺中市","龍井區","0","2","7","3","5","40","11","9","1","5","4","4","1","4","4","5","5","5","2","18","13","2","9","1","1","C03","7","9","1","10","2","12","","13","13","1","18","8","C03","24.192673","120.571762","2"
"2019","3","15","22","38","臺中市","西區","0","0","8","","","50","","","","","","","","","","","","","","","23","3","","","","B03","","","1","","2","","","23","23","1","21","","B03","24.140275","120.65769","3"
"2019","3","15","22","55","臺中市","潭子區","0","0","8","","","60","","","","","","","","","","","","","","","","","","","","B03","","","1","","2","","","16","","1","22","","B03","24.210579","120.686683","3"
"2019","3","15","23","14","臺中市","西屯區","0","1","8","3","5","60","14","7","1","5","4","5","7","4","4","5","4","4","2","12","26","3","10","1","1","C03","7","4","1","10","2","12","","26","26","1","22","8","C03","24.164558","120.659565","2"
"2019","3","15","23","30","臺中市","霧峰區","0","1","8","3","5","50","3","1","1","5","4","5","7","4","4","10","5","5","2","27","66","","","","","","","","","","","","","66","66","1","","","","24.059491","120.699434","2"
"2019","3","15","23","38","臺中市","南區","0","1","8","3","5","50","3","2","1","5","4","5","7","4","4","9","4","5","2","17","43","3","10","3","4","B03","7","5","1","8","2","15","","43","43","1","5","9","B03","24.12467","120.680844","2"
"2019","3","15","23","44","臺中市","豐原區","0","1","8","1","5","50","4","1","1","5","4","5","7","3","1","5","4","4","2","17","6","3","10","1","1","B03","7","5","1","8","2","4","","6","6","1","12","8","B03","24.240533","120.723818","2"
"2019","3","15","23","46","臺中市","清水區","0","1","8","3","5","80","14","7","1","5","4","5","7","4","4","1","4","5","1","16","7","2","9","1","1","B03","7","7","1","8","2","1","","7","7","1","12","1","B03","24.277684","120.548008","2"
"2019","3","15","23","59","臺中市","西屯區","0","0","8","","","0","","","","","","","","","","","","","","","","","","","","B03","","","1","","2","","","12","","1","22","","B03","24.176133","120.635771","3"
"2019","3","16","0","0","臺中市","南區","0","1","8","3","5","50","4","2","1","5","4","5","7","2","1","5","4","4","2","17","23","3","10","3","4","B03","7","5","1","8","2","8","","23","23","1","5","9","B03","24.114216","120.666848","2"
"2019","3","16","0","0","臺中市","潭子區","0","0","8","","","50","","","","","","","","","","","","","","","","","","","","B03","","","1","","2","","","23","","1","","","B03","24.200903","120.706407","3"
"2019","3","16","0","5","臺中市","北屯區","0","2","8","3","5","50","4","1","1","5","4","5","7","1","1","10","5","5","2","16","23","2","9","1","1","C03","7","9","1","9","2","12","","23","23","1","22","8","C03","24.172664","120.69171","2"
"2019","3","16","0","38","臺中市","南屯區","0","0","8","","","40","","","","","","","","","","","","","","","","","","","","B03","","","1","","2","","","23","","1","4","","B03","24.146172","120.637135","3"
"2019","3","16","0","51","臺中市","北區","0","1","8","3","5","40","14","8","1","5","4","5","7","4","4","5","5","4","2","17","23","2","9","1","1","B03","7","9","1","8","2","5","","23","23","1","22","8","B03","24.17","120.6685","2"
"2019","3","16","1","33","臺中市","后里區","0","1","8","4","5","50","3","1","1","5","4","5","7","1","1","10","5","5","2","20","23","2","9","1","4","C03","7","9","1","10","2","11","","23","23","1","22","8","C03","24.307325","120.689151","2"
"2019","3","16","2","6","臺中市","西屯區","0","2","8","3","5","60","14","7","1","5","4","5","7","4","4","5","4","4","2","13","10","2","6","1","1","C03","7","11","1","10","2","13","","10","10","1","22","8","C03","24.168666","120.641731","2"
"2019","3","16","2","37","臺中市","大里區","0","0","8","3","5","40","8","9","1","5","4","5","7","4","4","3","4","5","2","13","21","3","10","3","4","B03","7","9","1","8","6","1","","21","21","1","3","8","B03","24.093714","120.68901","3"
"2019","3","16","3","25","臺中市","大里區","0","0","8","","","50","","","","","","","","","","","","","","","","","","","","B03","","","1","","2","","","42","","1","12","","B03","24.097232","120.68499","3"