"年","月","日","時","分","縣市","區","死","受傷","天候","光線","道路類別","速限","道路型態","事故位置","路面鋪裝","路面狀態","路面缺陷","障礙物","視距","號誌種類","號誌動作","分向設施","快車道或一般車道間","快慢車道間","路面邊線","事故類型及型態","主要肇因","受傷程度","主要傷處","保護裝備","行動電話","當事者區分","車輛用途","當事者行動狀態","駕駛資格情形","駕駛執照種類","飲酒情形","車輛撞擊部位最初","車輛撞擊部位其他","肇事因素個別","肇事因素主要","肇事逃逸","職業","旅次目的","車種","GPS座標緯度","GPS座標經度","事故類別"
"2019","3","16","4","10","臺中市","西屯區","0","1","8","2","5","40","14","8","1","5","4","5","7","4","4","1","4","1","2","17","30","3","10","1","1","B12","7","9","1","3","2","15","","30","30","1","5","8","B12","24.161604","120.652365","2"
"2019","3","16","6","58","臺中市","北屯區","0","0","8","","","50","","","","","","","","","","","","","","","","","","","","B03","","","1","","2","","","23","","1","5","","B03","24.182078","120.719324","3"
"2019","3","16","7","5","臺中市","北屯區","0","3","8","1","5","50","4","1","1","5","4","5","7","1","1","10","5","5","2","16","25","2","8","1","1","C03","7","9","3","18","11","11","","25","25","2","21","8","C03","24.176843","120.719279","2"
"2019","3","16","7","23","臺中市","西屯區","0","2","7","1","5","40","5","1","1","5","4","5","7","1","1","10","5","5","2","16","25","2","9","1","1","C03","7","6","1","10","2","12","","25","25","1","21","8","C03","24.190773","120.616653","2"
"2019","3","16","7","32","臺中市","豐原區","0","2","7","1","5","50","5","1","1","5","4","5","7","1","1","5","4","5","1","17","23","2","8","1","1","C03","7","9","1","10","2","11","","23","23","1","21","8","C03","24.240701","120.720391","2"
"2019","3","16","7","34","臺中市","大雅區","0","0","8","","","40","","","","","","","","","","","","","","","6","","","","","C03","","","1","","2","","","6","6","1","","","C03","24.231828","120.673598","3"
"2019","3","16","7","35","臺中市","烏日區","0","0","8","","","50","","","","","","","","","","","","","","","","","","","","B03","","","1","","2","","","17","","1","","","B03","24.108035","120.638735","3"
"2019","3","16","7","38","臺中市","西區","0","1","8","1","5","40","4","1","1","5","4","5","7","1","1","10","5","5","2","18","42","2","9","3","4","C03","7","9","1","10","2","15","","42","42","1","21","8","C03","24.138722","120.66947","2"
"2019","3","16","7","45","臺中市","西區","0","1","8","1","5","50","15","9","1","5","4","5","7","4","4","5","5","4","1","17","6","3","10","1","1","C03","7","1","1","10","2","15","","6","6","1","21","8","C03","24.144305","120.681247","2"
"2019","3","16","7","45","臺中市","北屯區","0","2","8","1","5","50","4","1","1","5","4","5","7","1","1","10","5","5","2","16","43","2","8","1","1","C03","7","9","1","10","2","11","","43","43","1","22","8","C03","24.175001","120.670959","2"
"2019","3","16","7","45","臺中市","大里區","0","2","8","1","5","50","14","7","1","5","4","5","7","4","4","8","3","4","1","17","26","2","9","1","1","C03","7","5","3","18","2","13","","26","26","1","22","9","C03","24.110454","120.685223","2"
"2019","3","16","7","50","臺中市","清水區","0","1","8","1","5","50","14","9","1","5","4","5","7","1","1","9","4","5","1","3","51","3","10","1","1","C03","7","9","1","10","2","11","","23","51","1","21","8","C03","24.28691","120.573181","2"
"2019","3","16","7","54","臺中市","大雅區","0","2","8","1","5","50","3","1","1","5","4","5","7","4","4","5","5","5","1","16","6","2","9","1","1","C03","7","5","1","10","2","11","","6","6","1","22","9","C03","24.218841","120.64881","2"
"2019","3","16","8","5","臺中市","西區","0","0","8","","","40","","","","","","","","","","","","","","","","","","","","B03","","","1","","10","","","43","","1","22","","B03","24.148908","120.674498","3"
"2019","3","16","8","7","臺中市","北區","0","1","8","1","5","50","14","9","1","5","4","5","7","4","4","5","4","5","2","17","23","3","10","1","1","B03","7","15","1","8","2","2","","23","23","1","21","8","B03","24.166964","120.674319","2"
"2019","3","16","8","18","臺中市","大甲區","0","0","8","","","50","","","","","","","","","","","","","","","","","","","","G03","","","1","","2","","","12","","1","21","","G03","24.345698","120.616502","3"
"2019","3","16","8","20","臺中市","南屯區","0","1","8","1","5","50","3","1","1","5","4","5","7","1","1","10","5","5","2","12","23","2","8","1","1","C03","7","9","1","10","2","14","","23","23","1","22","9","C03","24.125859","120.645984","2"
"2019","3","16","8","21","臺中市","神岡區","0","0","8","","","40","","","","","","","","","","","","","","","23","","","","","B12","","","1","","2","","","23","23","1","21","","B12","24.248562","120.694457","3"
"2019","3","16","8","27","臺中市","北屯區","0","2","8","1","5","50","14","8","1","5","4","5","7","4","4","5","5","4","2","10","4","2","9","1","1","C03","7","9","1","10","2","11","","4","4","1","5","8","C03","24.194855","120.682346","2"
"2019","3","16","8","54","臺中市","北屯區","0","1","8","1","5","40","4","1","1","5","4","5","7","4","4","10","5","5","2","15","6","3","10","1","1","B03","7","9","1","8","2","2","","6","6","1","5","8","B03","24.173882","120.68089","2"
"2019","3","16","8","57","臺中市","西區","0","1","8","1","5","40","3","1","1","5","4","5","7","4","4","10","5","5","2","17","6","2","9","3","4","C03","7","6","1","10","2","13","","6","6","1","21","8","C03","24.144412","120.659455","2"
"2019","3","16","8","57","臺中市","大里區","0","1","8","1","5","50","14","9","1","4","4","5","7","4","4","5","2","5","1","18","23","2","9","1","1","C03","7","10","1","10","2","12","","23","23","1","21","8","C03","24.092095","120.691366","2"
"2019","3","16","9","3","臺中市","烏日區","0","0","8","","","70","","","","","","","","","","","","","","","","","","","","B12","","","1","","2","","","9","","1","21","","B12","24.113091","120.593437","3"
"2019","3","16","9","3","臺中市","潭子區","0","1","8","1","5","50","3","2","1","5","4","1","7","4","4","5","5","5","1","12","1","3","10","1","1","B12","7","4","1","8","2","2","","1","1","1","22","8","B12","24.204215","120.674229","2"
"2019","3","16","9","5","臺中市","大雅區","0","0","8","","","50","","","","","","","","","","","","","","","","","","","","B03","","","1","","2","","","23","","1","","","B03","24.225511","120.648864","3"
"2019","3","16","9","30","臺中市","西區","0","1","8","1","5","50","5","1","1","5","4","5","7","1","1","5","2","4","1","17","23","2","9","1","1","B03","7","9","1","8","2","1","","23","23","1","21","8","B03","24.132101","120.668833","2"
"2019","3","16","9","30","臺中市","北屯區","0","0","8","","","50","","","","","","","","","","","","","","","","","","","","B03","","","1","","2","","","23","","1","22","","B03","24.195154","120.682461","3"
"2019","3","16","9","31","臺中市","石岡區","0","0","8","1","5","45","4","1","1","5","4","5","7","2","1","4","1","5","1","13","23","3","10","3","1","B03","7","5","1","8","2","1","","23","23","1","22","8","B03","24.272914","120.7911","3"
"2019","3","16","9","40","臺中市","南屯區","0","1","8","1","5","50","4","18","1","5","4","5","7","2","1","10","5","5","2","3","15","3","10","1","1","B03","7","5","1","8","2","1","","15","15","1","22","9","B03","24.14699","120.646988","2"
"2019","3","16","9","50","臺中市","神岡區","0","0","8","","","50","","","","","","","","","","","","","","","","","","","","A02","","","1","","2","","","19","","1","10","","A02","24.258096","120.66305","3"
"2019","3","16","10","0","臺中市","大甲區","0","0","8","","","40","","","","","","","","","","","","","","","9","","","","","B03","","","1","","2","","","9","9","1","22","","B03","24.349567","120.626469","3"
"2019","3","16","10","2","臺中市","大肚區","0","1","8","1","5","50","3","2","1","5","4","5","7","4","4","5","5","5","1","13","23","3","10","1","1","C03","7","9","1","10","2","11","","23","23","1","21","8","C03","24.182531","120.5842","2"
"2019","3","16","10","26","臺中市","北屯區","0","0","8","","","50","","","","","","","","","","","","","","","","","","","","B03","","","1","","2","","","23","","1","5","","B03","24.181304","120.721748","3"
"2019","3","16","10","42","臺中市","西屯區","0","1","8","1","5","50","4","1","1","5","4","5","7","1","1","10","5","5","2","13","23","2","9","1","1","C03","7","9","1","10","2","11","","23","23","1","21","8","C03","24.186646","120.61446","2"
"2019","3","16","10","42","臺中市","梧棲區","0","1","8","1","5","50","4","1","1","5","4","5","7","1","1","10","5","5","2","16","25","3","10","1","1","B03","7","5","1","8","2","6","","25","25","1","2","9","B03","24.257746","120.539685","2"
"2019","3","16","10","45","臺中市","沙鹿區","0","1","","","","","","","","","","","","","","","","","","","","","","","","C03","","","","","","","","","","1","","","C03","","","2"
"2019","3","16","10","45","臺中市","和平區","0","0","","1","2","30","15","9","1","5","4","5","7","4","4","10","5","5","1","13","16","3","10","1","1","C03","7","9","1","10","2","11","","16","16","1","22","6","C03","24.3804","121.34345","3"
"2019","3","16","10","47","臺中市","西屯區","0","0","8","","","50","","","","","","","","","","","","","","","","","","","","B03","","","1","","2","","","19","","1","22","","B03","24.185501","120.616193","3"
"2019","3","16","10","55","臺中市","北屯區","0","2","8","1","5","50","4","1","1","5","4","5","7","4","4","10","5","5","2","16","6","2","9","1","1","C03","7","9","1","10","2","11","","6","6","1","21","8","C03","24.166376","120.698669","2"
"2019","3","16","10","57","臺中市","西屯區","0","0","8","","","40","","","","","","","","","","","","","","","","","","","","B03","","","1","","2","","","23","","1","","","B03","24.164483","120.63855","3"
"2019","3","16","10","58","臺中市","烏日區","0","0","8","","","60","","","","","","","","","","","","","","","","","","","","B01","","","1","","2","","","23","","1","21","","B01","24.106491","120.622776","3"
"2019","3","16","11","11","臺中市","西屯區","0","0","8","","","40","","","","","","","","","","","","","","","","","","","","B03","","","1","","2","","","23","","1","22","","B03","24.1633","120.629471","3"
"2019","3","16","11","15","臺中市","大肚區","","","8","","","50","","","","","","","","","","","","","","","","","","","","B03","","","1","","2","","","16","","1","21","","B03","24.121153","120.570433","3"
"2019","3","16","11","26","臺中市","南區","0","3","8","1","5","50","4","1","1","5","4","5","6","4","4","10","5","5","2","15","6","2","8","1","1","B03","7","9","1","8","2","5","","6","6","1","22","9","B03","24.118723","120.664318","2"
"2019","3","16","11","37","臺中市","西區","0","1","8","1","5","50","4","1","1","5","4","5","7","2","1","10","5","5","2","16","26","3","10","1","1","B03","7","5","1","8","2","2","","26","26","1","22","9","B03","24.138031","120.674991","2"
"2019","3","16","11","43","臺中市","大雅區","0","0","8","","","50","","","","","","","","","","","","","","","","","","","","B03","","","1","","2","","","23","","1","","","B03","24.220122","120.615246","3"
"2019","3","16","11","45","臺中市","大雅區","0","1","8","1","5","50","3","1","1","5","4","5","7","4","4","5","5","5","1","16","6","2","8","1","1","C03","7","9","1","10","2","11","","23","6","1","21","8","C03","24.223982","120.647663","2"
"2019","3","16","11","46","臺中市","西屯區","0","0","8","","","50","","","","","","","","","","","","","","","","","","","","F01","","","8","","2","","","4","","1","22","","F01","24.17335","120.64749","3"
"2019","3","16","11","46","臺中市","沙鹿區","0","1","8","1","5","50","14","9","1","5","4","5","7","4","4","5","5","5","2","16","19","3","10","1","1","B12","7","1","1","8","2","7","","19","19","2","10","5","B12","24.239486","120.559256","2"
"2019","3","16","11","53","臺中市","北屯區","0","2","8","1","5","50","3","2","1","5","4","5","7","4","4","10","5","5","2","12","23","2","9","1","1","C03","7","9","1","10","2","11","12","23","23","1","5","8","C03","24.170904","120.696638","2"
"2019","3","16","12","7","臺中市","豐原區","0","0","8","1","2","50","14","9","1","5","4","5","7","4","4","1","3","5","1","12","7","3","10","1","1","B03","7","7","1","8","2","8","","7","7","1","21","9","B03","24.268502","120.749694","3"
"2019","3","16","12","12","臺中市","南屯區","0","0","8","","","50","","","","","","","","","","","","","","","","","","","","B03","","","1","","2","","","16","","1","22","","B03","24.137909","120.646979","3"
"2019","3","16","12","12","臺中市","西屯區","0","1","7","1","5","50","14","7","1","5","4","5","7","4","4","9","4","4","2","12","23","3","10","1","1","B03","7","9","1","8","2","5","","23","23","1","21","8","B03","24.173918","120.640335","2"
"2019","3","16","12","13","臺中市","烏日區","0","0","8","","","30","","","","","","","","","","","","","","","","","","","","B01","","","1","","2","","","16","","1","10","","B01","24.113232","120.618842","3"
"2019","3","16","12","14","臺中市","西區","0","1","8","1","5","50","4","1","1","5","4","5","7","4","4","10","5","5","2","17","43","2","8","3","4","C03","7","9","1","10","2","14","","43","43","1","21","8","C03","24.141037","120.679522","2"
"2019","3","16","12","15","臺中市","清水區","0","0","8","","","50","","","","","","","","","","","","","1","","6","","","","","B03","","","1","","2","","","6","6","1","","","B03","24.269083","120.556438","3"
"2019","3","16","12","24","臺中市","北屯區","0","0","8","","","50","","","","","","","","","","","","","","","","","","","","B11","","","1","","2","","","12","","1","21","","B11","24.188099","120.661503","3"
"2019","3","16","12","26","臺中市","南屯區","0","1","8","1","5","50","4","1","1","5","4","5","7","1","1","10","5","5","2","16","6","3","10","1","1","B03","7","5","1","8","2","2","","6","6","1","22","8","B03","24.150876","120.650612","2"
"2019","3","16","12","30","臺中市","北區","0","0","8","","","50","","","","","","","","","","","","","","","","","","","","B03","","","1","","2","","","26","","1","","","B03","24.149242","120.687317","3"
"2019","3","16","12","31","臺中市","北屯區","0","0","8","","","50","","","","","","","","","","","","","","","","","","","","B03","","","1","","2","","","12","","1","22","","B03","24.164488","120.712653","3"
"2019","3","16","12","33","臺中市","太平區","0","0","8","","","50","","","","","","","","","","","","","","","","","","","","B03","","","1","","2","","","23","","1","9","","B03","24.146362","120.712955","3"
"2019","3","16","12","38","臺中市","北屯區","0","0","8","","","40","","","","","","","","","","","","","","","","","","","","B12","","","1","","2","","","6","","1","4","","B12","24.174368","120.714031","3"
"2019","3","16","12","38","臺中市","北屯區","0","2","8","1","5","50","14","9","1","5","4","5","7","4","4","5","5","5","2","16","26","2","9","1","1","C03","7","9","1","10","2","12","","26","26","1","21","8","C03","24.174583","120.67089","2"
"2019","3","16","12","48","臺中市","北屯區","0","1","8","1","5","50","14","7","1","5","4","5","7","4","4","1","2","4","2","17","7","3","10","1","1","C03","7","7","1","10","2","11","12","7","7","1","5","8","C03","24.177647","120.685783","2"
"2019","3","16","12","58","臺中市","太平區","0","1","8","1","5","50","4","1","1","5","4","5","7","1","1","10","5","5","2","16","6","3","10","1","1","B03","7","6","1","8","2","2","","6","6","1","21","8","B03","24.148791","120.715914","2"
"2019","3","16","13","0","臺中市","霧峰區","0","1","8","1","5","30","11","9","1","5","4","5","7","4","4","5","2","5","1","20","23","2","9","1","1","C03","7","9","1","10","2","12","","23","23","1","22","9","C03","24.110443","120.685382","2"
"2019","3","16","13","0","臺中市","大里區","0","2","8","1","5","40","14","9","1","5","4","5","7","4","4","10","4","5","1","16","6","2","5","1","1","C03","7","5","1","10","2","14","","6","6","1","5","8","C03","24.103975","120.664801","2"
"2019","3","16","13","16","臺中市","西屯區","0","0","8","","","50","","","","","","","","","","","","","","","","","","","","B03","","","1","","2","","","43","","1","22","","B03","24.170076","120.636045","3"
"2019","3","16","13","22","臺中市","西屯區","0","0","8","1","5","60","14","7","1","5","4","5","7","4","4","1","3","1","1","13","","","","","","B03","","","1","","2","","","16","","1","22","","B03","24.174526","120.634193","3"
"2019","3","16","13","33","臺中市","北區","0","0","8","","","50","","","","","","","","","","","","","","","23","3","","","","C03","","","1","10","2","12","14","23","23","","21","","C03","24.148736","120.683572","3"
"2019","3","16","13","35","臺中市","西區","0","1","8","1","5","50","4","1","1","5","4","5","7","4","4","10","5","5","2","15","6","3","10","1","1","B02","7","9","1","8","2","8","","6","6","1","22","9","B02","24.146431","120.676435","2"
"2019","3","16","13","44","臺中市","西區","0","1","8","1","5","50","14","9","1","5","4","5","7","4","4","5","5","5","2","12","26","3","10","1","1","B03","7","9","1","8","2","5","","26","26","1","21","8","B03","24.161092","120.660027","2"
"2019","3","16","13","50","臺中市","北屯區","0","0","8","","","40","","","","","","","","","","","","","","","","","","","","B03","","","1","","2","","","16","","1","5","","B03","24.162243","120.719323","3"
"2019","3","16","13","52","臺中市","北屯區","0","0","8","","","40","","","","","","","","","","","","","","","","","","","","B12","","","1","","2","","","12","","1","21","","B12","24.173601","120.681863","3"
"2019","3","16","14","4","臺中市","北屯區","0","0","8","","","50","","","","","","","","","","","","","","","","","","","","B03","","","1","","2","","","1","","1","5","","B03","24.165751","120.694554","3"
"2019","3","16","14","4","臺中市","潭子區","0","0","8","1","5","50","14","2","1","5","4","5","7","1","1","5","5","5","1","13","","","","","","B12","","","1","","2","","","23","","1","22","","B12","24.215787","120.686059","3"
"2019","3","16","14","10","臺中市","北屯區","0","1","8","1","5","50","3","1","1","5","4","5","7","4","4","10","5","5","2","16","6","3","10","1","1","B03","7","6","1","8","2","2","","6","6","1","21","8","B03","24.179605","120.671373","2"
"2019","3","16","14","15","臺中市","龍井區","0","0","","","","","","","","","","","","","","","","","","","","","","","","B12","","","1","","2","","","23","","1","22","","B12","24.181151","120.593325","3"
"2019","3","16","14","19","臺中市","北屯區","0","0","8","","","50","","","","","","","","","","","","","","","","","","","","B03","","","1","","2","","","12","","1","22","","B03","24.182891","120.698207","3"
"2019","3","16","14","20","臺中市","東區","0","0","8","","","40","","","","","","","","","","","","","","","16","","","","","C03","","","1","","2","","","16","16","1","","","C03","24.136561","120.688116","3"
"2019","3","16","14","20","臺中市","南屯區","0","0","8","","","50","","","","","","","","","","","","","","","","","","","","B03","","","1","","2","","","23","","1","22","","B03","24.146435","120.637395","3"
"2019","3","16","14","21","臺中市","西區","0","0","8","","","50","","","","","","","","","","","","","","","","","","","","B03","","","1","","2","","","16","","1","21","","B03","24.156034","120.661742","3"
"2019","3","16","14","22","臺中市","大雅區","0","1","7","1","5","50","14","8","1","5","4","5","7","4","4","1","4","5","1","16","6","3","10","1","1","B03","7","6","1","8","2","5","","6","6","1","22","9","B03","24.227395","120.613322","2"
"2019","3","16","14","35","臺中市","西屯區","0","0","8","","","50","","","","","","","","","","","","","","","7","","","","","B03","","","1","","2","","","7","7","1","","","B03","24.185416","120.62141","3"
"2019","3","16","14","35","臺中市","梧棲區","0","0","8","","","50","","","","","","","","","","","","","","","","","","","","B03","","","1","","2","","","16","","1","","","B03","24.2232","120.524611","4"
"2019","3","16","14","40","臺中市","中區","0","0","8","","","50","","","","","","","","","","","","","","","43","","","","","","","","","","","","","43","43","","","","","24.14134","120.67827","3"
"2019","3","16","14","49","臺中市","西屯區","0","0","8","1","5","60","14","7","1","5","4","5","7","4","4","1","3","1","1","13","","","","","","B03","","","1","","2","","","23","","1","22","","B03","24.168221","120.640231","3"
"2019","3","16","14","51","臺中市","中區","0","1","8","1","5","50","14","9","1","5","4","5","7","4","4","10","4","5","2","17","7","3","10","1","1","B03","7","8","1","8","2","5","","7","7","1","21","9","B03","24.144388","120.678801","2"
"2019","3","16","14","56","臺中市","烏日區","0","0","8","","","40","","","","","","","","","","","","","","","","","","","","A41","","","1","","2","","","42","","2","21","","A41","24.119175","120.607326","3"
"2019","3","16","15","3","臺中市","西屯區","0","0","8","","","40","","","","","","","","","","","","","","","","","","","","B03","","","1","","2","","","23","","1","22","","B03","24.19766","120.634715","3"
"2019","3","16","15","3","臺中市","大里區","0","0","8","","","40","","","","","","","","","","","","","","","","","","","","C03","","","1","","2","","","23","","1","4","","C03","24.111618","120.69704","3"
"2019","3","16","15","5","臺中市","北屯區","0","0","8","","","50","","","","","","","","","","","","","","","","","","","","B01","","","1","","2","","","7","","1","21","","B01","24.183576","120.665264","3"
"2019","3","16","15","20","臺中市","大雅區","0","0","8","","","50","","","","","","","","","","","","","","","","","","","","B11","","","1","","2","","","40","","1","22","","B11","24.2219","120.653582","3"
"2019","3","16","15","27","臺中市","西區","0","1","8","1","5","50","14","7","1","5","4","5","7","4","4","1","4","4","2","13","23","2","8","1","1","C03","7","9","1","10","2","11","","23","23","1","5","1","C03","24.144168","120.669936","2"
"2019","3","16","15","36","臺中市","潭子區","0","0","8","1","5","50","14","9","1","5","4","5","7","4","4","10","5","4","2","13","","","","","","B03","","","1","","2","","","23","","1","22","","B03","24.200646","120.713458","3"
"2019","3","16","15","42","臺中市","北屯區","0","0","8","","","40","","","","","","","","","","","","","","","","","","","","B03","","","1","","2","","","23","","1","5","","B03","24.175826","120.67058","3"
"2019","3","16","15","45","臺中市","北屯區","0","0","8","","","40","","","","","","","","","","","","","","","","","","","","B03","","","1","","2","","","26","","1","4","","B03","24.200653","120.683465","3"
"2019","3","16","15","47","臺中市","西屯區","0","0","8","","","40","","","","","","","","","","","","","","","","","","","","B03","","","1","","2","","","23","","1","22","","B03","24.159999","120.656964","3"
"2019","3","16","15","49","臺中市","清水區","0","0","8","","","70","","","","","","","","","","","","","","","","","","","","B03","","","1","","2","","","16","","","","","B03","24.295228","120.556318","3"
"2019","3","16","15","50","臺中市","西屯區","0","1","8","1","5","50","3","1","1","5","4","5","7","4","4","10","3","5","1","16","6","3","10","1","1","B01","7","5","1","8","2","8","","6","6","1","10","8","B01","24.181338","120.639503","2"
"2019","3","16","15","50","臺中市","東勢區","0","0","8","","","50","","","","","","","","","","","","","","","","","","","","B03","","","1","","2","","","23","","1","22","","B03","24.260125","120.828098","3"
"2019","3","16","15","56","臺中市","西屯區","0","0","8","","","50","","","","","","","","","","","","","","","","","","","","B12","","","1","","2","","","12","","1","22","","B12","24.171852","120.662232","4"
"2019","3","16","15","57","臺中市","新社區","0","0","8","1","5","60","4","9","1","5","4","5","7","2","1","4","3","5","1","15","16","3","10","1","1","B01","7","5","1","4","2","2","","16","16","1","22","8","B01","24.219431","120.792478","3"
"2019","3","16","15","59","臺中市","沙鹿區","0","0","8","","","50","","","","","","","","","","","","","","","","","","","","B03","","","1","","2","","","16","","","4","","B03","24.238427","120.62072","3"
"2019","3","16","16","0","臺中市","西屯區","0","0","8","","","60","","","","","","","","","","","","","","","7","","","","","B03","","","1","","2","","","7","7","1","","","B03","24.16115","120.652023","3"
"2019","3","16","16","0","臺中市","神岡區","0","0","8","","","40","","","","","","","","","","","","","","","","","","","","B03","","","1","","2","","","17","","1","21","","B03","24.242143","120.680139","3"
"2019","3","16","16","10","臺中市","北屯區","0","0","8","","","50","","","","","","","","","","","","","","","42","","","","","B03","","","3","","2","","","42","42","1","21","","B03","24.189564","120.659596","3"
"2019","3","16","16","23","臺中市","烏日區","0","2","8","1","5","50","4","1","1","5","4","5","7","1","1","10","5","5","2","16","4","2","8","1","1","C03","7","9","1","10","2","11","","4","4","1","18","8","C03","24.120947","120.607659","2"
"2019","3","16","16","29","臺中市","北區","0","0","8","","","50","","","","","","","","","","","","","","","","","","","","B03","","","1","","2","","","23","","1","19","","B03","24.146593","120.674479","3"
"2019","3","16","16","30","臺中市","北屯區","0","2","8","1","5","50","4","1","1","5","4","5","7","1","1","10","5","5","2","16","43","2","8","1","1","C03","7","9","1","10","2","12","","43","43","1","22","8","C03","24.164915","120.694122","2"
"2019","3","16","16","39","臺中市","南區","0","0","","","","","","","","","","","","","","","","","","","","","","","","C03","","","3","","2","","","23","","1","","","C03","24.128736","120.660141","3"
"2019","3","16","16","40","臺中市","神岡區","0","0","8","","","50","","","","","","","","","","","","","","","9","","","","","B03","","","1","","2","","","9","9","1","21","","B03","24.257482","120.668084","3"
"2019","3","16","16","48","臺中市","北屯區","0","2","8","1","5","50","14","9","1","5","4","5","7","4","4","5","5","5","2","3","51","2","9","4","5","H01","8","18","8","20","10","16","","51","51","1","17","8","H01","24.190536","120.685838","2"
"2019","3","16","16","49","臺中市","西屯區","0","0","8","","","40","","","","","","","","","","","","","","","","","","","","B03","","","1","","2","","","12","","1","22","","B03","24.186855","120.618289","3"
"2019","3","16","16","51","臺中市","北屯區","0","0","8","","","50","","","","","","","","","","","","","","","7","","","","","B03","","","1","","2","","","7","7","1","5","","B03","24.200743","120.683601","3"
"2019","3","16","16","57","臺中市","石岡區","0","2","7","1","5","70","3","2","1","5","4","5","7","1","1","1","4","4","1","13","23","2","9","1","1","C03","7","5","2","18","2","11","","23","23","1","22","8","C03","24.277305","120.764004","2"
"2019","3","16","17","0","臺中市","北屯區","0","1","8","1","5","50","4","7","1","5","4","5","7","1","1","5","4","5","2","11","26","2","1","1","1","B03","7","6","1","8","2","7","","26","26","1","4","8","B03","24.171213","120.691318","2"
"2019","3","16","17","4","臺中市","中區","0","1","8","1","5","50","4","1","1","5","4","5","7","4","4","10","5","5","2","13","23","3","10","1","1","C03","7","9","1","10","2","11","","23","23","1","21","8","C03","24.14477","120.677119","2"
"2019","3","16","17","5","臺中市","西區","0","0","8","","","50","","","","","","","","","","","","","","","","","","","","A02","","","1","","2","","","23","","1","10","","A02","24.140118","120.682188","3"
"2019","3","16","17","5","臺中市","烏日區","0","1","8","1","5","70","14","7","1","5","4","5","7","4","4","1","4","4","1","12","42","2","3","1","4","C03","7","7","3","18","2","14","","42","42","1","22","8","C03","24.107226","120.612853","2"
"2019","3","16","17","6","臺中市","龍井區","0","1","8","1","5","40","4","1","1","5","4","5","7","4","4","10","5","5","2","15","6","2","9","1","1","C03","7","9","1","10","2","11","","6","6","1","19","8","C03","24.217728","120.546601","2"
"2019","3","16","17","13","臺中市","南區","0","1","8","1","5","50","4","4","1","5","4","5","7","1","1","10","5","5","2","13","23","2","7","1","1","C03","7","9","1","10","2","12","","23","23","1","21","8","C03","24.129586","120.671656","2"
"2019","3","16","17","20","臺中市","沙鹿區","0","1","8","1","5","50","5","2","1","5","4","5","7","1","1","1","4","4","1","14","12","3","10","1","1","B03","7","2","1","8","2","3","","12","12","1","4","8","B03","24.210713","120.572906","2"
"2019","3","16","17","20","臺中市","潭子區","0","0","8","1","5","50","14","7","1","5","4","5","7","4","4","1","4","4","1","13","42","3","10","1","1","C03","7","9","4","7","2","11","","23","42","1","22","9","C03","24.216336","120.699522","3"
"2019","3","16","17","25","臺中市","烏日區","0","0","8","","","60","","","","","","","","","","","","","","","","","","","","B03","","","1","","2","","","17","","1","21","","B03","24.107896","120.638326","3"
"2019","3","16","17","30","臺中市","東勢區","0","1","8","1","5","50","5","1","1","5","4","5","7","1","1","4","3","4","1","18","23","2","9","1","1","C03","7","5","1","10","2","14","","23","23","1","22","9","C03","24.264655","120.825985","2"
"2019","3","16","17","37","臺中市","太平區","0","1","8","2","5","50","3","1","1","5","4","5","7","4","4","10","5","5","2","16","6","3","10","3","4","B03","7","5","1","8","2","6","","6","6","1","4","8","B03","24.147822","120.733967","2"
"2019","3","16","17","38","臺中市","東區","0","0","8","","","50","","","","","","","","","","","","","","","43","","","","","","","","7","","11","","","43","43","1","","","","24.136159","120.686884","3"
"2019","3","16","17","44","臺中市","太平區","0","1","8","2","5","40","14","9","1","5","4","5","7","4","4","5","5","5","1","17","42","3","10","1","1","A12","7","9","1","8","2","3","","42","42","1","21","8","A12","24.128479","120.746398","2"
"2019","3","16","17","46","臺中市","西屯區","0","1","8","1","5","50","3","2","1","5","4","5","7","4","4","5","5","5","2","14","12","3","10","3","4","B03","7","2","1","8","2","3","","12","12","1","22","8","B03","24.171943","120.648433","2"
"2019","3","16","17","56","臺中市","新社區","0","1","8","1","5","50","3","1","1","5","4","5","7","4","4","10","5","5","2","16","6","3","10","1","1","B03","7","5","1","8","2","1","","6","6","1","22","8","B03","24.248973","120.80926","2"
"2019","3","16","17","57","臺中市","烏日區","0","1","8","3","5","50","14","9","1","5","4","5","7","4","4","5","4","5","1","18","43","2","9","1","1","C03","7","9","1","10","2","12","","43","43","1","21","8","C03","24.093977","120.642244","2"
"2019","3","16","18","10","臺中市","北屯區","0","1","8","3","5","50","4","1","1","5","4","5","7","1","1","10","5","5","2","16","6","3","10","1","1","B03","7","6","1","8","2","8","","6","6","1","22","1","B03","24.175048","120.671072","2"
"2019","3","16","18","10","臺中市","烏日區","0","3","8","3","5","60","14","8","1","5","4","5","7","4","4","2","4","4","1","13","16","2","9","1","1","C03","7","9","1","10","2","11","","16","16","1","18","8","C03","24.112376","120.585515","2"
"2019","3","16","18","12","臺中市","西屯區","0","1","8","3","5","50","3","1","1","5","4","5","7","4","4","4","3","4","1","16","23","2","7","1","1","C02","7","9","1","9","2","12","","23","23","1","4","8","C02","24.174115","120.644628","2"