"年","月","日","時","分","縣市","區","死","受傷","天候","光線","道路類別","速限","道路型態","事故位置","路面鋪裝","路面狀態","路面缺陷","障礙物","視距","號誌種類","號誌動作","分向設施","快車道或一般車道間","快慢車道間","路面邊線","事故類型及型態","主要肇因","受傷程度","主要傷處","保護裝備","行動電話","當事者區分","車輛用途","當事者行動狀態","駕駛資格情形","駕駛執照種類","飲酒情形","車輛撞擊部位最初","車輛撞擊部位其他","肇事因素個別","肇事因素主要","肇事逃逸","職業","旅次目的","車種","GPS座標緯度","GPS座標經度","事故類別"
"2019","3","16","18","17","臺中市","南區","0","0","8","","","40","","","","","","","","","","","","","","","43","3","","","","B12","","","1","","2","","","43","43","","5","","B12","24.128657","120.678662","3"
"2019","3","16","18","17","臺中市","北屯區","0","1","8","3","5","50","14","12","1","5","4","5","7","4","4","3","4","4","2","16","26","3","10","1","1","B03","7","11","1","8","2","6","","26","26","1","21","8","B03","24.163071","120.693216","2"
"2019","3","16","18","20","臺中市","豐原區","0","0","8","","","40","","","","","","","","","","","","","","","","","","","","B03","","","1","","2","","","17","","1","12","","B03","24.274181","120.740108","3"
"2019","3","16","18","22","臺中市","大里區","0","1","8","3","5","50","14","9","1","5","4","5","7","4","4","5","4","5","1","12","10","3","10","1","1","B03","7","11","1","8","2","8","","10","10","1","22","5","B03","24.104698","120.674811","2"
"2019","3","16","18","25","臺中市","西屯區","0","0","8","","","50","","","","","","","","","","","","","","","","","","","","B12","","","1","","2","","","23","","1","22","","B12","24.182488","120.634015","3"
"2019","3","16","18","27","臺中市","西區","0","1","8","3","5","50","14","8","1","5","4","5","7","4","4","5","5","4","2","16","26","3","10","1","1","C03","7","5","1","10","2","12","","26","26","1","21","8","C03","24.151824","120.655064","2"
"2019","3","16","18","28","臺中市","霧峰區","0","0","8","","","50","","","","","","","","","","","","","","","","","","","","C03","","","1","","2","","","17","","1","18","","C03","24.067354","120.698937","3"
"2019","3","16","18","30","臺中市","太平區","0","3","8","3","5","50","14","9","1","5","4","5","7","4","4","5","4","5","2","11","23","3","10","1","1","B12","7","9","1","8","2","1","","23","23","1","21","8","B12","24.129262","120.706957","2"
"2019","3","16","18","30","臺中市","沙鹿區","0","0","8","","","70","","","","","","","","","","","","","","","23","","","","","B03","","","1","","2","","","23","23","","","","B03","24.247385","120.606028","3"
"2019","3","16","18","35","臺中市","西屯區","0","1","8","3","5","40","3","1","1","5","4","5","7","4","4","10","5","5","2","18","42","2","9","1","1","C03","7","9","1","10","2","14","","42","42","1","21","8","C03","24.183553","120.615111","2"
"2019","3","16","18","35","臺中市","沙鹿區","0","1","8","3","5","40","3","1","1","5","4","5","7","2","1","10","5","5","2","16","25","2","9","1","1","C03","7","9","1","10","2","11","","25","25","1","19","5","C03","24.217271","120.570453","2"
"2019","3","16","18","40","臺中市","西屯區","0","0","8","","","50","","","","","","","","","","","","","","","","","","","","A05","","","1","","2","","","26","","1","","","A05","24.183765","120.645454","3"
"2019","3","16","18","40","臺中市","大肚區","0","1","8","3","5","50","14","9","1","5","4","5","7","4","4","5","4","5","1","13","23","2","8","1","1","C03","7","9","3","18","2","11","","23","23","1","22","8","C03","24.173398","120.580533","2"
"2019","3","16","18","41","臺中市","南區","0","1","8","3","5","40","4","1","1","5","4","5","7","4","4","10","5","5","2","16","6","2","9","1","1","C03","7","5","1","9","2","11","","6","6","1","21","8","C03","24.1281","120.662377","2"
"2019","3","16","18","42","臺中市","霧峰區","0","1","8","3","5","50","4","1","1","5","4","5","7","4","4","10","5","5","2","15","6","2","9","1","1","C03","7","9","1","10","2","12","","6","6","1","21","9","C03","24.05976","120.695586","2"
"2019","3","16","18","46","臺中市","西屯區","0","0","8","","","40","","","","","","","","","","","","","","","","","","","","B03","","","1","","2","","","17","","1","22","","B03","24.177318","120.640921","3"
"2019","3","16","18","47","臺中市","南區","0","1","8","1","5","50","3","1","1","1","4","5","7","4","4","10","5","5","2","17","23","2","9","1","1","C03","7","2","1","10","2","14","","6","23","1","21","8","C03","24.124533","120.657175","2"
"2019","3","16","18","52","臺中市","大里區","0","0","8","","","40","","","","","","","","","","","","","","","","","","","","B03","","","1","","2","","","17","","1","4","","B03","24.111618","120.69704","3"
"2019","3","16","18","55","臺中市","東區","0","0","8","","","50","","","","","","","","","","","","","","","","3","","","","B03","","","1","","2","","","23","","2","21","","B03","24.140041","120.690988","3"
"2019","3","16","19","3","臺中市","沙鹿區","0","0","8","","","50","","","","","","","","","","","","","","","","","","","","C03","","","1","","2","","","10","","1","4","","C03","24.226926","120.57513","3"
"2019","3","16","19","33","臺中市","沙鹿區","0","1","8","3","5","40","3","9","1","5","4","5","7","4","4","10","5","5","1","29","23","2","9","1","1","C03","7","9","3","18","8","12","","23","23","1","22","8","C03","24.250651","120.56926","2"
"2019","3","16","19","46","臺中市","太平區","0","1","8","3","5","50","14","9","1","5","4","5","7","4","4","5","5","5","1","18","23","2","9","1","1","C03","7","9","1","10","2","14","","23","23","1","6","8","C03","24.127362","120.715873","2"
"2019","3","16","20","0","臺中市","大雅區","0","4","8","3","5","50","3","1","1","5","4","5","7","3","1","10","5","5","2","12","8","2","9","1","1","C03","7","5","1","10","2","13","","8","8","1","22","9","C03","24.230534","120.656989","2"
"2019","3","16","20","5","臺中市","南區","0","0","8","3","5","50","4","1","1","5","4","5","7","1","1","10","5","5","2","12","","","","","","C03","","","1","","2","","","1","","1","","","C03","24.119475","120.671905","4"
"2019","3","16","20","10","臺中市","大雅區","0","1","8","4","5","40","3","2","1","5","4","5","7","4","4","10","5","5","2","18","23","2","9","1","1","C03","7","9","1","10","2","14","","23","23","1","22","9","C03","24.226164","120.652107","2"
"2019","3","16","20","12","臺中市","西屯區","0","0","8","","","50","","","","","","","","","","","","","","","","","","","","B03","","","1","","2","","","8","","1","22","","B03","24.201494","120.644175","3"
"2019","3","16","20","18","臺中市","大里區","0","1","8","3","5","40","4","1","1","5","4","5","7","1","1","5","4","5","1","11","8","3","10","1","1","B03","7","5","1","8","2","1","","8","8","1","22","8","B03","24.082381","120.709015","2"
"2019","3","16","20","33","臺中市","北屯區","0","0","8","","","50","","","","","","","","","","","","","","","25","","","","","B03","","","1","","2","","","25","25","1","5","","B03","24.193386","120.67108","3"
"2019","3","16","20","33","臺中市","后里區","0","1","8","4","5","50","4","1","1","5","4","5","7","4","4","10","5","5","2","16","6","2","9","1","4","C03","7","9","1","10","2","11","","23","6","1","22","8","C03","24.298083","120.703875","2"
"2019","3","16","20","34","臺中市","北區","0","0","8","","","50","","","","","","","","","","","","","","","","","","","","B03","","","1","","2","","","17","","1","21","","B03","24.146234","120.686195","3"
"2019","3","16","20","46","臺中市","北屯區","0","0","8","","","50","","","","","","","","","","","","","","","","","","","","B03","","","1","","2","","","12","","1","4","","B03","24.170745","120.681375","3"
"2019","3","16","20","48","臺中市","北屯區","0","1","8","3","5","50","4","1","1","5","4","5","7","1","1","10","5","5","2","16","23","3","10","1","1","C03","7","9","1","10","2","11","","23","23","1","21","8","C03","24.178327","120.671709","2"
"2019","3","16","20","51","臺中市","大里區","0","1","8","3","5","50","14","9","1","5","4","5","7","1","1","5","1","5","1","12","7","2","7","1","1","C03","7","8","1","10","2","11","","7","7","1","22","5","C03","24.090736","120.692548","2"
"2019","3","16","20","56","臺中市","大雅區","0","2","8","3","5","50","4","1","1","5","4","5","7","1","1","10","5","5","2","11","6","3","10","1","1","B03","7","5","1","8","2","8","","6","6","1","22","9","B03","24.219145","120.653332","2"
"2019","3","16","21","0","臺中市","東區","0","0","8","","","50","","","","","","","","","","","","","","","42","","","","","B03","","","1","8","2","","","42","42","1","","","B03","24.132826","120.69918","3"
"2019","3","16","21","2","臺中市","南區","0","0","8","","","50","","","","","","","","","","","","","","","23","3","","","","B03","","","1","","2","","","23","23","","5","","B03","24.13425","120.682636","3"
"2019","3","16","21","5","臺中市","西屯區","0","0","8","","","50","","","","","","","","","","","","","","","","","","","","B03","","","1","","2","","","16","","1","22","","B03","24.167495","120.653338","3"
"2019","3","16","21","32","臺中市","南區","0","0","","","","","","","","","","","","","","","","","","","18","","","","","B03","","","1","","2","","","18","18","1","","","B03","24.115466","120.666833","3"
"2019","3","16","21","40","臺中市","西區","0","1","8","3","5","50","4","1","1","5","4","5","7","4","4","10","5","5","2","15","6","2","4","1","1","C03","7","9","1","10","2","11","","6","6","1","5","1","C03","24.152326","120.653863","2"
"2019","3","16","21","43","臺中市","南屯區","0","0","8","","","50","","","","","","","","","","","","","","","","","","","","B03","","","1","","2","","","26","","1","22","","B03","24.146791","120.64988","3"
"2019","3","16","21","52","臺中市","大里區","0","1","8","3","5","40","3","1","1","5","4","5","7","1","1","10","5","5","2","16","23","3","10","3","4","B03","7","5","1","8","2","5","","23","23","1","3","8","B03","24.083226","120.664445","2"
"2019","3","16","21","57","臺中市","北屯區","0","1","8","3","5","40","4","1","1","5","4","5","7","1","1","10","5","5","2","16","25","3","10","1","1","C03","7","9","1","10","2","13","","25","25","1","21","8","C03","24.167465","120.695559","2"
"2019","3","16","22","0","臺中市","霧峰區","0","1","8","3","5","40","4","1","1","5","4","5","7","4","4","10","5","5","2","15","6","2","9","1","1","C03","7","9","1","9","2","12","","6","6","1","18","5","C03","24.078295","120.713291","2"
"2019","3","16","22","0","臺中市","烏日區","0","0","8","","","40","","","","","","","","","","","","","","","","","","","","C03","","","1","","2","","","26","","1","22","","C03","24.104892","120.65163","3"
"2019","3","16","22","10","臺中市","北屯區","0","2","8","3","5","50","4","2","1","5","4","5","7","1","1","5","5","4","2","13","23","2","9","1","1","C03","7","14","1","10","2","13","","44","23","1","18","8","C03","24.169465","120.704822","2"
"2019","3","16","22","10","臺中市","大里區","0","3","8","3","5","50","3","1","1","5","4","5","7","4","4","10","5","5","1","13","23","2","8","1","1","C03","7","9","1","10","2","11","","23","23","2","4","8","C03","24.088764","120.701022","2"
"2019","3","16","22","10","臺中市","沙鹿區","0","0","8","","","50","","","","","","","","","","","","","","","23","","","","","B03","","","1","","2","","","23","23","","","","B03","24.214119","120.57578","3"
"2019","3","16","22","11","臺中市","烏日區","0","1","8","3","5","70","15","7","1","5","4","5","7","4","4","1","4","5","1","16","26","2","8","1","1","C03","7","9","1","10","2","12","","26","26","1","22","8","C03","24.113162","120.587979","2"
"2019","3","16","22","30","臺中市","大肚區","0","0","8","","","40","","","","","","","","","","","","","","","","","","","","B03","","","1","","2","","","23","","1","","","B03","24.131586","120.556158","3"
"2019","3","16","22","33","臺中市","西屯區","0","0","8","","","50","","","","","","","","","","","","","","","7","","","","","B03","","","1","","2","","","7","7","1","4","","B03","24.17236","120.663283","3"
"2019","3","16","22","46","臺中市","西屯區","0","2","8","3","5","50","4","1","1","5","4","5","7","3","1","10","5","5","2","16","6","2","9","1","1","C03","7","5","1","10","2","14","12","6","6","1","22","8","C03","24.19111","120.616356","2"
"2019","3","16","23","30","臺中市","西屯區","0","1","8","3","5","50","5","1","1","5","4","5","7","3","1","10","5","5","2","16","6","3","10","1","1","C03","7","5","1","10","2","14","","6","6","1","22","8","C03","24.176001","120.661965","2"
"2019","3","16","23","35","臺中市","大里區","0","0","8","","","60","","","","","","","","","","","","","","","","","","","","B02","","","1","","2","","","12","","1","9","","B02","24.104596","120.681645","3"
"2019","3","16","23","49","臺中市","中區","0","0","8","3","5","50","14","9","1","5","4","5","7","1","1","5","2","5","2","14","","","","","","B03","","","1","","2","","","12","","1","5","","B03","24.145108","120.676388","3"
"2019","3","16","23","52","臺中市","梧棲區","0","1","8","3","5","40","4","1","1","5","4","5","7","4","4","10","5","5","2","18","43","2","8","3","4","C03","7","21","3","18","8","12","","43","43","1","21","9","C03","24.235149","120.537646","2"
"2019","3","16","23","55","臺中市","西屯區","0","0","8","","","50","","","","","","","","","","","","","","","","","","","","B12","","","1","","2","","","16","","1","22","","B12","24.170905","120.635785","3"
"2019","3","17","0","10","臺中市","北區","0","1","8","3","5","50","4","2","1","5","4","5","7","4","4","5","4","5","2","18","23","2","9","1","1","C03","7","9","1","10","2","11","","23","23","1","22","8","C03","24.1431","120.6853","2"
"2019","3","17","0","12","臺中市","北區","0","0","8","","","","","","","","","","","","","","","","","","","","","","","C03","","","1","","2","","","42","","","22","","C03","24.14901","120.67821","3"
"2019","3","17","0","13","臺中市","南區","0","0","8","","","50","","","","","","","","","","","","","","","","3","","","","B03","","","1","","2","","","7","","1","21","","B03","24.124525","120.660111","3"
"2019","3","17","0","14","臺中市","霧峰區","0","1","8","3","5","40","3","1","1","5","4","5","7","4","4","10","5","5","2","16","9","3","10","1","1","B03","7","6","1","8","2","8","","9","9","1","12","8","B03","24.06282","120.663413","2"
"2019","3","17","1","10","臺中市","梧棲區","0","0","8","","","60","","","","","","","","","","","","","","","","","","","","B03","","","1","","2","","","12","","1","2","","B03","24.2465","120.534611","3"
"2019","3","17","1","34","臺中市","西屯區","0","0","6","","","50","","","","","","","","","","","","","","","","","","","","C03","","","1","","2","","","23","","1","22","","C03","24.184075","120.656795","3"
"2019","3","17","1","58","臺中市","西屯區","0","0","8","","","50","","","","","","","","","","","","","","","","","","","","A11","","","1","","2","","","42","","1","22","","A11","24.16913","120.6559","3"
"2019","3","17","2","35","臺中市","西屯區","0","1","8","3","5","50","14","7","1","5","4","5","7","4","4","9","4","4","2","16","38","3","10","1","1","B03","7","14","1","8","2","5","","38","38","1","22","8","B03","24.160238","120.633916","2"
"2019","3","17","4","27","臺中市","西屯區","0","0","8","","","50","","","","","","","","","","","","","","","42","","","","","B03","","","1","","2","","","42","42","1","22","","B03","24.166445","120.633731","3"
"2019","3","17","5","11","臺中市","龍井區","0","0","","","","","","","","","","","","","","","","","","","","","","","","B03","","","1","","2","","","23","","1","","","B03","24.186685","120.57794","4"
"2019","3","17","5","30","臺中市","西屯區","0","0","8","","","40","","","","","","","","","","","","","","","","","","","","B03","","","1","","9","","","18","","1","22","","B03","24.195048","120.65767","3"
"2019","3","17","6","0","臺中市","大里區","0","0","8","","","50","","","","","","","","","","","","","","","","","","","","B12","","","1","","2","","","23","","1","20","","B12","24.090756","120.693245","3"
"2019","3","17","6","32","臺中市","北屯區","0","0","8","","","50","","","","","","","","","","","","","","","19","","","","","A12","","","1","","2","","","19","19","1","5","","A12","24.173921","120.675193","3"
"2019","3","17","6","50","臺中市","后里區","0","0","8","","","50","","","","","","","","","","","","","","","","","","","","B02","","","1","","2","","","12","","1","22","","B02","24.316932","120.68459","3"
"2019","3","17","7","55","臺中市","北屯區","0","5","7","2","5","40","4","1","1","5","4","5","7","4","4","10","5","5","2","15","6","2","3","1","1","B03","7","9","1","8","2","8","","6","6","1","1","8","B03","24.1914","120.6621","2"
"2019","3","17","8","0","臺中市","北屯區","0","1","8","1","5","50","4","1","1","5","4","5","7","2","1","10","5","5","2","16","13","3","10","1","1","C03","7","9","1","10","2","13","12","13","13","1","5","8","C03","24.182747","120.699483","2"
"2019","3","17","8","0","臺中市","沙鹿區","0","1","7","1","5","70","14","12","1","5","4","5","7","4","4","1","4","4","1","13","23","3","10","1","1","B03","7","9","1","8","9","5","","23","23","2","9","8","B03","24.244218","120.614768","2"
"2019","3","17","8","8","臺中市","太平區","0","1","8","1","5","50","4","1","1","5","4","5","7","1","1","10","5","5","2","16","6","2","9","1","1","C03","7","9","1","10","2","11","","14","6","1","20","8","C03","24.105454","120.723787","2"
"2019","3","17","8","30","臺中市","烏日區","0","0","8","","","30","","","","","","","","","","","","","","","","","","","","A04","","","1","","2","","","6","","1","","","A04","24.11314","120.615554","3"
"2019","3","17","8","48","臺中市","大甲區","0","0","8","","","60","","","","","","","","","","","","","","","","","","","","B03","","","1","","2","","","42","","1","4","","B03","24.349218","120.617505","3"
"2019","3","17","8","50","臺中市","北區","0","1","8","1","5","50","4","1","1","5","4","5","7","2","1","8","4","5","2","12","25","3","10","1","1","B03","7","5","1","8","2","5","","25","25","1","22","8","B03","24.165349","120.682337","2"
"2019","3","17","9","5","臺中市","大雅區","0","0","8","","","40","","","","","","","","","","","","","","","","","","","","B03","","","1","","2","","","12","","1","","","B03","24.22037","120.646414","3"
"2019","3","17","9","9","臺中市","北屯區","0","2","8","1","5","50","4","1","1","5","4","5","7","1","1","10","5","5","2","16","25","2","9","1","1","C04","7","9","1","10","2","11","","25","25","1","21","8","C04","24.173708","120.681676","2"
"2019","3","17","9","9","臺中市","清水區","0","1","8","1","5","50","14","9","1","5","4","5","7","4","4","9","5","5","1","17","40","3","10","1","1","B03","7","15","1","8","2","4","","40","40","1","5","7","B03","24.2690567","120.5656062","2"
"2019","3","17","9","14","臺中市","大里區","0","0","8","","","50","","","","","","","","","","","","","","","","","","","","B03","","","1","","2","","","12","","1","22","","B03","24.103256","120.69724","3"
"2019","3","17","9","20","臺中市","南屯區","0","2","8","1","5","50","5","1","1","5","4","5","7","1","1","10","5","5","2","16","6","2","8","1","1","C03","7","5","1","10","2","14","","6","6","1","22","9","C03","24.147976","120.635446","2"
"2019","3","17","9","21","臺中市","外埔區","0","1","8","1","5","50","14","9","1","5","4","5","7","4","4","5","5","5","1","12","17","3","10","1","1","B03","7","4","1","8","2","2","","17","17","1","21","8","B03","24.331464","120.652514","2"
"2019","3","17","9","30","臺中市","東區","0","2","8","1","5","50","4","1","1","5","4","5","7","1","1","10","5","5","2","16","6","2","9","1","1","C03","7","5","1","10","2","11","","6","6","1","22","8","C03","24.141015","120.694347","2"
"2019","3","17","9","50","臺中市","北屯區","0","0","8","","","40","","","","","","","","","","","","","","","","","","","","B03","","","1","","2","","","23","","1","22","","B03","24.174934","120.721043","3"
"2019","3","17","10","2","臺中市","太平區","0","1","7","1","5","50","14","9","1","5","4","3","5","4","4","9","5","5","1","13","23","2","9","1","1","F01","7","9","8","20","2","16","","23","23","1","18","8","F01","24.129145","120.745668","2"
"2019","3","17","10","11","臺中市","大雅區","0","1","7","1","5","50","4","1","1","5","4","5","7","1","1","10","5","5","2","16","6","3","10","1","1","A02","7","6","1","2","2","2","","6","6","1","22","9","A02","24.221329","120.648348","2"
"2019","3","17","10","13","臺中市","北區","0","0","8","1","5","40","13","9","1","5","4","5","7","4","4","10","5","5","2","11","","","","","","B03","","","1","","11","","","23","","2","22","","B03","24.159612","120.681908","3"
"2019","3","17","10","15","臺中市","大肚區","0","0","","","","","","","","","","","","","","","","","","","9","","","","","B03","","","1","","2","","","19","9","1","5","","B03","24.122456","120.566994","3"
"2019","3","17","10","20","臺中市","沙鹿區","0","0","8","","","30","","","","","","","","","","","","","","","","","","","","C03","","","1","","2","","","16","","","18","","C03","24.214578","120.579984","3"
"2019","3","17","10","24","臺中市","西屯區","0","1","8","1","5","40","3","1","1","5","4","5","7","2","1","10","5","1","2","12","23","2","1","1","1","B03","7","5","1","8","2","7","","23","23","1","21","8","B03","24.162668","120.629741","2"
"2019","3","17","10","34","臺中市","西區","0","0","8","","","40","","","","","","","","","","","","","","","","","","","","","","","7","","11","","","43","","","","","","24.146325","120.666659","3"
"2019","3","17","10","43","臺中市","龍井區","0","2","8","1","5","40","4","1","1","5","4","5","7","4","4","10","5","5","2","17","6","3","10","3","4","B03","7","5","1","8","2","1","","6","6","1","22","8","B03","24.189299","120.589146","2"
"2019","3","17","10","45","臺中市","烏日區","0","1","8","1","5","70","14","13","1","5","4","5","7","4","4","1","4","4","1","17","21","2","9","1","1","B03","7","9","1","10","7","1","","21","21","1","21","8","B03","24.108704","120.606255","2"
"2019","3","17","10","50","臺中市","大里區","0","0","8","","","40","","","","","","","","","","","","","","","","","","","","B03","","","1","","2","","","6","","1","22","","B03","24.083125","120.69651","3"
"2019","3","17","10","51","臺中市","南區","0","0","","","","","","","","","","","","","","","","","","","","","","","","B03","","","1","","2","","","7","","1","","","B03","24.128619","120.670355","3"
"2019","3","17","10","59","臺中市","北屯區","0","1","8","1","5","50","4","1","1","5","4","5","7","3","1","10","5","5","2","16","6","2","8","1","1","C03","7","9","1","10","2","14","","6","6","1","21","8","C03","24.16675","120.698161","2"
"2019","3","17","11","3","臺中市","北屯區","0","1","8","1","5","40","14","9","1","5","4","5","7","4","4","9","5","5","2","17","19","3","10","1","1","C03","7","1","4","8","2","11","14","19","19","1","5","8","C03","24.162289","120.696606","2"
"2019","3","17","11","10","臺中市","西屯區","0","0","8","","","50","","","","","","","","","","","","","","","","","","","","B03","","","1","","2","","","26","","1","","","B03","24.182293","120.6407","3"
"2019","3","17","11","10","臺中市","烏日區","0","2","8","1","5","50","14","9","1","5","4","3","5","4","4","5","5","4","2","13","23","2","8","1","4","C03","7","14","1","10","2","11","","23","23","1","18","8","C03","24.111336","120.641585","2"
"2019","3","17","11","22","臺中市","清水區","","","8","","","50","","","","","","","","","","","","","","","","","","","","B03","","","1","","2","","","23","","1","19","","B03","24.269751","120.574638","3"
"2019","3","17","11","24","臺中市","南區","0","1","8","1","5","50","14","9","1","5","4","5","7","4","4","10","5","5","2","16","19","3","10","1","1","B03","7","1","1","8","2","8","","19","19","1","22","9","B03","24.121396","120.657571","2"
"2019","3","17","11","25","臺中市","南屯區","0","0","8","","","50","","","","","","","","","","","","","","","","","","","","B03","","","1","","11","","","43","","1","22","","B03","24.146771","120.647703","3"
"2019","3","17","11","25","臺中市","北屯區","0","0","8","","","50","","","","","","","","","","","","","","","19","","","","","B03","","","1","","2","","","19","19","1","22","","B03","24.177008","120.699705","3"
"2019","3","17","11","30","臺中市","烏日區","0","0","8","","","50","","","","","","","","","","","","","","","","","","","","B03","","","1","","2","","","12","","1","21","","B03","24.110488","120.59613","4"
"2019","3","17","11","37","臺中市","北屯區","0","0","8","","","50","","","","","","","","","","","","","","","","","","","","B03","","","1","","2","","","12","","1","21","","B03","24.177188","120.688063","3"
"2019","3","17","11","41","臺中市","沙鹿區","0","0","8","","","50","","","","","","","","","","","","","","","23","","","","","B03","","","1","","2","","","23","23","","","","B03","24.229104","120.566991","3"
"2019","3","17","11","45","臺中市","大肚區","0","0","","","","","","","","","","","","","","","","","","","","","","","","A41","","","1","","2","","","17","","1","10","","A41","24.125117","120.567286","3"
"2019","3","17","11","47","臺中市","西屯區","0","0","8","","","60","","","","","","","","","","","","","","","","","","","","A04","","","1","","9","","","26","","1","21","","A04","24.160739","120.65324","3"
"2019","3","17","11","53","臺中市","西屯區","0","0","8","1","7","80","14","7","1","5","4","5","7","4","4","10","4","5","2","13","16","3","10","3","4","B03","7","9","1","8","2","1","","16","16","1","22","9","B03","24.201124","120.659395","3"
"2019","3","17","11","58","臺中市","霧峰區","0","0","8","","","50","","","","","","","","","","","","","","","","","","","","","","","7","","11","","","43","","1","","","","24.075969","120.703043","3"
"2019","3","17","12","15","臺中市","西屯區","0","0","8","","","50","","","","","","","","","","","","","","","","","","","","B12","","","1","","2","","","23","","1","","","B12","24.188226","120.619796","3"
"2019","3","17","12","15","臺中市","大甲區","0","0","","","","","","","","","","","","","","","","","","","23","","","","","B12","","","1","","2","","","23","23","1","","","B12","24.347701","120.618818","3"
"2019","3","17","12","21","臺中市","北屯區","0","1","8","1","5","50","14","8","1","5","4","5","7","1","1","5","5","4","2","12","23","3","10","1","1","B03","7","9","1","8","2","1","","23","23","1","5","8","B03","24.176951","120.676121","2"
"2019","3","17","12","21","臺中市","烏日區","0","2","8","1","5","50","4","1","1","5","4","5","7","2","1","10","5","5","2","16","25","3","10","1","1","B12","7","5","1","8","2","1","","44","25","1","21","8","B12","24.065367","120.649678","2"
"2019","3","17","12","27","臺中市","西區","0","0","8","","","50","","","","","","","","","","","","","","","","","","","","B03","","","1","","2","","","23","","1","5","","B03","24.144702","120.657186","4"
"2019","3","17","12","30","臺中市","東區","0","0","8","","","40","","","","","","","","","","","","","","","","3","","","","B03","","","1","","2","","","44","","1","21","","B03","24.142083","120.70154","3"
"2019","3","17","12","30","臺中市","沙鹿區","0","1","8","1","5","50","4","1","1","5","4","5","7","4","4","10","5","5","2","16","6","3","10","1","1","B03","7","9","1","8","2","5","","23","6","1","4","8","B03","24.214834","120.578625","2"
"2019","3","17","12","34","臺中市","北區","0","1","8","1","5","50","4","1","1","5","4","5","7","1","1","10","5","5","2","17","6","3","10","1","1","B01","7","5","1","8","2","6","","6","6","1","21","8","B01","24.16142","120.692244","2"
"2019","3","17","12","35","臺中市","南區","0","3","8","1","5","40","4","8","1","5","4","5","7","4","4","3","4","4","2","17","23","2","9","1","1","C03","7","9","1","10","2","11","","23","23","1","21","8","C03","24.121596","120.663519","2"
"2019","3","17","12","36","臺中市","西屯區","0","0","8","","","40","","","","","","","","","","","","","","","","","","","","C03","","","1","","2","","","19","","1","22","","C03","24.168113","120.643538","3"
"2019","3","17","12","40","臺中市","北屯區","0","1","8","1","5","50","4","1","1","5","4","5","7","4","4","10","5","5","2","16","6","3","10","1","1","B03","7","9","1","8","2","5","","6","6","1","21","8","B03","24.179226","120.665325","2"
"2019","3","17","12","40","臺中市","大里區","0","0","8","","","50","","","","","","","","","","","","","","","","","","","","B12","","","1","","2","","","23","","1","21","","B12","24.102586","120.688432","3"
"2019","3","17","12","40","臺中市","大肚區","0","0","","","","","","","","","","","","","","","","","","","","","","","","B03","","","1","","2","","","8","","1","22","","B03","24.170998","120.579403","3"
"2019","3","17","12","41","臺中市","神岡區","0","2","8","1","5","40","4","1","1","5","4","5","3","3","1","10","5","5","2","15","6","2","9","3","4","C03","7","9","3","18","6","11","","6","6","1","22","9","C03","24.243483","120.642756","2"
"2019","3","17","12","47","臺中市","潭子區","0","1","8","1","5","50","4","1","1","5","4","5","7","3","1","5","5","4","2","15","14","3","10","1","1","B02","7","9","1","8","2","4","","14","14","1","22","9","B02","24.191314","120.700686","2"
"2019","3","17","13","2","臺中市","大雅區","0","2","7","1","5","50","3","2","1","5","4","5","7","4","4","1","4","4","1","16","6","3","10","1","1","B03","7","6","1","8","2","2","","6","6","1","22","9","B03","24.211232","120.650468","2"
"2019","3","17","13","16","臺中市","沙鹿區","0","0","8","","","50","","","","","","","","","","","","","","","","","","","","B03","","","1","","2","","","17","","1","4","","B03","24.23771","120.560881","3"
"2019","3","17","13","25","臺中市","北屯區","0","1","8","1","5","50","14","8","1","5","4","5","7","4","4","10","5","5","2","13","16","2","9","1","1","C03","7","9","1","10","2","11","","16","16","1","22","8","C03","24.161459","120.72517","2"
"2019","3","17","13","34","臺中市","大肚區","0","0","","","","","","","","","","","","","","","","","","","","","","","","B03","","","1","","2","","","9","","1","5","","B03","24.151282","120.5458","3"
"2019","3","17","13","46","臺中市","北屯區","0","0","8","","","50","","","","","","","","","","","","","","","10","","","","","B03","","","1","","2","","","10","10","1","5","","B03","24.167186","120.724486","3"
"2019","3","17","14","8","臺中市","西區","0","1","8","1","5","50","5","1","1","5","4","5","7","1","1","5","4","4","2","16","6","2","9","4","1","F01","7","5","8","20","2","16","","6","6","1","21","7","F01","24.144698","120.669026","2"
"2019","3","17","14","10","臺中市","大甲區","0","1","8","1","5","50","14","9","1","5","4","5","7","4","4","5","5","5","1","12","42","3","10","1","1","B03","7","5","1","8","2","8","","42","42","1","22","8","B03","24.347321","120.624052","2"
"2019","3","17","14","10","臺中市","潭子區","0","1","8","1","5","40","14","13","1","5","4","5","7","4","4","1","4","4","1","13","42","2","7","1","1","C03","7","9","1","10","2","11","","42","42","1","22","9","C03","24.215979","120.703261","2"
"2019","3","17","14","11","臺中市","霧峰區","0","1","8","1","5","70","3","2","1","5","4","5","7","4","4","10","5","5","1","16","6","3","10","1","1","B03","7","6","1","8","2","5","","6","6","1","22","9","B03","24.044257","120.691628","2"