"年","月","日","時","分","縣市","區","死","受傷","天候","光線","道路類別","速限","道路型態","事故位置","路面鋪裝","路面狀態","路面缺陷","障礙物","視距","號誌種類","號誌動作","分向設施","快車道或一般車道間","快慢車道間","路面邊線","事故類型及型態","主要肇因","受傷程度","主要傷處","保護裝備","行動電話","當事者區分","車輛用途","當事者行動狀態","駕駛資格情形","駕駛執照種類","飲酒情形","車輛撞擊部位最初","車輛撞擊部位其他","肇事因素個別","肇事因素主要","肇事逃逸","職業","旅次目的","車種","GPS座標緯度","GPS座標經度","事故類別"
"2019","3","17","14","12","臺中市","龍井區","0","1","8","1","5","40","14","9","1","5","4","5","7","4","4","10","5","5","1","18","43","2","1","4","5","F02","7","9","8","20","8","16","","43","43","1","12","8","F02","24.186095","120.547384","2"
"2019","3","17","14","23","臺中市","太平區","0","0","8","","","50","","","","","","","","","","","","","","","","","","","","B03","","","1","","2","","","12","","1","22","","B03","24.12643","120.711425","3"
"2019","3","17","14","30","臺中市","西區","0","1","8","1","5","50","14","9","1","5","4","5","7","4","4","5","2","5","2","17","23","3","10","1","1","C03","7","9","1","10","2","15","","23","23","1","21","8","C03","24.133652","120.675498","2"
"2019","3","17","14","35","臺中市","外埔區","0","1","8","1","5","50","14","9","1","5","4","5","7","4","4","10","5","5","1","18","43","2","9","1","1","C03","7","9","1","10","2","15","","43","43","1","21","8","C03","24.336649","120.664687","2"
"2019","3","17","14","40","臺中市","太平區","0","0","8","","","50","","","","","","","","","","","","","","","","","","","","B12","","","1","","2","","","23","","1","21","","B12","24.159753","120.705008","3"
"2019","3","17","14","42","臺中市","西屯區","0","1","8","1","5","40","14","9","1","5","4","5","7","4","4","10","5","5","2","9","42","2","3","1","1","C03","7","9","1","10","2","14","","42","42","1","22","8","C03","24.166555","120.657393","2"
"2019","3","17","14","45","臺中市","北區","0","2","8","1","5","50","4","1","1","5","4","5","7","1","1","10","5","5","2","16","6","2","9","1","1","C03","7","5","1","10","2","12","","6","6","1","21","8","C03","24.171548","120.674402","2"
"2019","3","17","14","48","臺中市","中區","0","0","8","","","50","","","","","","","","","","","","","","","","","","","","B03","","","1","","2","","","23","","1","22","","B03","24.144129","120.677668","3"
"2019","3","17","14","55","臺中市","西區","0","0","8","","","50","","","","","","","","","","","","","","","23","","","","","B03","","","1","","2","","","38","23","1","22","","B03","24.141408","120.658251","3"
"2019","3","17","14","57","臺中市","中區","0","0","8","","","50","","","","","","","","","","","","","","","26","3","","","","B03","","","6","","9","","","26","26","2","21","","B03","24.142543","120.68478","3"
"2019","3","17","15","0","臺中市","大甲區","0","1","8","1","5","50","3","1","1","5","4","5","7","4","4","5","5","5","2","26","23","2","9","1","1","B03","7","5","1","8","2","1","","23","23","1","22","9","B03","24.350705","120.612275","2"
"2019","3","17","15","15","臺中市","太平區","0","0","8","","","50","","","","","","","","","","","","","","","","","","","","B03","","","1","","2","","","7","","1","","","B03","24.145373","120.71","3"
"2019","3","17","15","17","臺中市","南區","0","1","8","1","5","50","14","7","1","5","4","5","7","4","4","5","5","4","2","16","19","3","10","1","1","C03","7","1","1","10","2","11","","19","19","1","5","7","C03","24.114219","120.652828","2"
"2019","3","17","15","17","臺中市","太平區","0","1","8","1","5","40","11","9","1","5","4","5","7","4","4","5","5","5","1","18","42","2","9","1","1","C03","7","9","1","10","2","12","","42","42","1","18","5","C03","24.097574","120.806865","2"
"2019","3","17","15","18","臺中市","大里區","0","0","8","","","50","","","","","","","","","","","","","","","","","","","","C03","","","1","","2","","","17","","1","22","","C03","24.113259","120.689793","3"
"2019","3","17","15","29","臺中市","大里區","0","0","8","","","60","","","","","","","","","","","","","","","","","","","","B03","","","1","","2","","","25","","1","4","","B03","24.10462","120.668022","3"
"2019","3","17","15","30","臺中市","太平區","0","1","8","1","5","40","3","1","1","5","4","5","7","4","4","10","5","5","2","18","13","2","9","1","1","C03","7","9","1","10","2","14","","13","13","1","20","6","C03","24.102965","120.801465","2"
"2019","3","17","15","35","臺中市","南屯區","0","0","8","","","50","","","","","","","","","","","","","","","","","","","","B03","","","1","","2","","","17","","1","","","B03","24.149847","120.622622","3"
"2019","3","17","15","38","臺中市","西屯區","0","0","8","","","50","","","","","","","","","","","","","","","","","","","","A31","","","1","","2","","","43","","1","22","","A31","24.172728","120.63459","3"
"2019","3","17","15","40","臺中市","南區","0","0","","","","","","","","","","","","","","","","","","","16","","","","","B03","","","1","","2","","","16","16","1","","","B03","24.118988","120.679025","3"
"2019","3","17","15","41","臺中市","沙鹿區","0","1","8","1","5","50","4","1","1","5","4","5","7","4","4","10","5","5","2","16","6","3","10","1","1","B03","7","5","1","8","2","","8","6","6","1","20","5","B03","24.206794","120.574424","2"
"2019","3","17","15","43","臺中市","烏日區","0","0","8","","","40","","","","","","","","","","","","","","","","","","","","B03","","","1","","2","","","8","","1","22","","B03","24.111191","120.641595","3"
"2019","3","17","15","45","臺中市","南區","0","1","8","1","5","50","4","1","1","5","4","5","7","1","1","10","5","5","2","16","6","3","10","1","1","B03","7","5","6","18","2","2","","6","6","1","4","8","B03","24.116908","120.666772","2"
"2019","3","17","15","52","臺中市","北屯區","0","1","8","1","5","40","14","8","1","5","4","5","7","4","4","1","4","4","2","12","7","2","9","1","1","C03","7","9","1","10","2","12","","23","7","1","5","8","C03","24.1798","120.6861","2"
"2019","3","17","15","55","臺中市","北屯區","0","0","8","","","40","","","","","","","","","","","","","","","","","","","","B03","","","1","","2","","","10","","1","5","","B03","24.176784","120.677786","3"
"2019","3","17","15","56","臺中市","太平區","0","0","8","","","50","","","","","","","","","","","","","","","","","","","","B03","","","1","","2","","","23","","1","21","","B03","24.135365","120.709283","3"
"2019","3","17","15","57","臺中市","南區","0","2","8","1","5","50","14","9","1","5","4","5","7","4","4","10","5","5","2","17","19","2","9","1","1","C03","7","1","1","10","2","12","","19","19","1","21","8","C03","24.116334","120.666825","2"
"2019","3","17","16","0","臺中市","烏日區","0","1","8","1","5","50","14","9","1","5","4","5","7","4","4","5","4","5","1","13","23","2","9","1","1","C03","7","9","1","4","2","11","","23","23","1","21","8","C03","24.122255","120.607295","2"
"2019","3","17","16","4","臺中市","北屯區","0","0","8","","","50","","","","","","","","","","","","","","","","","","","","B03","","","1","","2","","","23","","1","21","","B03","24.18385","120.664968","3"
"2019","3","17","16","29","臺中市","西屯區","0","1","8","1","5","80","14","9","1","5","4","5","7","4","4","2","4","5","2","13","16","3","10","1","1","B03","7","9","1","8","2","1","","16","16","1","22","8","B03","24.161703","120.628306","2"
"2019","3","17","16","30","臺中市","西屯區","0","0","8","1","5","50","4","2","1","5","4","5","7","2","1","8","3","4","1","12","","","","","","B12","","","1","","2","","","42","","1","22","","B12","24.174318","120.648001","3"
"2019","3","17","16","39","臺中市","大雅區","0","0","8","","","50","","","","","","","","","","","","","","","","","","","","B03","","","1","","8","","","25","","1","","","B03","24.215986","120.647865","3"
"2019","3","17","16","50","臺中市","烏日區","0","1","8","1","5","50","4","2","1","5","4","3","5","4","4","4","3","4","2","17","10","3","10","1","1","B03","7","11","1","8","2","5","","10","10","1","22","8","B03","24.076709","120.641089","2"
"2019","3","17","17","0","臺中市","大里區","0","0","8","","","50","","","","","","","","","","","","","","","","","","","","C03","","","1","","11","","","43","","1","19","","C03","24.107608","120.683285","3"
"2019","3","17","17","10","臺中市","北屯區","0","0","8","","","50","","","","","","","","","","","","","","","","","","","","C03","","","1","","2","","","16","","1","4","","C03","24.278283","120.770811","3"
"2019","3","17","17","14","臺中市","北屯區","0","0","8","","","50","","","","","","","","","","","","","","","","","","","","B03","","","1","","2","","","25","","1","","","B03","24.180265","120.741454","3"
"2019","3","17","17","15","臺中市","大里區","0","0","8","","","50","","","","","","","","","","","","","","","","","","","","B03","","","1","","2","","","23","","1","8","","B03","24.11424","120.675966","3"
"2019","3","17","17","19","臺中市","北屯區","0","0","8","","","50","","","","","","","","","","","","","","","","","","","","B03","","","1","","2","","","16","","1","","","B03","24.186932","120.66343","3"
"2019","3","17","17","30","臺中市","烏日區","0","0","8","","","70","","","","","","","","","","","","","","","16","","","","","F01","","","","","","","","16","16","1","","","F01","24.108656","120.60735","4"
"2019","3","17","17","34","臺中市","北區","0","1","8","1","5","50","4","1","1","5","4","5","7","4","4","10","5","5","2","17","6","2","8","3","4","C03","7","9","1","10","2","12","","6","6","1","5","8","C03","24.156938","120.675503","2"
"2019","3","17","17","50","臺中市","太平區","0","0","8","","","40","","","","","","","","","","","","","","","","","","","","B03","","","1","","2","","","23","","1","","","B03","24.128338","120.7466","3"
"2019","3","17","17","54","臺中市","潭子區","0","1","8","3","5","50","14","7","1","5","4","5","7","4","4","5","4","4","2","12","17","3","10","1","1","B03","7","9","1","8","2","15","","17","17","1","22","8","B03","24.207203","120.704138","2"
"2019","3","17","17","58","臺中市","西區","0","2","8","2","5","50","4","1","1","5","4","5","7","1","1","5","2","5","2","16","43","3","10","1","1","C03","7","5","1","10","2","13","","43","43","1","21","8","C03","24.149034","120.661673","2"
"2019","3","17","17","59","臺中市","沙鹿區","0","2","7","2","5","50","14","8","1","5","4","5","7","4","4","3","4","4","2","16","19","3","10","1","1","B03","7","1","1","8","2","8","","19","19","1","20","9","B03","24.2296","120.566797","2"
"2019","3","17","18","7","臺中市","后里區","0","1","8","2","5","40","4","9","1","5","4","5","7","4","4","10","5","5","2","15","43","3","10","1","1","B03","7","9","1","8","2","8","","43","43","1","5","5","B03","24.313795","120.673586","2"
"2019","3","17","18","15","臺中市","烏日區","0","1","8","2","5","40","11","9","1","5","4","5","1","4","4","10","5","5","1","17","19","3","10","1","1","B03","7","1","1","8","2","15","","19","19","1","21","8","B03","24.065367","120.649678","2"
"2019","3","17","18","17","臺中市","烏日區","0","0","","","","","","","","","","","","","","","","","","","","","","","","B03","","","1","","2","","","12","","1","","","B03","24.11298","120.639315","3"
"2019","3","17","18","21","臺中市","北屯區","0","0","8","","","50","","","","","","","","","","","","","","","26","","","","","B03","","","1","","2","","","26","26","1","","","B03","24.164803","120.695226","3"
"2019","3","17","18","28","臺中市","潭子區","0","1","8","3","5","50","14","9","1","5","4","5","7","1","1","9","4","4","1","11","6","3","10","1","1","B03","7","9","1","8","2","8","","6","6","1","22","1","B03","24.21171","120.700464","2"
"2019","3","17","18","29","臺中市","西屯區","0","0","8","","","60","","","","","","","","","","","","","","","","","","","","B03","","","1","","2","","","26","","1","22","","B03","24.155561","120.646273","3"
"2019","3","17","18","32","臺中市","梧棲區","0","2","8","3","5","50","14","7","1","5","4","5","7","4","4","5","5","4","2","17","4","2","9","1","1","C03","7","8","1","10","2","11","","4","4","1","5","4","C03","24.255747","120.530905","2"
"2019","3","17","18","33","臺中市","大里區","0","2","8","3","5","50","3","1","1","5","4","5","7","4","4","10","5","5","2","12","43","2","9","1","1","C03","7","9","1","10","2","14","","43","43","1","18","9","C03","24.095397","120.716762","2"
"2019","3","17","18","34","臺中市","西屯區","0","0","8","","","60","","","","","","","","","","","","","","","","","","","","B03","","","1","","2","","","7","","1","22","","B03","24.155568","120.646411","3"
"2019","3","17","18","41","臺中市","大里區","0","1","8","3","5","50","4","1","1","5","4","5","7","1","1","10","5","5","2","17","42","3","10","1","1","B03","7","5","1","8","2","1","","42","42","1","22","8","B03","24.105783","120.699723","2"
"2019","3","17","18","42","臺中市","西屯區","0","0","8","3","5","40","3","2","1","5","4","5","7","4","4","10","5","5","2","12","","","","","","B03","","","1","","2","","","17","","1","22","","B03","24.185748","120.625996","3"
"2019","3","17","18","53","臺中市","大里區","0","1","8","3","5","50","5","1","1","5","4","5","7","3","1","5","4","4","1","16","19","2","8","1","1","C03","7","1","1","10","2","12","","19","19","1","4","8","C03","24.115049","120.680199","2"
"2019","3","17","18","53","臺中市","潭子區","0","1","8","3","5","50","4","1","1","5","4","5","7","1","1","10","5","5","2","16","23","2","9","1","1","C03","7","9","1","10","2","11","","23","23","1","22","8","C03","24.210404","120.710376","2"
"2019","3","17","18","55","臺中市","中區","0","2","8","3","5","50","4","2","1","5","4","5","7","1","1","5","4","5","2","17","16","2","9","1","1","C03","7","12","1","10","2","11","","16","16","1","22","9","C03","24.13717","120.680793","2"
"2019","3","17","18","56","臺中市","梧棲區","0","0","8","","","50","","","","","","","","","","","","","","","","","","","","B03","","","1","","2","","","23","","1","1","","B03","24.222086","120.528516","3"
"2019","3","17","19","7","臺中市","霧峰區","0","1","8","3","5","70","14","8","1","5","4","5","7","4","4","1","4","4","1","13","16","2","9","1","1","C03","7","9","1","10","2","11","","16","16","1","22","8","C03","24.021709","120.696338","2"
"2019","3","17","19","9","臺中市","外埔區","0","0","","","","","","","","","","","","","","","","","","","44","","","","","B03","","","1","","2","","","44","44","1","21","","B03","24.34155","120.637895","3"
"2019","3","17","19","10","臺中市","大里區","0","0","8","","","50","","","","","","","","","","","","","","","","","","","","F03","","","8","","2","","","25","","1","16","","F03","24.118405","120.692326","3"
"2019","3","17","19","11","臺中市","西屯區","0","0","8","","","50","","","","","","","","","","","","","","","","","","","","B12","","","1","","2","","","43","","1","22","","B12","24.185756","120.623708","3"
"2019","3","17","19","14","臺中市","西屯區","0","0","8","3","5","50","14","8","1","5","4","5","7","4","4","1","3","4","1","12","","","","","","B12","","","6","","2","","","18","","1","22","","B12","24.160916","120.638831","3"
"2019","3","17","19","19","臺中市","南區","0","1","8","3","5","50","14","22","1","5","4","5","7","4","4","1","4","5","2","18","23","2","8","1","1","C03","7","9","1","10","2","14","","23","23","1","4","8","C03","24.18711","120.652267","2"
"2019","3","17","19","20","臺中市","大里區","0","0","8","","","40","","","","","","","","","","","","","","","","","","","","B03","","","1","","2","","","18","","1","","","B03","24.100927","120.690392","3"
"2019","3","17","19","22","臺中市","南區","0","2","8","3","5","40","4","1","1","5","4","5","7","4","4","10","5","5","2","15","6","2","9","1","1","C03","7","9","1","10","2","11","","6","6","1","22","8","C03","24.130758","120.682855","2"
"2019","3","17","19","27","臺中市","沙鹿區","0","0","8","","","50","","","","","","","","","","","","","","","","","","","","B03","","","1","","2","","","12","","1","18","","B03","24.227196","120.574254","3"
"2019","3","17","19","30","臺中市","太平區","","","8","","","50","","","","","","","","","","","","","","","","","","","","C03","","","1","","2","","","23","","1","21","","C03","24.158997","120.713848","3"
"2019","3","17","19","30","臺中市","神岡區","0","0","8","","","50","","","","","","","","","","","","","","","","","","","","B03","","","1","","2","","","42","","1","21","","B03","24.273751","120.665104","3"
"2019","3","17","19","34","臺中市","東區","0","1","8","3","5","40","4","1","1","5","4","5","7","1","1","10","5","5","2","29","23","2","9","1","1","C03","7","9","1","10","2","14","","23","23","1","21","8","C03","24.142699","120.701246","2"
"2019","3","17","19","37","臺中市","北屯區","0","1","8","3","5","50","4","1","1","5","4","5","7","1","1","10","5","5","2","16","6","3","10","1","1","B03","7","5","1","8","2","6","","6","6","1","5","8","B03","24.171486","120.728725","2"
"2019","3","17","19","38","臺中市","潭子區","0","1","8","3","5","60","14","7","1","5","4","5","7","4","4","1","4","5","1","12","7","3","10","1","1","C03","7","8","1","10","2","13","","7","7","1","22","8","C03","24.201813","120.703652","2"
"2019","3","17","19","40","臺中市","南區","0","1","8","3","5","50","14","7","1","5","4","5","7","4","4","9","5","4","2","13","23","3","10","1","1","B03","7","9","1","8","2","1","","23","23","1","1","5","B03","24.123274","120.65432","2"
"2019","3","17","19","58","臺中市","沙鹿區","0","0","8","","","50","","","","","","","","","","","","","","","","","","","","C03","","","1","","2","","","19","","1","3","","C03","24.241092","120.564941","3"
"2019","3","17","20","0","臺中市","太平區","0","0","8","3","5","50","14","9","1","5","4","5","7","4","4","5","4","5","1","17","42","3","10","1","1","B03","7","1","6","8","8","5","","42","42","1","21","8","B03","24.152193","120.71131","3"
"2019","3","17","20","0","臺中市","烏日區","0","0","8","","","50","","","","","","","","","","","","","","","9","","","","","B03","","","1","","2","","","44","9","1","21","","B03","24.116125","120.616773","3"
"2019","3","17","20","15","臺中市","北屯區","0","0","8","","","40","","","","","","","","","","","","","","","","","","","","B03","","","1","","2","","","23","","1","4","","B03","24.201356","120.66511","3"
"2019","3","17","20","15","臺中市","清水區","0","1","7","3","5","50","4","1","1","5","4","5","7","4","4","9","4","5","1","15","6","2","7","1","1","C03","7","9","1","8","2","14","","14","6","1","21","8","C03","24.259233","120.555728","2"
"2019","3","17","20","15","臺中市","潭子區","0","1","8","3","5","60","14","7","1","5","4","5","7","4","4","8","4","4","1","13","23","3","10","1","1","B03","7","9","1","8","3","1","","23","23","1","22","1","B03","24.216091","120.701454","2"
"2019","3","17","20","22","臺中市","大里區","0","0","8","","","25","","","","","","","","","","","","","","","","","","","","B01","","","1","","2","","","9","","1","10","","B01","24.111283","120.697091","3"
"2019","3","17","20","24","臺中市","南屯區","0","0","8","","","50","","","","","","","","","","","","","","","","","","","","B03","","","1","","2","","","6","","1","","","B03","24.154525","120.652805","3"
"2019","3","17","20","33","臺中市","北區","0","1","8","3","5","50","4","1","1","5","4","5","7","1","1","10","5","5","2","12","23","2","8","1","1","C03","7","9","1","10","2","11","12","23","23","1","22","9","C03","24.155617","120.694442","2"
"2019","3","17","20","34","臺中市","北屯區","0","1","8","4","5","50","12","9","1","5","4","5","7","4","4","3","4","5","1","26","13","2","9","1","1","C03","7","9","1","10","2","11","","13","13","1","21","8","C03","24.205936","120.7881","2"
"2019","3","17","20","39","臺中市","清水區","0","0","8","","","50","","","","","","","","","","","","","","","","","","","","B03","","","1","","2","","","18","","1","12","","B03","24.271288","120.57704","3"
"2019","3","17","20","43","臺中市","南區","0","0","8","","","50","","","","","","","","","","","","","","","","","","","","B03","","","1","","2","","","26","","1","4","","B03","24.120292","120.648457","3"
"2019","3","17","20","53","臺中市","北屯區","0","0","8","","","80","","","","","","","","","","","","","","","","","","","","B03","","","1","","2","","","7","","1","","","B03","24.201163","120.679955","3"
"2019","3","17","21","0","臺中市","西屯區","0","0","8","","","50","","","","","","","","","","","","","","","","","","","","B03","","","1","","2","","","6","","1","22","","B03","24.20666","120.624456","3"
"2019","3","17","21","5","臺中市","北屯區","0","0","8","","","80","","","","","","","","","","","","","","","","","","","","B03","","","1","","2","","","16","","1","","","B03","24.173336","120.721041","3"
"2019","3","17","21","8","臺中市","南區","0","0","8","","","50","","","","","","","","","","","","","","","","","","","","B03","","","1","","2","","","23","","1","22","","B03","24.114348","120.667665","3"
"2019","3","17","21","14","臺中市","北屯區","0","1","8","3","5","50","3","1","1","5","4","5","7","4","4","10","5","5","2","16","6","3","10","1","1","B03","7","5","1","7","2","1","","6","6","1","5","8","B03","24.189898","120.66269","2"
"2019","3","17","21","24","臺中市","西屯區","0","0","8","","","50","","","","","","","","","","","","","","","","","","","","B03","","","1","","2","","","23","","1","22","","B03","24.161785","120.631881","3"
"2019","3","17","21","25","臺中市","沙鹿區","0","0","8","","","40","","","","","","","","","","","","","","","","","","","","C03","","","1","","2","","","35","","1","18","","C03","24.248434","120.564437","3"
"2019","3","17","21","29","臺中市","西屯區","0","0","8","","","50","","","","","","","","","","","","","","","","","","","","B03","","","1","","2","","","2","","1","22","","B03","24.2004","120.656636","3"
"2019","3","17","21","30","臺中市","大雅區","0","0","8","","","50","","","","","","","","","","","","","","","","","","","","B12","","","1","","2","","","26","","1","22","","B12","24.21903","120.65444","3"
"2019","3","17","21","33","臺中市","南區","0","1","8","3","5","50","14","9","1","5","4","5","7","4","4","5","4","5","2","17","42","2","9","1","1","C03","7","9","1","10","2","12","","42","42","1","5","5","C03","24.118156","120.654313","2"
"2019","3","17","21","34","臺中市","北屯區","0","1","8","3","5","50","4","18","1","5","4","5","6","2","1","10","5","5","2","3","15","3","10","1","1","B03","7","5","1","8","2","8","","15","15","1","21","8","B03","24.171919","120.687654","2"
"2019","3","17","21","42","臺中市","大里區","0","0","8","","","50","","","","","","","","","","","","","","","","","","","","B03","","","1","","2","","","23","","1","22","","B03","24.110095","120.688677","3"
"2019","3","17","22","1","臺中市","梧棲區","0","0","8","","","50","","","","","","","","","","","","","","","","","","","","B11","","","1","","2","","","12","","1","9","","B11","24.242894","120.537175","3"
"2019","3","17","22","7","臺中市","北區","0","0","8","","","50","","","","","","","","","","","","","","","","","","","","B03","","","1","","2","","","12","","1","21","","B03","24.163933","120.686669","3"
"2019","3","17","22","18","臺中市","大甲區","0","0","8","","","50","","","","","","","","","","","","","","","","","","","","B03","","","1","","2","","","23","","1","21","","B03","24.350745","120.627341","3"
"2019","3","17","22","28","臺中市","南區","0","1","8","3","5","50","3","1","1","5","4","5","7","1","1","10","5","5","2","16","6","2","7","1","1","C03","7","6","1","10","2","12","","6","6","1","21","8","C03","24.124848","120.6599","2"
"2019","3","17","22","33","臺中市","北區","0","1","8","3","5","50","11","7","1","5","4","5","7","1","1","1","4","4","2","13","23","2","1","1","1","B03","7","9","1","8","2","1","","23","23","1","22","8","B03","24.15508","120.67719","2"
"2019","3","17","22","50","臺中市","大肚區","0","1","8","3","5","40","8","8","1","5","4","5","7","4","4","1","5","3","1","23","23","2","9","1","1","C03","7","9","1","10","2","14","","23","23","1","22","5","C03","24.116104","120.582897","2"
"2019","3","17","23","15","臺中市","大里區","0","1","8","3","5","50","3","1","1","5","4","5","7","4","4","5","2","4","1","16","9","3","10","1","1","B03","7","6","1","8","2","2","","9","9","1","22","8","B03","24.106268","120.688708","2"
"2019","3","18","0","2","臺中市","烏日區","0","0","8","","","70","","","","","","","","","","","","","","","","","","","","C03","","","4","","2","","","8","","1","","","C03","24.107361","120.611491","3"
"2019","3","18","0","10","臺中市","龍井區","0","2","8","3","5","50","14","9","1","5","4","5","7","4","4","5","5","5","2","13","23","2","8","1","1","C03","7","9","1","10","2","12","","23","23","1","21","8","C03","24.181367","120.586763","2"
"2019","3","18","0","21","臺中市","沙鹿區","0","2","7","3","5","50","14","8","1","5","4","5","7","4","4","3","4","4","2","10","4","2","9","1","1","C03","7","9","1","10","7","15","","4","4","1","5","9","C03","24.233338","120.562626","2"
"2019","3","18","0","30","臺中市","南區","0","1","8","3","5","50","4","1","1","5","4","5","7","3","1","10","5","5","2","18","23","2","9","1","1","C03","7","9","6","10","2","15","","23","23","1","21","8","C03","24.124003","120.665353","2"
"2019","3","18","1","18","臺中市","大甲區","0","1","8","3","5","50","14","13","1","5","4","5","7","4","4","5","4","5","1","17","23","3","10","1","1","B03","7","9","1","8","2","1","","23","23","1","21","8","B03","24.414379","120.645383","2"
"2019","3","18","1","30","臺中市","沙鹿區","0","0","8","","","50","","","","","","","","","","","","","","","","","","","","B03","","","1","","2","","","12","","1","3","","B03","24.21374","120.581805","3"
"2019","3","18","2","35","臺中市","西區","0","1","8","3","5","40","4","1","1","5","4","5","7","1","1","1","5","1","2","16","26","2","9","3","4","C04","7","5","3","18","2","12","","26","26","1","21","8","C04","24.157933","120.657785","2"
"2019","3","18","3","26","臺中市","烏日區","0","1","7","3","5","70","14","7","1","5","4","5","7","4","4","1","3","4","1","13","21","2","1","1","1","B03","7","9","6","8","8","1","","21","21","1","22","9","B03","24.111836","120.597386","2"
"2019","3","18","5","54","臺中市","中區","0","1","8","2","5","50","14","7","1","5","4","5","7","1","1","3","2","4","2","13","23","3","10","1","1","C03","7","9","1","10","2","12","","23","23","1","5","1","C03","24.137583","120.684895","2"
"2019","3","18","6","9","臺中市","北屯區","0","0","8","","","50","","","","","","","","","","","","","","","","","","","","B03","","","2","","2","","","23","","1","5","","B03","24.169431","120.703647","3"
"2019","3","18","6","25","臺中市","西區","0","0","8","","","40","","","","","","","","","","","","","","","","","","","","B03","","","1","","11","","","19","","2","22","","B03","24.145958","120.669728","3"
"2019","3","18","6","35","臺中市","西屯區","0","1","8","1","5","50","14","9","1","5","4","5","7","4","4","8","5","5","1","16","6","3","10","1","1","C03","7","3","1","10","2","14","","6","6","1","4","8","C03","24.177545","120.642921","2"
"2019","3","18","6","51","臺中市","石岡區","0","0","8","","","50","","","","","","","","","","","","","","","","","","","","B03","","","1","","2","","","23","","1","5","","B03","24.260093","120.8167","3"
"2019","3","18","6","59","臺中市","北屯區","0","1","8","1","5","50","3","2","1","5","4","5","6","4","4","5","5","5","1","3","51","2","8","4","5","H01","8","16","8","20","10","16","","51","51","1","22","2","H01","24.201715","120.675899","2"
"2019","3","18","7","5","臺中市","西屯區","0","0","8","","","40","","","","","","","","","","","","","","","","","","","","C03","","","1","","2","","","26","","1","","","C03","24.178686","120.624527","3"
"2019","3","18","7","22","臺中市","沙鹿區","0","1","7","1","5","50","3","2","1","5","4","5","7","4","4","5","5","5","1","13","23","2","8","1","1","C03","7","9","1","10","2","11","","23","23","1","21","8","C03","24.235966","120.563646","2"
"2019","3","18","7","23","臺中市","南區","0","0","8","","","50","","","","","","","","","","","","","","","42","3","","","","B03","","","1","","2","","","42","42","","4","","B03","24.118895","120.670336","3"
"2019","3","18","7","26","臺中市","南區","0","0","","","","","","","","","","","","","","","","","","","","","","","","B03","","","1","","2","","","23","","1","","","B03","24.120091","120.667275","3"
"2019","3","18","7","29","臺中市","西屯區","0","0","6","","","50","","","","","","","","","","","","","","","","","","","","B03","","","1","","2","","","6","","1","","","B03","24.178226","120.620516","3"
"2019","3","18","7","29","臺中市","大里區","0","0","6","","","50","","","","","","","","","","","","","","","","","","","","B12","","","1","","2","","","23","","1","22","","B12","24.094476","120.715638","3"
"2019","3","18","7","30","臺中市","北屯區","0","0","","1","5","50","14","","","","","5","7","1","1","4","3","5","2","14","12","3","10","1","1","B03","7","2","1","8","2","4","","12","12","1","21","8","B03","24.174088","120.719301","3"
"2019","3","18","7","30","臺中市","梧棲區","0","0","6","","","40","","","","","","","","","","","","","","","","","","","","B03","","","1","","2","","","12","","1","20","","B03","24.249996","120.537735","3"
"2019","3","18","7","34","臺中市","大雅區","0","1","7","1","5","40","4","2","1","5","4","5","7","4","4","5","5","5","1","16","6","3","10","1","1","B03","7","5","1","8","2","1","","6","6","1","22","8","B03","24.227225","120.648004","2"
"2019","3","18","7","36","臺中市","南區","0","1","7","1","5","40","3","1","1","5","4","5","7","4","4","9","5","5","2","15","19","2","8","1","1","C03","7","1","1","10","2","12","","19","19","1","5","8","C03","24.117552","120.662265","2"
"2019","3","18","7","38","臺中市","南區","0","0","","","","","","","","","","","","","","","","","","","","","","","","B03","","","1","","2","","","17","","1","21","","B03","24.119158","120.670752","3"
"2019","3","18","7","38","臺中市","東勢區","0","2","6","1","5","50","4","1","1","4","4","5","7","4","4","10","5","5","2","16","6","2","9","1","1","B12","7","9","3","18","2","2","","6","6","1","4","8","B12","24.258556","120.82468","2"
"2019","3","18","7","40","臺中市","沙鹿區","0","2","6","1","5","60","14","7","1","4","4","5","7","4","4","1","4","4","1","13","23","2","9","1","1","C03","7","9","1","10","2","11","","23","23","1","4","8","C03","24.24427","120.614585","2"
"2019","3","18","7","42","臺中市","龍井區","0","1","8","1","5","50","4","1","1","5","4","5","7","4","4","10","5","5","1","15","6","4","11","3","4","B03","7","9","1","8","2","8","","6","6","1","19","9","B03","24.201594","120.530551","2"
"2019","3","18","7","44","臺中市","沙鹿區","0","0","6","","","60","","","","","","","","","","","","","","","23","","","","","B03","","","1","","2","","","23","23","","","","B03","24.250005","120.596951","3"
"2019","3","18","7","44","臺中市","后里區","0","1","8","1","5","60","14","7","1","5","4","5","7","4","4","1","4","4","1","16","7","2","9","1","1","C03","7","7","1","10","2","14","","7","7","1","5","8","C03","24.313883","120.723778","2"
"2019","3","18","7","45","臺中市","北屯區","0","1","8","1","5","40","4","1","1","5","4","5","7","3","1","10","5","5","2","15","6","2","9","1","1","C03","7","9","1","10","2","14","12","6","6","1","5","8","C03","24.189022","120.6766","2"