"年","月","日","時","分","縣市","區","死","受傷","天候","光線","道路類別","速限","道路型態","事故位置","路面鋪裝","路面狀態","路面缺陷","障礙物","視距","號誌種類","號誌動作","分向設施","快車道或一般車道間","快慢車道間","路面邊線","事故類型及型態","主要肇因","受傷程度","主要傷處","保護裝備","行動電話","當事者區分","車輛用途","當事者行動狀態","駕駛資格情形","駕駛執照種類","飲酒情形","車輛撞擊部位最初","車輛撞擊部位其他","肇事因素個別","肇事因素主要","肇事逃逸","職業","旅次目的","車種","GPS座標緯度","GPS座標經度","事故類別"
"2019","3","18","7","45","臺中市","烏日區","0","1","6","1","5","50","5","1","1","4","4","5","5","2","1","10","5","5","2","17","4","3","10","1","1","C03","7","1","1","9","2","11","","4","4","1","21","8","C03","24.08344","120.644178","2"
"2019","3","18","7","46","臺中市","烏日區","0","1","6","1","5","50","4","1","1","4","4","5","7","1","1","10","5","5","2","13","16","3","10","1","1","B03","7","9","1","8","2","1","","16","16","1","21","8","B03","24.111816","120.607472","2"
"2019","3","18","7","47","臺中市","潭子區","0","0","8","","","80","","","","","","","","","","","","","","","","","","","","B03","","","1","","2","","","16","","1","22","","B03","24.200635","120.70548","3"
"2019","3","18","7","50","臺中市","太平區","0","2","7","1","5","50","3","1","1","5","4","5","7","4","4","10","5","5","2","16","6","3","10","1","1","B12","7","6","1","8","2","5","","6","6","1","9","1","B12","24.117772","120.733093","2"
"2019","3","18","7","53","臺中市","南區","0","1","7","1","5","50","4","1","1","5","4","5","7","1","1","10","5","5","2","16","6","3","10","1","1","A12","7","5","1","7","2","2","","6","6","1","9","1","A12","24.119124","120.672223","2"
"2019","3","18","7","54","臺中市","沙鹿區","0","1","6","1","5","40","3","1","1","4","4","5","7","4","4","10","5","5","1","13","23","2","9","1","1","C03","7","9","1","10","2","11","","23","23","1","21","8","C03","24.244652","120.612985","2"
"2019","3","18","7","55","臺中市","西屯區","0","0","8","","","50","","","","","","","","","","","","","","","","","","","","B03","","","1","","2","","","7","","1","22","","B03","24.183023","120.604076","3"
"2019","3","18","7","56","臺中市","北屯區","0","0","7","1","5","50","14","9","1","5","4","5","7","4","4","1","3","5","2","13","23","3","9","1","1","B03","7","9","1","8","2","1","","23","23","1","21","8","B03","24.186843","120.66348","3"
"2019","3","18","7","58","臺中市","南區","0","2","8","1","5","40","4","1","1","5","4","5","7","4","4","10","5","5","2","15","6","2","9","1","1","C03","7","9","1","10","2","11","","6","6","1","21","8","C03","24.125094","120.670844","2"
"2019","3","18","8","0","臺中市","霧峰區","0","1","8","1","5","40","3","2","1","5","4","5","7","1","1","10","5","5","2","17","42","3","10","1","1","B03","7","5","1","8","2","15","","42","42","1","12","8","B03","24.063869","120.674106","2"
"2019","3","18","8","0","臺中市","清水區","0","1","6","1","5","40","14","8","1","4","4","5","7","4","4","1","4","4","1","17","23","2","9","1","1","C03","7","9","3","18","2","12","","23","23","1","22","8","C03","24.309656","120.599975","2"
"2019","3","18","8","5","臺中市","北屯區","0","1","8","1","5","50","4","2","1","5","4","5","7","1","1","9","5","5","2","13","16","3","10","1","1","B03","7","9","1","8","2","5","","16","16","1","22","8","B03","24.20135","120.68989","2"
"2019","3","18","8","5","臺中市","后里區","0","1","6","2","5","50","14","12","1","4","4","3","7","4","4","1","4","4","1","13","16","2","9","1","1","C03","7","9","1","10","2","11","","16","16","1","21","8","C03","24.314432","120.723922","2"
"2019","3","18","8","6","臺中市","大雅區","0","2","7","1","5","40","3","2","1","5","4","5","7","4","4","5","5","4","2","16","19","2","9","1","1","C03","7","1","1","10","2","11","","19","19","1","22","8","C03","24.225797","120.64687","2"
"2019","3","18","8","11","臺中市","太平區","0","0","8","","","50","","","","","","","","","","","","","","","","","","","","B03","","","1","","2","","","23","","1","9","","B03","24.135462","120.732581","3"
"2019","3","18","8","13","臺中市","南區","0","2","7","1","5","50","4","1","1","5","4","5","7","2","1","10","5","5","2","16","25","2","8","1","1","C03","7","9","1","10","2","14","","25","25","1","18","8","C03","24.13044","120.673356","2"
"2019","3","18","8","14","臺中市","北區","0","0","8","","","50","","","","","","","","","","","","","","","","","","","","B03","","","1","","2","","","6","","1","","","B03","24.159207","120.676266","3"
"2019","3","18","8","14","臺中市","北屯區","0","0","8","","","40","","","","","","","","","","","","","","","","","","","","B03","","","1","","2","","","19","","1","19","","B03","24.184","120.6944","3"
"2019","3","18","8","18","臺中市","西屯區","0","0","8","1","5","50","4","1","1","5","4","5","7","1","1","10","5","5","2","16","7","3","10","3","4","B03","7","9","1","8","2","7","","44","7","1","22","9","B03","24.17846","120.625018","3"
"2019","3","18","8","25","臺中市","潭子區","0","0","8","","","80","","","","","","","","","","","","","","","","","","","","B12","","","1","","2","","","42","","1","","","B12","24.200997","120.696875","3"
"2019","3","18","8","25","臺中市","潭子區","0","0","8","","","50","","","","","","","","","","","","","","","","","","","","B03","","","1","","2","","","9","","1","22","","B03","24.189605","120.702286","3"
"2019","3","18","8","29","臺中市","西區","0","0","8","","","40","","","","","","","","","","","","","","","","","","","","B02","","","1","","11","","","23","","2","22","","B02","24.150973","120.674635","3"
"2019","3","18","8","31","臺中市","西區","0","0","8","","","50","","","","","","","","","","","","","","","","3","","","","B03","","","1","","2","","","23","","","21","","B03","24.129127","120.666618","4"
"2019","3","18","8","31","臺中市","北屯區","0","1","8","1","5","50","4","1","1","5","4","5","7","1","1","10","5","5","2","16","9","3","10","1","1","B03","7","6","1","8","2","6","","9","9","1","21","8","B03","24.1822","120.70201","2"
"2019","3","18","8","37","臺中市","烏日區","0","1","8","1","5","50","4","1","1","5","4","5","7","2","1","10","5","5","2","16","9","3","10","1","1","C02","7","6","1","9","2","12","","9","9","1","21","8","C02","24.085893","120.648148","2"
"2019","3","18","8","38","臺中市","東區","0","0","8","","","50","","","","","","","","","","","","","","","","","","","","A05","","","1","","2","","","23","","1","","","A05","24.125008","120.683737","3"
"2019","3","18","8","40","臺中市","西屯區","0","0","8","","","50","","","","","","","","","","","","","","","","","","","","B03","","","1","","2","","","42","","1","","","B03","24.196359","120.64788","3"
"2019","3","18","8","46","臺中市","后里區","0","1","8","1","5","50","3","2","1","5","4","5","7","4","4","1","4","5","1","16","9","3","10","1","1","B03","7","6","1","8","2","2","","9","9","1","19","8","B03","24.290981","120.676891","2"
"2019","3","18","8","52","臺中市","北屯區","0","0","8","","","50","","","","","","","","","","","","","","","","","","","","C03","","","1","","2","","","6","","1","22","","C03","24.181517","120.665706","3"
"2019","3","18","8","52","臺中市","北屯區","0","0","8","1","6","50","4","1","1","5","4","5","7","1","1","1","3","5","2","12","26","3","10","1","1","B12","7","8","1","8","2","5","","26","26","1","21","8","B12","24.186935","120.663483","3"
"2019","3","18","8","55","臺中市","東區","0","0","","","","","","","","","","","","","","","","","","","","","","","","","","","8","","10","","","42","","1","","","","24.125869","120.70276","3"
"2019","3","18","9","3","臺中市","西屯區","0","0","8","","","50","","","","","","","","","","","","","","","","","","","","B03","","","1","","11","","","17","","1","22","","B03","24.157698","120.650248","3"
"2019","3","18","9","5","臺中市","西區","0","0","8","","","50","","","","","","","","","","","","","","","","","","","","B03","","","1","","2","","","23","","1","22","","B03","24.136431","120.657378","3"
"2019","3","18","9","6","臺中市","龍井區","0","1","8","1","5","50","3","1","1","5","4","5","7","4","4","10","5","5","2","16","1","3","10","3","4","C03","7","4","1","10","2","13","","1","1","1","22","8","C03","24.188955","120.589083","2"
"2019","3","18","9","13","臺中市","南區","0","1","8","1","5","40","4","1","1","5","4","3","5","4","4","10","5","5","2","8","23","3","10","1","1","C04","7","6","1","8","2","11","","23","23","1","20","8","C04","24.123651","120.668098","2"
"2019","3","18","9","27","臺中市","西屯區","0","0","8","","","40","","","","","","","","","","","","","","","","","","","","B11","","","1","","2","","","16","","1","","","B11","24.170672","120.632278","3"
"2019","3","18","9","27","臺中市","大里區","0","2","8","1","5","40","4","1","1","5","4","5","7","1","1","10","5","5","2","17","43","2","8","1","1","C03","7","9","1","10","2","12","","43","43","1","21","5","C03","24.094563","120.687889","2"
"2019","3","18","9","33","臺中市","北區","0","1","8","1","5","50","4","1","1","5","4","5","7","4","4","10","5","5","2","15","6","2","9","1","1","C03","7","9","1","10","2","12","","6","6","1","21","8","C03","24.156712","120.695978","2"
"2019","3","18","9","34","臺中市","北區","","","8","","","50","","","","","","","","","","","","","","","","","","","","B03","","","1","","2","","","23","","1","22","","B03","24.15753","120.678352","3"
"2019","3","18","9","37","臺中市","中區","0","1","8","1","5","50","14","7","1","5","4","5","7","4","4","5","4","4","2","17","23","2","9","1","1","C03","7","9","1","4","2","12","","23","23","1","5","1","C03","24.144216","120.681288","2"
"2019","3","18","9","38","臺中市","西屯區","0","0","8","","","50","","","","","","","","","","","","","","","","","","","","B12","","","1","","2","","","23","","1","","","B12","24.196337","120.647886","3"
"2019","3","18","9","46","臺中市","大雅區","0","1","7","1","5","50","3","2","1","5","4","5","7","1","1","1","4","4","1","16","6","3","10","1","1","B12","7","6","1","8","2","2","","6","6","1","22","8","B12","24.229101","120.642208","2"
"2019","3","18","9","50","臺中市","北屯區","0","1","8","1","5","40","4","1","1","5","4","5","7","4","4","10","5","5","2","15","6","2","9","1","1","C03","7","9","1","10","2","12","11","6","6","1","18","8","C03","24.185866","120.701191","2"
"2019","3","18","9","50","臺中市","大雅區","0","0","8","1","5","50","3","1","1","5","4","5","7","1","1","10","4","5","1","13","16","3","10","1","1","B03","7","9","3","18","2","1","","16","16","1","22","9","B03","24.213332","120.649738","4"
"2019","3","18","9","55","臺中市","北屯區","0","0","8","","","80","","","","","","","","","","","","","","","","","","","","B03","","","1","","2","","","23","","1","4","","B03","24.1712","120.721","3"
"2019","3","18","10","2","臺中市","北屯區","0","0","8","","","50","","","","","","","","","","","","","","","","","","","","B03","","","1","","2","","","1","","1","22","","B03","24.174056","120.721073","3"
"2019","3","18","10","7","臺中市","神岡區","0","2","8","1","5","50","14","7","1","5","4","5","7","4","4","9","5","4","2","16","6","2","8","1","1","C03","7","5","1","10","2","14","","6","6","1","22","9","C03","24.257653","120.661366","2"
"2019","3","18","10","22","臺中市","烏日區","0","0","8","","","60","","","","","","","","","","","","","","","","","","","","B12","","","1","","2","","","23","","1","21","","B12","24.09012","120.652948","3"
"2019","3","18","10","27","臺中市","大肚區","0","2","8","1","5","40","4","1","1","5","4","5","7","4","4","10","5","5","2","15","6","2","1","1","1","B03","7","9","1","8","2","8","","6","6","1","5","8","B03","24.148346","120.549896","2"
"2019","3","18","10","43","臺中市","西屯區","","","8","","","40","","","","","","","","","","","","","","","","","","","","B12","","","1","","2","","","42","","1","22","","B12","24.163511","120.628936","3"
"2019","3","18","10","45","臺中市","北區","0","0","8","","","50","","","","","","","","","","","","","","","","","","","","C03","","","1","","2","","","42","","1","","","C03","24.156513","120.679011","3"
"2019","3","18","11","4","臺中市","大里區","0","0","8","","","40","","","","","","","","","","","","","","","","","","","","B03","","","1","","2","","","6","","1","22","","B03","24.115615","120.680499","3"
"2019","3","18","11","4","臺中市","大肚區","0","0","","","","","","","","","","","","","","","","","","","","","","","","C03","","","1","","2","","","23","","1","20","","C03","24.173381","120.530681","3"
"2019","3","18","11","6","臺中市","太平區","0","1","8","1","5","50","4","9","1","5","4","5","7","4","4","5","4","5","2","12","17","3","10","1","1","B01","7","9","1","2","3","2","","17","17","1","21","1","B01","24.154713","120.71012","2"
"2019","3","18","11","12","臺中市","北區","0","1","8","1","5","50","4","18","1","5","4","5","7","2","1","8","3","4","2","3","15","3","10","1","1","B12","7","5","1","8","2","1","","15","15","1","9","8","B12","24.159149","120.68094","2"
"2019","3","18","11","14","臺中市","北區","0","1","8","1","5","50","3","1","1","5","4","5","7","4","4","10","5","5","2","16","6","2","9","1","1","C03","7","5","1","10","2","14","","6","6","1","21","8","C03","24.154439","120.669757","2"
"2019","3","18","11","15","臺中市","大里區","0","1","8","1","5","50","14","9","1","5","4","5","7","4","4","5","2","5","1","12","17","3","10","1","1","B01","7","9","1","4","2","5","","17","17","1","10","8","B01","24.111479","120.67931","2"
"2019","3","18","11","20","臺中市","潭子區","0","1","7","1","5","40","14","9","1","5","4","5","7","4","4","9","5","4","1","13","16","2","9","1","1","C03","7","9","1","10","2","11","","16","16","1","22","8","C03","24.204286","120.695908","2"
"2019","3","18","11","23","臺中市","東區","0","2","8","1","5","40","4","1","1","5","4","5","7","4","4","5","5","4","2","3","53","2","8","4","5","H01","8","18","8","20","10","16","","53","53","1","22","8","H01","24.132636","120.689185","2"
"2019","3","18","11","29","臺中市","北屯區","0","2","7","1","5","50","4","1","1","5","3","5","7","1","1","4","3","5","2","12","23","2","9","1","1","C03","7","9","1","10","2","14","","44","23","1","21","8","C03","24.162813","120.719758","2"
"2019","3","18","11","38","臺中市","神岡區","0","0","8","","","40","","","","","","","","","","","","","","","17","","","","","A41","","","1","","2","","","17","17","1","","","A41","24.239241","120.687988","3"
"2019","3","18","11","43","臺中市","太平區","0","0","8","","","40","","","","","","","","","","","","","","","","","","","","B12","","","1","","2","","","23","","1","21","","B12","24.133636","120.71233","3"
"2019","3","18","11","45","臺中市","南區","0","1","8","1","5","50","14","8","1","5","4","5","7","4","4","1","4","4","2","17","23","2","7","1","1","C03","7","9","1","10","9","12","","23","23","1","4","8","C03","24.120321","120.661958","2"
"2019","3","18","11","49","臺中市","西屯區","0","0","8","","","40","","","","","","","","","","","","","","","","","","","","B01","","","1","","2","","","42","","1","","","B01","24.170642","120.63756","3"
"2019","3","18","12","15","臺中市","西屯區","0","0","","","","","","","","","","","","","","","","","","","43","","","","","","","","7","","9","","","43","43","1","","","","24.179583","120.619083","3"
"2019","3","18","12","15","臺中市","清水區","0","0","","","","70","","","","","","","","","","","","","","","","","","","","B03","","","1","","2","","","8","","1","5","","B03","24.26434","120.563378","3"
"2019","3","18","12","18","臺中市","中區","0","2","8","1","5","50","4","1","1","5","4","5","7","1","1","10","5","5","2","13","16","2","9","1","1","C04","7","9","1","9","2","11","","16","16","1","21","5","C04","24.140226","120.677307","2"
"2019","3","18","12","20","臺中市","太平區","0","1","7","1","5","50","4","1","1","5","4","5","7","2","1","10","5","5","2","16","19","2","5","1","1","C03","7","1","1","11","2","12","","19","19","1","5","7","C03","24.149841","120.711629","2"
"2019","3","18","12","26","臺中市","北區","0","0","8","1","5","50","3","9","1","5","4","5","7","4","4","8","3","5","2","11","","","","","","B02","","","1","","2","","","17","","1","5","","B02","24.155244","120.683764","3"
"2019","3","18","12","34","臺中市","大里區","0","3","8","1","5","50","3","2","1","5","4","5","7","4","4","9","4","4","1","12","23","2","9","1","1","C03","7","6","1","10","2","11","","23","23","1","22","9","C03","24.094948","120.686914","2"
"2019","3","18","12","37","臺中市","北屯區","0","0","8","","","50","","","","","","","","","","","","","","","7","","","","","B12","","","1","","2","","","7","7","1","9","","B12","24.1686","120.6925","3"
"2019","3","18","12","45","臺中市","梧棲區","0","0","8","","","40","","","","","","","","","","","","","","","","","","","","B11","","","1","","2","","","23","","1","10","","B11","24.256676","120.527713","3"
"2019","3","18","12","50","臺中市","南屯區","0","3","8","1","5","50","4","1","1","5","4","5","7","1","1","10","5","5","2","15","25","2","8","1","1","C03","7","9","1","10","2","11","","25","25","1","22","9","C03","24.136724","120.654575","2"
"2019","3","18","13","0","臺中市","北屯區","0","0","8","","","50","","","","","","","","","","","","","","","","","","","","B12","","","1","","2","","","42","","1","5","","B12","24.165751","120.694554","3"
"2019","3","18","13","10","臺中市","大里區","0","2","8","1","5","40","11","9","1","5","4","5","1","4","4","10","5","5","2","17","5","2","8","1","1","F03","7","5","8","20","2","16","","5","5","1","21","8","F03","24.087383","120.712885","2"
"2019","3","18","13","17","臺中市","南區","0","0","8","","","50","","","","","","","","","","","","","","","42","3","","","","B03","","","1","","2","","","42","42","","9","","B03","24.121106","120.649873","3"
"2019","3","18","13","21","臺中市","南區","0","1","8","1","5","50","5","1","1","5","4","5","7","1","1","10","5","5","2","16","43","3","10","1","1","B03","7","5","1","8","2","6","","43","43","1","21","8","B03","24.124313","120.660133","2"
"2019","3","18","13","23","臺中市","西屯區","0","1","8","1","5","40","3","1","1","5","4","5","7","2","1","10","5","5","2","12","9","3","10","3","4","B03","7","6","1","8","2","5","","9","9","2","19","9","B03","24.180885","120.619381","2"
"2019","3","18","13","27","臺中市","北區","0","1","8","1","5","50","4","1","1","5","4","5","7","1","1","10","5","5","2","12","6","3","10","1","1","B12","7","6","1","8","2","5","","6","6","1","21","8","B12","24.165384","120.680528","2"
"2019","3","18","13","27","臺中市","南區","0","1","8","1","5","40","4","1","1","5","4","5","7","3","1","10","5","5","2","16","6","2","9","1","1","C03","7","5","3","18","2","11","","6","6","1","5","8","C03","24.132203","120.677654","2"
"2019","3","18","13","35","臺中市","大甲區","0","0","8","1","5","50","4","1","1","5","4","5","7","3","1","10","5","5","2","16","","","","","","B03","","","1","","2","","","6","","1","9","","B03","24.371171","120.630601","3"
"2019","3","18","13","45","臺中市","北屯區","0","1","8","1","5","50","3","1","1","5","4","5","7","4","4","10","5","5","2","27","66","","","","","","","","","","","","","66","66","1","","","","24.166556","120.724056","2"
"2019","3","18","13","53","臺中市","北屯區","0","1","8","1","5","50","4","1","1","5","4","5","7","1","1","10","5","5","2","12","9","3","10","3","4","B12","7","6","1","8","2","5","","9","9","1","21","8","B12","24.175416","120.688555","2"
"2019","3","18","13","59","臺中市","神岡區","0","0","8","","","50","","","","","","","","","","","","","","","23","","","","","B03","","","1","","2","","","23","23","1","21","","B03","24.256474","120.670678","3"
"2019","3","18","14","1","臺中市","西區","0","1","8","1","5","50","4","1","1","5","4","5","7","4","4","10","5","5","2","16","6","3","10","1","1","B03","7","6","1","8","2","2","","6","6","1","21","8","B03","24.155586","120.65614","2"
"2019","3","18","14","5","臺中市","南區","0","1","8","1","5","50","4","1","1","5","4","5","7","4","4","10","5","5","2","16","6","2","8","1","1","C03","7","5","1","10","2","11","","6","6","1","4","8","C03","24.126575","120.662876","2"
"2019","3","18","14","5","臺中市","潭子區","0","2","8","1","5","50","14","9","1","5","4","5","7","1","1","5","4","5","1","13","23","2","9","1","1","C03","7","9","1","10","2","11","","23","23","1","22","8","C03","24.193722","120.719807","2"
"2019","3","18","14","6","臺中市","西區","0","4","8","1","5","40","3","1","1","5","4","5","7","4","4","10","5","5","2","15","6","2","8","1","1","C03","7","9","1","10","2","14","","6","6","1","21","8","C03","24.138247","120.660182","2"
"2019","3","18","14","10","臺中市","西區","0","0","8","","","50","","","","","","","","","","","","","","","","","","","","B03","","","1","","2","","","23","","1","22","","B03","24.137466","120.681353","3"
"2019","3","18","14","15","臺中市","梧棲區","0","0","8","","","50","","","","","","","","","","","","","","","","","","","","A04","","","1","","2","","","10","","1","10","","A04","24.254229","120.530311","3"
"2019","3","18","14","30","臺中市","西區","0","0","8","","","50","","","","","","","","","","","","","","","","","","","","","","","7","","11","","","43","","1","","","","24.138219","120.67478","3"
"2019","3","18","14","30","臺中市","沙鹿區","0","1","8","1","5","50","3","1","1","5","4","5","7","4","4","10","5","5","2","16","10","3","10","1","1","B03","7","11","1","8","2","8","","10","10","1","22","9","B03","24.2237","120.579068","2"
"2019","3","18","14","37","臺中市","北屯區","1","0","8","1","5","50","4","1","1","5","4","5","7","1","1","10","5","5","2","15","25","1","9","1","4","C03","7","9","1","10","11","11","","25","25","1","20","8","C03","24.1723","120.6834","1"
"2019","3","18","14","38","臺中市","龍井區","0","0","8","","","60","","","","","","","","","","","","","","","","","","","","A41","","","1","","2","","","23","","1","","","A41","24.125403","120.542678","3"
"2019","3","18","14","40","臺中市","北屯區","0","0","8","","","50","","","","","","","","","","","","","","","","","","","","B03","","","1","","11","","","12","","1","22","","B03","24.170527","120.733452","3"
"2019","3","18","14","43","臺中市","北區","0","1","8","1","5","50","4","1","1","5","3","5","7","2","1","8","3","4","2","15","25","3","10","1","1","B12","7","9","1","7","2","4","","25","25","1","5","8","B12","24.152874","120.681284","2"
"2019","3","18","14","54","臺中市","潭子區","0","0","8","","","50","","","","","","","","","","","","","","","","","","","","B12","","","1","","2","","","23","","1","22","","B12","24.200823","120.691419","3"
"2019","3","18","14","55","臺中市","太平區","0","0","8","","","40","","","","","","","","","","","","","","","","","","","","B12","","","1","","2","","","23","","1","21","","B12","24.140605","120.717114","3"
"2019","3","18","14","56","臺中市","北屯區","0","1","8","1","5","50","14","7","1","5","4","5","7","4","4","1","4","4","2","13","7","2","9","1","1","C03","7","7","1","10","2","11","12","7","7","1","5","8","C03","24.16638","120.695026","2"
"2019","3","18","14","58","臺中市","北區","0","0","8","","","50","","","","","","","","","","","","","","","","","","","","B12","","","1","","2","","","42","","1","","","B12","24.163678","120.661074","3"
"2019","3","18","15","1","臺中市","大雅區","0","2","8","1","5","50","14","8","1","5","4","5","7","3","1","3","4","4","1","17","23","2","9","1","1","C03","7","9","1","10","2","11","","23","23","1","21","8","C03","24.21964","120.66056","2"
"2019","3","18","15","3","臺中市","西屯區","0","1","8","1","5","50","3","1","1","5","4","5","7","1","1","5","4","4","2","13","23","3","10","3","4","B03","7","5","1","8","2","1","","23","23","1","21","8","B03","24.175297","120.59049","2"
"2019","3","18","15","5","臺中市","西屯區","0","1","8","1","5","50","4","2","1","5","4","5","7","4","4","5","4","4","2","17","4","3","10","1","1","C03","7","11","1","10","2","15","","4","4","1","21","8","C03","24.168738","120.656041","2"
"2019","3","18","15","13","臺中市","南屯區","0","0","8","","","50","","","","","","","","","","","","","","","","","","","","B12","","","1","","2","","","23","","1","","","B12","24.152638","120.620616","3"
"2019","3","18","15","18","臺中市","南區","0","0","8","","","50","","","","","","","","","","","","","","","16","3","","","","B03","","","1","","2","","","16","16","","5","","B03","24.127886","120.678483","3"
"2019","3","18","15","20","臺中市","西屯區","0","0","8","","","50","","","","","","","","","","","","","","","12","","","","","B03","","","1","","2","","","12","12","1","22","","B03","24.187458","120.620447","3"
"2019","3","18","15","20","臺中市","清水區","0","0","8","","","50","","","","","","","","","","","","","","","","","","","","B12","","","1","","2","","","12","","1","","","B12","24.268368","120.567208","3"
"2019","3","18","15","21","臺中市","北屯區","0","1","8","1","5","50","4","1","1","5","2","5","7","1","1","10","5","5","2","18","23","2","9","3","4","C03","7","6","1","10","2","11","","23","23","1","21","8","C03","24.200409","120.670986","2"
"2019","3","18","15","27","臺中市","西區","0","1","8","1","5","50","5","1","1","5","4","5","7","1","1","5","5","4","2","16","19","3","10","1","1","B03","7","1","1","8","2","8","","19","19","1","22","8","B03","24.153528","120.670419","2"
"2019","3","18","15","30","臺中市","太平區","0","1","8","1","5","50","14","9","1","5","4","5","7","4","4","5","4","5","2","6","53","2","9","4","5","H01","8","18","8","20","10","16","","53","53","1","13","8","H01","24.148518","120.718304","2"
"2019","3","18","15","35","臺中市","南屯區","0","0","8","","","50","","","","","","","","","","","","","","","","","","","","C03","","","1","","9","","","42","","2","22","","C03","24.139908","120.64487","3"
"2019","3","18","15","40","臺中市","北屯區","0","0","8","","","50","","","","","","","","","","","","","","","19","","","","","C03","","","1","","2","","","19","19","1","4","","C03","24.18281","120.698155","3"
"2019","3","18","15","45","臺中市","太平區","0","1","8","1","5","40","3","2","1","5","4","5","7","4","4","5","5","4","2","16","19","2","8","1","1","C03","7","1","1","11","2","14","","19","19","1","5","8","C03","24.149774","120.71255","2"
"2019","3","18","15","45","臺中市","烏日區","0","0","8","","","50","","","","","","","","","","","","","","","","","","","","B12","","","1","","2","","","25","","1","22","","B12","24.085846","120.64416","3"
"2019","3","18","15","50","臺中市","東區","0","0","8","1","5","50","4","1","1","5","4","5","7","1","1","10","5","5","2","13","12","3","10","1","1","B03","7","2","1","8","2","3","","12","12","1","22","8","B03","24.126488","120.690468","3"
"2019","3","18","15","53","臺中市","沙鹿區","0","0","8","","","50","","","","","","","","","","","","","","","23","","","","","B03","","","1","","2","","","23","23","","","","B03","24.206042","120.567891","3"
"2019","3","18","16","0","臺中市","西屯區","0","0","8","","","40","","","","","","","","","","","","","","","","","","","","B03","","","1","","2","","","23","","1","21","","B03","24.19891","120.66109","3"
"2019","3","18","16","1","臺中市","西屯區","0","0","8","","","40","","","","","","","","","","","","","","","23","","","","","B03","","","1","","2","","","23","23","1","","","B03","24.172482","120.63827","3"
"2019","3","18","16","5","臺中市","龍井區","0","1","8","1","5","40","4","1","1","5","4","5","7","4","4","10","5","5","2","15","6","2","9","1","1","C03","7","9","1","10","2","12","","6","6","1","4","1","C03","24.190256","120.53555","2"
"2019","3","18","16","7","臺中市","西屯區","0","0","8","","","50","","","","","","","","","","","","","","","","","","","","B11","","","1","","2","","","12","","2","10","","B11","24.16236","120.634085","3"
"2019","3","18","16","29","臺中市","北屯區","0","1","8","1","5","50","4","1","1","5","4","5","7","4","4","10","5","5","2","15","14","2","8","1","1","C03","7","9","1","10","2","13","","14","14","1","21","8","C03","24.174749","120.678389","2"
"2019","3","18","16","29","臺中市","大里區","0","1","8","1","5","50","14","9","1","5","4","5","7","4","4","5","4","5","2","16","1","3","10","1","1","B01","7","4","1","4","2","1","","1","1","1","10","8","B01","24.105098","120.703515","2"
"2019","3","18","16","34","臺中市","南區","0","0","8","","","50","","","","","","","","","","","","","","","","","","","","B12","","","1","","2","","","42","","1","22","","B12","24.131125","120.678591","3"
"2019","3","18","16","35","臺中市","東勢區","0","0","8","1","5","40","14","9","1","5","4","5","7","4","","8","3","5","1","10","60","3","10","1","1","B03","7","9","1","8","2","5","","60","60","1","22","8","B03","24.285323","120.788903","3"
"2019","3","18","16","37","臺中市","北屯區","0","0","8","1","5","50","14","9","1","5","4","5","7","4","4","4","3","5","2","13","42","3","10","1","1","B03","7","9","1","8","2","1","","42","42","1","21","8","B03","24.164984","120.696114","3"
"2019","3","18","16","48","臺中市","龍井區","0","0","","","","","","","","","","","","","","","","","","","","","","","","","","","7","","11","","","1","","1","","","","24.183851","120.574201","3"
"2019","3","18","16","50","臺中市","大雅區","0","0","","","","","","","","","","","","","","","","","","","","","","","","B03","","","1","","2","","","12","","1","","","B03","24.232183","120.664468","3"
"2019","3","18","16","55","臺中市","潭子區","0","1","8","2","5","50","4","1","1","5","4","5","7","4","4","10","5","5","2","16","6","2","8","1","1","C03","7","5","1","10","2","14","","6","6","1","22","8","C03","24.203209","120.709526","2"
"2019","3","18","17","0","臺中市","北屯區","0","1","8","1","5","40","3","1","1","5","4","5","7","4","4","10","5","5","2","16","6","3","10","1","1","B03","7","5","1","8","2","1","","6","6","1","5","8","B03","24.178466","120.690748","2"
"2019","3","18","17","0","臺中市","烏日區","0","1","8","1","5","40","14","8","1","5","4","5","7","4","4","1","4","1","1","18","23","2","9","1","1","C03","7","9","1","10","2","12","","23","23","1","21","8","C03","24.09163","120.649586","2"
"2019","3","18","17","5","臺中市","梧棲區","0","0","8","","","50","","","","","","","","","","","","","","","","","","","","B03","","","1","","2","","","43","","1","2","","B03","24.258715","120.532236","3"
"2019","3","18","17","7","臺中市","西屯區","0","1","8","2","5","50","4","1","1","5","4","5","7","2","1","10","5","5","2","16","8","3","10","1","1","B03","7","5","1","8","2","8","","8","8","1","21","8","B03","24.185098","120.64456","2"
"2019","3","18","17","12","臺中市","龍井區","0","0","8","","","70","","","","","","","","","","","","","","","","","","","","C03","","","1","","2","","","43","","1","","","C03","24.218611","120.542222","3"
"2019","3","18","17","13","臺中市","烏日區","0","0","8","","","40","","","","","","","","","","","","","","","","","","","","A11","","","1","","2","","","12","","1","10","","A11","24.058523","120.659267","3"