"年","月","日","時","分","縣市","區","死","受傷","天候","光線","道路類別","速限","道路型態","事故位置","路面鋪裝","路面狀態","路面缺陷","障礙物","視距","號誌種類","號誌動作","分向設施","快車道或一般車道間","快慢車道間","路面邊線","事故類型及型態","主要肇因","受傷程度","主要傷處","保護裝備","行動電話","當事者區分","車輛用途","當事者行動狀態","駕駛資格情形","駕駛執照種類","飲酒情形","車輛撞擊部位最初","車輛撞擊部位其他","肇事因素個別","肇事因素主要","肇事逃逸","職業","旅次目的","車種","GPS座標緯度","GPS座標經度","事故類別"
"2019","3","18","17","15","臺中市","北區","0","0","8","","","50","","","","","","","","","","","","","","","","3","","","","B03","","","1","","2","","","19","","1","22","","B03","24.157623","120.69195","3"
"2019","3","18","17","15","臺中市","南區","0","1","7","1","5","50","4","1","1","5","4","5","6","1","1","10","5","5","2","16","43","3","10","1","1","B12","6","6","1","8","2","6","","43","43","1","21","8","B12","24.120096","120.650323","2"
"2019","3","18","17","15","臺中市","沙鹿區","0","1","8","2","5","50","14","9","1","5","4","5","5","4","4","5","5","5","2","17","19","3","10","1","1","B03","7","1","1","8","2","8","","19","19","1","2","1","B03","24.230352","120.572666","2"
"2019","3","18","17","16","臺中市","北屯區","0","1","8","1","5","40","3","1","1","5","4","5","7","4","4","10","5","5","2","16","42","3","10","1","1","B03","7","8","1","8","2","2","","42","42","1","21","8","B03","24.176838","120.685933","2"
"2019","3","18","17","17","臺中市","神岡區","0","2","8","1","5","50","11","7","1","5","4","5","7","4","4","5","4","4","2","16","16","2","9","1","1","C03","7","9","1","10","2","13","","44","16","1","21","1","C03","24.247885","120.68046","2"
"2019","3","18","17","20","臺中市","潭子區","0","0","8","1","5","50","14","9","1","5","4","5","7","1","1","9","4","5","1","13","23","3","10","1","1","B12","7","9","1","8","2","1","","23","23","1","22","1","B12","24.215871","120.686137","3"
"2019","3","18","17","26","臺中市","北屯區","0","1","8","1","5","50","4","1","1","5","4","5","7","1","1","10","5","5","2","16","6","3","10","1","1","B03","7","6","1","8","2","2","","6","6","1","21","8","B03","24.165003","120.699446","2"
"2019","3","18","17","30","臺中市","南屯區","0","1","8","1","5","50","14","9","1","5","4","5","7","4","4","5","5","5","2","17","10","3","10","1","1","B03","7","11","1","8","2","8","8","10","10","1","3","7","B03","24.141109","120.633974","2"
"2019","3","18","17","30","臺中市","西屯區","0","0","8","1","5","50","14","7","1","5","4","5","7","1","1","10","4","4","2","16","17","3","10","3","4","B03","7","9","1","8","2","5","","17","17","1","22","9","B03","24.185326","120.639596","3"
"2019","3","18","17","30","臺中市","霧峰區","0","2","8","1","5","50","3","1","1","5","4","5","7","4","4","10","5","4","2","15","11","2","8","1","1","C03","7","11","1","10","2","11","","11","11","1","18","8","C03","24.067262","120.697273","2"
"2019","3","18","17","30","臺中市","大雅區","0","1","8","1","5","50","4","1","1","5","4","5","7","1","1","9","4","5","1","17","25","3","10","1","1","C03","7","9","1","10","2","13","","25","25","1","22","9","C03","24.217586","120.653251","2"
"2019","3","18","17","32","臺中市","大里區","0","2","8","1","5","50","3","1","1","5","4","5","7","1","1","10","5","5","2","16","8","2","9","1","1","C03","7","5","1","10","2","12","","8","8","1","11","1","C03","24.08944","120.694696","2"
"2019","3","18","17","32","臺中市","龍井區","0","2","8","2","5","50","14","9","1","5","4","5","7","4","4","10","5","5","1","3","51","2","8","4","1","H01","8","18","8","20","10","16","","51","51","1","13","2","H01","24.219166","120.541944","2"
"2019","3","18","17","36","臺中市","西屯區","0","0","8","1","5","50","14","9","1","5","4","5","7","4","4","8","3","5","1","17","","","","","","B03","","","1","","2","","","17","","1","22","","B03","24.185811","120.641468","3"
"2019","3","18","17","46","臺中市","西屯區","0","3","8","2","5","50","3","1","1","5","4","5","7","1","1","10","5","5","2","16","19","2","9","1","1","C03","7","1","1","10","2","14","","19","19","1","21","8","C03","24.162777","120.599413","2"
"2019","3","18","17","46","臺中市","沙鹿區","0","0","8","","","60","","","","","","","","","","","","","","","","","","","","B03","","","1","","2","","","42","","1","22","","B03","24.250107","120.589877","3"
"2019","3","18","17","55","臺中市","大里區","0","2","8","2","5","50","4","1","1","5","4","5","7","3","1","10","5","5","2","15","6","2","9","1","1","C03","7","9","1","10","2","14","","6","6","1","21","9","C03","24.118302","120.694538","2"
"2019","3","18","17","56","臺中市","南區","0","0","8","","","50","","","","","","","","","","","","","","","","","","","","B03","","","1","","2","","","23","","1","22","","B03","24.127996","120.674434","3"
"2019","3","18","17","59","臺中市","太平區","0","0","8","","","50","","","","","","","","","","","","","","","","","","","","B03","","","1","","2","","","23","","1","","","B03","24.159048","120.710845","3"
"2019","3","18","17","59","臺中市","神岡區","0","2","8","2","5","50","14","9","1","5","4","5","7","4","4","1","4","5","1","17","19","2","8","3","4","C03","7","1","1","10","2","14","","19","19","1","22","9","C03","24.246626","120.685835","2"
"2019","3","18","18","2","臺中市","潭子區","0","0","8","","","80","","","","","","","","","","","","","","","","","","","","B03","","","1","","2","","","23","","1","22","","B03","24.200862","120.701646","3"
"2019","3","18","18","3","臺中市","西屯區","0","0","8","","","50","","","","","","","","","","","","","","","19","","","","","B03","","","1","","2","","","23","19","1","","","B03","24.171405","120.644197","3"
"2019","3","18","18","7","臺中市","潭子區","0","0","8","","","60","","","","","","","","","","","","","","","","","","","","B03","","","3","","2","","","16","","1","","","B03","24.206315","120.704768","3"
"2019","3","18","18","21","臺中市","西區","0","1","8","3","5","50","3","1","1","5","4","5","7","1","1","10","5","5","2","12","42","3","10","1","1","C03","7","9","1","10","2","12","","42","42","1","21","8","C03","24.152566","120.657224","2"
"2019","3","18","18","22","臺中市","大里區","0","0","8","","","50","","","","","","","","","","","","","","","","","","","","B03","","","1","","2","","","23","","1","4","","B03","24.111267","120.695623","3"
"2019","3","18","18","25","臺中市","西屯區","0","0","8","","","50","","","","","","","","","","","","","","","23","","","","","B03","","","1","","2","","","23","23","1","","","B03","24.187348","120.619441","3"
"2019","3","18","18","25","臺中市","大安區","0","0","8","","","50","","","","","","","","","","","","","","","","","","","","B03","","","1","","2","","","43","","1","20","","B03","24.386173","120.593601","3"
"2019","3","18","18","28","臺中市","東區","0","1","8","3","5","50","3","1","1","5","4","5","7","4","4","10","5","5","2","12","1","3","10","4","5","F03","7","4","8","20","2","16","","1","1","1","22","8","F03","24.13604","120.686631","2"
"2019","3","18","18","28","臺中市","霧峰區","0","0","8","","","50","","","","","","","","","","","","","","","","","","","","B03","","","1","","2","","","3","","1","21","","B03","24.043466","120.691891","3"
"2019","3","18","18","32","臺中市","北區","0","0","8","","","50","","","","","","","","","","","","","","","","3","","","","B03","","","1","","2","","","42","","1","22","","B03","24.164798","120.67157","3"
"2019","3","18","18","35","臺中市","大雅區","0","1","8","3","5","50","4","1","1","5","4","5","7","1","1","10","5","5","2","21","23","2","9","1","1","B12","7","9","1","8","2","1","","23","23","1","22","1","B12","24.219928","120.660001","2"
"2019","3","18","18","39","臺中市","北屯區","0","2","8","1","5","50","3","1","1","5","4","5","7","4","4","10","5","5","2","15","19","2","8","1","1","C04","7","1","1","10","2","14","","19","19","1","21","8","C04","24.169562","120.703509","2"
"2019","3","18","18","40","臺中市","龍井區","0","1","7","3","5","50","14","9","1","5","4","5","7","4","4","9","5","5","1","13","16","2","7","1","1","C03","7","9","3","18","2","11","","16","16","1","19","8","C03","24.18798","120.58644","2"
"2019","3","18","18","41","臺中市","梧棲區","0","0","8","","","50","","","","","","","","","","","","","","","","","","","","B03","","","1","","2","","","17","","1","2","","B03","24.246832","120.540084","3"
"2019","3","18","18","43","臺中市","西區","0","1","8","3","5","50","4","1","1","5","4","5","7","1","1","10","5","5","2","16","6","3","10","1","1","B03","7","5","1","8","2","5","","6","6","1","23","8","B03","24.136503","120.667113","2"
"2019","3","18","18","45","臺中市","北屯區","0","1","8","3","5","50","4","19","1","5","4","5","7","1","1","10","5","5","2","3","51","2","9","4","5","H01","8","16","8","20","10","16","","51","51","1","21","8","H01","24.1691","120.689506","2"
"2019","3","18","18","45","臺中市","霧峰區","0","1","8","3","5","50","3","1","1","5","4","5","7","4","4","10","5","5","2","16","6","3","10","1","1","C03","7","5","1","10","2","12","","6","6","1","5","5","C03","24.068038","120.699873","2"
"2019","3","18","18","45","臺中市","烏日區","0","1","8","3","5","70","4","2","1","5","4","5","7","2","1","1","4","4","1","13","7","3","10","1","1","B03","7","8","1","8","2","6","","7","7","1","21","8","B03","24.113801","120.590344","2"
"2019","3","18","18","47","臺中市","西屯區","0","0","8","","","50","","","","","","","","","","","","","","","26","","","","","B03","","","1","","2","","","26","26","1","22","","B03","24.171413","120.660795","3"
"2019","3","18","18","50","臺中市","南區","0","0","8","","","50","","","","","","","","","","","","","","","","","","","","B03","","","1","","2","","","23","","1","22","","B03","24.128077","120.667901","3"
"2019","3","18","18","52","臺中市","西區","0","1","8","3","5","50","3","2","1","5","4","5","7","1","1","3","2","4","2","13","23","3","10","1","1","C03","7","9","1","10","2","11","","23","23","1","21","8","C03","24.155904","120.658994","2"
"2019","3","18","18","53","臺中市","大甲區","0","1","8","3","5","50","11","13","1","5","4","5","7","4","4","4","3","5","1","29","43","2","9","1","1","C03","7","9","1","10","2","11","12","43","43","1","21","8","C03","24.388021","120.655851","2"
"2019","3","18","18","55","臺中市","太平區","0","2","8","3","5","50","14","9","1","5","4","5","7","4","4","5","2","5","2","9","51","2","9","4","5","H01","8","18","8","20","10","16","","51","51","1","5","8","H01","24.148136","120.702953","2"
"2019","3","18","18","58","臺中市","南區","0","2","8","1","5","50","14","8","1","5","4","5","7","4","4","1","4","4","2","12","7","2","8","1","1","C03","7","8","1","10","2","13","","7","7","1","4","8","C03","24.11643","120.670171","2"
"2019","3","18","18","59","臺中市","霧峰區","0","0","8","","","50","","","","","","","","","","","","","","","","","","","","B03","","","1","","2","","","19","","1","21","","B03","24.066012","120.694216","3"
"2019","3","18","19","0","臺中市","北屯區","0","1","8","3","5","50","4","1","1","5","4","5","7","1","1","10","5","5","2","16","23","3","10","1","1","B03","7","5","1","8","2","4","","23","23","1","21","8","B03","24.169601","120.705938","2"
"2019","3","18","19","0","臺中市","霧峰區","0","1","8","3","5","50","14","9","1","5","4","5","7","4","4","3","4","5","1","13","13","2","9","1","1","C03","7","9","1","10","2","11","","13","13","1","21","8","C03","24.076305","120.699523","2"
"2019","3","18","19","5","臺中市","太平區","0","0","8","","","40","","","","","","","","","","","","","","","","","","","","C03","","","1","","2","","","6","","1","","","C03","24.133469","120.7209","3"
"2019","3","18","19","6","臺中市","大里區","0","1","8","3","5","50","4","1","1","5","4","5","7","1","1","10","5","5","2","16","3","2","8","1","1","C03","7","5","1","10","2","14","","3","3","1","18","8","C03","24.11503","120.678903","2"
"2019","3","18","19","13","臺中市","沙鹿區","0","3","8","1","5","50","12","9","1","5","4","5","7","4","4","10","5","5","1","16","19","3","10","1","1","C03","7","1","1","10","2","14","","19","19","1","2","9","C03","24.235564","120.566483","2"
"2019","3","18","19","14","臺中市","東勢區","0","0","8","","","60","","","","","","","","","","","","","","","","","","","","B03","","","1","","2","","","7","","1","","","B03","24.303973","120.801023","3"
"2019","3","18","19","21","臺中市","外埔區","0","1","8","3","5","50","14","9","1","5","4","5","7","4","4","9","4","5","1","18","42","2","9","3","4","F01","7","9","8","20","2","16","","42","42","1","22","8","F01","24.31716","120.672728","2"
"2019","3","18","19","22","臺中市","西屯區","0","0","8","1","3","50","5","1","1","5","4","5","7","1","1","10","5","5","2","16","7","3","10","3","4","B03","7","8","1","8","2","5","","7","7","1","22","9","B03","24.202013","120.6569","3"
"2019","3","18","19","30","臺中市","南區","0","0","8","","","50","","","","","","","","","","","","","","","17","3","","","","A11","","","1","1","2","","","17","17","","21","","A11","24.11761","120.653155","3"
"2019","3","18","19","30","臺中市","龍井區","0","0","8","","","40","","","","","","","","","","","","","","","","","","","","B03","","","1","","2","","","6","","1","5","","B03","24.194166","120.530555","3"
"2019","3","18","19","38","臺中市","北屯區","0","2","8","3","5","50","3","2","1","5","4","5","7","2","1","5","2","5","2","13","43","2","9","1","1","C03","7","9","1","10","2","11","","43","43","1","21","8","C03","24.18667","120.666047","2"
"2019","3","18","19","38","臺中市","北屯區","0","1","8","3","5","50","4","1","1","5","4","5","7","1","1","10","5","5","2","16","4","2","9","3","4","C03","7","9","1","10","2","11","","4","4","1","18","8","C03","24.17388","120.679483","2"
"2019","3","18","19","39","臺中市","西屯區","0","0","8","","","50","","","","","","","","","","","","","","","","","","","","B03","","","1","","2","","","6","","1","21","","B03","24.183366","120.620192","3"
"2019","3","18","19","42","臺中市","大里區","0","0","8","","","60","","","","","","","","","","","","","","","","","","","","B12","","","1","","2","","","16","","1","21","","B12","24.088989","120.67775","3"
"2019","3","18","19","43","臺中市","大里區","0","0","8","","","50","","","","","","","","","","","","","","","","","","","","A04","","","1","","2","","","23","","1","10","","A04","24.113144","120.689811","3"
"2019","3","18","19","45","臺中市","大里區","0","2","8","3","5","50","14","7","1","5","4","5","7","4","4","5","5","4","1","11","26","2","7","1","1","C03","7","11","1","10","2","11","","26","26","1","18","7","C03","24.093474","120.703815","2"
"2019","3","18","19","48","臺中市","大雅區","0","0","8","","","40","","","","","","","","","","","","","","","","","","","","B03","","","1","","2","","","6","","1","22","","B03","24.24791","120.6532","3"
"2019","3","18","19","49","臺中市","沙鹿區","0","0","8","","","50","","","","","","","","","","","","","","","","","","","","B03","","","1","","2","","","25","","1","11","","B03","24.208294","120.574762","3"
"2019","3","18","19","55","臺中市","西屯區","0","0","8","","","50","","","","","","","","","","","","","","","19","","","","","B03","","","1","","2","","","23","19","1","","","B03","24.156537","120.654287","3"
"2019","3","18","20","0","臺中市","南區","0","0","8","","","50","","","","","","","","","","","","","","","","","","","","B03","","","1","","2","","","12","","1","4","","B03","24.129917","120.680028","3"
"2019","3","18","20","15","臺中市","清水區","0","0","","","","40","","","","","","","","","","","","","","","","","","","","B03","","","1","","2","","","18","","1","21","","B03","24.291488","120.587568","3"
"2019","3","18","20","19","臺中市","大甲區","0","1","8","3","5","50","14","9","1","5","4","5","7","4","4","5","5","5","1","3","23","3","10","1","1","B03","7","6","1","8","2","1","","23","23","1","4","8","B03","24.349731","120.624181","2"
"2019","3","18","20","25","臺中市","太平區","0","1","8","3","5","50","11","13","1","5","4","5","1","4","4","5","5","5","1","17","19","3","10","1","1","A12","7","1","1","7","2","5","","19","19","1","5","8","A12","24.11686","120.70785","2"
"2019","3","18","20","34","臺中市","潭子區","0","2","8","3","5","60","14","8","1","5","4","5","7","4","4","9","4","5","1","13","23","2","9","1","1","C03","7","9","1","10","2","11","","23","23","1","22","1","C03","24.217067","120.705512","2"
"2019","3","18","20","35","臺中市","西區","0","1","8","3","5","50","3","1","1","5","4","5","7","4","4","9","5","5","2","16","4","2","9","1","1","C03","7","4","1","10","2","12","","4","4","1","21","8","C03","24.136062","120.675737","2"
"2019","3","18","20","35","臺中市","大雅區","0","0","8","","","60","","","","","","","","","","","","","","","","","","","","B03","","","1","","2","","","12","","1","","","B03","24.224095","120.645802","3"
"2019","3","18","20","37","臺中市","西區","0","1","8","3","5","50","3","2","1","5","4","5","7","4","4","1","5","5","2","17","23","2","9","1","1","C03","7","9","1","10","2","11","","23","23","1","21","8","C03","24.152211","120.668752","2"
"2019","3","18","21","13","臺中市","北屯區","0","2","8","3","5","50","4","1","1","5","4","5","7","4","4","10","5","5","2","15","14","3","10","1","1","B03","7","9","1","8","2","2","","14","14","1","21","8","B03","24.171794","120.722486","2"
"2019","3","18","21","20","臺中市","大里區","0","1","8","3","5","50","14","7","1","5","4","5","7","4","4","5","5","4","2","18","42","2","9","1","1","C03","7","9","1","10","9","14","","42","42","1","4","8","C03","24.107993","120.701128","2"
"2019","3","18","21","22","臺中市","西區","0","1","8","3","5","50","14","8","1","5","4","5","7","4","4","1","4","5","2","13","23","3","10","1","1","C03","7","9","1","10","2","11","","23","23","1","22","8","C03","24.156551","120.660466","2"
"2019","3","18","21","28","臺中市","西屯區","0","1","8","3","5","40","3","1","1","5","4","5","7","4","4","10","5","5","2","16","6","3","10","3","4","B03","7","6","1","8","2","1","","6","6","1","22","8","B03","24.163193","120.629579","2"
"2019","3","18","21","32","臺中市","龍井區","0","0","","","","","","","","","","","","","","","","","","","","","","","","B03","","","1","","2","","","19","","1","","","B03","24.192778","120.579818","3"
"2019","3","18","21","33","臺中市","霧峰區","0","1","8","3","5","50","14","8","1","5","4","5","7","4","4","9","4","4","2","17","23","2","8","1","1","C03","7","9","1","10","2","11","","23","23","1","12","8","C03","24.060778","120.696381","2"
"2019","3","18","21","45","臺中市","北屯區","0","0","8","","","80","","","","","","","","","","","","","","","16","3","","","","B03","","","1","","2","","","16","16","","21","","B03","24.181838","120.72164","3"
"2019","3","18","21","58","臺中市","太平區","0","0","8","","","50","","","","","","","","","","","","","","","","","","","","B03","","","1","","2","","","23","","1","10","","B03","24.145077","120.714","3"
"2019","3","18","22","2","臺中市","北屯區","0","3","8","3","5","80","14","9","1","5","4","5","7","4","4","1","4","5","1","13","16","2","1","1","1","B03","7","9","1","7","2","1","","16","16","1","21","8","B03","24.18055","120.721466","2"
"2019","3","18","22","10","臺中市","東區","0","0","8","","","50","","","","","","","","","","","","","","","23","3","","","","B03","","","1","8","2","","","23","23","1","5","","B03","24.141133","120.703674","3"
"2019","3","18","22","10","臺中市","大里區","0","2","8","3","5","50","14","9","1","5","4","5","7","4","4","1","4","5","1","13","16","2","9","1","1","C03","7","9","3","18","2","11","","16","16","1","21","8","C03","24.11009","120.679566","2"
"2019","3","18","22","20","臺中市","北區","0","1","8","3","5","40","4","1","1","5","4","5","7","1","1","1","2","4","2","15","25","3","10","1","1","B03","7","9","1","8","2","1","","25","25","1","21","8","B03","24.16173","120.675079","2"
"2019","3","18","22","22","臺中市","北區","0","0","8","","","50","","","","","","","","","","","","","","","","","","","","C03","","","1","","2","","","26","","","22","","C03","24.1513","120.67712","3"
"2019","3","18","22","23","臺中市","烏日區","0","2","8","3","5","30","11","9","1","5","3","5","7","4","4","9","4","5","2","18","23","2","9","1","1","C03","7","5","1","10","2","11","14","23","23","1","18","8","C03","24.111801","120.616711","2"
"2019","3","18","22","44","臺中市","西屯區","0","2","8","3","5","50","4","1","1","5","4","5","7","4","4","5","4","4","2","16","23","2","9","3","4","C03","7","9","4","8","2","11","","23","23","1","21","8","C03","24.171332","120.646532","2"
"2019","3","18","23","6","臺中市","南區","0","0","8","","","50","","","","","","","","","","","","","","","","3","","","","B12","","","1","","2","","","42","","1","21","","B12","24.128433","120.668811","3"
"2019","3","18","23","25","臺中市","西屯區","0","3","8","3","5","50","4","1","1","5","4","5","7","1","1","8","3","4","2","13","6","2","9","1","1","C03","7","9","1","10","2","11","","23","6","1","22","9","C03","24.171006","120.664583","2"
"2019","3","18","23","30","臺中市","大雅區","0","0","8","","","50","","","","","","","","","","","","","","","","","","","","A41","","","1","","2","","","17","","1","22","","A41","24.21391","120.64743","3"
"2019","3","18","23","40","臺中市","清水區","0","0","8","","","50","","","","","","","","","","","","","","","","","","","","B03","","","1","","2","","","6","","1","21","","B03","24.272378","120.561732","3"
"2019","3","18","23","47","臺中市","西屯區","0","1","8","3","5","50","14","7","1","5","4","5","7","4","4","4","1","4","1","16","19","3","10","1","1","B03","7","1","1","8","2","8","","19","19","1","4","8","B03","24.182965","120.63201","2"
"2019","3","18","23","57","臺中市","南屯區","0","1","8","3","5","50","4","1","1","5","4","5","7","2","1","1","4","5","2","16","25","3","10","1","1","B03","7","5","1","8","2","2","","25","25","1","22","8","B03","24.149836","120.623183","2"
"2019","3","19","0","4","臺中市","神岡區","0","2","8","4","5","50","11","9","1","5","4","5","7","4","4","5","5","5","1","13","16","2","9","3","4","C03","7","9","3","18","2","11","","16","16","1","3","1","C03","24.271998","120.687935","2"
"2019","3","19","0","39","臺中市","南屯區","0","1","8","3","5","50","3","1","1","5","4","5","7","4","4","10","5","5","2","16","6","3","10","3","4","B03","7","6","4","10","9","6","","6","6","1","22","9","B03","24.151496","120.63621","2"
"2019","3","19","0","47","臺中市","西屯區","0","0","8","","","50","","","","","","","","","","","","","","","23","","","","","A04","","","1","","2","","","23","23","1","10","","A04","24.169596","120.634908","3"
"2019","3","19","1","28","臺中市","南屯區","0","0","8","","","40","","","","","","","","","","","","","","","","","","","","B03","","","1","","2","","","25","","1","","","B03","24.149397","120.62371","3"
"2019","3","19","1","41","臺中市","南區","0","0","8","","","50","","","","","","","","","","","","","","","","3","","","","B03","","","1","","2","","","13","","1","21","","B03","24.12629","120.66888","3"
"2019","3","19","4","50","臺中市","北區","0","1","8","3","5","50","3","1","1","5","4","5","7","4","4","10","3","5","2","13","23","2","9","3","4","B03","7","9","1","8","2","8","8","23","23","1","22","9","B03","24.167967","120.678595","2"
"2019","3","19","6","25","臺中市","沙鹿區","0","0","8","","","50","","","","","","","","","","","","","","","","","","","","B12","","","1","","2","","","42","","1","6","","B12","24.23503","120.557908","3"
"2019","3","19","6","38","臺中市","潭子區","0","1","8","1","5","40","4","2","1","5","4","5","7","1","1","5","4","5","1","11","17","3","10","1","1","B03","7","9","1","8","2","4","","17","17","1","22","8","B03","24.216323","120.697475","2"
"2019","3","19","6","56","臺中市","潭子區","0","2","8","1","5","40","4","1","1","5","4","5","7","4","4","10","5","5","2","15","6","2","9","1","1","C03","7","9","1","10","2","14","","6","6","1","22","8","C03","24.206681","120.679846","2"
"2019","3","19","6","59","臺中市","太平區","0","1","8","1","5","50","3","1","1","5","4","5","7","4","4","10","5","5","2","16","19","2","9","1","1","C03","7","1","1","10","2","11","","19","19","1","9","7","C03","24.111834","120.706814","2"
"2019","3","19","7","11","臺中市","北屯區","0","0","8","","","50","","","","","","","","","","","","","","","23","","","","","B03","","","1","","2","","","23","23","1","5","","B03","24.183964","120.701263","3"
"2019","3","19","7","11","臺中市","神岡區","0","0","8","","","50","","","","","","","","","","","","","","","","","","","","B03","","","1","","2","","","6","","1","21","","B03","24.248166","120.680249","3"
"2019","3","19","7","20","臺中市","北區","0","1","8","1","5","50","14","9","1","5","4","5","7","4","4","10","5","5","2","17","40","3","10","1","1","B03","7","15","1","8","2","2","","40","40","1","5","8","B03","24.157769","120.687523","2"
"2019","3","19","7","21","臺中市","西屯區","0","1","8","1","5","50","4","1","1","5","4","5","7","1","1","4","3","4","2","16","6","3","10","1","1","B03","7","6","1","8","2","6","","6","6","1","21","8","B03","24.195846","120.643385","2"
"2019","3","19","7","22","臺中市","大肚區","0","1","8","1","5","40","4","2","1","5","4","5","7","4","4","10","5","5","2","16","6","2","9","3","4","C03","7","5","1","10","2","11","","6","6","1","22","8","C03","24.170632","120.579749","2"
"2019","3","19","7","25","臺中市","西屯區","0","1","8","1","5","50","4","1","1","5","4","5","7","3","1","10","5","5","2","13","16","2","9","1","1","C03","7","9","1","10","2","11","","16","16","1","21","8","C03","24.171456","120.644148","2"
"2019","3","19","7","26","臺中市","龍井區","0","0","8","","","70","","","","","","","","","","","","","","","10","","","","","B03","","","1","","2","","","44","10","1","12","","B03","24.210115","120.505796","3"
"2019","3","19","7","26","臺中市","龍井區","0","1","8","1","5","60","4","1","1","5","4","5","7","2","1","10","5","5","2","16","26","3","10","3","4","B12","7","6","1","5","2","5","","26","26","1","22","8","B12","24.175709","120.581733","2"
"2019","3","19","7","28","臺中市","豐原區","0","1","8","1","5","40","14","9","5","5","4","5","7","4","4","10","5","5","2","25","23","2","9","1","1","C03","7","9","6","18","8","11","","23","23","1","21","8","C03","24.267361","120.738936","2"
"2019","3","19","7","33","臺中市","龍井區","0","2","8","1","5","50","14","9","1","5","4","5","7","4","4","5","4","5","1","16","26","2","9","1","1","C03","7","5","1","10","2","13","","26","26","1","19","8","C03","24.210316","120.524311","2"
"2019","3","19","7","35","臺中市","北區","0","1","8","1","5","50","3","2","1","5","4","5","7","4","4","10","5","5","2","16","6","2","9","1","1","C03","7","5","1","10","2","12","","6","6","1","22","8","C03","24.153171","120.686585","2"
"2019","3","19","7","35","臺中市","南區","0","0","8","","","40","","","","","","","","","","","","","","","","","","","","C03","","","1","","2","","","23","","1","4","","C03","24.131251","120.675285","3"
"2019","3","19","7","36","臺中市","西屯區","0","2","8","1","5","50","4","2","1","5","4","5","7","1","1","9","5","5","2","12","23","2","9","1","1","C03","7","9","1","10","2","12","","23","23","1","21","8","C03","24.191986","120.645643","2"
"2019","3","19","7","36","臺中市","潭子區","0","1","8","1","5","50","14","9","1","5","4","1","7","1","1","8","3","5","1","13","23","3","10","1","1","B03","7","9","1","8","2","1","","23","23","1","22","2","B03","24.200201","120.714917","2"
"2019","3","19","7","39","臺中市","清水區","0","1","8","1","5","50","4","13","1","5","4","5","7","2","1","1","4","4","1","13","42","3","10","1","1","C03","7","9","1","10","2","11","","42","42","1","9","1","C03","24.266781","120.550425","2"
"2019","3","19","7","42","臺中市","烏日區","0","2","8","1","5","40","12","8","1","5","4","5","7","4","4","1","4","1","2","13","16","2","9","1","1","C03","7","9","1","10","2","11","","16","16","1","22","8","C03","24.102","120.614169","2"
"2019","3","19","7","42","臺中市","龍井區","0","0","8","","","40","","","","","","","","","","","","","","","","","","","","A31","","","1","","2","","","17","","1","10","","A31","24.21019","120.505871","4"
"2019","3","19","7","47","臺中市","沙鹿區","0","1","8","1","5","50","3","1","1","5","4","5","7","1","1","10","5","5","2","16","6","3","10","1","1","B03","7","5","1","8","2","5","","6","6","1","21","8","B03","24.232593","120.565206","2"
"2019","3","19","7","50","臺中市","北屯區","0","2","8","1","5","50","3","1","1","5","4","5","7","4","4","10","5","5","2","16","6","3","10","1","1","B03","7","5","1","8","2","5","","6","6","1","21","8","B03","24.174111","120.719976","2"
"2019","3","19","7","50","臺中市","大里區","0","0","8","","","50","","","","","","","","","","","","","","","","","","","","C03","","","1","","2","","","16","","1","12","","C03","24.091591","120.691571","3"
"2019","3","19","7","50","臺中市","大雅區","0","2","8","1","5","50","14","7","1","5","4","5","7","4","4","1","4","4","1","13","23","2","9","1","1","C03","7","9","1","10","2","14","","23","23","1","22","9","C03","24.221301","120.649207","2"
"2019","3","19","7","53","臺中市","北屯區","0","0","8","","","50","","","","","","","","","","","","","","","","","","","","B12","","","1","","2","","","23","","1","5","","B12","24.199262","120.671019","3"
"2019","3","19","8","0","臺中市","清水區","0","2","8","1","5","40","4","1","1","5","4","5","7","4","4","10","5","4","2","15","6","2","9","1","1","C03","7","9","1","10","2","11","","6","6","1","5","5","C03","24.286595","120.57672","2"
"2019","3","19","8","4","臺中市","北屯區","0","0","8","","","50","","","","","","","","","","","","","","","","","","","","B03","","","1","","2","","","12","","1","21","","B03","24.169617","120.689722","3"
"2019","3","19","8","4","臺中市","外埔區","0","1","8","1","5","50","14","9","1","5","4","5","7","4","4","9","5","5","1","18","43","2","9","1","1","C03","7","9","1","10","2","12","","43","43","1","21","9","C03","24.33219","120.633406","2"
"2019","3","19","8","5","臺中市","北屯區","0","1","8","1","8","50","3","1","1","5","4","5","7","4","4","10","5","5","2","16","23","2","8","1","1","C03","7","6","1","11","2","11","","23","23","1","5","8","C03","24.171886","120.731371","2"
"2019","3","19","8","6","臺中市","西屯區","0","0","8","","","40","","","","","","","","","","","","","","","","","","","","B03","","","1","","2","","","42","","1","","","B03","24.170641","120.612908","3"
"2019","3","19","8","15","臺中市","太平區","0","0","8","","","50","","","","","","","","","","","","","","","","","","","","B03","","","1","","2","","","23","","1","9","","B03","24.143295","120.713001","3"
"2019","3","19","8","16","臺中市","北區","0","2","8","1","5","50","14","7","1","5","4","5","7","4","4","8","3","4","2","13","23","2","9","1","1","C03","7","9","1","10","2","11","","23","23","1","4","8","C03","24.147211","120.683105","2"
"2019","3","19","8","17","臺中市","西屯區","0","0","8","","","40","","","","","","","","","","","","","","","","","","","","B03","","","1","","2","","","42","","1","","","B03","24.170967","120.636574","3"