"年","月","日","時","分","縣市","區","死","受傷","天候","光線","道路類別","速限","道路型態","事故位置","路面鋪裝","路面狀態","路面缺陷","障礙物","視距","號誌種類","號誌動作","分向設施","快車道或一般車道間","快慢車道間","路面邊線","事故類型及型態","主要肇因","受傷程度","主要傷處","保護裝備","行動電話","當事者區分","車輛用途","當事者行動狀態","駕駛資格情形","駕駛執照種類","飲酒情形","車輛撞擊部位最初","車輛撞擊部位其他","肇事因素個別","肇事因素主要","肇事逃逸","職業","旅次目的","車種","GPS座標緯度","GPS座標經度","事故類別"
"2019","3","19","8","20","臺中市","北區","0","3","8","1","5","50","4","1","1","5","4","5","7","4","4","10","5","5","2","15","6","2","9","1","1","C03","7","9","1","10","2","11","","6","6","1","5","8","C03","24.163964","120.665581","2"
"2019","3","19","8","20","臺中市","潭子區","0","0","8","","","40","","","","","","","","","","","","","","","","","","","","A12","","","1","","2","","","42","","1","","","A12","24.210724","120.686316","3"
"2019","3","19","8","26","臺中市","東區","0","0","8","","","40","","","","","","","","","","","","","","","42","","","","","B03","","","1","","2","","","42","42","1","5","","B03","24.145799","120.695021","3"
"2019","3","19","8","30","臺中市","大里區","0","0","8","","","40","","","","","","","","","","","","","","","","","","","","C03","","","1","","2","","","23","","1","12","","C03","24.094511","120.692101","3"
"2019","3","19","8","32","臺中市","北屯區","0","0","8","","","50","","","","","","","","","","","","","","","23","","","","","B03","","","1","","2","","","23","23","1","21","","B03","24.16481","120.70461","3"
"2019","3","19","8","35","臺中市","沙鹿區","0","0","8","","","50","","","","","","","","","","","","","","","","","","","","B03","","","1","","2","","","12","","1","21","","B03","24.243763","120.570381","3"
"2019","3","19","8","40","臺中市","南區","0","2","8","1","5","50","14","7","1","5","4","5","7","4","4","3","4","5","2","7","60","2","5","1","1","H01","8","16","8","20","2","16","","60","60","1","9","3","H01","24.124028","120.670158","2"
"2019","3","19","8","45","臺中市","西區","0","1","8","1","5","50","14","9","1","5","4","5","7","4","4","1","4","5","2","9","42","3","10","1","1","A02","7","9","1","2","2","15","","42","42","1","21","8","A02","24.150943","120.654206","2"
"2019","3","19","8","49","臺中市","北屯區","0","1","8","1","5","50","4","1","1","5","4","5","7","2","1","10","5","5","2","16","23","2","9","1","1","C03","7","9","1","10","2","11","14","23","23","1","5","8","C03","24.193333","120.671055","2"
"2019","3","19","8","50","臺中市","西屯區","0","0","8","","","50","","","","","","","","","","","","","","","","","","","","B01","","","6","","2","","","16","","1","","","B01","24.185531","120.611281","3"
"2019","3","19","8","59","臺中市","北屯區","0","1","8","1","5","50","14","9","1","5","4","5","7","4","4","9","5","5","2","10","43","3","10","1","1","B03","7","9","1","8","2","1","","43","43","1","5","8","B03","24.1694","120.691226","2"
"2019","3","19","9","5","臺中市","清水區","0","1","8","1","5","70","4","1","1","5","4","5","7","1","1","1","4","1","1","16","25","3","10","1","1","A31","7","9","1","5","2","8","","25","25","1","10","1","A31","24.15894","120.64845","2"
"2019","3","19","9","8","臺中市","北屯區","0","1","8","1","5","50","4","1","1","5","4","5","7","1","1","10","5","5","2","16","6","3","10","1","1","B03","7","5","1","8","2","5","","6","6","1","21","8","B03","24.175046","120.724563","2"
"2019","3","19","9","8","臺中市","大雅區","0","0","8","","","40","","","","","","","","","","","","","","","","","","","","B03","","","1","","2","","","26","","1","21","","B03","24.229529","120.642497","3"
"2019","3","19","9","12","臺中市","北屯區","0","0","8","","","50","","","","","","","","","","","","","","","","","","","","B03","","","3","","2","","","16","","1","5","","B03","24.18229","120.716609","3"
"2019","3","19","9","14","臺中市","北屯區","0","1","8","1","5","50","4","1","1","5","4","5","7","4","4","10","5","5","2","16","6","3","10","1","1","B03","7","9","1","8","2","5","","6","6","1","21","8","B03","24.182485","120.670528","2"
"2019","3","19","9","16","臺中市","霧峰區","0","0","8","","","40","","","","","","","","","","","","","","","","","","","","B03","","","1","","2","","","12","","1","22","","B03","24.060131","120.682895","3"
"2019","3","19","9","20","臺中市","清水區","0","3","8","1","5","50","5","1","1","5","4","5","7","4","4","9","5","5","2","15","6","2","9","1","1","C03","7","9","1","10","2","14","","6","6","1","2","8","C03","24.261758","120.546353","2"
"2019","3","19","9","21","臺中市","后里區","0","0","8","","","40","","","","","","","","","","","","","","","","","","","","B03","","","1","","2","","","12","","1","22","","B03","24.295186","120.697036","3"
"2019","3","19","9","30","臺中市","北屯區","0","0","8","","","50","","","","","","","","","","","","","","","","","","","","C03","","","1","","2","","","19","","1","4","","C03","24.171813","120.681886","3"
"2019","3","19","9","30","臺中市","清水區","0","0","","","","50","","","","","","","","","","","","","","","","","","","","B03","","","1","","2","","","23","","1","4","","B03","24.267666","120.568874","3"
"2019","3","19","9","31","臺中市","北區","0","2","8","1","5","50","5","1","1","5","4","5","7","1","1","10","5","5","2","16","23","3","10","1","1","B03","7","9","1","8","2","5","","23","23","1","5","8","B03","24.154671","120.686091","2"
"2019","3","19","9","34","臺中市","西屯區","0","0","8","1","5","50","14","9","5","5","4","5","7","4","4","9","4","4","2","16","9","3","10","3","4","B11","7","6","1","8","2","2","","9","9","2","22","9","B11","24.156967","120.604434","3"
"2019","3","19","9","38","臺中市","龍井區","0","1","8","1","5","40","4","1","1","5","4","5","7","4","4","10","5","5","2","16","9","3","10","1","1","B12","7","6","1","8","2","2","","9","9","1","21","8","B12","24.2","120.51","2"
"2019","3","19","9","40","臺中市","大里區","0","2","8","1","5","50","14","9","1","5","4","5","7","4","4","1","5","5","1","17","23","2","9","1","1","C03","7","9","3","18","2","12","","23","23","1","21","5","C03","24.110376","120.679376","2"
"2019","3","19","9","41","臺中市","北屯區","0","0","8","","","50","","","","","","","","","","","","","","","12","","","","","B12","","","3","18","2","","","12","12","1","21","","B12","24.19661","120.679535","3"
"2019","3","19","9","51","臺中市","龍井區","0","1","8","1","5","60","5","1","1","5","4","5","7","1","1","10","5","5","2","23","43","2","9","3","4","B03","7","6","1","8","2","1","","43","43","1","22","8","B03","24.184487","120.574079","2"
"2019","3","19","9","55","臺中市","北屯區","0","0","8","","","50","","","","","","","","","","","","","","","","","","","","B03","","","1","","2","","","12","","1","21","","B03","24.168989","120.693622","3"
"2019","3","19","9","55","臺中市","潭子區","0","0","8","","","60","","","","","","","","","","","","","","","","","","","","A12","","","1","","2","","","42","","1","","","A12","24.196829","120.702349","3"
"2019","3","19","9","58","臺中市","南區","0","1","8","1","5","50","4","1","1","5","4","5","7","2","1","5","4","4","2","16","6","3","10","1","1","B12","7","6","1","8","2","2","","6","6","1","5","5","B12","24.114566","120.652353","2"
"2019","3","19","10","0","臺中市","大甲區","0","1","8","1","5","50","14","9","1","5","4","5","7","4","4","5","5","5","1","17","43","2","9","1","4","C03","7","9","1","10","2","11","","43","43","1","21","8","C03","24.370533","120.619978","2"
"2019","3","19","10","4","臺中市","烏日區","0","1","8","1","5","50","3","1","1","5","4","5","7","1","1","10","5","5","2","17","25","2","8","1","1","C03","7","9","3","18","2","11","","25","25","1","21","8","C03","24.1153","120.641591","2"
"2019","3","19","10","5","臺中市","太平區","0","2","8","1","5","50","4","1","1","5","4","5","7","1","1","5","4","5","1","16","8","2","9","1","1","C03","7","9","1","10","2","11","","23","8","1","21","1","C03","24.105711","120.723802","2"
"2019","3","19","10","9","臺中市","霧峰區","0","0","8","","","","","","","","","","","","","","","","","","17","3","10","1","1","B12","7","9","1","8","1","2","","17","17","2","4","4","B12","24.085791","120.652329","3"
"2019","3","19","10","20","臺中市","烏日區","0","2","8","1","5","40","14","8","1","5","4","5","7","4","4","1","4","1","2","12","1","2","7","1","1","C03","7","4","6","18","2","12","","1","1","1","22","8","C03","24.105123","120.614389","2"
"2019","3","19","10","29","臺中市","西區","0","1","8","1","5","50","4","1","1","5","3","5","7","4","4","10","5","4","2","16","6","3","10","1","1","B03","7","5","1","7","2","4","","6","6","1","21","5","B03","24.151596","120.655076","2"
"2019","3","19","10","29","臺中市","烏日區","0","0","8","","","40","","","","","","","","","","","","","","","","","","","","B03","","","1","","2","","","7","","1","21","","B03","24.112101","120.587307","3"
"2019","3","19","10","29","臺中市","大甲區","0","1","8","1","5","50","14","9","1","5","4","5","7","4","4","10","5","5","2","13","42","2","1","1","1","B03","7","9","1","8","3","1","","42","42","1","21","8","B03","24.342054","120.63284","2"
"2019","3","19","10","30","臺中市","西區","0","0","8","","","50","","","","","","","","","","","","","","","","","","","","B02","","","1","","2","","","23","","1","22","","B02","24.147772","120.657401","3"
"2019","3","19","10","32","臺中市","清水區","0","1","8","1","5","40","3","1","1","5","4","5","7","1","1","10","5","5","2","18","13","2","9","1","1","A12","7","5","1","1","2","5","2","13","13","1","10","1","A12","24.304286","120.592829","2"
"2019","3","19","10","50","臺中市","西屯區","0","0","8","","","40","","","","","","","","","","","","","","","","","","","","B03","","","1","","2","","","25","","1","","","B03","24.172126","120.633166","3"
"2019","3","19","10","56","臺中市","太平區","0","1","8","1","5","50","4","1","1","5","4","5","7","2","1","10","5","5","2","16","43","2","9","1","1","C03","7","9","1","10","2","11","","43","43","1","9","3","C03","24.140861","120.710714","2"
"2019","3","19","11","0","臺中市","西區","0","1","8","1","5","50","14","7","1","5","4","5","7","4","4","4","4","4","2","12","23","3","10","1","1","B03","7","9","1","8","2","6","","23","23","1","5","7","B03","24.152099","120.665988","2"
"2019","3","19","11","13","臺中市","北區","0","1","8","1","5","50","14","7","1","5","4","5","7","4","4","5","5","4","2","17","19","3","10","1","1","B03","7","1","1","8","2","4","","19","19","1","5","8","B03","24.159259","120.670142","2"
"2019","3","19","11","13","臺中市","西屯區","0","1","8","1","5","40","3","1","1","5","4","5","7","2","1","10","5","5","2","16","9","3","10","1","1","B12","7","6","1","8","2","2","","9","9","1","21","8","B12","24.182718","120.61654","2"
"2019","3","19","11","29","臺中市","大里區","0","1","8","1","5","50","3","2","1","5","4","5","7","4","4","5","5","5","1","29","43","2","8","1","1","C03","7","9","1","10","2","11","","43","43","1","20","8","C03","24.100597","120.685416","2"
"2019","3","19","11","35","臺中市","龍井區","0","1","8","1","5","50","14","9","1","5","4","5","7","4","4","5","5","5","1","16","23","3","10","3","4","B12","7","6","1","8","2","2","","9","23","1","22","8","B12","24.177963","120.582584","2"
"2019","3","19","11","36","臺中市","龍井區","0","0","","","","","","","","","","","","","","","","","","","","","","","","B03","","","1","","2","","","23","","1","22","","B03","24.185492","120.587336","3"
"2019","3","19","11","40","臺中市","沙鹿區","0","1","8","1","5","50","12","7","1","5","4","5","7","4","4","8","5","4","2","17","19","3","10","1","1","C03","7","1","1","9","2","15","","19","19","1","2","9","C03","24.223702","120.577152","2"
"2019","3","19","11","43","臺中市","西屯區","0","1","8","1","5","50","14","7","1","5","4","5","7","4","4","9","4","4","2","13","16","2","8","1","1","C03","7","9","1","10","2","11","","16","16","1","21","8","C03","24.177265","120.643503","2"
"2019","3","19","11","46","臺中市","潭子區","0","0","8","","","60","","","","","","","","","","","","","","","","","","","","B12","","","1","","2","","","23","","1","22","","B12","24.225593","120.690071","3"
"2019","3","19","11","50","臺中市","北屯區","0","0","8","","","50","","","","","","","","","","","","","","","23","","","","","B03","","","1","","2","","","23","23","1","21","","B03","24.171991","120.686606","3"
"2019","3","19","11","50","臺中市","大里區","0","1","8","1","5","50","14","9","1","5","4","5","7","4","4","1","4","5","1","2","23","3","10","3","4","C03","7","9","1","10","2","11","","23","23","1","5","8","C03","24.091066","120.692288","2"
"2019","3","19","11","50","臺中市","大甲區","0","0","8","1","5","60","4","1","1","5","4","5","7","4","4","8","3","5","1","15","6","3","10","1","1","B12","7","9","1","8","2","5","","6","6","1","5","9","B12","24.405158","120.653019","3"
"2019","3","19","11","54","臺中市","北屯區","0","1","8","1","5","40","5","1","1","5","4","5","7","1","1","10","5","5","2","15","25","3","10","1","1","B03","7","9","1","8","2","6","","25","25","1","5","8","B03","24.172811","120.691728","2"
"2019","3","19","11","58","臺中市","北屯區","0","1","8","1","5","50","14","9","1","5","4","5","7","4","4","9","4","5","2","16","4","3","10","3","4","B12","7","4","1","8","2","2","","4","4","1","21","8","B12","24.181744","120.669005","2"
"2019","3","19","12","1","臺中市","大里區","0","0","8","1","3","50","14","8","1","5","4","5","7","4","4","10","3","4","2","12","10","3","10","1","1","B03","7","11","1","8","2","5","","10","10","1","22","5","B03","24.104408","120.677795","3"
"2019","3","19","12","4","臺中市","神岡區","0","1","8","1","5","50","14","9","1","5","4","5","7","4","4","5","5","5","1","16","26","3","10","1","1","B03","7","11","1","8","2","8","","26","26","1","21","3","B03","24.273803","120.697184","2"
"2019","3","19","12","10","臺中市","西區","0","1","8","1","5","40","3","1","1","5","4","5","7","4","4","3","4","1","2","16","6","3","10","1","1","B03","7","6","1","8","2","8","","6","6","1","22","8","B03","24.157532","120.659335","2"
"2019","3","19","12","12","臺中市","北區","0","1","8","1","5","50","4","1","1","5","4","5","7","1","1","10","5","5","2","15","25","3","10","1","1","C03","7","9","1","10","2","12","","25","25","1","5","8","C03","24.170037","120.674333","2"
"2019","3","19","12","13","臺中市","霧峰區","0","1","8","1","5","50","3","1","1","5","4","5","7","1","1","10","5","5","2","16","26","3","10","1","1","B03","7","6","1","8","2","2","","26","26","1","21","8","B03","24.073315","120.699752","2"
"2019","3","19","12","17","臺中市","龍井區","0","0","8","","","50","","","","","","","","","","","","","","","23","","","","","C03","","","1","","2","","","23","23","1","7","","C03","24.2","120.52","3"
"2019","3","19","12","22","臺中市","南區","0","0","8","1","5","50","14","7","1","5","4","5","7","4","4","5","5","4","2","12","17","","","","","C03","","","1","","2","","","17","17","1","5","","C03","24.129776","120.682373","3"
"2019","3","19","12","24","臺中市","龍井區","0","1","8","1","5","50","14","9","1","5","4","5","7","4","4","5","5","5","1","17","23","3","10","3","4","B03","7","9","1","8","2","8","","23","23","1","22","8","B03","24.179142","120.583022","2"
"2019","3","19","12","26","臺中市","西屯區","0","1","8","1","5","40","14","9","1","5","4","5","7","4","4","8","3","5","2","16","19","2","1","1","1","C03","7","1","1","10","2","12","","19","19","1","21","8","C03","24.156895","120.6441","2"
"2019","3","19","12","27","臺中市","西屯區","0","2","8","1","5","50","4","1","1","5","4","5","7","2","1","10","5","5","2","16","8","2","9","1","1","C03","7","9","1","10","2","12","","23","8","1","21","8","C03","24.178821","120.645096","2"
"2019","3","19","12","45","臺中市","太平區","0","0","8","","","50","","","","","","","","","","","","","","","","","","","","C03","","","1","","2","","","12","","1","21","","C03","24.15455","120.711846","3"
"2019","3","19","13","6","臺中市","西區","0","0","8","1","5","50","14","9","1","5","4","5","7","4","4","10","","5","2","16","","","","","","B12","","","1","","9","","","43","","2","20","","B12","24.150222","120.661386","3"
"2019","3","19","13","9","臺中市","霧峰區","0","1","8","1","5","40","5","2","1","5","4","5","7","1","1","5","5","5","1","11","6","2","8","3","4","C03","7","5","1","10","2","11","","6","6","1","18","8","C03","24.073222","120.71524","2"
"2019","3","19","13","13","臺中市","北區","0","0","8","","","50","","","","","","","","","","","","","","","23","","","","","B03","","","1","","2","","","38","23","1","5","","B03","24.170027","120.673216","3"
"2019","3","19","13","21","臺中市","太平區","0","1","8","1","5","50","14","9","1","5","4","5","7","4","4","5","5","5","1","16","26","3","10","1","1","B12","7","11","1","8","2","5","","26","26","1","5","7","B12","24.155283","120.733483","2"
"2019","3","19","13","22","臺中市","西區","0","0","8","","","50","","","","","","","","","","","","","","","","","","","","B03","","","1","","2","","","6","","1","21","","B03","24.135152","120.663087","3"
"2019","3","19","13","24","臺中市","中區","0","0","8","","","50","","","","","","","","","","","","","","","","","","","","B01","","","1","","2","","","12","","1","10","","B01","24.140802","120.684509","3"
"2019","3","19","13","28","臺中市","潭子區","0","1","8","1","8","50","14","9","1","5","4","5","7","3","1","9","4","5","1","13","22","2","9","1","1","C03","7","9","1","10","2","11","","22","22","1","22","1","C03","24.215953","120.682023","2"
"2019","3","19","13","40","臺中市","沙鹿區","0","0","8","","","60","","","","","","","","","","","","","","","","","","","","B12","","","1","","2","","","42","","1","7","","B12","24.208212","120.561633","3"
"2019","3","19","13","42","臺中市","太平區","0","1","8","1","5","50","3","9","1","5","4","5","7","4","4","5","4","5","1","16","10","3","10","1","1","B03","7","11","1","8","2","7","","10","10","1","21","1","B03","24.152201","120.711188","2"
"2019","3","19","13","44","臺中市","新社區","0","0","8","","","50","","","","","","","","","","","","","","","6","","","","","B12","","","6","","2","","","6","6","1","21","","B12","24.202967","120.797502","3"
"2019","3","19","13","45","臺中市","中區","0","0","8","","","40","","","","","","","","","","","","","","","12","3","","","","B12","","","1","8","2","3","","12","12","1","21","8","B12","24.145436","120.676953","3"
"2019","3","19","13","45","臺中市","西屯區","0","1","8","1","5","50","4","1","1","5","4","5","7","2","1","10","5","5","2","12","6","3","10","1","1","C03","7","9","1","10","2","12","","23","6","1","21","8","C03","24.184371","120.620708","2"
"2019","3","19","13","45","臺中市","后里區","0","1","8","1","5","50","14","9","1","5","4","5","7","4","4","9","5","5","1","29","67","","","","","","","","","","","","","67","67","1","","","","24.311714","120.705304","2"
"2019","3","19","13","51","臺中市","大里區","0","0","8","","","40","","","","","","","","","","","","","","","","","","","","B12","","","1","","2","","","23","","1","22","","B12","24.10702","120.66404","3"
"2019","3","19","13","51","臺中市","梧棲區","0","0","8","","","40","","","","","","","","","","","","","","","","","","","","B03","","","1","","11","","","23","","1","2","","B03","24.229614","120.529177","3"
"2019","3","19","13","52","臺中市","南屯區","0","0","8","","","50","","","","","","","","","","","","","","","","","","","","B03","","","1","","2","","","25","","1","22","","B03","24.151301","120.635356","3"
"2019","3","19","14","0","臺中市","北屯區","0","0","8","","","50","","","","","","","","","","","","","","","23","","","","","C04","","","6","","2","","","23","23","1","21","","C04","24.169994","120.690708","3"
"2019","3","19","14","10","臺中市","西屯區","0","1","8","1","5","50","5","1","1","5","4","5","7","1","1","10","5","5","2","16","26","2","9","1","1","C03","7","5","1","10","2","14","","26","26","1","5","8","C03","24.166876","120.665021","2"
"2019","3","19","14","11","臺中市","北屯區","0","0","8","","","50","","","","","","","","","","","","","","","23","","","","","B12","","","1","","2","","","23","23","1","","","B12","24.182295","120.711355","3"
"2019","3","19","14","12","臺中市","南區","0","1","8","1","5","50","14","9","1","5","4","5","7","1","1","10","2","5","2","12","23","3","10","1","1","B03","7","9","1","8","2","2","","23","23","1","4","8","B03","24.114205","120.648457","2"
"2019","3","19","14","15","臺中市","西屯區","0","1","8","1","5","50","14","7","1","5","4","5","7","4","4","5","4","4","2","17","19","3","10","1","1","C03","7","1","1","10","2","13","","19","19","1","21","8","C03","24.185724","120.623405","2"
"2019","3","19","14","16","臺中市","南區","0","0","8","","","0","","","","","","","","","","","","","","","37","3","","","","B12","","","1","","2","","","37","37","","10","","B12","24.12259","120.679804","3"
"2019","3","19","14","16","臺中市","沙鹿區","0","0","8","","","70","","","","","","","","","","","","","","","","","","","","B03","","","1","","2","","","23","","1","20","","B03","24.244164","120.61454","3"
"2019","3","19","14","29","臺中市","太平區","0","0","8","","","50","","","","","","","","","","","","","","","","","","","","B03","","","1","","2","","","18","","1","21","","B03","24.159221","120.709923","3"
"2019","3","19","14","33","臺中市","烏日區","0","0","8","","","60","","","","","","","","","","","","","","","","","","","","B12","","","3","","2","","","25","","1","22","","B12","24.093191","120.644143","3"
"2019","3","19","14","39","臺中市","西區","0","0","8","","","50","","","","","","","","","","","","","","","","3","","","","B03","","","1","","2","","","12","","","21","","B03","24.155299","120.664694","4"
"2019","3","19","14","41","臺中市","烏日區","0","1","8","1","5","50","4","1","1","5","4","5","7","1","1","10","5","5","2","16","6","3","10","1","1","B02","7","6","1","10","2","6","","6","6","1","21","8","B02","24.106598","120.614458","2"
"2019","3","19","14","44","臺中市","沙鹿區","0","2","8","1","5","40","14","8","1","5","4","5","7","4","4","1","4","4","1","13","44","2","9","1","1","C03","7","9","1","10","2","11","","23","44","1","4","8","C03","24.247402","120.575158","2"
"2019","3","19","14","45","臺中市","南屯區","0","1","8","1","5","50","4","1","1","5","4","5","7","2","1","1","4","1","2","16","6","3","10","1","1","B12","7","6","6","8","11","5","","6","6","1","4","8","B12","24.140015","120.622944","2"
"2019","3","19","14","52","臺中市","后里區","0","1","8","1","5","40","14","9","1","5","4","5","7","4","4","10","5","5","2","16","23","2","9","4","5","F02","7","9","8","20","2","16","","23","23","1","16","6","F02","24.300998","120.73232","2"
"2019","3","19","14","59","臺中市","西屯區","0","1","8","1","5","50","4","1","1","5","4","5","7","1","1","10","5","5","2","16","26","3","10","1","1","B03","7","6","1","8","2","6","","26","26","1","22","9","B03","24.178233","120.624113","2"
"2019","3","19","15","5","臺中市","西屯區","0","1","8","1","5","50","4","1","1","5","4","5","7","1","1","1","4","1","2","16","43","3","10","3","4","B03","7","5","3","18","2","2","","43","43","1","21","8","B03","24.157534","120.641793","2"
"2019","3","19","15","9","臺中市","沙鹿區","0","2","8","1","5","60","3","1","1","5","4","5","7","2","1","10","5","5","2","16","26","3","10","1","1","B03","7","6","1","8","2","2","","26","26","1","4","1","B03","24.225714","120.577059","2"
"2019","3","19","15","28","臺中市","大里區","0","0","8","","","50","","","","","","","","","","","","","","","","","","","","B03","","","1","","2","","","42","","1","21","","B03","24.091383","120.691026","3"
"2019","3","19","15","30","臺中市","梧棲區","0","1","8","1","5","50","14","9","1","5","4","5","7","4","4","9","5","5","1","16","19","3","10","1","1","B03","7","1","1","8","2","8","","19","19","1","2","1","B03","24.226569","120.543722","2"
"2019","3","19","15","40","臺中市","東區","0","0","8","1","5","50","4","1","1","5","4","5","7","1","1","10","5","5","2","13","16","3","10","1","1","B03","7","9","1","4","2","1","","16","16","1","22","8","B03","24.144521","120.71178","3"
"2019","3","19","15","42","臺中市","南屯區","0","1","8","1","5","50","3","1","1","5","4","5","7","1","1","5","2","4","2","16","26","3","10","1","1","B12","7","5","1","8","2","1","","26","26","1","12","8","B12","24.140166","120.62207","2"
"2019","3","19","15","42","臺中市","太平區","0","0","8","","","50","","","","","","","","","","","","","","","","","","","","B12","","","1","","2","","","23","","1","22","","B12","24.111278","120.7029","3"
"2019","3","19","15","51","臺中市","北屯區","0","1","8","1","5","50","4","2","1","5","4","5","7","4","4","10","5","5","2","3","23","3","10","3","4","C03","7","9","1","10","11","11","","23","23","2","21","8","C03","24.185836","120.668394","2"
"2019","3","19","15","56","臺中市","北屯區","0","0","8","","","40","","","","","","","","","","","","","","","","","","","","B03","","","1","","2","","","12","","1","","","B03","24.168918","120.74088","3"
"2019","3","19","15","56","臺中市","潭子區","0","1","8","1","5","60","14","9","1","5","4","5","7","1","1","8","3","4","1","12","6","3","10","1","1","B03","7","5","1","8","2","5","","6","6","1","22","1","B03","24.218134","120.705757","2"
"2019","3","19","16","0","臺中市","石岡區","0","1","8","1","5","50","5","1","1","5","4","5","7","4","4","10","5","5","2","17","6","3","10","1","1","B03","7","6","6","7","2","2","","6","6","1","21","8","B03","24.275916","120.778063","2"
"2019","3","19","16","0","臺中市","潭子區","0","1","8","1","5","60","14","9","1","5","4","5","7","4","4","9","4","5","1","12","6","3","10","1","1","B02","7","8","1","8","2","6","","6","6","1","21","8","B02","24.212046","120.687006","2"
"2019","3","19","16","3","臺中市","西區","0","1","8","1","5","40","14","8","1","5","4","5","7","4","4","5","4","4","2","17","7","3","10","1","1","B03","7","8","1","8","2","2","","7","7","1","5","5","B03","24.135189","120.672139","2"
"2019","3","19","16","5","臺中市","大肚區","0","0","","","","","","","","","","","","","","","","","","","","","","","","C03","","","1","","2","","","23","","1","5","","C03","24.146463","120.547565","3"
"2019","3","19","16","7","臺中市","烏日區","0","0","8","","","50","","","","","","","","","","","","","","","","","","","","B03","","","1","","2","","","16","","1","22","","B03","24.115198","120.641506","3"
"2019","3","19","16","8","臺中市","大雅區","0","0","8","","","40","","","","","","","","","","","","","","","","","","","","B03","","","1","","2","","","12","","1","22","","B03","24.22412","120.65723","3"
"2019","3","19","16","13","臺中市","梧棲區","0","1","8","1","5","50","4","1","1","5","4","5","7","4","4","10","5","5","2","15","6","3","10","1","1","B03","7","9","1","8","2","8","","6","6","1","2","8","B03","24.248527","120.545247","2"
"2019","3","19","16","14","臺中市","北屯區","0","1","8","1","5","50","3","1","1","5","4","5","7","4","4","10","5","5","2","17","4","2","8","1","1","C03","7","5","1","10","2","11","","4","4","1","21","8","C03","24.18171","120.682806","2"
"2019","3","19","16","15","臺中市","潭子區","0","0","8","","","40","","","","","","","","","","","","","","","","","","","","B11","","","1","","2","","","12","","1","3","","B11","24.215702","120.705278","3"
"2019","3","19","16","15","臺中市","大雅區","0","0","8","","","50","","","","","","","","","","","","","","","","","","","","C03","","","1","","2","","","23","","1","22","","C03","24.22278","120.65702","3"
"2019","3","19","16","20","臺中市","大里區","0","0","8","","","50","","","","","","","","","","","","","","","","","","","","B03","","","1","","2","","","19","","1","22","","B03","24.094233","120.715313","4"
"2019","3","19","16","20","臺中市","龍井區","0","1","8","1","5","50","14","9","1","5","4","5","5","4","4","10","5","5","1","3","53","2","9","4","1","H01","8","18","8","20","10","16","","53","53","1","13","8","H01","24.2","120.55","2"
"2019","3","19","16","20","臺中市","大甲區","0","1","8","1","5","60","14","7","1","5","4","5","7","4","4","1","4","4","1","23","43","2","9","1","1","B12","7","9","1","8","2","8","","43","43","1","21","8","B12","24.344485","120.617293","2"
"2019","3","19","16","22","臺中市","太平區","0","1","8","1","5","50","14","9","1","5","4","5","7","4","4","5","4","5","2","16","10","3","10","1","1","B01","7","11","1","4","2","4","","10","10","1","21","1","B01","24.126288","120.711826","2"
"2019","3","19","16","27","臺中市","南區","0","2","8","1","5","50","3","1","1","5","4","5","7","4","4","10","5","5","2","16","23","2","5","1","1","C03","7","9","1","10","2","11","","23","23","1","21","8","C03","24.11399","120.657413","2"
"2019","3","19","16","27","臺中市","南區","0","1","8","1","5","40","4","1","1","5","4","5","7","4","4","10","5","5","2","15","6","2","8","1","1","C03","7","9","1","10","2","12","","6","6","1","18","8","C03","24.134511","120.682406","2"
"2019","3","19","16","29","臺中市","西屯區","0","0","8","","","40","","","","","","","","","","","","","","","19","","","","","B12","","","1","","2","","","44","19","1","22","","B12","24.156563","120.647807","3"
"2019","3","19","16","34","臺中市","西區","0","0","8","","","50","","","","","","","","","","","","","","","","","","","","B03","","","1","","2","","","23","","1","","","B03","24.147753","120.652185","3"
"2019","3","19","16","35","臺中市","大肚區","0","0","","","","","","","","","","","","","","","","","","","","","","","","C03","","","1","","2","","","16","","1","18","","C03","24.154075","120.562508","3"
"2019","3","19","16","37","臺中市","南區","0","1","8","1","5","50","4","1","1","5","4","5","7","4","4","10","5","5","2","16","6","2","9","1","1","C03","7","5","1","10","2","12","","6","6","1","22","8","C03","24.119508","120.663076","2"
"2019","3","19","16","37","臺中市","大里區","0","0","8","","","40","","","","","","","","","","","","","","","","","","","","B12","","","1","","2","","","12","","2","21","","B12","24.090088","120.673429","3"
"2019","3","19","16","40","臺中市","烏日區","0","0","8","","","40","","","","","","","","","","","","","","","12","3","","","","A12","","","1","","2","","","12","12","","10","","A12","24.096946","120.63197","3"
"2019","3","19","16","50","臺中市","南屯區","0","1","8","1","5","50","4","1","1","5","4","5","7","1","1","10","5","5","2","16","26","3","10","1","4","B03","7","6","1","8","2","5","","26","26","1","22","8","B03","24.149486","120.623226","2"
"2019","3","19","16","52","臺中市","大甲區","0","1","8","1","5","50","14","13","1","5","4","5","7","4","4","5","4","5","1","21","22","2","9","1","1","C03","7","9","1","8","2","11","","22","22","1","20","8","C03","24.340336","120.632283","2"
"2019","3","19","17","1","臺中市","霧峰區","0","1","8","1","5","40","14","9","1","5","4","5","7","4","4","1","4","5","1","16","7","3","10","1","1","B03","7","8","1","8","2","2","","7","7","1","21","8","B03","24.07152","120.662741","2"
"2019","3","19","17","3","臺中市","烏日區","0","1","8","1","5","50","11","9","1","5","4","5","1","4","4","5","5","5","2","11","8","2","1","1","1","B03","7","5","1","8","2","1","","8","8","1","22","8","B03","24.111627","120.587577","2"