"年","月","日","時","分","縣市","區","死","受傷","天候","光線","道路類別","速限","道路型態","事故位置","路面鋪裝","路面狀態","路面缺陷","障礙物","視距","號誌種類","號誌動作","分向設施","快車道或一般車道間","快慢車道間","路面邊線","事故類型及型態","主要肇因","受傷程度","主要傷處","保護裝備","行動電話","當事者區分","車輛用途","當事者行動狀態","駕駛資格情形","駕駛執照種類","飲酒情形","車輛撞擊部位最初","車輛撞擊部位其他","肇事因素個別","肇事因素主要","肇事逃逸","職業","旅次目的","車種","GPS座標緯度","GPS座標經度","事故類別"
"2019","3","19","17","5","臺中市","西區","0","0","","","","","","","","","","","","","","","","","","","","","","","","B01","","","1","","2","","","23","","1","22","","B01","24.148123","120.65518","3"
"2019","3","19","17","8","臺中市","潭子區","0","0","8","","","50","","","","","","","","","","","","","","","","","","","","C03","","","1","","2","","","16","","1","","","C03","24.212004","120.686953","3"
"2019","3","19","17","10","臺中市","烏日區","0","1","8","1","5","50","3","1","1","5","4","5","7","4","4","10","5","5","2","16","6","3","10","3","4","B03","7","5","1","8","2","6","","6","6","1","21","8","B03","24.061652","120.64363","2"
"2019","3","19","17","14","臺中市","西屯區","0","0","8","","","50","","","","","","","","","","","","","","","43","","","","","B03","","","1","","2","","","43","43","1","22","","B03","24.188216","120.606225","3"
"2019","3","19","17","15","臺中市","大里區","0","0","8","","","50","","","","","","","","","","","","","","","","","","","","B12","","","1","","2","","","12","","1","4","","B12","24.100445","120.682391","3"
"2019","3","19","17","17","臺中市","北區","0","5","8","1","5","40","4","2","1","5","4","5","7","4","4","10","4","5","2","9","37","2","8","1","1","C03","7","15","1","10","2","11","","37","37","1","5","8","C03","24.173684","120.675065","2"
"2019","3","19","17","20","臺中市","太平區","0","0","8","","","50","","","","","","","","","","","","","","","","","","","","C03","","","1","","2","","","19","","1","22","","C03","24.133215","120.716382","3"
"2019","3","19","17","23","臺中市","潭子區","0","0","8","","","50","","","","","","","","","","","","","","","","","","","","B03","","","1","","2","","","23","","1","22","","B03","24.210537","120.68653","3"
"2019","3","19","17","25","臺中市","烏日區","0","2","8","1","5","40","4","1","1","5","4","5","7","4","4","10","5","5","2","15","6","2","8","1","1","C03","7","9","1","10","2","11","","23","6","1","21","8","C03","24.07673","120.641134","2"
"2019","3","19","17","25","臺中市","梧棲區","0","1","8","1","5","70","5","1","1","5","4","5","7","1","1","10","5","5","1","16","6","3","10","3","4","B03","7","5","1","8","2","2","","6","6","1","21","8","B03","24.256784","120.558266","2"
"2019","3","19","17","27","臺中市","太平區","0","1","8","1","5","40","3","2","1","5","4","5","7","2","1","5","4","4","1","12","7","2","1","1","1","F01","7","8","8","20","2","16","","7","7","1","15","8","F01","24.149587","120.716217","2"
"2019","3","19","17","27","臺中市","烏日區","0","0","8","","","70","","","","","","","","","","","","","","","","","","","","B12","","","1","","2","","","8","","1","","","B12","24.110737","120.600238","3"
"2019","3","19","17","32","臺中市","潭子區","0","1","8","3","5","60","14","9","1","5","4","5","7","4","4","9","4","4","1","13","16","3","10","1","1","B12","7","9","1","8","2","1","","16","16","1","21","8","B12","24.218161","120.718663","2"
"2019","3","19","17","33","臺中市","潭子區","0","2","8","2","5","50","14","7","1","5","4","5","7","4","4","1","4","4","1","17","19","2","8","1","1","C03","7","1","1","10","2","15","","19","19","1","22","8","C03","24.216771","120.70017","2"
"2019","3","19","17","34","臺中市","神岡區","0","1","8","1","5","50","13","9","1","5","4","5","7","4","4","10","5","5","2","17","22","2","9","3","4","C03","7","9","1","10","2","11","","22","22","1","5","9","C03","24.247726","120.68628","2"
"2019","3","19","17","35","臺中市","西區","0","1","8","1","5","50","3","7","1","5","4","5","7","4","4","9","4","4","2","17","23","2","9","1","1","C03","7","9","1","10","2","11","","23","23","1","5","7","C03","24.137293","120.661666","2"
"2019","3","19","17","39","臺中市","外埔區","0","1","8","2","5","50","3","8","1","5","4","5","7","4","4","4","5","4","1","17","26","3","10","1","1","B03","7","8","1","8","2","6","","26","26","1","21","8","B03","24.34432","120.634948","2"
"2019","3","19","17","39","臺中市","外埔區","1","0","8","2","5","50","14","8","1","5","4","5","7","4","4","4","5","4","1","17","7","3","10","1","1","B03","7","8","1","8","2","6","","7","7","1","21","8","B03","24.34432","120.634948","1"
"2019","3","19","17","41","臺中市","北屯區","0","0","8","","","50","","","","","","","","","","","","","","","","","","","","A05","","","1","","2","","","43","","1","5","","A05","24.166903","120.665564","3"
"2019","3","19","17","50","臺中市","西屯區","0","0","8","1","5","50","14","7","1","5","4","5","7","4","4","8","4","4","2","16","23","3","10","3","4","B03","7","9","5","8","2","1","","23","23","2","22","9","B03","24.167207","120.619801","3"
"2019","3","19","17","54","臺中市","西區","0","0","8","","","50","","","","","","","","","","","","","","","44","","","","","B03","","","1","","2","","","44","44","1","21","","B03","24.148742","120.671243","3"
"2019","3","19","17","56","臺中市","西區","0","0","8","","","50","","","","","","","","","","","","","","","6","3","","","","B03","","","1","","2","","","6","6","","5","","B03","24.144374","120.666625","3"
"2019","3","19","18","4","臺中市","北屯區","0","1","8","3","5","50","14","9","1","5","4","5","7","4","4","1","2","5","2","12","26","2","9","1","1","C03","7","7","1","10","2","14","","26","26","1","22","8","C03","24.178262","120.700496","2"
"2019","3","19","18","6","臺中市","北區","0","1","8","2","5","50","4","1","1","5","4","5","7","1","1","10","5","5","2","12","26","3","10","3","4","B03","7","6","1","8","2","6","","26","26","1","5","8","B03","24.148275","120.683518","2"
"2019","3","19","18","8","臺中市","西屯區","0","0","8","","","50","","","","","","","","","","","","","","","","","","","","B12","","","1","","2","","","23","","1","22","","B12","24.185408","120.63809","3"
"2019","3","19","18","15","臺中市","西屯區","0","0","8","","","50","","","","","","","","","","","","","","","7","","","","","B12","","","1","","2","","","7","7","1","","","B12","24.181027","120.619301","3"
"2019","3","19","18","17","臺中市","大肚區","0","2","7","3","5","50","14","9","1","5","4","5","7","4","4","5","5","5","1","12","16","2","8","1","1","C03","7","9","1","10","2","11","","16","16","1","21","8","C03","24.171826","120.580209","2"
"2019","3","19","18","18","臺中市","北屯區","0","3","8","3","5","40","5","1","1","5","4","5","7","4","4","10","5","5","2","15","6","2","9","3","4","C03","7","9","3","18","2","14","","6","6","1","21","8","C03","24.193588","120.660758","2"
"2019","3","19","18","18","臺中市","大里區","0","1","8","2","5","50","14","9","1","5","4","5","7","4","4","5","4","5","1","27","44","2","9","1","1","C03","7","9","1","10","2","14","","44","44","1","5","8","C03","24.114935","120.675273","2"
"2019","3","19","18","22","臺中市","潭子區","0","0","8","","","50","","","","","","","","","","","","","","","","","","","","B03","","","1","","2","","","23","","1","22","","B03","24.187187","120.702382","3"
"2019","3","19","18","27","臺中市","北屯區","0","1","8","3","5","50","14","9","1","5","4","5","7","4","4","10","5","5","2","12","44","2","8","1","1","C03","7","9","1","10","2","14","","44","44","1","21","8","C03","24.177197","120.683771","2"
"2019","3","19","18","28","臺中市","霧峰區","0","0","8","","","50","","","","","","","","","","","","","","","","","","","","C03","","","1","","2","","","12","","1","21","","C03","24.059786","120.663283","3"
"2019","3","19","18","30","臺中市","南區","0","1","8","3","5","50","4","1","1","5","4","5","7","1","1","10","5","5","2","16","6","3","10","1","1","B03","7","5","1","8","2","8","","6","6","1","22","8","B03","24.122748","120.653528","2"
"2019","3","19","18","32","臺中市","大甲區","0","1","8","3","5","40","3","1","1","5","4","5","7","4","4","10","5","5","2","9","23","3","10","1","1","B12","7","6","1","8","2","8","","23","23","1","21","8","B12","24.345868","120.632749","2"
"2019","3","19","18","35","臺中市","沙鹿區","0","1","8","3","5","50","14","9","1","5","4","5","7","4","4","5","4","5","1","17","26","3","10","1","1","B03","7","11","1","5","2","8","","26","26","1","20","8","B03","24.228256","120.55902","2"
"2019","3","19","18","39","臺中市","南屯區","0","0","8","","","50","","","","","","","","","","","","","","","","","","","","B03","","","1","","2","","","23","","1","","","B03","24.140948","120.643108","3"
"2019","3","19","18","43","臺中市","東區","0","2","8","2","5","50","14","7","1","5","4","5","7","4","4","9","5","4","2","16","6","2","9","1","1","C03","7","5","1","10","2","11","","6","6","1","21","8","C03","24.135046","120.690551","2"
"2019","3","19","18","51","臺中市","清水區","0","1","8","3","5","60","4","7","1","5","4","5","7","1","1","1","1","4","1","13","23","2","9","3","1","B12","7","9","6","18","2","8","","23","23","1","21","8","B12","24.26759","120.54396","2"
"2019","3","19","18","55","臺中市","大雅區","0","1","8","3","5","50","4","1","1","5","4","5","7","1","1","9","4","5","1","17","6","3","10","1","1","B03","7","5","1","8","2","8","","6","6","1","22","9","B03","24.22214","120.64545","2"
"2019","3","19","18","56","臺中市","大雅區","0","0","8","","","50","","","","","","","","","","","","","","","","","","","","B03","","","1","","2","","","16","","1","","","B03","24.228869","120.654732","3"
"2019","3","19","18","57","臺中市","西屯區","0","1","8","3","5","40","4","7","1","5","4","5","7","4","4","5","5","4","2","16","6","2","9","1","1","C03","7","5","1","10","2","12","","6","6","1","22","9","C03","24.168991","120.64437","2"
"2019","3","19","18","57","臺中市","潭子區","0","0","8","","","50","","","","","","","","","","","","","","","","","","","","C03","","","1","","2","","","16","","1","","","C03","24.221853","120.7065","3"
"2019","3","19","19","0","臺中市","大里區","0","0","8","","","40","","","","","","","","","","","","","","","","","","","","B12","","","1","","2","","","18","","1","4","","B12","24.085824","120.681612","3"
"2019","3","19","19","7","臺中市","太平區","0","2","8","3","5","50","3","9","1","5","4","5","7","4","4","5","4","5","2","12","42","3","10","1","1","B03","7","15","1","8","2","2","","42","42","1","21","8","B03","24.140756","120.732042","2"
"2019","3","19","19","15","臺中市","南屯區","0","2","7","3","5","80","14","9","1","5","4","5","7","4","4","1","4","5","2","12","42","2","9","1","4","B03","7","9","1","8","2","2","","42","42","1","22","8","B03","24.144483","120.623221","2"
"2019","3","19","19","17","臺中市","西屯區","0","2","8","2","5","50","14","9","1","5","4","5","7","4","4","1","4","5","2","12","43","3","10","3","4","C03","7","9","1","10","2","15","","43","43","1","21","8","C03","24.193551","120.659341","2"
"2019","3","19","19","22","臺中市","龍井區","0","0","","","","","","","","","","","","","","","","","","","42","","","","","B03","","","1","","2","","","42","42","1","21","","B03","24.184986","120.573905","3"
"2019","3","19","19","35","臺中市","大里區","0","1","8","3","5","50","4","1","1","5","4","5","7","1","1","10","5","5","2","3","8","3","10","1","1","B02","7","5","1","8","2","5","","8","8","1","21","8","B02","24.10079","120.689771","2"
"2019","3","19","19","41","臺中市","西屯區","0","0","8","","","50","","","","","","","","","","","","","","","","","","","","B03","","","1","","2","","","26","","1","22","","B03","24.174883","120.648619","3"
"2019","3","19","19","46","臺中市","大甲區","0","1","8","3","5","50","3","1","1","5","4","5","7","4","4","10","5","5","2","17","10","3","10","1","1","B12","7","11","1","8","2","2","","10","10","1","4","8","B12","24.348853","120.627488","2"
"2019","3","19","19","50","臺中市","大肚區","0","0","","","","","","","","","","","","","","","","","","","","","","","","A11","","","1","","2","","","17","","1","3","","A11","24.161476","120.546215","3"
"2019","3","19","19","52","臺中市","大肚區","0","3","8","3","5","50","14","9","1","5","4","5","7","4","4","10","5","5","1","12","6","3","10","1","1","B03","7","6","1","8","2","5","","6","6","1","5","5","B03","24.171988","120.580307","2"
"2019","3","19","20","2","臺中市","后里區","0","1","8","3","5","50","14","12","1","5","4","5","7","4","4","9","5","5","1","17","7","3","10","3","4","B03","7","8","1","8","2","2","","7","7","1","22","8","B03","24.311714","120.705304","2"
"2019","3","19","20","5","臺中市","南屯區","0","2","8","3","5","50","4","2","1","5","4","5","7","2","1","1","2","5","2","17","23","2","9","1","1","C03","7","9","1","10","2","11","12","23","23","1","3","1","C03","24.14801","120.604728","2"
"2019","3","19","20","15","臺中市","西屯區","0","0","8","","","50","","","","","","","","","","","","","","","","","","","","A12","","","1","","2","","","12","","1","22","","A12","24.1736","120.615354","3"
"2019","3","19","20","34","臺中市","龍井區","0","2","7","3","5","40","12","8","1","5","4","5","7","4","4","1","4","1","1","13","23","2","9","1","1","C03","7","9","1","10","2","11","","23","23","1","18","8","C03","24.195281","120.580039","2"
"2019","3","19","20","48","臺中市","大里區","0","1","8","3","5","50","14","9","1","5","4","5","7","4","4","9","5","5","1","11","42","3","10","1","1","B03","7","15","1","8","2","4","","42","42","1","4","8","B03","24.090308","120.699549","2"
"2019","3","19","20","52","臺中市","龍井區","0","0","","","","","","","","","","","","","","","","","","","","","","","","B02","","","1","","2","","","42","","1","","","B02","24.185568","120.585453","3"
"2019","3","19","20","54","臺中市","神岡區","0","0","8","","","40","","","","","","","","","","","","","","","6","","","","","B03","","","1","","2","","","6","6","1","","","B03","24.245833","120.694291","3"
"2019","3","19","20","55","臺中市","大里區","0","1","8","3","5","50","4","1","1","5","4","5","7","1","1","10","5","5","2","16","26","3","10","1","1","B03","7","6","1","8","2","2","","26","26","1","22","8","B03","24.094528","120.687987","2"
"2019","3","19","21","10","臺中市","西區","0","1","8","3","5","50","5","1","1","5","4","5","7","2","1","10","5","5","2","16","6","3","10","1","1","C03","7","5","1","10","2","12","","6","6","1","20","8","C03","24.150936","120.671895","2"
"2019","3","19","21","14","臺中市","北屯區","0","2","8","3","5","50","4","1","1","5","4","5","7","1","1","10","5","5","2","16","6","2","9","1","1","C03","7","5","1","10","2","12","","6","6","1","21","8","C03","24.182459","120.690783","2"
"2019","3","19","21","30","臺中市","大雅區","0","1","8","4","5","50","14","9","1","5","4","4","7","2","1","5","5","5","1","24","19","2","8","1","1","C03","7","1","1","10","2","11","","19","19","1","22","9","C03","24.22793","120.651804","2"
"2019","3","19","21","38","臺中市","北屯區","0","0","8","","","80","","","","","","","","","","","","","","","","","","","","B03","","","1","","2","","","16","","1","18","","B03","24.180075","120.721441","3"
"2019","3","19","21","40","臺中市","太平區","0","0","8","","","50","","","","","","","","","","","","","","","","","","","","B03","","","1","","2","","","23","","1","4","","B03","24.105601","120.723776","3"
"2019","3","19","21","56","臺中市","西屯區","0","0","8","","","50","","","","","","","","","","","","","","","","","","","","B03","","","1","","2","","","6","","1","22","","B03","24.194016","120.648883","3"
"2019","3","19","21","56","臺中市","梧棲區","0","1","8","3","5","50","4","1","1","5","4","5","7","4","4","10","5","5","2","16","6","2","9","1","1","C03","7","5","1","10","2","14","","6","6","1","3","8","C03","24.248191","120.545966","2"
"2019","3","19","22","1","臺中市","北屯區","0","1","8","3","5","40","4","1","1","5","4","5","7","1","1","1","2","4","2","16","43","3","10","1","1","B03","7","6","1","8","2","6","","43","43","1","22","8","B03","24.168425","120.685118","2"
"2019","3","19","22","6","臺中市","烏日區","0","1","8","1","5","50","4","1","1","5","4","5","7","2","1","10","5","5","2","16","8","3","10","1","1","B03","7","5","1","8","2","2","","8","8","1","21","8","B03","24.105051","120.65155","2"
"2019","3","19","22","14","臺中市","西區","0","0","8","3","5","50","14","7","1","5","4","","7","1","1","5","2","4","2","13","","","","","","B03","","","1","","2","","","23","","1","22","","B03","24.150827","120.655141","3"
"2019","3","19","22","25","臺中市","西屯區","0","0","8","","","50","","","","","","","","","","","","","","","23","","","","","B03","","","1","","2","","","23","23","1","","","B03","24.162755","120.649075","3"
"2019","3","19","22","42","臺中市","東區","0","1","8","3","5","50","4","1","1","5","4","5","7","1","1","10","5","5","2","15","43","3","10","1","1","B03","7","9","1","8","2","2","","43","43","1","22","8","B03","24.141539","120.685985","2"
"2019","3","19","22","48","臺中市","沙鹿區","0","1","8","3","5","40","3","1","1","5","4","5","7","4","4","10","5","5","2","17","6","3","10","1","1","B03","7","6","3","18","2","5","","6","6","1","21","8","B03","24.238888","120.5669","2"
"2019","3","19","22","53","臺中市","南區","0","0","8","","","50","","","","","","","","","","","","","","","","","","","","","","","","","","","","","","","","","","24.125343","120.663261","3"
"2019","3","19","23","13","臺中市","西屯區","0","0","8","","","40","","","","","","","","","","","","","","","43","","","","","C03","","","1","","2","","","43","43","1","","","C03","24.166103","120.663738","3"
"2019","3","20","0","59","臺中市","西屯區","0","1","8","3","5","50","4","1","1","5","4","5","7","2","1","10","5","5","2","15","25","3","10","1","1","B02","7","9","3","18","2","8","","25","25","1","21","8","B02","24.164406","120.655196","2"
"2019","3","20","1","0","臺中市","大里區","0","1","8","3","5","50","14","9","1","5","4","5","7","4","4","5","2","5","2","26","21","2","9","1","1","C03","7","9","1","10","6","12","","21","21","1","22","8","C03","24.088815","120.709556","2"
"2019","3","20","6","50","臺中市","北屯區","0","1","8","1","5","50","4","1","1","5","4","5","7","4","4","10","5","5","2","16","6","2","9","4","5","F01","7","9","8","20","2","16","","6","6","1","21","8","F01","24.183513","120.668977","2"
"2019","3","20","6","51","臺中市","烏日區","0","1","8","1","5","40","14","11","1","5","4","5","7","4","4","1","4","4","1","13","16","3","10","1","1","C03","7","9","1","10","2","11","","16","16","1","21","1","C03","24.113678","120.590333","2"
"2019","3","20","7","20","臺中市","大里區","0","0","8","","","50","","","","","","","","","","","","","","","","","","","","C03","","","1","","2","","","42","","1","9","","C03","24.111166","120.695583","3"
"2019","3","20","7","20","臺中市","后里區","0","0","8","","","50","","","","","","","","","","","","","","","","","","","","A04","","","1","","2","","","43","","1","","","A04","24.309105","120.721588","3"
"2019","3","20","7","21","臺中市","大里區","0","1","8","1","5","50","3","2","1","5","4","5","7","4","4","9","4","4","2","17","9","3","10","3","4","B03","7","6","1","8","2","2","","9","9","1","12","8","B03","24.098248","120.677073","2"
"2019","3","20","7","25","臺中市","南區","0","0","8","","","50","","","","","","","","","","","","","","","42","3","","","","B03","","","1","8","2","","","42","42","","21","","B03","24.111438","120.649981","3"
"2019","3","20","7","28","臺中市","神岡區","0","1","8","1","5","40","12","9","1","5","4","5","7","1","1","10","5","5","2","18","14","2","9","3","4","C03","7","12","1","10","2","12","","14","14","1","22","1","C03","24.258076","120.68845","2"
"2019","3","20","7","34","臺中市","西屯區","0","1","8","1","5","50","4","1","1","5","4","5","7","1","1","10","5","5","2","16","9","3","10","1","1","C03","7","6","1","10","2","15","","9","9","1","22","8","C03","24.186612","120.614489","2"
"2019","3","20","7","35","臺中市","西屯區","0","0","8","","","40","","","","","","","","","","","","","","","","","","","","B03","","","1","","2","","","23","","1","22","","B03","24.177456","120.640675","3"
"2019","3","20","7","36","臺中市","西屯區","0","1","8","1","5","60","4","8","1","5","4","5","7","1","1","1","3","4","2","16","7","3","10","1","1","B03","7","8","1","8","2","5","","7","7","1","21","8","B03","24.166568","120.643453","2"
"2019","3","20","7","38","臺中市","太平區","0","1","8","1","5","40","3","8","1","5","4","5","7","2","1","5","4","4","1","17","40","3","10","1","1","B03","7","15","1","8","2","4","","40","40","1","21","1","B03","24.15005","120.728002","2"
"2019","3","20","7","40","臺中市","北屯區","0","2","8","1","5","50","4","2","1","5","4","5","7","1","1","5","5","4","2","17","6","3","10","1","1","B03","7","6","1","8","2","8","","6","6","1","21","8","B03","24.176756","120.690408","2"
"2019","3","20","7","40","臺中市","西屯區","0","0","8","","","50","","","","","","","","","","","","","","","","","","","","B03","","","1","","2","","","23","","1","","","B03","24.208818","120.651243","3"
"2019","3","20","7","50","臺中市","西區","0","1","8","1","5","50","4","1","1","5","4","5","7","4","4","10","5","5","2","15","26","2","3","1","1","C03","7","9","1","10","2","14","","26","26","1","21","8","C03","24.146441","120.673319","2"
"2019","3","20","7","50","臺中市","北屯區","0","0","8","","","50","","","","","","","","","","","","","","","","","","","","B03","","","1","","2","","","6","","1","21","","B03","24.172208","120.68587","3"
"2019","3","20","7","55","臺中市","北區","0","1","8","1","5","50","4","1","1","5","4","5","7","1","1","10","5","5","2","3","15","3","10","1","1","B03","7","5","1","8","2","4","","15","15","1","5","8","B03","24.155937","120.685777","2"
"2019","3","20","7","57","臺中市","北屯區","0","0","8","1","5","50","4","9","1","5","4","5","7","1","1","1","1","5","2","13","23","3","10","1","1","B03","7","9","1","8","2","1","","23","23","1","21","8","B03","24.172538","120.685838","3"
"2019","3","20","7","58","臺中市","烏日區","0","0","8","","","40","","","","","","","","","","","","","","","12","3","","","","B12","","","1","","2","","","12","12","","21","","B12","24.076123","120.640004","3"
"2019","3","20","8","0","臺中市","龍井區","0","0","","","","","","","","","","","","","","","","","","","","","","","","","","","7","","11","","","43","","1","","","","24.182536","120.592936","3"
"2019","3","20","8","0","臺中市","潭子區","0","1","8","1","5","50","4","1","1","5","4","5","7","2","1","1","3","4","1","12","26","2","9","1","1","C03","7","9","1","10","2","14","","26","26","1","22","9","C03","24.217738","120.705798","2"
"2019","3","20","8","7","臺中市","西區","0","0","8","","","50","","","","","","","","","","","","","","","6","3","","","","B03","","","1","","2","","","6","6","","21","","B03","24.135245","120.670322","3"
"2019","3","20","8","11","臺中市","龍井區","0","1","8","1","5","40","4","1","1","5","4","5","7","4","4","10","5","5","2","15","6","2","1","1","1","C03","7","9","1","10","2","11","","6","6","1","5","1","C03","24.183187","120.58952","2"
"2019","3","20","8","18","臺中市","龍井區","0","1","8","1","5","50","3","1","1","5","4","5","7","4","4","10","5","5","2","16","8","3","10","1","1","B12","7","5","1","8","3","8","","8","8","1","10","8","B12","24.181276","120.587126","2"
"2019","3","20","8","21","臺中市","北區","0","1","8","1","5","50","4","1","1","5","4","5","7","4","4","10","5","5","2","16","6","2","9","1","1","C03","7","9","3","18","2","12","","6","6","1","22","8","C03","24.1575","120.6959","2"
"2019","3","20","8","24","臺中市","北屯區","0","2","8","1","5","40","14","9","1","5","4","5","7","4","4","10","5","5","2","16","23","2","9","1","1","C03","7","9","1","10","2","11","14","23","23","1","5","8","C03","24.169326","120.70455","2"
"2019","3","20","8","24","臺中市","霧峰區","0","0","8","","","70","","","","","","","","","","","","","","","44","","","","","C03","","","1","","2","","","23","44","1","","","C03","24.052679","120.693665","3"
"2019","3","20","8","35","臺中市","大肚區","0","2","8","1","5","40","3","9","1","5","4","5","7","4","4","10","5","5","2","11","43","2","8","1","1","C03","7","9","4","8","2","11","","43","43","1","19","7","C03","24.166984","120.543917","2"
"2019","3","20","8","43","臺中市","大雅區","0","2","8","1","5","40","14","9","1","5","4","5","7","4","4","10","5","5","2","16","19","3","10","1","1","B12","7","1","1","8","2","5","","19","19","1","22","9","B12","24.222784","120.645221","2"
"2019","3","20","8","55","臺中市","南區","0","2","8","1","5","50","4","1","1","5","4","5","7","4","4","10","5","5","2","15","6","2","7","1","1","F01","7","9","8","20","2","16","","6","6","1","4","8","F01","24.124479","120.671515","2"
"2019","3","20","8","56","臺中市","西屯區","0","0","8","","","50","","","","","","","","","","","","","","","","","","","","B12","","","1","","2","","","12","","1","","","B12","24.163911","120.643711","3"
"2019","3","20","8","56","臺中市","大雅區","0","0","8","","","60","","","","","","","","","","","","","","","","","","","","B12","","","1","","2","","","16","","1","21","","B12","24.212731","120.649881","3"
"2019","3","20","9","5","臺中市","潭子區","0","2","8","1","5","40","3","2","1","5","4","5","7","3","1","5","4","5","1","11","8","2","7","1","1","C03","7","5","1","10","2","12","","8","8","1","22","9","C03","24.21797","120.720188","2"
"2019","3","20","9","18","臺中市","大里區","0","0","8","","","40","","","","","","","","","","","","","","","","","","","","B03","","","1","","2","","","23","","1","21","","B03","24.11889","120.700595","3"
"2019","3","20","9","20","臺中市","太平區","0","0","8","","","50","","","","","","","","","","","","","","","8","","","","","C03","","","1","","2","","","8","8","1","20","","C03","24.142437","120.722295","3"
"2019","3","20","9","30","臺中市","大里區","0","2","8","1","5","40","4","1","1","5","4","5","7","4","4","10","5","5","2","16","6","2","9","3","4","C03","7","9","1","10","2","12","","6","6","1","12","8","C03","24.083475","120.706083","2"
"2019","3","20","9","42","臺中市","北區","0","1","8","1","5","50","15","9","1","5","4","5","7","4","4","1","4","5","2","16","19","3","10","1","1","B03","7","1","1","8","2","8","","19","19","1","22","8","B03","24.148991","120.683673","2"
"2019","3","20","9","50","臺中市","大肚區","0","0","","","","","","","","","","","","","","","","","","","","","","","","B03","","","1","","2","","","17","","1","5","","B03","24.125045","120.561774","3"
"2019","3","20","9","56","臺中市","清水區","0","0","8","","","50","","","","","","","","","","","","","","","","","","","","B12","","","1","","2","","","12","","1","9","","B12","24.259623","120.570188","3"
"2019","3","20","10","0","臺中市","北區","0","0","8","","","50","","","","","","","","","","","","","","","","","","","","B03","","","1","","2","","","23","","1","22","","B03","24.165706","120.667525","3"
"2019","3","20","10","0","臺中市","潭子區","0","1","8","1","5","50","3","2","1","5","4","5","7","3","1","5","5","5","1","12","6","3","10","1","1","B03","7","6","1","8","2","2","","6","6","1","22","9","B03","24.218098","120.720051","2"
"2019","3","20","10","8","臺中市","南區","0","0","8","","","50","","","","","","","","","","","","","","","26","","","","","B03","","","1","","2","","","26","26","1","4","","B03","24.113092","120.653417","3"
"2019","3","20","10","10","臺中市","霧峰區","0","0","8","","","50","","","","","","","","","","","","","","","","","","","","C03","","","1","","2","","","9","","1","22","","C03","24.080127","120.714293","4"
"2019","3","20","10","11","臺中市","神岡區","0","0","8","","","50","","","","","","","","","","","","","","","","","","","","B03","","","1","","2","","","42","","1","22","","B03","24.248483","120.694683","3"
"2019","3","20","10","16","臺中市","南區","0","0","8","","","50","","","","","","","","","","","","","","","23","3","","","","B02","","","1","7","2","","","23","23","","21","","B02","24.1121","120.644648","3"
"2019","3","20","10","18","臺中市","西屯區","0","0","8","","","50","","","","","","","","","","","","","","","","","","","","B12","","","1","","2","","","12","","1","","","B12","24.163819","120.64332","3"
"2019","3","20","10","30","臺中市","北屯區","0","1","8","1","5","50","3","1","1","5","4","5","7","4","4","10","5","5","2","16","42","2","9","1","1","C03","7","9","1","10","2","15","","23","42","1","21","8","C03","24.165805","120.720891","2"
"2019","3","20","10","32","臺中市","北屯區","0","1","8","1","5","50","4","1","1","5","4","5","7","1","3","10","5","5","2","15","6","3","10","1","1","B03","7","9","1","8","2","4","","23","6","1","21","8","B03","24.177901","120.685013","2"
"2019","3","20","10","33","臺中市","北屯區","0","0","8","1","5","50","14","9","1","5","4","5","7","4","4","8","4","5","2","14","12","3","10","1","1","B11","7","2","1","8","2","3","","12","12","1","21","8","B11","24.168365","120.685746","3"
"2019","3","20","10","40","臺中市","大里區","0","1","8","1","5","50","14","9","1","5","4","5","7","4","4","5","2","5","1","3","51","2","8","1","1","H01","8","16","8","20","10","16","","51","51","1","18","8","H01","24.100492","120.679994","2"
"2019","3","20","10","41","臺中市","西屯區","0","0","8","","","50","","","","","","","","","","","","","","","16","","","","","B03","","","1","","2","","","16","16","1","","","B03","24.178757","120.62449","3"
"2019","3","20","10","42","臺中市","中區","0","0","8","","","50","","","","","","","","","","","","","","","","","","","","B03","","","1","","2","","","12","","1","5","","B03","24.142368","120.679488","4"
"2019","3","20","10","44","臺中市","清水區","0","0","8","","","40","","","","","","","","","","","","","","","","","","","","A41","","","1","","2","","","12","","1","10","","A41","24.26557","120.571433","3"
"2019","3","20","10","50","臺中市","太平區","0","2","8","1","5","50","4","1","1","5","4","5","7","2","1","5","4","5","1","12","42","2","9","1","1","C03","7","15","3","18","2","12","","42","42","1","21","8","C03","24.125113","120.713718","2"
"2019","3","20","11","0","臺中市","中區","0","1","8","1","5","50","4","1","1","5","4","5","7","1","3","10","5","5","2","15","6","2","9","1","1","C03","7","9","1","10","2","11","","6","6","1","21","8","C03","24.14387","120.681023","2"
"2019","3","20","11","0","臺中市","潭子區","0","0","8","","","50","","","","","","","","","","","","","","","23","","","","","C03","","","1","","2","","","23","23","1","22","","C03","24.196576","120.723317","3"
"2019","3","20","11","14","臺中市","北屯區","0","0","8","","","40","","","","","","","","","","","","","","","","","","","","B03","","","1","","2","","","40","","1","20","","B03","24.178","120.6917","3"