"年","月","日","時","分","縣市","區","死","受傷","天候","光線","道路類別","速限","道路型態","事故位置","路面鋪裝","路面狀態","路面缺陷","障礙物","視距","號誌種類","號誌動作","分向設施","快車道或一般車道間","快慢車道間","路面邊線","事故類型及型態","主要肇因","受傷程度","主要傷處","保護裝備","行動電話","當事者區分","車輛用途","當事者行動狀態","駕駛資格情形","駕駛執照種類","飲酒情形","車輛撞擊部位最初","車輛撞擊部位其他","肇事因素個別","肇事因素主要","肇事逃逸","職業","旅次目的","車種","GPS座標緯度","GPS座標經度","事故類別"
"2019","3","20","11","17","臺中市","北屯區","0","1","8","1","5","50","14","7","1","5","4","5","7","4","4","5","5","4","2","17","26","2","9","1","1","C03","7","9","1","10","2","12","11","26","26","1","5","8","C03","24.176276","120.682273","2"
"2019","3","20","11","28","臺中市","霧峰區","0","1","8","1","5","50","5","2","1","5","4","5","7","4","4","5","4","4","1","13","16","2","3","3","4","C03","7","9","1","10","2","11","","16","16","1","12","8","C03","24.06596","120.698901","2"
"2019","3","20","11","28","臺中市","潭子區","0","0","8","","","60","","","","","","","","","","","","","","","","","","","","B03","","","1","","2","","","23","","1","","","B03","24.212711","120.705461","3"
"2019","3","20","11","32","臺中市","北區","0","0","8","","","50","","","","","","","","","","","","","","","42","","","","","B12","","","1","","2","","","23","42","1","5","","B12","24.153058","120.688904","3"
"2019","3","20","11","34","臺中市","潭子區","0","2","8","1","5","40","3","2","1","5","4","5","7","3","1","5","4","5","1","11","8","2","9","1","1","C03","7","5","1","10","2","11","","8","8","1","22","1","C03","24.22331","120.698301","2"
"2019","3","20","11","35","臺中市","外埔區","0","0","8","","","50","","","","","","","","","","","","","","","","","","","","B03","","","1","","2","","","23","","1","","","B03","24.332106","120.652881","3"
"2019","3","20","11","38","臺中市","霧峰區","0","1","8","1","8","40","14","9","1","5","4","5","7","1","1","1","5","5","2","13","23","3","10","1","1","C03","7","9","1","9","2","11","","23","23","1","21","5","C03","24.066029","120.694294","2"
"2019","3","20","11","40","臺中市","東區","0","1","8","1","5","50","4","1","1","5","4","5","7","1","1","10","5","5","2","15","25","2","7","1","1","C03","7","9","1","10","2","12","","25","25","1","22","8","C03","24.141637","120.706945","2"
"2019","3","20","11","45","臺中市","中區","0","1","8","1","5","50","3","1","1","5","4","5","7","4","4","10","4","5","2","16","8","3","10","1","1","B12","7","5","1","8","2","4","","8","8","1","21","5","B12","24.143577","120.681415","2"
"2019","3","20","12","4","臺中市","北屯區","0","1","8","1","5","40","14","8","1","5","4","5","7","4","4","3","4","4","2","13","23","2","8","1","1","C03","7","9","3","18","2","11","","23","23","1","21","8","C03","24.166733","120.695221","2"
"2019","3","20","12","6","臺中市","大里區","0","0","8","","","40","","","","","","","","","","","","","","","","","","","","B03","","","1","","2","","","16","","1","","","B03","24.092568","120.68936","3"
"2019","3","20","12","11","臺中市","北屯區","0","0","8","","","50","","","","","","","","","","","","","","","","","","","","B12","","","1","","2","","","12","","1","","","B12","24.175923","120.670521","3"
"2019","3","20","12","15","臺中市","東區","0","0","8","1","5","50","14","8","1","5","4","5","7","4","4","9","4","4","2","14","12","3","10","1","1","A12","7","2","1","7","2","3","","12","12","1","22","8","A12","24.13346","120.692715","3"
"2019","3","20","12","15","臺中市","沙鹿區","0","0","","","","","","","","","","","","","","","","","","","","","","","","C03","","","1","","2","","","25","","1","","","C03","","","3"
"2019","3","20","12","16","臺中市","西屯區","0","1","8","1","5","40","3","1","1","5","4","5","7","4","4","1","4","5","2","16","6","3","10","1","1","B03","7","6","1","8","2","4","","6","6","1","22","8","B03","24.161636","120.651626","2"
"2019","3","20","12","17","臺中市","大里區","0","1","8","1","7","40","3","1","1","5","4","5","1","4","4","10","5","5","1","17","6","2","9","1","1","C03","7","5","1","10","2","11","","6","6","1","9","7","C03","24.091289","120.707773","2"
"2019","3","20","12","20","臺中市","北屯區","0","3","8","1","5","50","14","9","1","5","4","5","7","4","4","4","4","5","2","16","7","2","5","1","1","C03","7","7","1","10","2","14","","7","7","1","21","8","C03","24.177718","120.739763","2"
"2019","3","20","12","24","臺中市","北屯區","0","0","8","","","50","","","","","","","","","","","","","","","","","","","","A05","","","1","","2","","","12","","1","5","","A05","24.188268","120.682624","3"
"2019","3","20","12","27","臺中市","太平區","0","2","8","1","5","50","14","9","1","5","4","5","7","4","4","5","5","5","1","12","26","2","9","1","1","C03","7","11","1","10","2","11","","26","26","1","5","7","C03","24.120929","120.720218","2"
"2019","3","20","12","27","臺中市","太平區","0","0","8","","","40","","","","","","","","","","","","","","","","","","","","C03","","","1","","2","","","23","","1","21","","C03","24.15549","120.717251","3"
"2019","3","20","12","30","臺中市","大雅區","0","0","8","","","50","","","","","","","","","","","","","","","","","","","","B02","","","1","","2","","","19","","1","22","","B02","24.23809","120.63329","3"
"2019","3","20","12","40","臺中市","西區","0","2","8","1","5","50","4","1","1","5","4","5","7","1","1","10","5","5","2","16","26","2","9","1","1","C03","7","5","1","10","2","14","","26","26","1","22","9","C03","24.145961","120.677391","2"
"2019","3","20","12","50","臺中市","北屯區","0","1","8","1","5","50","14","9","1","5","4","5","7","4","4","1","4","5","2","13","23","2","9","1","1","B03","7","9","1","8","2","1","","23","23","1","21","8","B03","24.173963","120.674726","2"
"2019","3","20","12","50","臺中市","清水區","0","0","","","","50","","","","","","","","","","","","","","","","","","","","B03","","","1","","2","","","23","","1","5","","B03","24.29261","120.632721","3"
"2019","3","20","12","55","臺中市","西區","0","1","8","1","5","50","14","9","1","5","4","5","7","4","4","5","5","5","2","16","26","3","10","1","1","C03","7","5","1","10","2","11","","26","26","1","5","4","C03","24.136557","120.656912","2"
"2019","3","20","12","55","臺中市","大里區","0","2","8","1","5","40","11","9","1","5","4","5","7","4","4","10","5","5","2","11","5","2","9","3","4","C03","7","9","1","10","2","14","","5","5","1","12","8","C03","24.087479","120.711991","2"
"2019","3","20","13","8","臺中市","太平區","0","1","8","1","5","50","4","1","1","5","4","5","7","3","1","5","4","5","1","15","6","2","9","1","1","C03","7","9","1","10","2","14","","6","6","1","21","1","C03","24.130836","120.718201","2"
"2019","3","20","13","13","臺中市","西屯區","0","1","8","1","5","50","3","1","1","5","4","5","7","3","1","10","5","5","2","13","16","3","10","1","1","B03","7","9","1","8","2","1","","16","16","1","21","8","B03","24.179118","120.618897","2"
"2019","3","20","13","16","臺中市","西區","0","0","8","","","50","","","","","","","","","","","","","","","","3","","","","B03","","","1","","2","","","10","","","21","","B03","24.150872","120.66205","3"
"2019","3","20","13","18","臺中市","北屯區","0","0","8","1","5","50","4","1","1","5","4","5","7","4","4","4","3","5","2","15","6","3","10","1","1","A12","7","9","1","7","2","2","","6","6","1","","8","A12","24.163591","120.725214","3"
"2019","3","20","13","18","臺中市","西屯區","0","0","8","","","50","","","","","","","","","","","","","","","","","","","","B03","","","1","","2","","","23","","1","","","B03","24.179788","120.624905","3"
"2019","3","20","13","18","臺中市","沙鹿區","0","1","8","1","5","50","4","2","1","5","4","5","7","1","1","5","5","5","2","13","23","2","9","1","1","C03","7","9","1","10","2","11","","23","23","1","20","8","C03","24.231179","120.553936","2"
"2019","3","20","13","20","臺中市","大肚區","0","0","","","","","","","","","","","","","","","","","","","","","","","","B12","","","1","","2","","","23","","1","2","","B12","24.122047","120.568783","3"
"2019","3","20","13","20","臺中市","沙鹿區","0","1","8","1","5","40","4","1","1","5","4","5","7","1","1","10","5","5","2","3","51","3","10","4","5","H01","8","16","8","20","11","16","","51","51","1","22","9","H01","24.22978","120.574038","2"
"2019","3","20","13","34","臺中市","東勢區","0","0","8","","","50","","","","","","","","","","","","","","","40","","","","","B03","","","1","","2","","","23","40","1","22","","B03","24.255824","120.830083","3"
"2019","3","20","13","40","臺中市","大里區","0","0","8","","","50","","","","","","","","","","","","","","","","","","","","B03","","","1","","2","","","19","","1","3","","B03","24.102881","120.688256","3"
"2019","3","20","13","40","臺中市","大里區","0","1","8","1","5","50","3","1","1","5","4","5","7","4","4","10","5","5","2","16","6","3","10","1","1","B03","7","5","1","8","2","8","","6","6","1","21","8","B03","24.109039","120.691651","2"
"2019","3","20","13","40","臺中市","太平區","0","0","8","","","50","","","","","","","","","","","","","","","","","","","","B03","","","1","","11","","","19","","1","","","B03","24.120916","120.720253","3"
"2019","3","20","13","51","臺中市","南區","0","3","8","1","5","50","4","1","1","5","4","5","7","1","1","10","5","5","2","3","23","2","8","1","1","C03","7","9","2","18","2","11","","23","23","1","4","8","C03","24.117188","120.658708","2"
"2019","3","20","13","52","臺中市","大里區","0","1","8","1","5","50","4","1","1","5","4","5","7","1","1","10","5","5","2","12","26","3","10","1","1","B03","7","6","1","7","2","5","","26","26","1","21","5","B03","24.112371","120.67916","2"
"2019","3","20","13","56","臺中市","西屯區","0","1","8","1","5","40","3","1","1","5","4","5","7","2","1","10","5","5","2","16","9","3","10","1","1","B03","7","6","1","8","2","2","","9","9","1","22","8","B03","24.18312","120.61491","2"
"2019","3","20","14","4","臺中市","西區","0","1","8","1","5","50","4","1","1","5","4","5","7","4","4","10","5","5","2","15","6","2","9","1","1","C03","7","9","1","10","2","11","","6","6","1","21","8","C03","24.157211","120.661999","2"
"2019","3","20","14","15","臺中市","西屯區","0","0","8","","","50","","","","","","","","","","","","","","","","","","","","B03","","","1","","2","","","16","","1","","","B03","24.158469","120.636271","3"
"2019","3","20","14","17","臺中市","西區","0","0","8","","","40","","","","","","","","","","","","","","","","","","","","B02","","","1","","2","","","19","","1","","","B02","24.158376","120.660558","3"
"2019","3","20","14","39","臺中市","沙鹿區","0","0","8","","","40","","","","","","","","","","","","","","","","","","","","B03","","","1","","2","","","16","","1","2","","B03","24.248349","120.564097","3"
"2019","3","20","14","47","臺中市","潭子區","0","0","","","","","","","","","","","","","","","","","","","","","","","","B12","","","1","","2","","","12","","1","","","B12","24.224559","120.694465","3"
"2019","3","20","14","49","臺中市","西屯區","0","0","8","","","70","","","","","","","","","","","","","","","","","","","","B03","","","1","","2","","","42","","1","","","B03","24.178361","120.624967","3"
"2019","3","20","14","49","臺中市","后里區","0","0","8","","","50","","","","","","","","","","","","","","","","","","","","","","","7","","11","","","67","","1","","","","24.309548","120.717143","3"
"2019","3","20","14","50","臺中市","西區","0","1","8","1","5","50","4","1","1","5","4","5","7","1","1","10","5","5","2","16","6","3","10","1","1","B03","7","5","1","8","2","4","","6","6","1","21","8","B03","24.150848","120.662988","2"
"2019","3","20","14","51","臺中市","北屯區","0","2","8","1","5","50","4","2","1","5","4","5","7","2","1","10","5","5","2","16","7","2","9","1","1","C03","7","10","1","10","2","12","","7","7","1","5","8","C03","24.175223","120.67098","2"
"2019","3","20","14","53","臺中市","北屯區","0","0","8","","","40","","","","","","","","","","","","","","","","","","","","C04","","","7","","11","","","43","","1","22","","C04","24.181985","120.68918","3"
"2019","3","20","14","56","臺中市","東區","0","0","8","1","5","50","4","1","1","5","4","5","7","1","1","10","5","5","2","13","23","3","10","1","1","B12","7","9","1","8","2","1","","23","23","1","22","8","B12","24.129346","120.699486","3"
"2019","3","20","15","4","臺中市","西屯區","0","0","8","","","40","","","","","","","","","","","","","","","","","","","","B12","","","1","","2","","","12","","1","22","","B12","24.165133","120.636581","3"
"2019","3","20","15","8","臺中市","西屯區","0","2","8","1","5","50","3","1","1","5","4","5","7","4","4","5","4","4","2","16","6","2","9","1","1","C03","7","5","1","10","2","11","","6","6","1","21","8","C03","24.165355","120.656412","2"
"2019","3","20","15","14","臺中市","西區","0","0","8","","","40","","","","","","","","","","","","","","","","","","","","B03","","","1","","2","","","19","","1","","","B03","24.143938","120.669737","3"
"2019","3","20","15","17","臺中市","南區","0","0","8","","","50","","","","","","","","","","","","","","","23","","","","","B03","","","1","","2","","","23","23","1","19","","B03","24.130671","120.657362","3"
"2019","3","20","15","20","臺中市","南屯區","0","1","8","1","5","50","14","9","1","5","4","5","7","4","4","1","4","5","2","12","7","2","9","1","1","C03","7","7","1","10","2","14","","7","7","1","4","8","C03","24.154208","120.64681","2"
"2019","3","20","15","26","臺中市","沙鹿區","0","0","8","","","40","","","","","","","","","","","","","","","","","","","","B03","","","6","","2","","","23","","1","","","B03","24.221633","120.556531","3"
"2019","3","20","15","28","臺中市","北屯區","0","1","8","1","5","50","3","1","1","5","4","5","7","1","1","10","5","5","2","17","6","3","10","1","1","B03","7","6","1","8","2","6","","6","6","1","21","8","B03","24.16679","120.695398","2"
"2019","3","20","15","30","臺中市","大雅區","0","1","8","1","5","50","5","1","1","5","4","5","7","1","1","5","5","5","1","13","16","2","8","1","1","C03","7","9","1","10","2","11","","16","16","1","21","8","C03","24.227199","120.650124","2"
"2019","3","20","15","31","臺中市","西區","0","0","8","","","50","","","","","","","","","","","","","","","23","3","","","","B12","","","1","","2","","","23","23","","5","","B12","24.151034","120.653458","3"
"2019","3","20","15","32","臺中市","太平區","0","0","8","","","50","","","","","","","","","","","","","","","","","","","","B12","","","1","","9","","","12","","2","22","","B12","24.155627","120.715576","3"
"2019","3","20","15","32","臺中市","沙鹿區","0","0","8","","","60","","","","","","","","","","","","","","","","","","","","B03","","","1","","2","","","16","","1","5","","B03","24.25009","120.58245","3"
"2019","3","20","15","34","臺中市","北屯區","0","1","8","1","5","50","14","9","1","5","4","1","7","4","4","5","2","5","2","16","7","2","9","1","1","C03","7","7","1","10","2","14","","7","7","1","21","8","C03","24.175278","120.719166","2"
"2019","3","20","15","46","臺中市","西區","0","0","8","","","50","","","","","","","","","","","","","","","","","","","","B03","","","1","","2","","","17","","1","21","","B03","24.14243","120.673913","3"
"2019","3","20","15","50","臺中市","大雅區","0","1","8","1","5","50","4","1","1","5","4","5","7","1","1","9","4","5","1","17","25","3","10","1","1","C03","7","9","1","10","2","14","","25","25","1","22","9","C03","24.22589","120.64859","2"
"2019","3","20","15","57","臺中市","西屯區","0","0","8","","","50","","","","","","","","","","","","","","","","","","","","B12","","","1","","2","","","12","","1","22","","B12","24.175636","120.586361","3"
"2019","3","20","15","58","臺中市","大里區","0","0","8","","","50","","","","","","","","","","","","","","","","","","","","C03","","","1","","2","","","12","","1","3","","C03","24.102266","120.680878","3"
"2019","3","20","16","3","臺中市","南屯區","0","1","8","1","5","50","4","1","1","5","4","5","7","2","1","1","2","1","2","16","25","3","10","1","1","B12","7","6","1","8","2","2","","25","25","1","4","8","B12","24.149921","120.623115","2"
"2019","3","20","16","14","臺中市","北屯區","0","2","8","1","5","50","14","9","1","5","4","5","7","4","4","1","4","5","2","17","23","2","9","3","4","C03","7","9","1","10","2","12","","23","23","1","21","8","C03","24.17106","120.695921","2"
"2019","3","20","16","16","臺中市","南屯區","0","0","8","","","50","","","","","","","","","","","","","","","","","","","","B03","","","1","","2","","","12","","1","5","","B03","24.138536","120.650878","3"
"2019","3","20","16","18","臺中市","太平區","","","8","","","50","","","","","","","","","","","","","","","","","","","","B02","","","1","","2","","","23","","1","21","","B02","24.157001","120.737218","3"
"2019","3","20","16","22","臺中市","南區","0","2","8","1","5","40","4","1","2","5","4","5","7","4","4","10","5","5","2","15","6","2","9","3","4","C03","7","9","1","10","2","12","","6","6","1","19","7","C03","24.133422","120.681607","2"
"2019","3","20","16","27","臺中市","西區","0","0","8","","","50","","","","","","","","","","","","","","","","","","","","B03","","","1","","2","","","26","","1","5","","B03","24.138492","120.66973","3"
"2019","3","20","16","42","臺中市","東區","0","0","8","","","50","","","","","","","","","","","","","","","1","","","","","B12","","","1","7","2","","","1","1","1","","","B12","24.1321","120.687896","4"
"2019","3","20","16","45","臺中市","西區","0","1","8","1","5","40","14","8","1","5","4","5","7","4","4","1","4","4","2","17","40","3","10","1","1","B03","7","13","1","8","2","4","","40","40","1","21","8","B03","24.15129","120.65726","2"
"2019","3","20","16","55","臺中市","北屯區","0","0","8","","","50","","","","","","","","","","","","","","","","","","","","B03","","","1","","2","","","42","","1","22","","B03","24.161745","120.713976","3"
"2019","3","20","16","57","臺中市","西屯區","0","0","8","","","40","","","","","","","","","","","","","","","43","","","","","","","","7","","11","","","43","43","1","","","","24.1814","120.618354","3"
"2019","3","20","16","57","臺中市","西屯區","0","1","8","1","5","40","14","8","1","5","4","5","7","4","4","1","4","1","2","12","23","2","8","1","1","C03","7","9","1","10","2","12","","23","23","1","21","8","C03","24.163737","120.648109","2"
"2019","3","20","17","4","臺中市","西區","0","0","8","","","50","","","","","","","","","","","","","","","","","","","","B03","","","1","","2","","","42","","1","","","B03","24.135832","120.675996","3"
"2019","3","20","17","9","臺中市","北區","0","1","8","1","5","50","5","1","1","5","4","5","7","2","1","10","5","5","2","17","26","3","10","1","1","B03","7","8","1","8","2","3","","26","26","1","21","8","B03","24.155298","120.692238","2"
"2019","3","20","17","10","臺中市","沙鹿區","0","0","8","","","40","","","","","","","","","","","","","","","","","","","","C03","","","1","","2","","","6","","2","18","","C03","24.224761","120.579177","3"
"2019","3","20","17","15","臺中市","烏日區","0","1","8","1","5","60","8","8","1","5","4","5","7","4","4","1","4","4","2","13","23","2","8","3","4","C03","7","9","1","10","2","11","","23","23","1","16","8","C03","24.106656","120.614378","2"
"2019","3","20","17","16","臺中市","霧峰區","0","2","8","1","5","50","14","9","1","5","4","5","7","4","4","9","5","5","1","16","6","2","9","1","1","C03","7","5","1","10","2","12","","6","6","1","23","8","C03","24.07672","120.708569","2"
"2019","3","20","17","18","臺中市","大雅區","0","0","8","","","50","","","","","","","","","","","","","","","","","","","","B03","","","1","","2","","","16","","1","","","B03","24.221155","120.64737","3"
"2019","3","20","17","26","臺中市","神岡區","0","0","8","","","50","","","","","","","","","","","","","","","","","","","","B03","","","1","","2","","","17","","1","3","","B03","24.24626","120.68385","3"
"2019","3","20","17","27","臺中市","梧棲區","0","1","8","1","5","70","3","1","1","5","4","5","7","1","1","10","5","5","2","16","25","3","10","1","1","B03","7","5","1","8","2","1","","25","25","1","5","8","B03","24.246075","120.546545","2"
"2019","3","20","17","29","臺中市","北區","0","0","8","","","50","","","","","","","","","","","","","","","","","","","","B12","","","1","","2","","","12","","1","","","B12","24.165468","120.667793","3"
"2019","3","20","17","29","臺中市","南區","0","0","8","","","50","","","","","","","","","","","","","","","26","3","","","","B03","","","1","8","2","","","26","26","","21","","B03","24.120303","120.650271","3"
"2019","3","20","17","30","臺中市","大里區","0","0","8","","","50","","","","","","","","","","","","","","","44","","","","","B03","","","1","","2","","","44","44","1","21","","B03","24.09256","120.690281","3"
"2019","3","20","17","34","臺中市","西屯區","0","0","8","","","50","","","","","","","","","","","","","","","","","","","","B03","","","1","","2","","","23","","1","","","B03","24.174239","120.644499","3"
"2019","3","20","17","34","臺中市","龍井區","0","0","","","","","","","","","","","","","","","","","","","","","","","","B03","","","1","","2","","","16","","1","21","","B03","24.181726","120.59265","3"
"2019","3","20","17","40","臺中市","霧峰區","0","0","8","","","50","","","","","","","","","","","","","","","","","","","","B03","","","1","","2","","","23","","1","","","B03","24.069913","120.699513","3"
"2019","3","20","17","45","臺中市","大雅區","0","2","8","1","5","40","14","8","1","5","4","5","7","4","4","10","4","5","1","17","19","3","10","1","1","B03","7","1","1","8","2","7","","19","19","1","22","9","B03","24.23974","120.65662","2"
"2019","3","20","17","46","臺中市","沙鹿區","0","1","8","1","5","50","3","1","1","5","4","5","7","1","1","10","5","5","2","12","8","2","9","1","1","C03","7","5","1","10","2","14","","8","8","1","9","8","C03","24.226429","120.567889","2"
"2019","3","20","17","47","臺中市","北屯區","0","1","8","1","5","50","4","2","1","5","4","5","7","2","1","5","5","4","2","12","23","3","10","1","1","B03","7","9","1","8","2","5","","23","23","1","21","8","B03","24.175415","120.719221","2"
"2019","3","20","17","52","臺中市","南屯區","0","1","8","3","5","50","4","2","1","5","4","5","7","2","1","1","2","5","2","18","42","2","9","4","5","F01","7","9","8","20","2","16","","42","42","1","18","8","F01","24.135726","120.646065","2"
"2019","3","20","17","57","臺中市","西區","0","1","8","3","5","50","3","1","1","5","4","5","7","4","4","10","5","5","2","17","19","3","10","1","1","B12","7","1","1","8","2","8","","19","19","1","5","5","B12","24.153213","120.652947","2"
"2019","3","20","18","10","臺中市","太平區","0","0","8","","","50","","","","","","","","","","","","","","","","","","","","B03","","","1","","2","","","23","","1","21","","B03","24.142977","120.732877","3"
"2019","3","20","18","10","臺中市","大雅區","0","0","8","","","40","","","","","","","","","","","","","","","","","","","","A41","","","1","","9","","","33","","2","22","","A41","24.207619","120.636342","3"
"2019","3","20","18","12","臺中市","西區","0","1","8","1","5","50","5","1","1","5","4","5","7","1","1","10","5","5","2","13","23","2","9","1","1","C03","7","9","1","10","2","12","","23","23","1","21","8","C03","24.151159","120.669285","2"
"2019","3","20","18","12","臺中市","神岡區","0","1","8","3","5","50","3","1","1","5","4","5","7","1","1","10","5","5","2","16","42","3","10","1","1","A05","7","11","1","2","2","4","","42","42","1","10","9","A05","24.246516","120.685085","2"
"2019","3","20","18","21","臺中市","西屯區","0","1","8","2","5","40","14","9","4","5","4","5","7","4","4","10","5","5","2","17","42","2","9","3","4","C03","7","2","1","10","2","12","","42","42","1","21","8","C03","24.183465","120.647106","2"
"2019","3","20","18","35","臺中市","南區","0","0","8","2","5","50","14","9","1","5","4","5","7","4","4","9","5","5","2","14","","","","","","B12","","","1","","2","","","12","","1","5","","B12","24.109253","120.659546","3"
"2019","3","20","18","36","臺中市","北屯區","0","0","8","","","80","","","","","","","","","","","","","","","23","","","","","B03","","","1","8","2","","","23","23","1","21","","B03","24.201068","120.68304","3"
"2019","3","20","18","48","臺中市","北屯區","0","1","8","2","5","50","3","2","1","5","4","5","7","4","4","1","4","5","2","17","43","3","10","1","1","B03","7","6","1","8","2","15","","43","43","1","5","8","B03","24.185206","120.718658","2"
"2019","3","20","18","52","臺中市","西屯區","0","0","8","","","50","","","","","","","","","","","","","","","","","","","","B03","","","1","","2","","","7","","1","22","","B03","24.181404","120.618374","3"
"2019","3","20","18","55","臺中市","大里區","0","2","8","3","5","50","4","1","1","5","4","5","7","1","1","10","5","5","2","16","4","2","7","1","1","C03","7","5","1","11","2","15","","4","4","1","21","8","C03","24.097041","120.669731","2"
"2019","3","20","19","4","臺中市","霧峰區","0","1","8","3","5","50","14","9","1","5","4","5","7","4","4","5","5","5","1","16","6","3","10","1","1","B03","7","9","1","8","2","4","","6","6","1","21","8","B03","24.066661","120.700815","2"
"2019","3","20","19","4","臺中市","梧棲區","0","1","8","3","5","50","4","1","1","5","4","5","7","4","4","10","5","5","2","15","6","3","10","1","1","B03","7","9","1","8","2","6","","6","6","1","3","8","B03","24.251406","120.529216","2"
"2019","3","20","19","4","臺中市","神岡區","0","1","8","3","5","50","4","18","1","5","4","5","7","1","1","1","4","4","2","3","15","3","10","1","1","B12","7","5","1","8","2","1","","15","15","1","9","1","B12","24.248835","120.698993","2"
"2019","3","20","19","10","臺中市","烏日區","0","1","8","3","5","50","3","1","1","5","4","5","7","4","4","5","4","4","1","16","6","3","10","1","1","B03","7","5","1","8","2","6","","6","6","1","21","8","B03","24.106519","120.620252","2"
"2019","3","20","19","15","臺中市","大肚區","0","1","8","1","5","50","4","1","1","5","4","5","7","1","1","10","5","5","2","16","6","3","10","1","1","B03","7","6","1","8","2","2","","6","6","1","4","1","B03","24.159533","120.543613","2"
"2019","3","20","19","15","臺中市","清水區","0","1","8","2","5","50","14","13","1","5","4","5","7","4","4","5","4","4","1","18","13","2","9","1","1","C03","7","9","1","10","8","11","","13","13","1","5","5","C03","24.265606","120.577023","2"
"2019","3","20","19","23","臺中市","南區","0","1","8","2","5","50","3","1","1","5","4","5","7","4","4","10","5","5","2","16","23","3","10","1","1","B03","7","5","1","8","2","8","","23","23","1","5","8","B03","24.108935","120.657802","2"
"2019","3","20","19","29","臺中市","龍井區","0","1","7","3","5","40","3","1","1","5","4","5","7","4","4","10","5","5","2","16","6","2","8","1","1","C03","7","5","1","10","2","13","","6","6","1","21","8","C03","24.186954","120.586028","2"
"2019","3","20","19","30","臺中市","烏日區","0","0","8","","","30","","","","","","","","","","","","","","","23","","","","","B03","","","1","","2","","","23","23","1","22","","B03","24.11043","120.605218","3"
"2019","3","20","19","31","臺中市","西屯區","0","0","8","","","50","","","","","","","","","","","","","","","","","","","","B02","","","6","","2","","","16","","1","22","","B02","24.195036","120.656875","3"
"2019","3","20","19","41","臺中市","南屯區","0","1","8","3","5","50","4","1","1","5","4","5","7","2","1","1","2","4","2","16","26","2","9","1","1","C03","7","5","1","10","2","13","12","26","26","1","18","8","C03","24.140655","120.625925","2"
"2019","3","20","19","45","臺中市","北區","0","2","8","4","5","50","4","2","1","5","4","5","7","1","1","5","5","5","2","11","23","2","9","1","1","C03","7","9","1","10","2","11","","23","23","1","21","8","C03","24.162222","120.665277","2"
"2019","3","20","19","48","臺中市","東區","0","3","8","3","5","50","14","7","1","5","4","5","7","4","4","5","5","4","2","16","6","2","9","4","5","F01","7","5","8","20","2","16","","6","6","1","5","8","F01","24.140746","120.700151","2"
"2019","3","20","19","50","臺中市","北屯區","0","3","8","3","5","40","4","1","1","5","4","5","7","4","4","10","5","5","2","15","6","2","9","1","1","C03","7","9","4","8","2","14","","6","6","1","5","1","C03","24.174733","120.689933","2"
"2019","3","20","19","58","臺中市","太平區","0","0","8","","","50","","","","","","","","","","","","","","","","","","","","C03","","","1","","2","","","43","","1","21","","C03","24.159422","120.705114","3"
"2019","3","20","20","14","臺中市","西屯區","0","2","8","3","5","50","4","1","1","5","4","5","7","4","4","10","5","5","2","16","26","2","9","1","1","C03","7","5","1","10","2","14","","26","26","1","21","8","C03","24.159844","120.65624","2"
"2019","3","20","20","17","臺中市","大雅區","0","2","8","3","5","50","5","1","1","5","4","5","7","1","1","1","4","5","1","17","25","2","8","1","1","B03","7","11","1","8","2","5","","25","25","1","21","8","B03","24.241001","120.63023","2"
"2019","3","20","20","25","臺中市","東區","0","3","8","1","5","50","14","9","1","5","4","5","7","4","4","9","5","5","2","13","16","2","9","1","1","C03","7","9","1","10","2","11","","16","16","1","22","8","C03","24.143162","120.689212","2"
"2019","3","20","20","29","臺中市","北屯區","0","1","8","3","5","50","5","1","1","5","4","5","7","1","1","5","5","4","2","23","23","2","1","1","1","B03","7","5","1","8","2","8","","23","23","1","22","8","B03","24.192478","120.659984","2"
"2019","3","20","20","39","臺中市","西區","0","1","8","3","5","50","4","1","1","5","4","5","7","4","4","5","5","5","2","16","23","3","10","3","4","B12","7","5","1","4","2","1","","23","23","1","21","8","B12","24.152538","120.660168","2"
"2019","3","20","20","41","臺中市","西屯區","0","0","8","","","60","","","","","","","","","","","","","","","","","","","","B03","","","1","","2","","","23","","1","22","","B03","24.167953","120.640597","3"
"2019","3","20","20","52","臺中市","西區","0","0","8","3","5","50","4","2","1","5","4","5","7","1","1","5","5","5","2","26","21","3","10","1","1","B12","7","15","6","18","8","8","","21","21","1","21","8","B12","24.146733","120.666633","3"
"2019","3","20","20","55","臺中市","后里區","0","1","8","1","5","60","14","8","1","5","4","5","7","4","4","1","4","4","1","16","23","2","9","1","1","C03","7","9","1","10","2","11","","23","23","1","18","8","C03","24.289063","120.723206","2"
"2019","3","20","21","0","臺中市","霧峰區","0","0","8","","","40","","","","","","","","","","","","","","","","","","","","B03","","","1","","2","","","6","","1","22","","B03","24.048685","120.690623","3"
"2019","3","20","21","3","臺中市","梧棲區","0","2","8","3","5","40","3","1","1","5","4","5","7","4","4","10","5","5","2","16","23","2","9","1","1","C03","7","9","1","10","2","11","","23","23","1","16","8","C03","24.250536","120.534252","2"
"2019","3","20","21","20","臺中市","北屯區","0","0","8","","","80","","","","","","","","","","","","","","","16","","","","","B03","","","1","8","2","","","16","16","1","21","","B03","24.181451","120.721635","3"