"年","月","日","時","分","縣市","區","死","受傷","天候","光線","道路類別","速限","道路型態","事故位置","路面鋪裝","路面狀態","路面缺陷","障礙物","視距","號誌種類","號誌動作","分向設施","快車道或一般車道間","快慢車道間","路面邊線","事故類型及型態","主要肇因","受傷程度","主要傷處","保護裝備","行動電話","當事者區分","車輛用途","當事者行動狀態","駕駛資格情形","駕駛執照種類","飲酒情形","車輛撞擊部位最初","車輛撞擊部位其他","肇事因素個別","肇事因素主要","肇事逃逸","職業","旅次目的","車種","GPS座標緯度","GPS座標經度","事故類別"
"2019","3","20","21","36","臺中市","烏日區","0","3","8","3","5","50","14","9","1","5","4","5","7","4","4","5","5","5","1","13","23","2","9","1","4","C03","7","9","1","10","2","11","","23","23","1","22","8","C03","24.12645","120.607495","2"
"2019","3","20","21","40","臺中市","大雅區","0","1","8","3","5","50","4","1","1","5","4","5","7","1","1","10","4","5","1","16","6","3","10","1","1","B03","7","5","1","8","2","5","","6","6","1","22","9","B03","24.222733","120.645024","2"
"2019","3","20","21","48","臺中市","西屯區","0","3","8","3","5","50","4","1","1","5","4","5","7","1","1","10","5","5","2","16","6","2","9","1","1","C03","7","5","1","10","2","12","","6","6","1","22","9","C03","24.178285","120.643193","2"
"2019","3","20","22","0","臺中市","北屯區","0","0","8","","","40","","","","","","","","","","","","","","","","","","","","B03","","","1","","2","","","19","","1","22","","B03","24.174868","120.678221","4"
"2019","3","20","22","11","臺中市","霧峰區","0","3","8","3","5","40","4","18","1","5","4","5","7","1","1","10","5","5","2","3","15","2","9","1","1","C03","7","9","1","10","2","12","","15","15","1","5","8","C03","24.047273","120.664509","2"
"2019","3","20","22","16","臺中市","中區","0","1","8","3","5","50","14","9","1","5","4","5","7","4","4","10","4","4","2","11","4","3","10","4","5","F01","7","9","8","20","2","16","","4","4","1","20","8","F01","24.144185","120.67594","2"
"2019","3","20","22","25","臺中市","東區","0","0","8","3","5","50","3","1","1","5","4","5","7","2","1","3","2","5","2","16","26","3","10","1","1","C03","7","11","1","10","2","14","","26","26","1","21","8","C03","24.135695","120.68592","3"
"2019","3","20","22","46","臺中市","中區","0","2","8","3","5","50","3","1","1","5","4","5","7","4","4","10","5","5","2","17","42","2","9","1","1","C03","7","6","1","10","2","12","","42","42","1","5","5","C03","24.144451","120.675827","2"
"2019","3","20","22","58","臺中市","南屯區","0","0","8","","","50","","","","","","","","","","","","","","","","","","","","B03","","","1","","2","","","23","","1","","","B03","24.134927","120.646407","3"
"2019","3","20","23","7","臺中市","北屯區","0","1","8","3","5","50","4","1","1","5","4","5","7","1","1","10","5","5","2","16","7","3","10","1","1","B12","7","10","1","8","2","8","","7","7","1","5","8","B12","24.185751","120.690353","2"
"2019","3","20","23","52","臺中市","西區","0","1","8","3","5","50","4","2","1","5","4","5","7","1","1","1","4","4","1","13","42","3","10","1","1","C03","7","9","6","18","9","11","","42","42","2","23","8","C03","24.131708","120.667342","2"
"2019","3","21","0","21","臺中市","東區","0","0","7","3","5","50","4","1","1","5","4","5","7","4","4","9","4","4","2","15","6","","","","","B03","","9","1","8","2","1","","6","6","1","5","","B03","24.143293","120.708923","3"
"2019","3","21","0","29","臺中市","西屯區","0","1","8","3","5","50","14","7","1","5","4","5","7","4","4","5","4","4","2","18","42","2","9","1","1","C03","7","9","1","10","2","12","","42","42","1","21","8","C03","24.163533","120.658523","2"
"2019","3","21","0","43","臺中市","后里區","0","1","8","3","5","40","4","1","1","5","4","5","7","4","4","10","5","5","2","15","6","2","3","1","1","B03","7","9","1","8","2","5","","6","6","1","21","9","B03","24.304255","120.721015","2"
"2019","3","21","1","3","臺中市","北區","0","2","8","3","5","50","3","1","1","5","4","5","7","4","4","2","4","5","2","16","6","3","10","1","1","B03","7","9","1","8","2","1","","6","6","1","22","9","B03","24.158895","120.691284","2"
"2019","3","21","1","15","臺中市","太平區","0","1","8","3","5","50","14","9","1","5","4","5","7","4","4","3","5","5","1","13","16","2","9","1","1","C03","7","9","1","10","2","11","","16","16","1","22","8","C03","24.142777","120.733611","2"
"2019","3","21","2","27","臺中市","大雅區","0","1","8","4","5","40","11","9","1","5","4","5","7","4","4","5","4","4","1","12","21","2","9","1","1","C03","7","9","4","8","7","11","","21","21","1","22","9","C03","24.208778","120.644157","2"
"2019","3","21","3","35","臺中市","沙鹿區","0","1","8","3","5","40","14","8","1","5","4","5","7","4","4","1","4","1","1","17","23","2","9","1","1","C03","7","9","1","10","2","12","","23","23","1","5","5","C03","24.230188","120.573682","2"
"2019","3","21","6","8","臺中市","潭子區","0","2","8","2","5","40","3","1","1","5","4","5","7","4","4","9","4","5","1","16","6","2","9","2","1","G02","7","5","8","20","2","16","","6","6","1","22","8","G02","24.20538","120.697974","2"
"2019","3","21","6","47","臺中市","大里區","0","1","8","1","5","40","3","1","1","5","4","5","7","4","4","5","4","5","1","11","43","3","10","1","1","C03","7","9","3","18","2","11","","43","43","2","21","1","C03","24.080221","120.699824","2"
"2019","3","21","7","5","臺中市","西屯區","0","1","8","1","5","1","14","20","1","5","4","5","7","4","4","10","5","5","2","16","26","3","10","3","4","B03","7","15","6","18","2","2","","26","26","1","22","8","B03","24.201413","120.664045","2"
"2019","3","21","7","5","臺中市","清水區","0","0","8","","","50","","","","","","","","","","","","","","","","","","","","B03","","","1","","2","","","10","","1","12","","B03","24.26793","120.563566","3"
"2019","3","21","7","6","臺中市","北屯區","0","1","8","1","5","50","14","7","1","5","4","5","7","4","4","5","5","5","2","12","1","3","10","3","4","B03","7","4","1","8","2","6","","1","1","1","21","8","B03","24.184935","120.718949","2"
"2019","3","21","7","10","臺中市","沙鹿區","0","0","8","","","60","","","","","","","","","","","","","","","23","","","","","B03","","","1","","2","","","23","23","","","","B03","24.252254","120.575318","3"
"2019","3","21","7","14","臺中市","龍井區","0","1","8","1","5","50","14","8","1","5","4","5","7","4","4","1","4","4","2","18","43","2","9","1","4","C03","7","9","1","10","2","14","","43","43","1","5","1","C03","24.195731","120.546328","2"
"2019","3","21","7","14","臺中市","龍井區","0","2","8","1","5","40","4","1","1","5","4","5","7","4","4","10","5","5","2","15","6","2","8","1","1","C03","7","9","1","10","2","12","","6","6","1","9","1","C03","24.212861","120.543631","2"
"2019","3","21","7","16","臺中市","烏日區","0","2","8","1","5","40","4","1","1","5","4","5","7","4","4","10","5","5","2","16","6","2","9","1","1","C03","7","9","1","10","2","11","","6","6","1","5","8","C03","24.104428","120.637938","2"
"2019","3","21","7","22","臺中市","霧峰區","0","0","8","","","40","","","","","","","","","","","","","","","","","","","","C03","","","1","","2","","","26","","1","21","","C03","24.065593","120.700348","3"
"2019","3","21","7","25","臺中市","潭子區","0","0","8","1","5","50","14","7","1","5","4","5","7","4","4","1","4","4","1","12","","","","","","B03","","","1","","2","","","17","","1","22","","B03","24.215711","120.704635","3"
"2019","3","21","7","30","臺中市","大雅區","0","0","8","","","50","","","","","","","","","","","","","","","","","","","","B03","","","1","","2","","","23","","1","","","B03","24.236041","120.614071","3"
"2019","3","21","7","35","臺中市","烏日區","0","0","8","","","50","","","","","","","","","","","","","","","","","","","","B03","","","1","","2","","","8","","1","22","","B03","24.103248","120.64152","3"
"2019","3","21","7","37","臺中市","太平區","0","0","8","","","40","","","","","","","","","","","","","","","","","","","","B12","","","1","","2","","","23","","1","4","","B12","24.116071","120.72135","3"
"2019","3","21","7","37","臺中市","太平區","0","2","8","1","5","40","3","1","1","5","4","5","7","3","1","5","4","5","1","16","6","2","9","1","1","C03","7","5","1","10","2","11","","6","6","1","21","1","C03","24.129365","120.722555","2"
"2019","3","21","7","40","臺中市","北屯區","0","2","8","1","5","50","14","9","1","5","4","5","7","4","4","1","4","5","2","17","43","2","9","1","1","C03","7","9","1","10","2","11","","43","43","1","21","8","C03","24.17228","120.683895","2"
"2019","3","21","7","42","臺中市","太平區","0","0","8","","","40","","","","","","","","","","","","","","","","","","","","B03","","","1","","2","","","42","","1","19","","B03","24.132393","120.72352","3"
"2019","3","21","7","42","臺中市","東勢區","1","0","8","1","5","50","4","1","1","5","4","5","7","4","4","5","5","5","1","17","6","3","10","1","1","B03","7","5","1","8","2","1","","6","6","1","9","8","B03","24.260268","120.826403","1"
"2019","3","21","7","45","臺中市","清水區","0","1","8","1","5","40","3","2","1","5","4","5","7","4","4","5","5","5","1","11","6","2","8","1","1","C03","7","5","1","10","2","12","","6","6","1","7","7","C03","24.272291","120.577598","2"
"2019","3","21","7","45","臺中市","大雅區","0","0","8","","","50","","","","","","","","","","","","","","","","","","","","B03","","","1","","2","","","23","","1","22","","B03","24.24071","120.63042","3"
"2019","3","21","7","49","臺中市","大雅區","0","1","8","1","5","50","5","1","1","5","4","5","7","1","1","10","5","5","2","3","23","3","10","1","1","B03","7","5","1","10","2","1","","23","23","1","22","1","B03","24.240414","120.674201","2"
"2019","3","21","7","50","臺中市","大里區","0","0","8","","","50","","","","","","","","","","","","","","","","","","","","B03","","","1","","2","","","17","","1","","","B03","24.096771","120.678425","3"
"2019","3","21","7","50","臺中市","太平區","0","0","8","","","50","","","","","","","","","","","","","","","42","","","","","B03","","","1","","2","","","42","42","1","21","","B03","24.130581","120.720806","3"
"2019","3","21","7","50","臺中市","大甲區","0","1","8","1","5","50","3","1","1","5","4","5","7","4","4","9","5","5","2","17","1","3","10","1","1","B03","7","4","1","8","2","6","","1","1","1","22","9","B03","24.369279","120.6372","2"
"2019","3","21","7","54","臺中市","龍井區","0","2","8","1","5","40","15","22","1","5","4","5","7","4","4","5","5","5","1","17","6","2","9","1","1","C03","7","11","1","10","2","12","","6","6","1","20","8","C03","24.191533","120.54832","2"
"2019","3","21","8","0","臺中市","西屯區","0","0","8","","","50","","","","","","","","","","","","","","","","","","","","B03","","","1","","2","","","23","","1","22","","B03","24.205628","120.629233","3"
"2019","3","21","8","1","臺中市","沙鹿區","0","1","8","1","5","50","3","1","1","5","4","5","7","4","4","10","5","5","2","17","43","3","10","3","4","B03","7","21","1","8","9","3","","44","43","1","21","8","B03","24.211539","120.571078","2"
"2019","3","21","8","8","臺中市","北屯區","0","1","8","1","5","50","4","1","1","5","4","5","7","1","1","10","5","5","2","16","6","3","10","1","1","B03","7","6","1","8","2","2","","6","6","1","21","8","B03","24.182349","120.704003","2"
"2019","3","21","8","10","臺中市","北屯區","0","2","8","1","5","50","4","1","1","5","4","5","7","1","1","1","2","5","2","13","16","2","8","1","1","C03","7","9","1","10","2","11","","16","16","1","4","8","C03","24.1732","120.6671","2"
"2019","3","21","8","10","臺中市","烏日區","0","1","8","1","5","50","4","1","1","5","4","5","7","1","1","10","5","5","2","15","25","2","9","3","4","C03","7","9","1","10","2","11","","25","25","1","21","8","C03","24.1103","120.627788","2"
"2019","3","21","8","15","臺中市","北屯區","0","1","8","1","5","50","4","1","1","5","4","5","7","4","4","10","5","5","2","18","43","3","10","3","4","C03","7","9","1","10","2","15","","43","43","1","21","8","C03","24.175931","120.678518","2"
"2019","3","21","8","16","臺中市","大里區","0","2","8","1","5","50","3","1","1","5","4","5","7","4","4","10","5","5","2","16","8","2","9","3","4","C03","7","5","1","10","2","15","","8","8","1","22","8","C03","24.100681","120.711213","2"
"2019","3","21","8","17","臺中市","北屯區","0","2","8","1","5","50","3","2","1","5","4","5","7","4","4","1","4","5","2","17","6","2","9","1","1","C03","7","6","1","10","2","13","","6","6","1","21","8","C03","24.171636","120.690246","2"
"2019","3","21","8","18","臺中市","龍井區","0","1","8","1","5","50","4","1","1","5","4","5","7","4","4","10","5","5","2","16","6","3","10","1","1","B03","7","5","1","8","2","4","","6","6","1","22","8","B03","24.186905","120.595608","2"
"2019","3","21","8","19","臺中市","大里區","0","0","8","","","50","","","","","","","","","","","","","","","","","","","","C03","","","1","","2","","","16","","1","21","","C03","24.080471","120.697963","3"
"2019","3","21","8","23","臺中市","霧峰區","0","1","8","1","5","40","14","9","1","5","4","5","7","1","1","1","4","5","1","16","23","3","10","1","1","C03","7","9","1","10","2","12","","23","23","1","22","9","C03","24.061551","120.663241","2"
"2019","3","21","8","25","臺中市","北屯區","0","2","8","1","5","50","4","1","1","5","4","5","7","1","1","10","5","5","2","15","25","2","9","1","1","C03","7","9","1","10","2","14","","25","25","1","20","8","C03","24.180455","120.689613","2"
"2019","3","21","8","26","臺中市","西屯區","0","1","8","1","5","50","3","1","1","5","4","5","7","1","1","4","3","4","2","16","25","2","9","1","1","C04","7","9","1","11","2","11","","25","25","1","21","8","C04","24.176121","120.65107","2"
"2019","3","21","8","26","臺中市","潭子區","0","1","8","1","5","50","14","9","1","5","4","5","7","4","4","9","4","5","1","17","26","3","10","1","1","B03","7","11","1","8","2","8","","26","26","1","22","8","B03","24.21201","120.699377","2"
"2019","3","21","8","30","臺中市","大里區","0","1","8","1","5","40","4","1","1","5","4","5","7","4","4","10","5","5","2","29","67","","","","","","","","","","","","","67","67","1","","","","24.107713","120.708057","2"
"2019","3","21","8","34","臺中市","北區","0","1","8","1","5","50","4","2","1","5","4","5","7","1","1","5","5","4","2","13","23","2","9","1","1","C03","7","9","1","10","2","11","","23","23","1","5","8","C03","24.159279","120.671999","2"
"2019","3","21","8","35","臺中市","西區","0","0","8","","","50","","","","","","","","","","","","","","","","","","","","B02","","","1","","2","","","23","","1","5","","B02","24.145435","120.671253","3"
"2019","3","21","8","35","臺中市","北區","0","0","8","","","40","","","","","","","","","","","","","","","","","","","","B03","","","3","","2","","","23","","1","22","","B03","24.148586","120.68094","3"
"2019","3","21","8","39","臺中市","烏日區","0","1","8","1","5","60","14","9","1","5","4","5","7","1","1","1","4","4","1","13","23","2","9","1","1","C03","7","9","1","10","2","11","","23","23","1","18","8","C03","24.109981","120.64542","2"
"2019","3","21","8","41","臺中市","龍井區","0","0","8","","","60","","","","","","","","","","","","","","","67","","","","","B03","","","1","","10","","","38","67","","4","","B03","24.211523","120.518206","3"
"2019","3","21","8","45","臺中市","烏日區","0","1","8","1","5","50","4","1","1","5","4","5","6","3","1","5","4","4","1","11","6","3","10","1","1","B03","7","5","1","8","2","1","","6","6","1","22","8","B03","24.103111","120.621245","2"
"2019","3","21","8","50","臺中市","西區","0","2","8","1","5","50","3","1","1","5","4","5","7","4","4","10","5","5","2","16","8","2","9","4","5","F01","7","5","8","20","6","16","","8","8","1","5","1","F01","24.148363","120.652975","2"
"2019","3","21","8","53","臺中市","西屯區","0","0","8","","","50","","","","","","","","","","","","","","","","","","","","B03","","","1","","2","","","16","","1","","","B03","24.198566","120.652319","3"
"2019","3","21","9","0","臺中市","西區","0","2","8","1","5","50","4","1","1","5","4","5","7","4","4","10","5","5","2","15","6","2","9","2","1","C03","7","9","1","10","2","11","","6","6","1","21","8","C03","24.145546","120.659465","2"
"2019","3","21","9","4","臺中市","西屯區","0","1","8","1","5","50","14","9","1","5","4","5","7","4","4","4","5","5","2","17","38","3","10","1","1","B03","7","14","1","8","2","2","","38","38","1","21","8","B03","24.16472","120.664313","2"
"2019","3","21","9","8","臺中市","北屯區","0","2","8","1","5","50","4","2","1","5","4","5","7","1","1","5","5","5","2","16","26","2","9","1","1","C03","7","9","4","8","2","12","","26","26","1","21","8","C03","24.1696","120.7031","2"
"2019","3","21","9","11","臺中市","烏日區","0","0","8","","","50","","","","","","","","","","","","","","","","","","","","","","","8","","10","","","66","","1","","","","24.118259","120.60796","3"
"2019","3","21","9","12","臺中市","西屯區","0","1","8","1","5","50","3","1","1","5","4","5","7","4","4","10","5","5","2","12","9","3","10","1","1","B03","7","6","1","8","2","2","","9","9","1","21","8","B03","24.181718","120.663081","2"
"2019","3","21","9","15","臺中市","清水區","0","0","8","","","50","","","","","","","","","","","","","","","","","","","","B03","","","1","","2","","","26","","1","20","","B03","24.269256","120.574529","3"
"2019","3","21","9","17","臺中市","大里區","0","2","8","1","5","50","14","9","1","5","4","5","7","4","4","5","5","5","1","17","19","2","9","1","1","C03","7","1","1","10","2","14","","19","19","1","21","8","C03","24.08758","120.705553","2"
"2019","3","21","9","20","臺中市","北屯區","0","0","8","","","40","","","","","","","","","","","","","","","43","","","","","B12","","","1","","2","","","43","43","1","22","","B12","24.20085","120.66776","3"
"2019","3","21","9","25","臺中市","南區","0","2","8","1","5","50","14","9","1","5","4","5","7","4","4","9","4","5","2","15","26","2","9","3","4","C04","7","11","3","18","2","11","","26","26","1","19","8","C04","24.119644","120.664785","2"
"2019","3","21","9","28","臺中市","西屯區","0","0","8","","","40","","","","","","","","","","","","","","","","","","","","A12","","","1","","2","","","23","","1","22","","A12","24.165366","120.619078","3"
"2019","3","21","9","36","臺中市","大里區","0","1","8","1","5","40","14","8","1","5","4","5","7","4","4","1","5","5","2","17","42","3","10","3","4","C03","7","9","1","10","2","11","","42","42","1","22","8","C03","24.112013","120.697912","2"
"2019","3","21","9","43","臺中市","北屯區","0","1","8","1","5","50","14","7","1","5","4","5","7","4","4","5","5","4","2","16","26","3","10","1","1","B03","7","11","1","8","2","8","","26","26","1","21","8","B03","24.171501","120.719185","2"
"2019","3","21","9","56","臺中市","沙鹿區","0","2","8","1","5","50","3","2","1","5","4","5","7","4","4","10","5","5","2","16","6","2","8","1","1","C03","7","5","1","10","2","11","","6","6","1","18","8","C03","24.226306","120.571192","2"
"2019","3","21","10","0","臺中市","南區","0","0","8","","","50","","","","","","","","","","","","","","","16","3","","","","B03","","","1","8","2","","","16","16","","21","","B03","24.121376","120.66184","3"
"2019","3","21","10","0","臺中市","大肚區","0","1","8","1","5","50","14","9","1","5","4","5","7","4","4","9","4","5","1","12","17","3","10","1","1","B12","7","9","1","8","2","2","","17","17","1","22","8","B12","24.158698","120.57382","2"
"2019","3","21","10","0","臺中市","大甲區","0","1","8","1","5","50","3","1","1","5","4","5","7","4","4","10","5","5","2","14","12","3","10","1","1","B12","7","2","1","8","2","6","","12","12","1","9","8","B12","24.419688","120.628963","2"
"2019","3","21","10","4","臺中市","北區","0","1","8","1","5","50","4","1","1","5","4","5","7","1","1","10","5","5","2","16","6","3","10","1","1","B12","7","5","1","8","2","2","","6","6","1","5","8","B12","24.154552","120.682099","2"
"2019","3","21","10","4","臺中市","清水區","0","1","8","1","5","40","4","1","1","5","4","5","7","4","4","10","5","5","1","15","6","2","8","1","1","C03","7","9","3","18","2","11","","6","6","1","20","8","C03","24.275598","120.557074","2"
"2019","3","21","10","7","臺中市","西屯區","0","0","8","","","50","","","","","","","","","","","","","","","","","","","","B03","","","1","","2","","","12","","1","","","B03","24.185201","120.60336","3"
"2019","3","21","10","20","臺中市","南區","0","1","8","1","5","50","3","1","1","5","4","5","7","4","4","10","5","5","2","18","23","2","8","1","1","C03","7","9","1","10","2","12","","23","23","1","4","8","C03","24.12294","120.656938","2"
"2019","3","21","10","20","臺中市","霧峰區","0","0","8","","","50","","","","","","","","","","","","","","","","","","","","C03","","","1","","2","","","42","","1","22","","C03","24.068854","120.697671","3"
"2019","3","21","10","25","臺中市","后里區","0","1","8","1","5","50","4","2","1","5","4","5","7","1","1","5","5","4","1","3","23","3","10","1","1","B03","7","5","1","8","2","1","","23","23","1","21","8","B03","24.305455","120.709365","2"
"2019","3","21","10","25","臺中市","潭子區","0","1","7","1","7","40","10","16","1","5","4","5","7","4","4","1","5","5","1","13","44","3","10","1","1","B03","7","9","1","8","2","1","","44","44","1","22","8","B03","24.20149","120.700982","2"
"2019","3","21","10","37","臺中市","南區","0","0","","","","","","","","","","","","","","","","","","","23","","","","","B03","","","1","","11","","","23","23","2","","","B03","24.115133","120.655168","3"
"2019","3","21","10","37","臺中市","西屯區","0","1","8","1","5","50","14","7","1","5","4","5","7","1","1","10","5","5","2","13","43","2","9","1","1","C03","7","9","1","10","2","11","","43","43","1","21","8","C03","24.205917","120.652417","2"
"2019","3","21","10","37","臺中市","龍井區","0","1","8","1","5","50","14","9","1","5","4","5","7","4","4","5","4","5","2","19","43","3","10","1","1","B12","7","9","1","8","2","1","","43","43","1","12","8","B12","24.199755","120.557856","2"
"2019","3","21","10","54","臺中市","北屯區","0","0","8","1","5","50","3","9","1","5","4","5","7","4","4","10","5","5","2","16","23","3","10","1","1","C03","7","9","1","10","2","14","","23","23","1","21","8","C03","24.177453","120.724784","3"
"2019","3","21","10","58","臺中市","梧棲區","0","0","8","","","40","","","","","","","","","","","","","","","","","","","","B12","","","1","","2","","","6","","1","9","","B12","24.233445","120.516058","3"
"2019","3","21","11","0","臺中市","北屯區","0","1","8","1","5","50","4","1","1","5","4","5","7","4","4","10","5","5","2","15","6","3","10","1","1","B03","7","9","1","8","2","2","","6","6","1","4","8","B03","24.1802","120.7031","2"
"2019","3","21","11","11","臺中市","清水區","0","0","","","","80","","","","","","","","","","","","","","","7","","","","","B12","","","1","","2","","","7","7","1","7","","B12","24.271955","120.577603","3"
"2019","3","21","11","18","臺中市","南區","0","1","8","1","5","50","14","9","1","5","4","5","7","4","4","9","5","5","2","16","10","3","10","1","1","B03","7","11","1","8","2","5","","10","10","1","21","8","B03","24.115672","120.652794","2"
"2019","3","21","11","21","臺中市","梧棲區","0","0","8","","","50","","","","","","","","","","","","","","","","","","","","B03","","","1","","2","","","23","","1","19","","B03","24.255148","120.546056","3"
"2019","3","21","11","22","臺中市","神岡區","0","1","8","1","5","40","3","2","1","5","4","5","7","4","4","10","5","5","1","16","23","3","10","1","1","B03","7","4","1","8","2","2","","23","23","1","22","9","B03","24.26476","120.65698","2"
"2019","3","21","11","28","臺中市","北區","0","0","8","","","40","","","","","","","","","","","","","","","","","","","","C03","","","1","","2","","","23","","1","22","","C03","24.152575","120.692583","4"
"2019","3","21","11","30","臺中市","太平區","","","8","","","40","","","","","","","","","","","","","","","","","","","","B12","","","1","","2","","","43","","1","","","B12","24.142243","120.730572","3"
"2019","3","21","11","30","臺中市","大肚區","0","0","8","","","50","","","","","","","","","","","","","","","","","","","","B03","","","1","","2","","","23","","1","","","B03","24.153923","120.544435","3"
"2019","3","21","11","31","臺中市","中區","0","0","8","","","50","","","","","","","","","","","","","","","","","","","","B03","","","1","","2","","","12","","1","5","","B03","24.140368","120.683409","3"
"2019","3","21","11","48","臺中市","北屯區","0","1","8","1","5","50","3","1","1","5","4","5","7","1","1","10","5","5","2","16","44","3","10","3","4","B03","7","1","1","8","2","4","","44","44","1","21","8","B03","24.171175","120.704583","2"
"2019","3","21","11","56","臺中市","霧峰區","0","0","8","","","70","","","","","","","","","","","","","","","","","","","","B02","","","1","","2","","","23","","1","9","","B02","24.051838","120.694996","3"
"2019","3","21","12","0","臺中市","沙鹿區","0","0","8","","","50","","","","","","","","","","","","","","","","","","","","","","","7","","11","","","43","","","","","","24.24663","120.56095","3"
"2019","3","21","12","9","臺中市","霧峰區","0","1","8","1","5","50","4","1","1","5","4","5","7","4","4","10","5","5","2","16","6","3","10","1","1","B03","7","6","1","8","2","2","","6","6","1","21","8","B03","24.072504","120.715716","2"
"2019","3","21","12","10","臺中市","龍井區","0","0","","","","","","","","","","","","","","","","","","","","","","","","B03","","","1","","2","","","23","","1","22","","B03","24.1527","120.572803","3"
"2019","3","21","12","17","臺中市","北屯區","0","1","8","1","5","50","4","1","1","5","4","5","7","4","4","10","5","5","2","16","19","3","10","1","1","B12","7","1","1","6","2","8","","19","19","1","21","8","B12","24.173791","120.691795","2"
"2019","3","21","12","20","臺中市","沙鹿區","0","0","8","","","50","","","","","","","","","","","","","","","","","","","","C03","","","1","","2","","","23","","","5","","C03","24.243253","120.609132","3"
"2019","3","21","12","27","臺中市","龍井區","0","0","","","","","","","","","","","","","","","","","","","","","","","","A12","","","1","","2","","","19","","1","","","A12","24.186007","120.585682","3"
"2019","3","21","12","29","臺中市","西屯區","0","3","8","1","5","40","4","1","1","5","4","5","7","2","1","10","5","5","2","16","6","2","9","3","4","C02","7","6","1","9","2","12","","6","6","1","22","8","C02","24.17932","120.634535","2"
"2019","3","21","12","30","臺中市","霧峰區","0","0","8","","","50","","","","","","","","","","","","","","","","","","","","C03","","","1","","2","","","7","","1","","","C03","24.072756","120.715276","3"
"2019","3","21","12","30","臺中市","神岡區","0","0","8","","","10","","","","","","","","","","","","","","","","","","","","B01","","","1","","2","","","23","","1","21","","B01","24.247702","120.689927","3"
"2019","3","21","12","32","臺中市","中區","0","2","8","1","5","50","4","1","1","5","4","5","7","4","4","10","5","5","2","15","6","3","10","1","1","B03","7","9","1","8","2","5","","6","6","1","5","8","B03","24.144629","120.680897","2"
"2019","3","21","12","33","臺中市","太平區","0","1","8","1","5","40","14","8","1","5","4","5","7","4","4","5","5","4","2","17","42","2","9","1","1","C03","7","9","4","8","2","11","","42","42","1","20","8","C03","24.117812","120.717239","2"
"2019","3","21","12","35","臺中市","烏日區","0","0","8","","","40","","","","","","","","","","","","","","","","","","","","B03","","","1","","2","","","23","","1","21","","B03","24.109833","120.634121","3"
"2019","3","21","12","39","臺中市","北區","0","1","8","1","5","50","4","1","1","5","4","5","7","4","4","10","5","5","2","16","6","2","9","1","1","C03","7","9","1","10","2","11","","6","6","1","20","8","C03","24.1727","120.6683","2"
"2019","3","21","12","43","臺中市","西屯區","0","0","8","","","40","","","","","","","","","","","","","","","7","","","","","B01","","","1","","2","","","7","7","1","10","","B01","24.205496","120.629073","3"
"2019","3","21","12","50","臺中市","西區","0","0","8","","","50","","","","","","","","","","","","","","","23","3","","","","B03","","","1","8","2","5","","23","23","1","21","8","B03","24.157471","120.659556","3"
"2019","3","21","12","50","臺中市","大里區","0","1","8","1","5","50","5","1","1","5","4","5","7","1","1","5","4","4","2","12","1","2","3","1","1","C03","7","4","1","10","2","14","","1","1","1","21","1","C03","24.113057","120.690056","2"
"2019","3","21","12","52","臺中市","北屯區","0","0","8","","","50","","","","","","","","","","","","","","","26","","","","","C03","","","1","","2","","","26","26","1","21","","C03","24.173928","120.674325","3"
"2019","3","21","12","52","臺中市","霧峰區","0","1","8","1","5","70","14","12","1","5","4","5","7","4","4","1","4","4","1","13","16","3","10","1","1","C03","7","9","2","18","2","11","","16","16","1","22","8","C03","24.068868","120.696365","2"
"2019","3","21","12","52","臺中市","太平區","0","1","8","1","5","40","14","9","1","5","4","5","7","4","4","5","5","5","1","13","16","3","10","1","1","B12","7","9","1","8","2","1","","16","16","1","6","8","B12","24.131087","120.744016","2"
"2019","3","21","12","55","臺中市","梧棲區","0","1","8","1","5","50","5","1","1","5","4","5","7","1","1","10","5","5","2","16","27","3","10","1","1","B12","7","6","1","7","2","5","","27","27","1","9","1","B12","24.222388","120.528566","2"
"2019","3","21","12","55","臺中市","梧棲區","0","1","8","1","5","50","5","1","1","5","4","5","7","1","1","10","5","5","2","16","27","3","10","1","1","B12","7","6","1","7","2","5","","27","27","1","9","1","B12","","","2"
"2019","3","21","13","5","臺中市","北屯區","0","1","8","1","5","50","4","1","1","5","4","5","7","4","4","4","3","5","2","16","6","3","10","1","1","B03","7","9","6","10","2","1","","14","6","1","21","8","B03","24.186973","120.668148","2"
"2019","3","21","13","9","臺中市","北屯區","0","2","8","1","5","50","3","1","1","5","4","5","7","1","1","10","5","5","2","13","16","2","9","3","4","C03","7","9","1","10","2","11","","16","16","1","21","8","C03","24.170221","120.699238","2"
"2019","3","21","13","15","臺中市","東區","0","0","8","1","5","50","4","1","1","5","4","5","7","1","1","10","5","5","2","16","19","3","10","1","1","C03","7","1","1","10","2","14","","19","19","1","22","8","C03","24.1423","120.689473","3"
"2019","3","21","13","20","臺中市","大里區","0","1","8","1","5","50","4","2","1","5","4","5","7","1","1","5","5","4","2","12","19","2","9","1","1","C03","7","1","1","10","2","14","","19","19","1","21","8","C03","24.096539","120.696036","2"
"2019","3","21","13","22","臺中市","沙鹿區","0","1","8","1","5","70","14","12","1","5","4","5","7","4","4","1","4","4","1","17","23","2","9","1","1","B12","7","9","1","8","2","1","","23","23","1","21","8","B12","24.247078","120.607058","2"
"2019","3","21","13","23","臺中市","烏日區","0","0","8","","","30","","","","","","","","","","","","","","","23","","","","","B03","","","1","","2","","","7","23","1","21","","B03","24.11008","120.616349","3"
"2019","3","21","13","26","臺中市","北屯區","0","1","8","1","5","50","3","1","1","5","4","5","7","4","4","10","5","5","2","17","6","3","10","1","1","B03","7","5","1","8","2","4","","6","6","1","21","8","B03","24.172703","120.730721","2"