"年","月","日","時","分","縣市","區","死","受傷","天候","光線","道路類別","速限","道路型態","事故位置","路面鋪裝","路面狀態","路面缺陷","障礙物","視距","號誌種類","號誌動作","分向設施","快車道或一般車道間","快慢車道間","路面邊線","事故類型及型態","主要肇因","受傷程度","主要傷處","保護裝備","行動電話","當事者區分","車輛用途","當事者行動狀態","駕駛資格情形","駕駛執照種類","飲酒情形","車輛撞擊部位最初","車輛撞擊部位其他","肇事因素個別","肇事因素主要","肇事逃逸","職業","旅次目的","車種","GPS座標緯度","GPS座標經度","事故類別"
"2019","3","21","13","30","臺中市","北屯區","0","2","8","1","5","40","4","1","1","5","4","5","7","4","4","10","5","5","2","17","6","2","9","1","1","C03","7","9","4","8","2","15","","6","6","1","22","8","C03","24.185165","120.70128","2"
"2019","3","21","13","35","臺中市","北屯區","0","0","8","","","50","","","","","","","","","","","","","","","","","","","","B12","","","1","","2","","","23","","1","10","","B12","24.18514","120.701125","3"
"2019","3","21","13","38","臺中市","北屯區","0","0","8","1","5","50","4","9","1","5","4","5","7","1","1","4","3","5","2","13","23","3","10","1","1","C03","7","9","1","10","2","11","","23","23","1","21","8","C03","24.186974","120.668108","3"
"2019","3","21","13","38","臺中市","西屯區","0","2","8","1","5","50","4","1","1","5","4","5","7","1","1","4","3","5","2","16","25","2","9","1","1","C03","7","9","3","18","2","11","","25","25","1","21","8","C03","24.176276","120.63607","2"
"2019","3","21","13","40","臺中市","南區","0","1","8","1","5","50","4","1","1","5","4","5","7","1","1","10","5","5","2","16","26","3","10","1","1","B03","7","6","1","8","2","5","","26","26","1","4","8","B03","24.131762","120.676738","2"
"2019","3","21","13","49","臺中市","大里區","0","0","8","","","40","","","","","","","","","","","","","","","","","","","","C03","","","1","","2","","","16","","1","3","","C03","24.088895","120.698831","3"
"2019","3","21","14","13","臺中市","大雅區","0","1","8","1","5","50","4","1","1","5","4","5","7","1","1","1","4","4","1","13","16","2","8","1","1","B03","7","9","1","8","2","8","","16","16","1","21","8","B03","24.15894","120.648457","2"
"2019","3","21","14","15","臺中市","豐原區","0","0","8","","","50","","","","","","","","","","","","","","","","","","","","B12","","","1","","2","","","23","","1","21","","B12","24.251545","120.736397","3"
"2019","3","21","14","16","臺中市","北屯區","0","1","8","1","5","40","4","1","1","5","4","5","7","4","4","10","5","5","2","15","6","3","10","3","4","B03","7","9","1","8","2","2","","6","6","1","21","8","B03","24.16602","120.696766","2"
"2019","3","21","14","16","臺中市","神岡區","0","0","8","","","40","","","","","","","","","","","","","","","19","","","","","B12","","9","1","","2","","","44","19","1","9","","B12","24.265576","120.705436","3"
"2019","3","21","14","20","臺中市","西屯區","0","1","8","1","5","50","14","9","1","5","4","5","7","1","1","10","5","5","2","13","23","3","10","1","1","B03","7","9","1","8","2","1","","23","23","1","21","8","B03","24.18178","120.625009","2"
"2019","3","21","14","20","臺中市","潭子區","0","0","8","","","50","","","","","","","","","","","","","","","","","","","","B12","","","1","","2","","","12","","1","22","","B12","24.215903","120.700469","3"
"2019","3","21","14","21","臺中市","北區","0","1","8","1","5","50","4","1","1","5","4","5","7","1","1","10","5","5","2","16","6","3","10","1","4","B03","7","6","1","8","2","2","","6","6","1","21","8","B03","24.153483","120.68574","2"
"2019","3","21","14","22","臺中市","沙鹿區","0","1","8","1","5","50","3","1","1","5","4","5","7","1","1","10","5","5","2","17","42","2","9","1","1","C03","7","9","1","10","2","12","","42","42","1","4","8","C03","24.221906","120.578326","2"
"2019","3","21","14","26","臺中市","烏日區","0","0","8","","","50","","","","","","","","","","","","","","","","","","","","B03","","","1","","2","","","16","","1","22","","B03","24.10127","120.629313","3"
"2019","3","21","14","28","臺中市","大雅區","0","1","8","1","5","50","4","1","1","5","4","5","7","1","1","10","5","5","2","11","6","3","10","1","1","B12","7","5","1","8","2","6","","6","6","1","22","9","B12","24.224247","120.670094","2"
"2019","3","21","14","33","臺中市","潭子區","1","0","8","1","5","50","4","1","1","5","4","5","7","4","4","9","5","4","2","15","6","3","10","1","1","B11","7","9","1","4","2","2","","6","6","1","22","8","B11","24.226732","120.702845","1"
"2019","3","21","14","34","臺中市","北屯區","0","0","8","","","50","","","","","","","","","","","","","","","","","","","","B03","","","1","","2","","","16","","","","","B03","24.173106","120.668948","3"
"2019","3","21","14","40","臺中市","南屯區","0","1","8","1","5","40","4","1","1","5","4","5","7","1","1","10","5","5","2","16","8","2","9","4","1","F01","7","5","8","20","2","16","","8","8","1","21","8","F01","24.11508","120.626381","2"
"2019","3","21","14","40","臺中市","霧峰區","0","2","8","1","5","40","14","9","1","5","4","5","7","4","4","1","4","5","1","17","23","2","9","1","1","C03","7","9","1","10","2","11","","23","23","1","18","8","C03","24.071218","120.662086","2"
"2019","3","21","14","41","臺中市","太平區","0","1","8","1","5","40","4","1","1","5","4","5","7","4","4","10","5","5","2","16","6","2","8","1","1","C03","7","5","6","18","2","12","","6","6","1","4","7","C03","24.096523","120.728786","2"
"2019","3","21","14","56","臺中市","大里區","0","2","8","1","5","50","3","1","1","5","4","5","7","4","4","5","4","4","2","11","8","2","9","1","1","C03","7","5","1","10","2","12","","8","8","1","22","8","C03","24.099982","120.69482","2"
"2019","3","21","14","58","臺中市","大里區","0","1","8","1","5","50","3","1","1","5","4","5","7","3","1","10","5","5","1","12","40","2","7","1","1","B03","7","14","1","8","2","4","","40","40","1","8","5","B03","24.087454","120.688752","2"
"2019","3","21","15","12","臺中市","潭子區","0","0","8","","","50","","","","","","","","","","","","","","","","","","","","A12","","","1","","2","","","38","","1","22","","A12","24.204448","120.716305","3"
"2019","3","21","15","14","臺中市","大雅區","0","0","8","","","50","","","","","","","","","","","","","","","","","","","","C03","","","1","","2","","","26","","1","","","C03","24.211952","120.650229","3"
"2019","3","21","15","16","臺中市","西屯區","0","1","8","1","5","40","4","1","1","5","4","5","7","1","1","1","5","1","2","16","6","3","10","3","4","B03","7","6","1","8","2","5","","6","6","1","22","8","B03","24.155949","120.6439","2"
"2019","3","21","15","29","臺中市","太平區","0","0","8","","","50","","","","","","","","","","","","","","","","","","","","B03","","","1","","2","","","12","","1","5","","B03","24.112818","120.717437","3"
"2019","3","21","15","30","臺中市","太平區","0","0","8","","","40","","","","","","","","","","","","","","","","","","","","A41","","","1","","2","","","42","","1","10","","A41","24.112497","120.70652","3"
"2019","3","21","15","32","臺中市","東區","0","0","8","1","5","50","14","9","1","5","4","5","7","4","4","5","4","5","2","16","","","","","","A12","","","1","1","2","","","7","","1","5","","A12","24.129133","120.70572","3"
"2019","3","21","15","32","臺中市","西屯區","0","2","8","1","5","50","3","9","1","5","4","5","7","1","1","5","4","5","2","16","11","2","9","1","1","C03","7","11","1","10","2","11","","11","11","1","22","9","C03","24.185891","120.603681","2"
"2019","3","21","15","37","臺中市","大里區","0","0","8","","","50","","","","","","","","","","","","","","","","","","","","B03","","","1","","2","","","9","","1","21","","B03","24.103901","120.70947","3"
"2019","3","21","15","40","臺中市","新社區","0","0","8","","","50","","","","","","","","","","","","","","","","","","","","B12","","","1","","2","","","6","","1","22","","B12","24.210086","120.788983","3"
"2019","3","21","15","46","臺中市","中區","0","2","8","1","5","50","3","1","1","5","4","5","7","4","4","10","4","5","2","17","7","2","9","1","1","C03","7","8","1","10","2","12","","7","7","1","5","5","C03","24.143579","120.679197","2"
"2019","3","21","15","51","臺中市","北區","0","2","8","1","5","50","4","1","1","5","4","5","7","2","1","10","5","5","2","15","25","2","9","1","1","C03","7","9","1","10","2","14","","25","25","1","22","8","C03","24.157477","120.670538","2"
"2019","3","21","15","55","臺中市","西屯區","0","0","8","","","40","","","","","","","","","","","","","","","","","","","","B12","","","1","","2","","","25","","1","","","B12","24.201722","120.644353","3"
"2019","3","21","16","4","臺中市","西屯區","0","2","8","1","5","40","11","9","1","5","4","5","7","4","4","10","5","5","1","16","23","2","7","1","1","C03","7","9","1","10","2","11","","23","23","1","21","8","C03","24.164253","120.617079","2"
"2019","3","21","16","5","臺中市","南區","0","2","8","1","5","50","4","1","1","5","4","5","7","2","1","5","2","5","2","12","16","2","9","3","4","C03","7","9","1","10","2","11","","16","16","1","5","8","C03","24.116895","120.66461","2"
"2019","3","21","16","8","臺中市","龍井區","0","0","","","","","","","","","","","","","","","","","","","","","","","","B12","","","1","","2","","","10","","1","","","B12","24.191114","120.587484","3"
"2019","3","21","16","8","臺中市","沙鹿區","0","2","8","1","5","60","14","7","1","5","4","5","7","4","4","3","4","4","1","17","43","2","9","1","1","F01","7","9","8","20","2","16","","43","43","1","21","8","F01","24.242785","120.619489","2"
"2019","3","21","16","18","臺中市","霧峰區","0","0","8","","","50","","","","","","","","","","","","","","","","","","","","B03","","","1","","2","","","18","","1","20","","B03","24.05712","120.69694","3"
"2019","3","21","16","22","臺中市","龍井區","0","0","","","","","","","","","","","","","","","","","","","","","","","","B03","","","1","","2","","","23","","1","22","","B03","24.182871","120.58981","3"
"2019","3","21","16","29","臺中市","霧峰區","0","0","8","","","40","","","","","","","","","","","","","","","","","","","","B12","","","1","","2","","","26","","1","21","","B12","24.064555","120.67885","3"
"2019","3","21","16","36","臺中市","大雅區","0","1","8","2","5","40","4","1","1","5","4","5","7","4","4","10","5","5","2","15","6","2","9","1","1","C03","7","9","3","18","2","11","","6","6","1","22","9","C03","24.234466","120.648216","2"
"2019","3","21","16","45","臺中市","北屯區","0","0","8","","","50","","","","","","","","","","","","","","","","","","","","B03","","","1","","2","","","42","","1","21","","B03","24.166551","120.695391","3"
"2019","3","21","16","45","臺中市","梧棲區","0","1","8","2","5","40","10","16","1","5","4","5","7","4","4","10","5","5","1","13","16","2","9","1","1","C02","7","9","1","9","2","11","","16","16","1","12","1","C02","24.224228","120.521652","2"
"2019","3","21","16","50","臺中市","烏日區","0","1","8","1","5","40","3","1","1","5","4","5","7","3","1","10","5","5","2","13","23","3","10","1","1","B03","7","14","1","8","2","3","","44","23","1","21","8","B03","24.04535","120.632023","2"
"2019","3","21","16","52","臺中市","北屯區","0","1","8","1","5","50","5","2","1","5","4","5","7","2","1","10","5","5","2","16","23","2","9","1","1","C03","7","6","1","10","2","11","","23","23","1","5","8","C03","24.196975","120.680595","2"
"2019","3","21","16","53","臺中市","西區","0","0","8","1","5","50","14","9","1","5","4","5","7","4","4","10","5","5","2","17","17","","","","","B03","","","1","","11","","","44","17","1","22","","B03","24.152066","120.659476","3"
"2019","3","21","17","2","臺中市","西屯區","0","1","8","1","5","40","14","9","1","5","4","5","7","4","4","10","5","5","2","16","10","2","9","3","4","C03","7","11","1","10","2","12","","10","10","1","22","8","C03","24.174645","120.618386","2"
"2019","3","21","17","4","臺中市","中區","0","1","8","1","5","50","14","7","1","5","4","5","7","4","4","5","4","4","2","18","42","2","9","1","1","C03","7","9","1","10","2","12","","42","42","1","18","9","C03","24.1466","120.677676","2"
"2019","3","21","17","5","臺中市","沙鹿區","0","1","8","1","5","50","14","9","1","5","4","5","7","4","4","10","5","5","2","16","10","3","10","1","1","B03","7","11","1","8","2","4","","10","10","1","20","5","B03","24.201595","120.568191","2"
"2019","3","21","17","7","臺中市","北屯區","0","1","8","2","5","50","4","1","1","5","4","5","7","4","4","10","5","5","2","16","6","2","9","1","1","C03","7","5","1","10","2","12","","6","6","1","22","8","C03","24.167295","120.716781","2"
"2019","3","21","17","8","臺中市","西區","0","0","","","","","","","","","","","","","","","","","","","","","","","","B03","","","1","","2","","","16","","1","","","B03","","","3"
"2019","3","21","17","9","臺中市","大甲區","0","0","8","1","2","70","14","9","1","5","4","5","7","1","1","9","4","4","2","13","23","3","10","1","1","B03","7","5","1","8","2","5","","23","23","1","21","1","B03","24.418738","120.64274","3"
"2019","3","21","17","12","臺中市","西區","0","1","8","1","5","50","4","1","1","5","4","5","7","1","1","10","5","5","2","15","25","3","10","1","1","B03","7","9","1","7","2","2","","25","25","1","5","5","B03","24.144958","120.649937","2"
"2019","3","21","17","13","臺中市","龍井區","0","2","8","1","5","40","11","9","1","5","4","5","7","4","4","10","5","5","2","10","6","2","9","1","1","C03","7","9","1","10","2","11","","6","6","1","3","1","C03","24.17788","120.527993","2"
"2019","3","21","17","17","臺中市","龍井區","0","1","8","1","5","40","3","1","1","5","4","5","7","4","4","1","4","4","1","12","6","3","10","1","1","B12","7","7","1","8","2","4","","6","6","1","12","8","B12","24.199768","120.514925","2"
"2019","3","21","17","18","臺中市","東區","0","2","8","1","5","50","3","1","1","5","4","5","7","1","1","10","5","5","2","16","6","3","10","1","1","B03","7","5","3","18","2","2","","6","6","1","5","8","B03","24.128963","120.684893","2"
"2019","3","21","17","22","臺中市","龍井區","0","0","","","","","","","","","","","","","","","","","","","","","","","","B03","","","1","","2","","","23","","1","","","B03","24.181092","120.590634","3"
"2019","3","21","17","27","臺中市","大里區","0","2","8","1","5","50","4","1","1","5","4","5","7","2","1","10","5","5","2","12","6","2","9","1","1","C03","7","5","1","10","2","14","","6","6","1","18","5","C03","24.096132","120.714196","2"
"2019","3","21","17","30","臺中市","豐原區","0","0","","","","","","","","","","","","","","","","","","","","","","","","A03","","","1","","2","","","16","","1","10","","A03","24.26085","120.73643","3"
"2019","3","21","17","32","臺中市","霧峰區","0","1","8","1","5","50","4","1","1","5","4","5","7","1","1","10","5","5","2","16","6","3","10","1","1","B03","7","5","1","8","2","8","","6","6","1","5","8","B03","24.076465","120.71531","2"
"2019","3","21","17","35","臺中市","潭子區","0","1","8","1","5","60","3","1","1","5","4","5","7","1","1","1","4","4","1","16","6","3","10","1","1","B03","7","6","1","8","2","5","","6","6","1","22","8","B03","24.229893","120.708673","2"
"2019","3","21","17","39","臺中市","南區","0","0","8","","","40","","","","","","","","","","","","","","","","","","","","B03","","","1","","2","","","19","","1","5","","B03","24.118816","120.683373","3"
"2019","3","21","17","39","臺中市","北屯區","0","1","8","1","5","60","3","1","1","5","4","5","7","1","1","10","5","5","2","16","25","2","9","1","1","C03","7","11","1","10","2","14","","25","25","1","5","8","C03","24.164769","120.709699","2"
"2019","3","21","17","42","臺中市","烏日區","0","3","8","1","5","60","5","1","1","5","4","5","7","1","1","10","5","5","2","13","42","2","9","3","4","B03","7","9","1","8","2","1","","42","42","1","22","8","B03","24.104928","120.630948","2"
"2019","3","21","17","44","臺中市","南區","0","0","8","","","50","","","","","","","","","","","","","","","23","3","","","","B03","","","1","","2","","","23","23","1","21","","B03","24.115111","120.6718","3"
"2019","3","21","17","49","臺中市","北屯區","0","1","8","2","5","50","4","1","1","5","4","5","7","1","1","10","5","5","2","16","26","3","10","1","1","C03","7","9","1","10","2","11","","26","26","1","5","8","C03","24.18199","120.689308","2"
"2019","3","21","17","52","臺中市","南區","0","2","8","3","5","40","7","8","1","5","4","5","7","4","4","3","5","5","2","13","23","2","9","1","1","C03","7","9","1","10","2","11","","23","23","1","9","5","C03","24.119161","120.672488","2"
"2019","3","21","17","54","臺中市","西屯區","0","1","8","3","5","50","14","7","1","5","4","5","7","4","4","1","4","4","2","13","23","3","10","1","1","B03","7","9","1","8","2","1","","23","23","1","22","9","B03","24.159626","120.64332","2"
"2019","3","21","18","0","臺中市","大里區","0","1","8","1","5","60","14","12","1","5","4","5","7","4","4","1","4","4","1","12","17","2","9","1","1","C03","7","9","1","10","2","14","","17","17","1","5","8","C03","24.10465","120.681856","2"
"2019","3","21","18","9","臺中市","大里區","0","2","8","1","5","50","14","9","1","5","4","5","7","4","4","5","5","5","2","16","26","2","8","4","5","F01","7","11","8","20","2","16","","26","26","1","16","8","F01","24.085883","120.68818","2"
"2019","3","21","18","10","臺中市","南屯區","0","1","8","3","5","40","4","3","1","5","4","5","7","1","1","10","1","5","2","13","23","2","7","4","5","F01","7","9","8","20","2","16","","23","23","1","21","8","F01","24.146715","120.640734","2"
"2019","3","21","18","10","臺中市","西屯區","0","1","8","2","5","50","3","1","1","5","4","5","7","1","1","5","4","4","2","14","12","3","10","3","4","B02","7","2","1","8","2","6","","12","12","1","21","8","B02","24.180476","120.645059","2"
"2019","3","21","18","17","臺中市","東區","0","1","8","3","5","50","4","1","1","5","4","5","7","1","1","10","5","5","2","16","6","3","10","1","1","B03","7","5","1","8","2","5","","6","6","1","5","8","B03","24.142756","120.699858","2"
"2019","3","21","18","19","臺中市","西屯區","0","0","8","","","40","","","","","","","","","","","","","","","","","","","","B03","","","1","","2","","","12","","1","","","B03","24.157681","120.644453","3"
"2019","3","21","18","22","臺中市","大里區","0","0","8","","","50","","","","","","","","","","","","","","","","","","","","B03","","","1","","2","","","7","","1","3","","B03","24.090142","120.693524","3"
"2019","3","21","18","23","臺中市","大雅區","0","1","8","1","5","50","14","9","1","5","4","5","7","4","4","5","5","5","1","17","19","3","10","1","1","B03","7","1","1","8","2","8","","19","19","1","21","8","B03","24.223809","120.653585","2"
"2019","3","21","18","26","臺中市","南區","0","1","8","3","5","40","11","8","1","5","4","5","7","4","4","1","4","4","2","16","6","3","10","1","1","B03","7","9","1","8","2","1","","6","6","1","4","5","B03","24.121165","120.662088","2"
"2019","3","21","18","26","臺中市","南屯區","0","0","8","","","50","","","","","","","","","","","","","","","","","","","","B12","","","1","","9","","","26","","2","22","","B12","24.146911","120.612514","3"
"2019","3","21","18","31","臺中市","霧峰區","0","2","8","3","5","40","3","1","1","5","4","5","7","4","4","10","5","5","2","17","6","3","10","1","1","C03","7","5","1","10","2","12","","6","6","1","18","8","C03","24.080193","120.713151","2"
"2019","3","21","18","32","臺中市","西區","0","1","8","3","5","40","15","22","1","5","4","5","7","4","4","1","2","4","2","1","60","2","9","4","5","H01","8","16","8","20","10","16","","60","60","1","21","8","H01","24.140183","120.657676","2"
"2019","3","21","18","32","臺中市","大雅區","0","2","8","4","5","50","4","1","1","5","4","5","7","2","1","3","4","4","1","15","25","2","9","1","1","C03","7","9","6","18","2","11","","25","25","1","22","9","C03","24.216174","120.649214","2"
"2019","3","21","18","40","臺中市","北屯區","0","1","8","3","5","50","14","9","1","5","4","5","7","4","4","5","4","5","2","16","10","3","10","1","1","B03","7","11","6","8","2","4","","10","10","1","5","8","B03","24.177047","120.728932","2"
"2019","3","21","18","43","臺中市","太平區","0","0","8","","","50","","","","","","","","","","","","","","","","","","","","B03","","","1","","2","","","45","","1","9","","B03","24.148972","120.715545","3"
"2019","3","21","18","53","臺中市","大里區","0","2","8","3","5","40","3","1","1","5","4","5","7","4","4","10","5","5","2","16","6","2","9","1","1","C03","7","5","1","10","2","14","","6","6","1","4","5","C03","24.083158","120.70806","2"
"2019","3","21","18","55","臺中市","大甲區","0","0","8","","","50","","","","","","","","","","","","","","","","","","","","B03","","","1","","2","","","6","","1","21","","B03","24.352489","120.621439","3"
"2019","3","21","18","58","臺中市","西區","0","1","8","3","5","50","4","1","1","5","4","5","7","1","1","10","5","5","2","16","42","3","10","1","1","B03","7","15","1","8","2","4","","42","42","1","5","8","B03","24.141145","120.664461","2"
"2019","3","21","18","58","臺中市","霧峰區","0","2","8","3","5","50","14","9","1","5","4","5","7","4","4","8","5","5","1","13","23","2","9","1","1","C03","7","9","1","10","2","11","","23","23","1","21","8","C03","24.056775","120.689423","2"
"2019","3","21","19","0","臺中市","西屯區","0","2","8","3","5","50","4","1","1","5","4","5","7","1","1","9","2","4","2","13","16","2","9","3","4","C03","7","9","3","18","2","11","","16","16","1","22","8","C03","24.176154","120.623046","2"
"2019","3","21","19","0","臺中市","烏日區","0","0","8","","","50","","","","","","","","","","","","","","","","","","","","B03","","","1","","2","","","23","","1","","","B03","24.079239","120.647465","4"
"2019","3","21","19","0","臺中市","清水區","0","4","8","3","5","50","14","7","1","5","4","5","7","4","4","1","4","4","1","12","16","2","9","1","1","C03","7","9","1","10","2","11","","16","16","1","18","6","C03","24.269271","120.575471","2"
"2019","3","21","19","5","臺中市","南屯區","0","2","8","3","5","50","4","1","1","5","4","5","7","1","1","10","5","5","2","16","6","3","10","1","1","B03","7","6","1","8","2","2","","6","6","1","21","8","B03","24.147743","120.649821","2"
"2019","3","21","19","6","臺中市","北屯區","0","0","8","","","50","","","","","","","","","","","","","","","","","","","","B02","","","1","","2","","","23","","1","5","","B02","24.181521","120.68568","3"
"2019","3","21","19","22","臺中市","西屯區","0","0","8","","","50","","","","","","","","","","","","","","","43","","","","","B03","","","1","","2","","","43","43","1","","","B03","24.180701","120.637878","3"
"2019","3","21","19","32","臺中市","北屯區","0","0","8","","","50","","","","","","","","","","","","","","","","","","","","B03","","","1","","2","","","23","","1","5","","B03","24.176978","120.66934","3"
"2019","3","21","19","40","臺中市","大里區","0","1","8","3","5","40","5","1","1","5","4","5","7","3","1","10","5","5","2","16","6","2","8","1","1","C03","7","5","1","10","2","11","","6","6","1","5","8","C03","24.115088","120.680364","2"
"2019","3","21","19","40","臺中市","太平區","0","1","8","3","5","40","3","1","1","5","4","5","7","4","4","10","5","5","2","16","6","3","10","1","1","C03","7","5","3","18","2","11","","6","6","1","9","8","C03","24.122777","120.711111","2"
"2019","3","21","19","40","臺中市","神岡區","0","0","8","","","60","","","","","","","","","","","","","","","","","","","","B03","","","1","","2","","","7","","1","21","","B03","24.236735","120.700001","3"
"2019","3","21","19","53","臺中市","霧峰區","0","0","8","","","50","","","","","","","","","","","","","","","","","","","","B12","","","1","","2","","","25","","1","21","","B12","24.041263","120.69193","3"
"2019","3","21","19","57","臺中市","東區","0","1","8","3","5","50","4","1","1","5","4","5","7","2","1","10","5","5","2","16","42","3","10","1","1","B03","7","6","1","8","2","2","","42","42","1","5","8","B03","24.132861","120.699255","2"
"2019","3","21","20","0","臺中市","東勢區","0","0","8","","","50","","","","","","","","","","","","","","","","","","","","B03","","","1","","2","","","23","","1","21","","B03","24.259739","120.827287","3"
"2019","3","21","20","3","臺中市","西屯區","0","1","8","3","5","40","14","7","1","5","4","5","7","4","4","9","5","4","2","16","7","2","9","3","4","C03","7","7","1","10","2","14","","7","7","1","22","8","C03","24.162906","120.657191","2"
"2019","3","21","20","8","臺中市","北屯區","0","0","8","","","50","","","","","","","","","","","","","","","","","","","","A05","","","1","","2","","","7","","2","10","","A05","24.200896","120.665875","3"
"2019","3","21","20","11","臺中市","潭子區","0","0","8","","","40","","","","","","","","","","","","","","","","","","","","A12","","","1","","2","","","12","","1","22","","A12","24.198567","120.72525","3"
"2019","3","21","20","40","臺中市","北屯區","0","0","8","","","50","","","","","","","","","","","","","","","","","","","","B03","","","1","","2","","","23","","1","5","","B03","24.172185","120.685668","3"
"2019","3","21","20","45","臺中市","大里區","0","0","8","","","50","","","","","","","","","","","","","","","66","","","","","B03","","","1","","11","","","44","66","1","21","","B03","24.082309","120.707578","3"
"2019","3","21","20","48","臺中市","西屯區","0","0","8","","","40","","","","","","","","","","","","","","","10","","","","","C03","","","1","","2","","","10","10","1","","","C03","24.176557","120.64838","3"
"2019","3","21","20","50","臺中市","南屯區","0","0","8","3","5","50","4","1","1","5","4","5","7","2","1","10","5","5","2","17","6","3","10","1","1","B03","7","5","1","8","2","8","8","6","6","1","5","5","B03","24.146648","120.621003","3"
"2019","3","21","20","51","臺中市","沙鹿區","0","0","8","","","50","","","","","","","","","","","","","","","","","","","","B03","","","1","","2","","","23","","","4","","B03","24.229717","120.572064","3"
"2019","3","21","21","0","臺中市","北區","0","1","8","3","5","50","4","1","1","5","4","5","7","4","4","10","5","5","2","17","6","2","9","1","1","C03","7","9","4","4","2","11","","23","6","1","22","8","C03","24.1611","120.6928","2"
"2019","3","21","21","0","臺中市","西屯區","0","1","8","3","5","50","14","9","1","5","4","5","7","4","4","5","5","5","2","16","10","3","10","1","1","B03","7","11","1","8","2","4","","10","10","1","21","8","B03","24.159591","120.639331","2"
"2019","3","21","21","0","臺中市","西屯區","0","0","8","","","50","","","","","","","","","","","","","","","","","","","","B03","","","1","","2","","","23","","1","21","","B03","24.174535","120.647423","3"
"2019","3","21","21","0","臺中市","大里區","0","2","8","3","5","50","3","1","1","5","4","5","7","4","4","10","5","5","2","12","6","3","10","1","1","B01","7","6","1","4","2","6","","6","6","1","10","3","B01","24.088492","120.727561","2"
"2019","3","21","21","10","臺中市","北屯區","0","0","8","","","80","","","","","","","","","","","","","","","","","","","","B03","","","1","","2","","","16","","1","22","","B03","24.169792","120.720759","3"
"2019","3","21","21","10","臺中市","西屯區","0","1","8","3","5","40","3","1","1","5","4","5","7","1","1","9","5","5","2","17","42","2","9","3","4","C03","7","5","1","10","2","15","","42","42","1","22","8","C03","24.185031","120.646028","2"
"2019","3","21","21","12","臺中市","潭子區","0","1","8","3","5","50","3","2","1","5","4","5","7","3","1","10","4","4","2","16","19","3","10","1","1","B03","7","1","1","8","2","8","","19","19","1","22","8","B03","24.194531","120.699216","2"
"2019","3","21","21","15","臺中市","西區","0","1","8","3","5","1","4","1","1","5","4","5","7","1","1","10","5","5","2","18","42","2","8","3","4","C03","7","1","1","10","2","12","","42","42","1","21","8","C03","24.146725","120.666655","2"
"2019","3","21","21","15","臺中市","南區","0","1","8","3","5","40","4","2","1","5","4","5","7","2","1","1","4","4","2","12","7","2","7","1","1","C03","7","7","1","10","2","14","","7","7","1","5","8","C03","24.129529","120.684976","2"
"2019","3","21","21","16","臺中市","霧峰區","0","2","8","3","5","50","3","1","1","5","4","5","7","4","4","10","5","5","1","17","6","2","7","1","5","F01","7","5","8","20","2","16","","6","6","1","5","5","F01","24.066182","120.692162","2"
"2019","3","21","21","18","臺中市","沙鹿區","0","2","8","3","5","50","3","2","1","5","4","5","7","4","4","9","5","5","1","12","23","2","9","1","1","C03","7","9","1","10","2","12","14","23","23","1","18","8","C03","24.234747","120.56616","2"
"2019","3","21","21","29","臺中市","太平區","0","2","8","3","5","40","4","1","1","5","4","5","7","4","4","10","5","5","2","15","6","2","8","1","1","C03","7","9","1","10","2","11","","6","6","1","21","8","C03","24.149901","120.708589","2"
"2019","3","21","21","33","臺中市","北屯區","0","1","8","3","5","50","4","1","1","5","4","5","7","1","1","10","5","5","2","16","43","2","9","1","1","C03","7","6","1","10","2","11","12","43","43","1","18","8","C03","24.175041","120.735911","2"
"2019","3","21","21","36","臺中市","大雅區","0","2","8","3","5","50","4","2","1","5","4","5","7","3","1","4","5","4","1","16","6","2","9","1","1","C03","7","5","3","18","2","14","","6","6","1","22","8","C03","24.211434","120.631456","2"
"2019","3","21","22","2","臺中市","北屯區","0","0","8","","","50","","","","","","","","","","","","","","","","","","","","B03","","","1","","2","","","23","","1","","","B03","24.164644","120.722795","3"
"2019","3","21","22","10","臺中市","西區","0","2","8","3","5","50","4","1","1","5","4","5","7","1","1","10","5","5","2","13","23","2","9","1","1","C03","7","9","1","10","2","11","","23","23","1","5","9","C03","24.146699","120.660907","2"
"2019","3","21","22","23","臺中市","北屯區","0","0","8","","","50","","","","","","","","","","","","","","","","","","","","B03","","","1","","2","","","6","","1","5","","B03","24.16963","120.70845","3"
"2019","3","21","22","30","臺中市","大里區","0","2","8","3","5","50","3","1","1","5","4","5","7","4","4","10","5","5","1","16","6","3","10","1","1","B03","7","6","1","8","2","2","","6","6","1","21","8","B03","24.084146","120.70862","2"
"2019","3","21","22","33","臺中市","西屯區","0","1","8","3","5","50","5","1","1","5","4","5","7","4","4","10","5","5","2","17","23","2","9","1","1","C03","7","9","1","10","2","12","","23","23","1","22","9","C03","24.174165","120.647328","2"
"2019","3","21","22","41","臺中市","南屯區","0","0","8","","","50","","","","","","","","","","","","","","","","","","","","A12","","","1","","2","","","4","","1","","","A12","24.15334","120.651396","3"
"2019","3","21","22","58","臺中市","北屯區","0","0","8","","","50","","","","","","","","","","","","","","","","","","","","C03","","","1","","2","","","16","","1","5","","C03","24.17574","120.720455","3"
"2019","3","21","23","0","臺中市","太平區","0","1","8","3","5","50","4","1","1","5","4","5","7","3","1","3","5","4","1","16","19","3","10","1","1","B03","7","1","3","18","2","8","","19","19","1","22","8","B03","24.153888","120.718611","2"
"2019","3","21","23","32","臺中市","西屯區","0","0","8","","","50","","","","","","","","","","","","","","","","","","","","B03","","","1","","2","","","42","","1","22","","B03","24.171027","120.66439","3"