"年","月","日","時","分","縣市","區","死","受傷","天候","光線","道路類別","速限","道路型態","事故位置","路面鋪裝","路面狀態","路面缺陷","障礙物","視距","號誌種類","號誌動作","分向設施","快車道或一般車道間","快慢車道間","路面邊線","事故類型及型態","主要肇因","受傷程度","主要傷處","保護裝備","行動電話","當事者區分","車輛用途","當事者行動狀態","駕駛資格情形","駕駛執照種類","飲酒情形","車輛撞擊部位最初","車輛撞擊部位其他","肇事因素個別","肇事因素主要","肇事逃逸","職業","旅次目的","車種","GPS座標緯度","GPS座標經度","事故類別"
"2019","3","21","23","56","臺中市","龍井區","0","0","8","","","50","","","","","","","","","","","","","","","","","","","","B03","","","1","","2","","","23","","1","","","B03","24.187141","120.585703","3"
"2019","3","22","0","14","臺中市","西屯區","0","1","8","3","5","40","4","2","1","5","4","5","7","1","1","10","5","5","2","13","23","3","10","1","1","B01","7","9","1","8","2","8","","23","23","1","21","8","B01","24.171158","120.639365","2"
"2019","3","22","2","44","臺中市","西屯區","0","2","8","3","5","40","4","1","1","5","4","5","7","4","4","10","5","5","2","15","14","3","10","3","4","C03","7","9","1","10","2","14","","14","14","1","22","8","C03","24.179658","120.643462","2"
"2019","3","22","4","42","臺中市","大里區","0","0","8","","","50","","","","","","","","","","","","","","","67","","","","","B03","","","1","","1","","","43","67","1","21","","B03","24.11321","120.685366","3"
"2019","3","22","5","16","臺中市","西屯區","0","0","8","","","40","","","","","","","","","","","","","","","","","","","","A12","","","1","","11","","","26","","2","10","","A12","24.169803","120.654214","3"
"2019","3","22","5","34","臺中市","西屯區","0","1","8","1","5","50","4","1","1","5","4","5","7","1","1","5","5","4","2","11","43","3","10","3","4","B03","7","5","1","4","2","8","","43","43","1","22","8","B03","24.172414","120.645562","2"
"2019","3","22","5","45","臺中市","大里區","0","2","8","2","5","50","4","1","1","5","4","5","7","3","1","10","5","5","2","16","38","2","9","1","1","C03","7","14","1","10","2","14","","38","38","1","5","8","C03","24.102621","120.681927","2"
"2019","3","22","6","46","臺中市","沙鹿區","0","1","8","2","5","40","3","1","1","5","4","5","7","1","1","10","5","5","2","17","6","3","10","1","1","C03","7","6","1","10","2","15","","6","6","1","5","5","C03","24.223389","120.578498","2"
"2019","3","22","6","52","臺中市","東區","0","1","7","1","5","40","14","8","1","5","4","5","7","4","4","9","4","4","2","16","7","3","10","1","1","B03","7","8","1","8","2","5","","7","7","1","5","8","B03","24.144318","120.70529","2"
"2019","3","22","6","52","臺中市","北屯區","0","0","8","","","40","","","","","","","","","","","","","","","","","","","","B03","","","1","","2","","","23","","1","22","","B03","24.193871","120.659763","3"
"2019","3","22","6","55","臺中市","西區","0","0","8","","","50","","","","","","","","","","","","","","","","","","","","B03","","","1","","2","","","43","","1","22","","B03","24.161992","120.662298","3"
"2019","3","22","6","55","臺中市","潭子區","0","0","8","","","60","","","","","","","","","","","","","","","23","","","","","B03","","","1","","2","","","44","23","1","22","","B03","24.196198","120.700421","3"
"2019","3","22","6","57","臺中市","北屯區","0","0","8","","","40","","","","","","","","","","","","","","","","","","","","B03","","","1","","2","","","12","","1","","","B03","24.175632","120.673336","3"
"2019","3","22","7","0","臺中市","西屯區","0","1","8","1","5","40","14","8","1","5","4","5","7","4","4","3","5","3","2","13","23","2","9","1","1","C03","7","9","1","10","2","11","","23","23","1","4","8","C03","24.183277","120.615381","2"
"2019","3","22","7","5","臺中市","烏日區","0","0","8","","","40","","","","","","","","","","","","","","","","","","","","B12","","","1","","2","","","8","","1","21","","B12","24.081243","120.644234","3"
"2019","3","22","7","8","臺中市","北屯區","0","1","8","1","5","50","14","20","1","5","4","5","7","4","4","1","4","4","2","12","40","3","10","3","4","B03","7","14","1","8","2","2","","40","40","1","21","8","B03","24.172978","120.698071","2"
"2019","3","22","7","10","臺中市","大雅區","0","2","8","1","5","50","14","9","1","5","4","5","7","4","4","10","5","5","1","17","19","2","9","1","1","C03","7","1","1","10","2","11","","19","19","1","21","8","C03","24.202758","120.666384","2"
"2019","3","22","7","13","臺中市","東區","","","","","","","","","","","","","","","","","","","","","","","","","","B03","","","1","","2","","","43","","1","5","","B03","24.126298","120.692438","3"
"2019","3","22","7","17","臺中市","沙鹿區","0","0","8","","","50","","","","","","","","","","","","","","","","","","","","B03","","","1","","2","","","23","","1","4","","B03","24.240587","120.564778","3"
"2019","3","22","7","23","臺中市","西屯區","0","0","8","","","50","","","","","","","","","","","","","","","","","","","","B12","","","1","","2","","","19","","1","22","","B12","24.170065","120.659593","3"
"2019","3","22","7","30","臺中市","西屯區","0","2","8","1","5","50","14","9","1","5","4","5","7","4","4","9","4","5","2","16","8","2","9","1","1","C03","7","4","1","10","2","11","","23","8","1","22","8","C03","24.169543","120.638891","2"
"2019","3","22","7","35","臺中市","大里區","0","1","8","1","5","50","14","9","1","5","4","5","7","4","4","1","4","5","1","17","16","2","8","1","1","C03","7","9","1","10","2","11","14","16","16","1","5","1","C03","24.10556","120.681015","2"
"2019","3","22","7","36","臺中市","大里區","0","3","8","1","5","40","14","9","1","5","4","5","7","4","4","10","5","5","2","11","5","2","9","1","1","C03","7","9","1","10","2","14","","5","5","1","21","8","C03","24.096346","120.70563","2"
"2019","3","22","7","36","臺中市","太平區","0","0","8","","","40","","","","","","","","","","","","","","","","","","","","B03","","","1","","2","","","19","","1","4","","B03","24.150276","120.729993","3"
"2019","3","22","7","38","臺中市","太平區","0","0","8","","","50","","","","","","","","","","","","","","","","","","","","B03","","","6","","2","","","23","","1","21","","B03","24.141143","120.712397","3"
"2019","3","22","7","39","臺中市","西屯區","0","1","8","1","5","50","3","1","1","5","4","5","7","4","4","4","3","5","2","16","23","2","9","1","1","C04","7","6","1","10","2","11","","6","23","1","21","8","C04","24.169556","120.638866","2"
"2019","3","22","7","40","臺中市","潭子區","0","1","8","1","5","50","14","9","1","5","4","5","7","4","4","7","5","5","1","12","17","3","10","1","1","B03","7","4","1","8","2","2","","17","17","1","22","9","B03","24.2212","120.703301","2"
"2019","3","22","7","45","臺中市","大里區","0","1","8","1","5","50","4","1","1","5","4","5","7","1","1","10","5","5","2","16","23","3","10","1","1","C03","7","9","1","10","2","11","","23","23","1","21","8","C03","24.100463","120.682538","2"
"2019","3","22","7","49","臺中市","西屯區","0","0","8","","","50","","","","","","","","","","","","","","","","","","","","B03","","","1","","2","","","16","","1","22","","B03","24.195579","120.658165","3"
"2019","3","22","7","50","臺中市","北屯區","0","0","8","","","40","","","","","","","","","","","","","","","","","","","","B03","","","1","","2","","","12","","1","21","","B03","24.17848","120.698255","3"
"2019","3","22","7","50","臺中市","龍井區","0","1","8","1","5","50","14","9","1","5","4","5","7","4","4","5","4","5","1","16","26","3","10","1","1","B12","7","11","1","8","5","8","","26","26","1","22","8","B12","24.186638","120.582889","2"
"2019","3","22","7","55","臺中市","大雅區","0","2","8","1","5","50","14","9","1","5","4","5","7","4","4","5","5","5","1","17","19","3","10","1","1","B03","7","1","1","8","2","8","","19","19","1","21","8","B03","24.221946","120.656735","2"
"2019","3","22","7","58","臺中市","東勢區","0","2","8","1","5","60","5","1","1","5","4","5","7","2","1","1","4","4","1","17","25","2","9","1","1","C03","7","9","3","18","2","14","","25","25","1","9","8","C03","24.246536","120.83245","2"
"2019","3","22","7","58","臺中市","神岡區","0","0","8","","","50","","","","","","","","","","","","","","","","","","","","C03","","","1","","2","","","23","","1","3","","C03","24.24792","120.696225","3"
"2019","3","22","7","59","臺中市","北屯區","0","0","8","","","50","","","","","","","","","","","","","","","","","","","","B03","","","1","","2","","","23","","1","21","","B03","24.181943","120.720405","3"
"2019","3","22","7","59","臺中市","西屯區","0","2","8","1","5","50","4","1","1","5","4","5","7","1","1","10","5","5","2","11","43","2","9","1","1","C03","7","5","1","10","2","11","","43","43","1","21","8","C03","24.174205","120.647999","2"
"2019","3","22","8","0","臺中市","大肚區","0","0","","","","","","","","","","","","","","","","","","","","","","","","C03","","","1","","2","","","23","","1","22","","C03","24.172883","120.582204","3"
"2019","3","22","8","1","臺中市","北區","0","0","8","","","50","","","","","","","","","","","","","","","","","","","","C03","","","1","","2","","","26","","1","5","","C03","24.166938","120.682614","3"
"2019","3","22","8","1","臺中市","潭子區","0","1","8","1","5","50","14","9","1","5","4","5","7","4","4","9","5","5","2","11","19","3","10","1","1","C03","7","1","1","10","2","11","","19","19","1","22","8","C03","24.201225","120.718473","2"
"2019","3","22","8","2","臺中市","南區","0","1","8","1","5","50","4","2","1","5","4","5","7","1","1","5","4","4","2","13","23","2","9","3","4","C03","7","9","1","10","2","11","","23","23","1","18","2","C03","24.122184","120.653875","2"
"2019","3","22","8","2","臺中市","梧棲區","0","1","7","1","5","40","3","1","1","5","4","5","7","3","1","10","5","5","2","16","6","3","10","1","1","B03","7","6","1","8","2","8","","6","6","1","5","8","B03","24.225071","120.525805","2"
"2019","3","22","8","6","臺中市","南區","0","2","8","1","5","50","4","1","1","5","4","5","7","4","4","10","5","5","2","15","6","2","8","1","1","C03","7","9","1","10","2","11","","6","6","1","21","8","C03","24.124119","120.67495","2"
"2019","3","22","8","7","臺中市","南區","0","2","8","1","5","50","4","1","1","5","4","5","7","1","1","10","5","5","2","16","25","2","9","1","1","B03","7","5","1","8","2","1","8","25","25","1","21","8","B03","24.117814","120.658431","2"
"2019","3","22","8","7","臺中市","西屯區","0","2","8","1","5","50","3","1","1","5","4","5","7","4","4","4","3","4","2","16","6","2","9","1","5","F03","7","5","8","20","2","16","","6","6","1","21","8","F03","24.178135","120.666091","2"
"2019","3","22","8","7","臺中市","龍井區","0","1","8","1","5","50","4","1","1","5","4","5","7","1","1","10","5","5","2","17","8","2","9","1","1","C03","7","5","1","10","2","14","","8","8","1","21","8","C03","24.18","120.52","2"
"2019","3","22","8","9","臺中市","西屯區","0","0","8","","","40","","","","","","","","","","","","","","","","","","","","C03","","","1","","2","","","16","","1","4","","C03","24.192876","120.606512","3"
"2019","3","22","8","10","臺中市","龍井區","0","0","8","","","40","","","","","","","","","","","","","","","","","","","","B03","","","1","","2","","","6","","1","19","","B03","24.2","120.55","3"
"2019","3","22","8","12","臺中市","大里區","0","1","8","1","5","50","14","9","1","5","4","5","7","4","4","1","4","5","1","12","16","2","8","3","4","C03","7","9","4","11","2","11","","16","16","1","19","8","C03","24.104005","120.681188","2"
"2019","3","22","8","14","臺中市","西屯區","0","2","8","1","5","40","3","1","1","5","4","5","7","4","4","10","5","5","2","16","6","2","9","3","4","C03","7","6","1","10","2","13","","6","6","1","22","8","C03","24.165924","120.663156","2"
"2019","3","22","8","14","臺中市","西屯區","0","0","8","","","50","","","","","","","","","","","","","","","","","","","","B03","","","1","","2","","","16","","1","22","","B03","24.159168","120.638671","3"
"2019","3","22","8","19","臺中市","大安區","0","1","8","1","5","40","3","2","1","5","4","5","7","4","4","10","5","5","2","18","43","2","8","1","1","C03","7","9","1","10","2","12","","43","43","1","9","9","C03","24.343576","120.586578","2"
"2019","3","22","8","20","臺中市","潭子區","0","1","8","1","5","50","14","9","1","5","4","5","7","2","1","3","4","5","1","12","23","2","9","1","1","C03","7","9","1","10","2","11","","23","23","1","21","8","C03","24.194206","120.702448","2"
"2019","3","22","8","21","臺中市","大肚區","0","0","8","","","40","","","","","","","","","","","","","","","","","","","","G03","","","1","","2","","","12","","1","","","G03","24.119403","120.551845","3"
"2019","3","22","8","24","臺中市","梧棲區","0","1","8","1","5","50","3","2","1","5","4","5","7","4","4","5","5","5","1","16","26","2","8","2","1","F02","7","9","8","20","2","16","","26","26","1","5","8","F02","24.242971","120.532445","2"
"2019","3","22","8","28","臺中市","烏日區","0","1","8","3","5","50","14","9","1","5","4","5","7","4","4","5","5","5","2","18","43","2","9","4","1","F01","7","9","8","20","2","15","","43","43","1","22","6","F01","24.108346","120.625387","2"
"2019","3","22","8","30","臺中市","潭子區","0","1","8","1","5","50","14","9","1","5","4","5","7","4","4","9","5","5","1","17","19","3","10","1","1","B03","7","1","1","8","2","8","","19","19","1","22","8","B03","24.205858","120.707635","2"
"2019","3","22","8","33","臺中市","南區","0","0","","","","","","","","","","","","","","","","","","","23","","","","","B03","","","1","","2","","","23","23","1","","","B03","24.110837","120.654693","3"
"2019","3","22","8","40","臺中市","后里區","0","2","8","1","5","50","3","1","1","5","4","5","7","4","4","10","5","5","2","16","43","2","9","1","4","C03","7","9","1","10","2","11","","43","43","1","22","8","C03","24.301926","120.710051","2"
"2019","3","22","8","42","臺中市","北屯區","0","1","8","1","5","50","4","1","1","5","4","5","7","1","1","10","5","5","2","12","16","2","9","3","4","C03","7","9","1","10","2","12","","16","16","1","21","8","C03","24.178295","120.668531","2"
"2019","3","22","8","42","臺中市","梧棲區","0","0","8","","","50","","","","","","","","","","","","","","","43","","","","","B03","","","1","","2","","","43","43","1","5","","B03","24.242291","120.547753","4"
"2019","3","22","8","44","臺中市","大里區","0","0","8","","","40","","","","","","","","","","","","","","","","","","","","C03","","","1","","2","","","23","","1","21","","C03","24.100962","120.709826","3"
"2019","3","22","8","45","臺中市","東區","0","1","8","1","5","50","4","2","1","5","4","5","7","2","1","10","5","5","2","18","43","2","9","1","1","C03","7","9","1","10","2","14","","43","43","1","21","8","C03","24.134013","120.689119","2"
"2019","3","22","8","45","臺中市","霧峰區","0","1","8","1","5","50","3","1","1","5","4","5","7","4","4","5","5","4","1","12","26","2","9","1","1","C03","7","4","1","10","2","12","","26","26","1","19","7","C03","24.0646","120.698041","2"
"2019","3","22","8","48","臺中市","霧峰區","0","0","8","","","40","","","","","","","","","","","","","","","","","","","","B03","","","1","","2","","","23","","1","5","","B03","24.041675","120.70689","3"
"2019","3","22","8","52","臺中市","霧峰區","0","0","8","1","5","40","14","9","1","5","4","5","7","4","4","8","3","5","1","12","17","3","10","3","4","B11","7","9","1","3","2","2","","17","17","1","4","8","B11","24.2","120.5","3"
"2019","3","22","8","59","臺中市","西屯區","0","1","8","1","5","50","3","1","1","5","4","5","7","4","4","10","5","5","2","12","43","3","10","1","1","B02","7","6","1","8","2","6","","43","43","1","21","8","B02","24.186918","120.61274","2"
"2019","3","22","9","0","臺中市","南區","0","0","","","","","","","","","","","","","","","","","","","","","","","","B03","","","1","","9","","","23","","1","","","B03","24.113008","120.651908","4"
"2019","3","22","9","9","臺中市","北屯區","0","1","8","1","5","50","4","1","1","5","4","5","7","1","1","10","5","5","2","13","23","2","9","1","1","C03","7","9","4","11","2","11","","23","23","1","21","8","C03","24.164984","120.695726","2"
"2019","3","22","9","11","臺中市","中區","0","2","8","1","5","50","4","1","1","5","4","5","7","2","1","10","5","5","2","13","6","2","9","1","1","C03","7","9","1","10","2","11","","6","6","1","5","5","C03","24.137201","120.680759","2"
"2019","3","22","9","14","臺中市","烏日區","0","2","8","1","5","40","14","9","1","5","4","5","7","4","4","10","5","5","2","12","44","3","10","1","1","B03","7","9","1","8","2","2","","17","44","1","21","8","B03","24.108455","120.624879","2"
"2019","3","22","9","15","臺中市","太平區","0","0","8","","","40","","","","","","","","","","","","","","","","","","","","B12","","","1","","2","","","12","","1","9","","B12","24.152592","120.727132","3"
"2019","3","22","9","18","臺中市","沙鹿區","0","0","","","","","","","","","","","","","","","","","","","","","","","","B03","","","1","","2","","","23","","1","21","","B03","24.21725","120.570433","3"
"2019","3","22","9","19","臺中市","大里區","0","1","8","1","5","50","4","2","1","5","4","5","7","1","1","1","4","4","1","13","42","3","10","3","4","C03","7","12","1","10","2","13","","42","42","1","12","8","C03","24.102393","120.674631","2"
"2019","3","22","9","22","臺中市","西區","0","2","8","1","5","50","4","1","1","5","4","5","7","4","4","10","5","5","2","15","6","2","9","1","1","C03","7","9","1","10","2","12","","6","6","1","22","8","C03","24.146273","120.660854","2"
"2019","3","22","9","26","臺中市","霧峰區","0","2","8","1","5","40","14","9","1","5","4","5","7","4","4","5","5","5","1","16","19","2","9","1","1","C04","7","1","1","8","2","14","","19","19","1","20","8","C04","24.065195","120.680005","2"
"2019","3","22","9","27","臺中市","龍井區","0","0","","","","","","","","","","","","","","","","","","","","","","","","B03","","","1","","2","","","6","","1","22","","B03","24.177931","120.571226","3"
"2019","3","22","9","32","臺中市","北屯區","0","1","8","1","5","50","4","2","1","5","3","5","7","1","1","9","4","5","2","17","42","2","9","1","1","C03","7","9","1","10","2","14","","42","42","1","21","8","C03","24.176688","120.681418","2"
"2019","3","22","9","40","臺中市","太平區","0","1","8","1","5","50","4","1","1","5","4","5","7","1","1","10","5","5","2","16","25","3","10","1","1","B01","7","9","1","4","2","1","","25","25","1","10","8","B01","24.149283","120.722044","2"
"2019","3","22","9","43","臺中市","南區","0","1","8","1","5","50","4","1","1","5","4","5","7","1","1","10","5","5","2","16","6","3","10","1","1","B03","7","6","1","8","2","5","","6","6","1","21","8","B03","24.133623","120.657288","2"
"2019","3","22","9","43","臺中市","西屯區","0","1","8","1","5","50","14","8","1","5","4","5","7","4","4","3","4","4","2","16","7","3","10","1","1","B03","7","8","1","8","2","3","","7","7","1","4","8","B03","24.19565","120.658147","2"
"2019","3","22","9","53","臺中市","南區","0","1","8","1","5","50","4","1","1","5","4","5","7","2","1","5","4","5","2","12","6","3","10","3","4","B12","7","6","1","8","2","2","","6","6","1","5","8","B12","24.129802","120.662668","2"
"2019","3","22","9","55","臺中市","西屯區","0","0","8","","","40","","","","","","","","","","","","","","","42","","","","","B12","","","1","","2","","","42","42","1","22","","B12","24.170283","120.66653","3"
"2019","3","22","9","55","臺中市","大里區","0","0","8","","","25","","","","","","","","","","","","","","","","","","","","B03","","","1","","2","","","23","","1","21","","B03","24.11119","120.697324","3"
"2019","3","22","10","3","臺中市","新社區","0","0","8","1","5","40","14","9","1","5","4","5","7","4","1","4","3","5","1","11","44","3","10","1","1","B12","7","21","1","8","2","4","","44","44","1","22","8","B12","24.19703","120.803195","3"
"2019","3","22","10","7","臺中市","西屯區","0","0","8","","","50","","","","","","","","","","","","","","","","","","","","B03","","","1","","2","","","25","","1","22","","B03","24.182168","120.635015","3"
"2019","3","22","10","11","臺中市","大里區","0","0","8","","","25","","","","","","","","","","","","","","","","","","","","B03","","","1","","2","","","7","","1","19","","B03","24.111237","120.697172","3"
"2019","3","22","10","14","臺中市","梧棲區","0","0","8","","","50","","","","","","","","","","","","","","","","","","","","B03","","","1","","2","","","18","","1","19","","B03","24.254866","120.531231","3"
"2019","3","22","10","15","臺中市","西區","0","0","8","","","40","","","","","","","","","","","","","","","","","","","","B03","","","1","","2","","","42","","1","5","","B03","24.153053","120.666667","3"
"2019","3","22","10","18","臺中市","北屯區","0","1","8","1","5","50","14","7","1","5","4","5","7","1","1","1","4","4","2","13","23","3","10","2","1","B03","7","9","6","18","2","5","","23","23","1","22","8","B03","24.177878","120.685663","2"
"2019","3","22","10","28","臺中市","西屯區","0","2","8","1","5","40","4","1","1","5","4","5","7","4","4","10","5","5","2","16","6","2","9","1","1","C03","7","9","1","10","2","11","","6","6","1","21","8","C03","24.176106","120.6484","2"
"2019","3","22","10","40","臺中市","西區","0","0","8","","","50","","","","","","","","","","","","","","","12","3","","","","B12","","","1","","2","","","12","12","","5","","B12","24.149525","120.6666","3"
"2019","3","22","10","40","臺中市","北屯區","0","2","8","1","5","50","4","1","1","5","4","5","7","1","1","10","5","4","2","16","25","2","9","3","4","B12","7","5","1","15","2","2","","25","25","1","21","8","B12","24.168795","120.685233","2"
"2019","3","22","10","45","臺中市","西區","0","0","8","","","50","","","","","","","","","","","","","","","23","3","","","","B03","","","1","8","2","1","","23","23","1","21","8","B03","24.146733","120.665266","3"
"2019","3","22","10","45","臺中市","大里區","0","1","8","1","5","50","4","1","1","5","4","5","7","1","1","10","5","5","2","16","6","3","10","1","1","B03","7","5","1","8","2","2","","6","6","1","5","5","B03","24.102458","120.681883","2"
"2019","3","22","10","47","臺中市","北屯區","0","1","8","1","5","50","4","1","1","5","4","5","7","1","1","10","5","5","2","16","6","3","10","1","1","B02","7","6","1","4","2","8","","6","6","1","21","8","B02","24.195545","120.686626","2"
"2019","3","22","10","56","臺中市","北屯區","0","0","8","1","5","50","3","9","1","5","4","5","7","1","1","1","3","5","2","12","23","3","10","1","1","B03","7","7","1","8","2","5","","23","23","1","21","8","B03","24.164666","120.712514","3"
"2019","3","22","11","0","臺中市","潭子區","0","1","7","1","5","50","14","5","1","5","4","5","7","1","1","5","4","5","1","16","8","3","10","1","1","C03","7","5","1","10","2","11","","8","8","1","21","8","C03","24.204493","120.716236","2"
"2019","3","22","11","1","臺中市","中區","0","1","8","1","5","50","4","1","1","5","4","5","7","4","4","10","5","5","2","15","6","2","8","1","1","C04","7","9","1","10","2","11","","6","6","1","21","8","C04","24.140815","120.679809","2"
"2019","3","22","11","1","臺中市","潭子區","0","0","8","","","60","","","","","","","","","","","","","","","","","","","","A21","","","1","","2","","","9","","1","22","","A21","24.201659","120.701326","3"
"2019","3","22","11","11","臺中市","太平區","0","1","8","1","5","50","4","4","1","5","4","5","7","2","1","5","5","4","2","13","16","3","10","1","1","C03","7","14","1","10","2","11","","16","16","1","5","8","C03","24.15374","120.70186","2"
"2019","3","22","11","16","臺中市","西屯區","0","2","8","1","5","50","3","1","1","5","4","5","7","3","1","10","5","5","2","13","23","3","10","1","1","B03","7","6","1","8","2","1","","23","23","1","21","8","B03","24.173837","120.61783","2"
"2019","3","22","11","18","臺中市","南區","","","","","","","","","","","","","","","","","","","","","","","","","","B03","","","1","","2","","","23","","1","","","B03","24.116922","120.657586","3"
"2019","3","22","11","30","臺中市","大里區","0","0","8","","","50","","","","","","","","","","","","","","","","","","","","B03","","","1","","2","","","45","","1","3","","B03","24.110891","120.674748","3"
"2019","3","22","11","31","臺中市","北區","0","1","8","1","5","50","3","1","1","5","4","5","7","1","1","10","5","5","2","17","23","3","10","1","1","B03","7","11","1","8","2","4","","6","23","1","5","8","B03","24.153558","120.689139","2"
"2019","3","22","11","35","臺中市","新社區","0","0","8","","","50","","","","","","","","","","","","","","","","","","","","B12","","","1","","2","","","23","","1","","","B12","24.243888","120.810385","3"
"2019","3","22","11","36","臺中市","霧峰區","0","0","8","","","50","","","","","","","","","","","","","","","","","","","","A12","","","1","","2","","","25","","1","21","","A12","24.061454","120.669525","3"
"2019","3","22","11","40","臺中市","大里區","0","0","8","","","40","","","","","","","","","","","","","","","","","","","","B03","","","1","","2","","","12","","1","21","","B03","24.115235","120.682708","3"
"2019","3","22","11","40","臺中市","潭子區","0","1","8","1","5","50","14","5","1","5","4","5","7","4","4","5","4","5","1","16","6","2","9","1","1","C03","7","9","1","10","2","12","","6","6","1","21","8","C03","24.20407","120.719255","2"
"2019","3","22","11","56","臺中市","西屯區","0","0","8","","","50","","","","","","","","","","","","","","","","","","","","B12","","","1","","2","","","26","","1","4","","B12","24.181867","120.635957","3"
"2019","3","22","11","57","臺中市","西屯區","0","1","8","1","5","40","4","1","1","5","4","5","7","4","4","10","5","5","2","16","42","3","10","3","4","B03","7","15","1","8","2","8","","42","42","1","22","8","B03","24.177345","120.59024","2"
"2019","3","22","11","58","臺中市","南區","0","0","8","","","50","","","","","","","","","","","","","","","19","3","","","","B03","","","1","8","2","","","19","19","","21","","B03","24.121878","120.653318","3"
"2019","3","22","11","59","臺中市","沙鹿區","0","2","8","1","5","50","4","1","1","5","4","5","7","4","4","9","5","5","1","16","23","2","9","1","1","C03","7","9","1","10","2","12","","23","23","1","4","8","C03","24.236202","120.566636","2"
"2019","3","22","12","0","臺中市","東區","0","2","8","1","5","50","14","9","1","5","4","5","7","4","4","9","4","5","2","17","10","2","8","1","1","C03","7","9","1","10","2","11","","44","10","1","22","8","C03","24.135706","120.690216","2"
"2019","3","22","12","0","臺中市","神岡區","0","0","8","","","40","","","","","","","","","","","","","","","","","","","","B12","","","1","","2","","","12","","1","9","","B12","24.271494","120.69113","3"
"2019","3","22","12","0","臺中市","豐原區","0","0","8","","","50","","","","","","","","","","","","","","","","","","","","B03","","","1","","2","","","42","","1","12","","B03","24.249263","120.713708","3"
"2019","3","22","12","5","臺中市","烏日區","0","0","8","","","60","","","","","","","","","","","","","","","","","","","","B03","","","1","","2","","","23","","1","21","","B03","24.108781","120.64091","3"
"2019","3","22","12","6","臺中市","大雅區","0","2","8","1","5","50","3","9","1","5","4","5","7","4","4","5","4","5","1","16","6","2","9","1","1","C03","7","5","1","10","2","14","","6","6","1","21","8","C03","24.225988","120.646489","2"
"2019","3","22","12","8","臺中市","西屯區","0","0","8","","","50","","","","","","","","","","","","","","","","","","","","B03","","","1","","2","","","16","","1","22","","B03","24.18226","120.635933","3"
"2019","3","22","12","10","臺中市","龍井區","0","1","8","1","5","40","4","1","1","5","4","5","7","4","4","10","5","5","2","16","6","3","10","1","1","B12","7","9","1","8","2","4","","6","6","1","10","8","B12","24.188706","120.591278","2"
"2019","3","22","12","11","臺中市","中區","0","1","8","1","5","50","14","9","1","5","4","5","7","4","4","5","4","5","2","17","40","3","10","1","1","B03","7","13","1","8","2","4","","40","40","1","21","8","B03","24.142763","120.679958","2"
"2019","3","22","12","11","臺中市","北屯區","0","2","8","1","5","50","4","2","1","5","4","5","7","2","1","10","5","5","2","16","25","2","8","4","5","F01","7","9","8","20","2","16","","25","25","1","19","8","F01","24.171041","120.69094","2"
"2019","3","22","12","12","臺中市","梧棲區","0","0","8","","","40","","","","","","","","","","","","","","","","","","","","B03","","","1","","2","","","17","","1","1","","B03","24.228615","120.532716","3"
"2019","3","22","12","30","臺中市","大肚區","0","0","8","","","40","","","","","","","","","","","","","","","","","","","","A41","","","1","","2","","","12","","1","","","A41","24.156269","120.549237","3"
"2019","3","22","12","34","臺中市","清水區","0","0","8","1","5","60","14","7","1","5","4","5","7","4","4","9","4","4","1","13","16","3","10","1","1","A31","7","9","1","5","2","1","","16","16","1","10","1","A31","24.280508","120.548823","3"
"2019","3","22","12","36","臺中市","梧棲區","0","0","8","","","40","","","","","","","","","","","","","","","","","","","","B12","","","1","","2","","","23","","1","9","","B12","24.224396","120.525706","3"
"2019","3","22","12","39","臺中市","大里區","0","1","8","1","5","40","3","1","1","5","4","5","7","3","1","5","4","5","1","17","6","2","9","3","4","C03","7","5","1","10","2","12","","6","6","1","18","8","C03","24.098596","120.694006","2"
"2019","3","22","12","40","臺中市","潭子區","0","1","8","1","5","60","14","7","1","5","4","5","7","4","4","1","4","4","1","17","42","3","10","3","1","G03","7","1","7","19","2","15","","42","42","1","22","8","G03","24.195773","120.700137","2"
"2019","3","22","12","51","臺中市","東區","0","1","8","1","5","50","4","1","1","5","4","5","7","4","4","10","5","5","2","15","6","2","9","1","1","C03","7","9","1","10","2","12","","6","6","1","5","8","C03","24.141461","120.698956","2"
"2019","3","22","12","52","臺中市","西屯區","0","0","8","","","60","","","","","","","","","","","","","","","23","","","","","B03","","","1","","2","","","23","23","1","","","B03","24.158463","120.657115","3"
"2019","3","22","12","58","臺中市","西區","0","0","8","","","50","","","","","","","","","","","","","","","","","","","","B03","","","1","","2","","","12","","1","5","","B03","24.149025","120.658824","3"
"2019","3","22","12","58","臺中市","大里區","0","0","8","","","40","","","","","","","","","","","","","","","","","","","","B03","","","1","","2","","","23","","1","5","","B03","24.091078","120.694093","3"
"2019","3","22","13","15","臺中市","大肚區","0","0","","","","","","","","","","","","","","","","","","","40","","","","","B12","","","1","","2","","","40","40","1","10","","B12","24.168516","120.578996","3"
"2019","3","22","13","17","臺中市","中區","0","1","8","1","5","50","3","1","1","5","4","5","7","2","1","10","5","5","2","12","7","3","10","1","1","B03","7","8","1","8","2","5","","7","7","1","2","9","B03","24.13948","120.676166","2"
"2019","3","22","13","18","臺中市","大里區","0","0","8","","","50","","","","","","","","","","","","","","","","","","","","B03","","","1","","2","","","12","","1","21","","B03","24.116498","120.679562","3"