"年","月","日","時","分","縣市","區","死","受傷","天候","光線","道路類別","速限","道路型態","事故位置","路面鋪裝","路面狀態","路面缺陷","障礙物","視距","號誌種類","號誌動作","分向設施","快車道或一般車道間","快慢車道間","路面邊線","事故類型及型態","主要肇因","受傷程度","主要傷處","保護裝備","行動電話","當事者區分","車輛用途","當事者行動狀態","駕駛資格情形","駕駛執照種類","飲酒情形","車輛撞擊部位最初","車輛撞擊部位其他","肇事因素個別","肇事因素主要","肇事逃逸","職業","旅次目的","車種","GPS座標緯度","GPS座標經度","事故類別"
"2019","3","22","13","20","臺中市","北屯區","0","0","8","","","40","","","","","","","","","","","","","","","","","","","","B03","","","1","","2","","","12","","1","5","","B03","24.174041","120.684237","3"
"2019","3","22","13","34","臺中市","西屯區","0","1","8","1","5","50","4","1","1","5","4","5","7","1","1","10","5","5","2","16","6","3","10","1","1","B03","7","5","1","8","2","5","","6","6","1","21","8","B03","24.172406","120.660721","2"
"2019","3","22","13","45","臺中市","梧棲區","0","0","8","","","70","","","","","","","","","","","","","","","","","","","","B03","","","1","","2","","","16","","1","","","B03","24.25245","120.529652","4"
"2019","3","22","13","46","臺中市","潭子區","0","1","8","1","5","60","3","2","1","5","4","5","7","1","1","3","3","4","1","13","23","3","10","1","1","B12","7","9","1","8","2","1","","23","23","1","22","8","B12","24.23107","120.708775","2"
"2019","3","22","13","50","臺中市","中區","0","0","","","","","","","","","","","","","","","","","","","","","","","","C03","","","","","","","","","","1","","","C03","","","3"
"2019","3","22","13","50","臺中市","西屯區","0","0","8","","","1","","","","","","","","","","","","","","","","","","","","B03","","","1","","2","","","12","","1","22","","B03","24.17277","120.589846","3"
"2019","3","22","13","58","臺中市","后里區","0","0","8","","","40","","","","","","","","","","","","","","","","","","","","A12","","","1","","2","","","9","","1","4","","A12","24.295856","120.716795","3"
"2019","3","22","14","10","臺中市","沙鹿區","0","1","8","1","5","60","4","1","1","5","4","5","7","1","1","10","5","5","2","18","37","2","1","1","1","B12","7","5","1","8","2","2","","37","37","1","10","5","B12","24.250148","120.597551","2"
"2019","3","22","14","13","臺中市","龍井區","0","0","8","","","50","","","","","","","","","","","","","","","","","","","","B12","","","1","","2","","","12","","1","3","","B12","24.208061","120.523821","3"
"2019","3","22","14","25","臺中市","東區","0","0","8","","","40","","","","","","","","","","","","","","","12","","","","","A12","","","1","7","2","","","12","12","1","","","A12","24.128969","120.702515","3"
"2019","3","22","14","25","臺中市","大里區","0","0","8","","","40","","","","","","","","","","","","","","","","","","","","B03","","","1","","2","","","23","","1","21","","B03","24.11196","120.697768","3"
"2019","3","22","14","27","臺中市","西區","0","2","8","1","5","50","4","1","1","5","4","5","7","4","4","10","5","5","2","16","6","2","9","1","1","C03","7","5","1","10","2","11","","6","6","1","5","5","C03","24.147852","120.657856","2"
"2019","3","22","14","27","臺中市","西屯區","0","0","8","","","40","","","","","","","","","","","","","","","","","","","","B03","","","1","","2","","","23","","1","4","","B03","24.163352","120.629455","3"
"2019","3","22","14","32","臺中市","西屯區","0","1","8","1","5","50","3","1","1","5","4","5","7","2","1","10","5","5","2","16","6","3","10","3","4","B12","7","5","1","8","2","5","","6","6","1","22","8","B12","24.157098","120.608773","2"
"2019","3","22","14","36","臺中市","西屯區","0","1","8","1","5","50","4","1","1","5","4","5","7","1","1","10","5","5","2","15","43","3","10","1","1","C03","7","9","1","10","2","12","","43","43","1","22","8","C03","24.164238","120.654991","2"
"2019","3","22","14","37","臺中市","北屯區","0","0","8","","","50","","","","","","","","","","","","","","","","","","","","B03","","","1","","2","","","19","","1","","","B03","24.174791","120.6736","3"
"2019","3","22","14","43","臺中市","西區","0","1","8","1","5","50","3","1","1","5","4","5","7","4","4","10","5","5","2","16","42","3","10","1","1","B03","7","6","1","8","2","2","","42","42","1","5","5","B03","24.154961","120.658168","2"
"2019","3","22","14","45","臺中市","西屯區","0","0","8","","","50","","","","","","","","","","","","","","","","","","","","B12","","","1","","2","","","23","","1","","","B12","24.181253","120.638181","3"
"2019","3","22","14","48","臺中市","大里區","0","0","8","","","50","","","","","","","","","","","","","","","","","","","","C03","","","1","","11","","","7","","1","3","","C03","24.11421","120.689726","3"
"2019","3","22","14","49","臺中市","大雅區","0","0","8","","","40","","","","","","","","","","","","","","","","","","","","B03","","","1","","2","","","26","","1","22","","B03","24.225324","120.655195","3"
"2019","3","22","14","50","臺中市","沙鹿區","0","0","8","","","50","","","","","","","","","","","","","","","","","","","","B03","","","1","","2","","","18","","1","19","","B03","24.22204","120.581031","3"
"2019","3","22","14","50","臺中市","潭子區","0","0","8","","","50","","","","","","","","","","","","","","","","","","","","A11","","","1","","2","","","42","","1","22","","A11","24.187898","120.70041","3"
"2019","3","22","14","55","臺中市","大肚區","0","2","8","1","5","40","13","9","1","5","4","5","7","4","4","10","5","5","2","26","23","2","7","1","1","F03","7","9","8","20","2","16","","23","23","1","21","8","F03","24.165199","120.575731","2"
"2019","3","22","14","56","臺中市","北屯區","0","1","8","1","5","50","3","2","1","5","4","5","7","4","4","5","5","4","2","16","6","2","9","1","1","C03","7","6","1","10","2","14","","6","6","1","5","8","C03","24.184458","120.694998","2"
"2019","3","22","14","56","臺中市","清水區","0","0","8","","","40","","","","","","","","","","","","","","","","","","","","B03","","","1","","2","","","23","","1","","","B03","24.295588","120.556763","3"
"2019","3","22","15","0","臺中市","北屯區","0","0","8","","","50","","","","","","","","","","","","","","","","","","","","A12","","","1","","2","","","42","","1","9","","A12","24.168126","120.720595","3"
"2019","3","22","15","4","臺中市","西區","0","1","8","1","5","50","3","1","1","5","4","5","7","4","4","10","5","5","2","16","42","3","10","1","1","B03","7","6","1","8","2","2","","42","42","1","21","8","B03","24.137083","120.679211","2"
"2019","3","22","15","10","臺中市","西區","0","2","8","1","5","40","14","8","1","5","4","5","7","4","4","5","4","4","2","2","16","2","9","1","1","C03","7","9","1","10","2","11","","16","16","1","9","9","C03","24.144403","120.671388","2"
"2019","3","22","15","25","臺中市","北屯區","0","0","8","","","50","","","","","","","","","","","","","","","","","","","","B03","","","1","","2","","","23","","1","21","","B03","24.177363","120.685876","3"
"2019","3","22","15","26","臺中市","南區","0","1","8","1","5","50","14","9","1","5","4","5","7","4","4","5","2","5","2","16","26","3","10","3","4","B03","7","11","1","8","2","4","","26","26","1","21","8","B03","24.121294","120.650918","2"
"2019","3","22","15","30","臺中市","大甲區","0","0","8","","","40","","","","","","","","","","","","","","","","","","","","B03","","","1","","2","","","17","","1","4","","B03","24.38166","120.654199","3"
"2019","3","22","15","33","臺中市","大里區","0","1","8","1","5","50","14","9","1","5","4","5","7","4","4","10","5","5","2","9","19","3","10","3","4","B12","7","1","1","1","2","2","","19","19","1","21","9","B12","24.095064","120.683618","2"
"2019","3","22","15","47","臺中市","北屯區","0","0","8","","","50","","","","","","","","","","","","","","","26","","","","","C03","","","4","","11","","","26","26","2","22","","C03","24.171216","120.694346","3"
"2019","3","22","15","49","臺中市","西區","0","0","8","","","40","","","","","","","","","","","","","","","","","","","","B12","","","1","","2","","","12","","1","","","B12","24.161686","120.660126","3"
"2019","3","22","15","56","臺中市","東勢區","0","1","8","1","5","50","3","1","1","5","4","5","7","1","1","1","4","4","1","13","43","2","9","1","1","C03","7","9","1","10","2","11","","43","43","1","22","8","C03","24.251574","120.827327","2"
"2019","3","22","16","0","臺中市","大雅區","0","0","8","","","50","","","","","","","","","","","","","","","","","","","","B03","","","1","","2","","","26","","1","22","","B03","24.223314","120.647919","3"
"2019","3","22","16","9","臺中市","梧棲區","0","0","8","","","40","","","","","","","","","","","","","","","","","","","","B03","","","1","","2","","","8","","1","","","B03","24.257589","120.539699","3"
"2019","3","22","16","11","臺中市","北屯區","0","0","8","","","50","","","","","","","","","","","","","","","19","","","","","B03","","","1","","2","","","19","19","1","","","B03","24.176666","120.685816","3"
"2019","3","22","16","17","臺中市","北屯區","0","0","8","","","50","","","","","","","","","","","","","","","","","","","","B03","","","1","","2","","","23","","1","5","","B03","24.171351","120.68774","3"
"2019","3","22","16","20","臺中市","大里區","0","2","8","1","5","50","14","9","1","5","4","5","7","4","4","5","4","5","1","13","16","2","9","1","1","C03","7","9","1","10","2","11","","16","16","1","5","8","C03","24.104951","120.689129","2"
"2019","3","22","16","20","臺中市","沙鹿區","0","0","8","","","60","","","","","","","","","","","","","","","","","","","","B03","","","1","","2","","","43","","1","","","B03","24.249877","120.59199","3"
"2019","3","22","16","25","臺中市","大里區","0","0","8","","","50","","","","","","","","","","","","","","","","","","","","B12","","","1","","2","","","12","","1","21","","B12","24.114121","120.674168","3"
"2019","3","22","16","27","臺中市","中區","0","1","8","1","5","50","14","9","1","5","4","5","7","4","4","5","4","5","2","13","23","2","1","1","1","B03","7","9","1","8","2","5","","23","23","1","5","5","B03","24.140413","120.677042","2"
"2019","3","22","16","37","臺中市","霧峰區","0","2","8","1","5","50","14","9","1","5","4","5","7","4","4","9","5","5","2","3","51","2","9","4","5","H01","8","16","8","20","10","16","","51","51","1","18","8","H01","24.054882","120.696807","2"
"2019","3","22","16","40","臺中市","大里區","0","2","8","1","5","50","3","1","1","5","4","5","7","4","4","10","5","5","2","16","6","2","9","1","1","C03","7","5","1","10","2","11","","6","6","1","9","8","C03","24.095076","120.697325","2"
"2019","3","22","16","40","臺中市","清水區","0","0","8","1","5","70","","","","","","","","","","","","","","","9","","","","","B03","","","1","","2","","","9","9","1","21","","B03","24.269869","120.567677","3"
"2019","3","22","16","40","臺中市","沙鹿區","0","1","8","2","5","60","3","7","1","5","4","5","7","4","4","1","4","4","1","12","23","2","9","1","1","C03","7","9","1","10","2","11","","23","23","1","3","5","C03","24.250118","120.598786","2"
"2019","3","22","16","40","臺中市","神岡區","0","0","8","","","40","","","","","","","","","","","","","","","","","","","","B12","","","1","","2","","","12","","1","21","","B12","24.263692","120.710505","3"
"2019","3","22","16","42","臺中市","神岡區","0","0","8","","","50","","","","","","","","","","","","","","","","","","","","B12","","","1","","2","","","17","","1","10","","B12","24.236693","120.693738","3"
"2019","3","22","16","43","臺中市","沙鹿區","0","1","8","1","5","40","4","1","1","5","4","5","7","2","1","1","1","4","2","17","25","3","10","1","1","C03","7","15","1","10","2","12","","25","25","1","4","8","C03","24.215092","120.552316","2"
"2019","3","22","16","45","臺中市","南屯區","0","0","8","","","40","","","","","","","","4","","","","","","","17","3","","","","B03","","","1","","2","","","17","17","1","21","","B03","24.147829","120.618831","3"
"2019","3","22","16","55","臺中市","大里區","0","2","8","1","5","40","3","2","1","5","4","5","7","4","4","10","5","5","2","11","5","2","9","1","1","C03","7","9","1","10","2","14","","5","5","1","21","8","C03","24.096566","120.69744","2"
"2019","3","22","16","59","臺中市","西屯區","0","0","8","","","40","","","","","","","","","","","","","","","","","","","","C03","","","1","","2","","","16","","","22","","C03","24.175138","120.633801","3"
"2019","3","22","17","2","臺中市","北屯區","0","1","8","1","5","50","14","9","1","5","4","5","7","4","4","5","5","5","2","16","6","2","9","1","1","C03","7","9","1","10","2","14","11","14","6","1","4","1","C03","24.160219","120.71578","2"
"2019","3","22","17","5","臺中市","大里區","0","4","8","1","5","50","4","1","1","5","4","5","7","4","4","10","5","5","2","15","6","2","9","1","1","C03","7","9","3","18","2","11","","6","6","1","5","8","C03","24.110838","120.675641","2"
"2019","3","22","17","7","臺中市","西屯區","0","0","8","","","50","","","","","","","","","","","","","","","","","","","","B03","","","1","","2","","","23","","1","21","","B03","24.168869","120.64717","3"
"2019","3","22","17","7","臺中市","沙鹿區","0","0","8","","","50","","","","","","","","","","","","","","","26","","","","","B03","","","1","","2","","","26","26","","","","B03","24.236833","120.568078","3"
"2019","3","22","17","9","臺中市","南區","0","0","8","","","50","","","","","","","","","","","","","","","","3","","","","C03","","","1","","2","","","42","","1","21","","C03","24.125938","120.675136","3"
"2019","3","22","17","10","臺中市","北屯區","0","1","8","1","5","40","3","1","1","5","4","5","7","4","4","10","5","5","2","16","6","2","8","1","1","C03","7","9","1","10","2","14","","6","6","1","22","8","C03","24.176008","120.720265","2"
"2019","3","22","17","14","臺中市","西區","0","2","8","1","5","50","3","1","1","5","4","5","7","4","4","10","5","5","2","16","6","2","8","1","1","C03","7","5","1","10","2","11","","6","6","1","21","8","C03","24.146765","120.662228","2"
"2019","3","22","17","19","臺中市","太平區","0","1","8","1","5","40","4","4","1","5","4","5","7","2","1","5","5","4","1","13","16","2","9","1","1","C03","7","6","1","10","2","12","","16","16","1","4","8","C03","24.157881","120.720319","2"
"2019","3","22","17","20","臺中市","北屯區","0","0","8","","","50","","","","","","","","","","","","","","","","","","","","B03","","","1","","2","","","23","","1","5","","B03","24.182678","120.700125","3"
"2019","3","22","17","20","臺中市","西屯區","0","0","8","","","50","","","","","","","","","","","","","","","","","","","","B03","","","1","","2","","","26","","1","22","","B03","24.182801","120.602775","3"
"2019","3","22","17","20","臺中市","大雅區","0","0","8","","","50","","","","","","","","","","","","","","","","","","","","B03","","","1","","2","","","19","","1","22","","B03","24.219745","120.656187","3"
"2019","3","22","17","20","臺中市","潭子區","0","1","8","1","5","40","14","9","1","5","4","5","7","4","4","10","5","5","2","14","12","3","10","1","1","B03","7","2","1","8","2","3","","12","12","1","22","8","B03","24.217291","120.690653","2"
"2019","3","22","17","23","臺中市","中區","0","0","8","","","50","","","","","","","","","","","","","","","","","","","","B03","","","1","","2","","","7","","1","21","","B03","24.136431","120.67995","3"
"2019","3","22","17","27","臺中市","西屯區","0","0","8","1","5","50","3","1","1","5","4","5","7","1","1","10","5","5","2","16","7","3","10","3","4","A04","7","7","1","2","9","6","","7","7","2","22","9","A04","24.182742","120.616513","3"
"2019","3","22","17","30","臺中市","南屯區","0","1","8","1","5","40","9","9","1","5","4","5","7","4","4","1","4","5","2","16","19","3","10","1","1","B03","7","1","1","8","2","8","","19","19","1","21","8","B03","24.152894","120.593152","2"
"2019","3","22","17","36","臺中市","太平區","0","2","8","2","5","40","14","7","1","5","4","5","7","4","4","5","5","4","2","17","19","2","9","1","1","C03","7","1","1","10","2","11","","19","19","1","21","8","C03","24.119796","120.721381","2"
"2019","3","22","17","36","臺中市","烏日區","0","1","8","2","5","40","5","1","1","5","4","5","7","4","4","10","5","5","2","16","6","3","10","3","4","B03","7","5","1","8","2","8","","6","6","1","21","8","B03","24.085196","120.638323","2"
"2019","3","22","17","43","臺中市","潭子區","0","2","8","1","5","40","14","9","1","5","4","5","7","4","4","9","5","5","1","13","23","2","9","1","1","C03","7","9","1","9","2","11","","23","23","1","22","9","C03","24.205883","120.698957","2"
"2019","3","22","17","45","臺中市","北屯區","0","0","8","","","50","","","","","","","","","","","","","","","","","","","","","","","7","","11","","","43","","","","","","24.195831","120.680412","3"
"2019","3","22","17","48","臺中市","烏日區","0","1","8","1","5","40","14","8","1","5","4","5","7","4","4","1","3","3","2","13","23","3","10","1","1","C03","7","9","1","9","2","11","","23","23","1","21","8","C03","24.105262","120.651853","2"
"2019","3","22","17","49","臺中市","烏日區","0","1","8","1","5","50","4","1","1","5","4","5","7","3","1","10","5","5","2","13","8","3","10","1","1","C03","7","5","1","10","2","13","","8","8","1","21","8","C03","24.103125","120.620891","2"
"2019","3","22","17","50","臺中市","沙鹿區","0","1","8","1","5","70","14","7","1","5","4","5","7","4","4","1","4","1","1","13","23","3","10","1","1","B12","7","9","1","8","2","1","","23","23","1","4","5","B12","24.244522","120.613794","2"
"2019","3","22","17","54","臺中市","西屯區","0","0","8","","","60","","","","","","","","","","","","","","","","","","","","B03","","","1","","2","","","23","","1","22","","B03","24.168765","120.631835","3"
"2019","3","22","17","56","臺中市","南區","0","1","8","1","5","50","3","2","1","5","4","5","7","4","4","5","3","4","2","16","7","2","9","1","1","F01","7","7","8","20","2","16","","7","7","1","21","8","F01","24.128993","120.667043","2"
"2019","3","22","17","56","臺中市","后里區","0","1","8","2","5","50","3","1","1","5","4","5","7","3","1","10","5","5","2","17","43","3","10","1","1","B03","7","8","1","8","2","15","","43","43","1","21","8","B03","24.31365","120.693748","2"
"2019","3","22","17","58","臺中市","沙鹿區","0","0","8","","","50","","","","","","","","","","","","","","","","","","","","A11","","","1","","2","","","23","","1","21","","A11","24.242034","120.614712","3"
"2019","3","22","18","8","臺中市","西屯區","0","1","8","1","5","40","4","1","1","5","4","5","7","4","4","10","5","5","2","15","6","2","9","1","1","C03","7","9","1","10","2","11","","6","6","1","18","8","C03","24.189606","120.617387","2"
"2019","3","22","18","18","臺中市","太平區","0","0","8","","","50","","","","","","","","","","","","","","","16","","","","","B12","","","1","","2","","","16","16","1","4","","B12","24.15782","120.720281","3"
"2019","3","22","18","20","臺中市","清水區","0","1","8","3","5","50","4","1","1","5","4","5","7","1","1","1","4","4","2","13","23","3","10","1","1","B03","7","9","1","8","5","8","","23","23","1","21","8","B03","24.272281","120.576664","2"
"2019","3","22","18","22","臺中市","北區","0","1","8","3","5","50","4","1","1","5","4","5","7","1","1","1","2","4","2","16","9","3","10","1","1","C03","7","6","1","10","2","12","","9","9","1","21","8","C03","24.14602","120.682618","2"
"2019","3","22","18","24","臺中市","太平區","0","1","8","3","5","50","3","1","1","5","4","5","7","1","1","10","5","5","2","16","6","3","10","1","1","B03","7","9","1","8","2","1","","6","6","1","21","8","B03","24.15905","120.711764","2"
"2019","3","22","18","26","臺中市","大甲區","0","0","","","","","","","","","","","","","","","","","","","12","","","","","B03","","","1","","2","","","12","12","1","22","","B03","24.346388","120.617211","3"
"2019","3","22","18","33","臺中市","龍井區","0","1","8","3","5","50","4","1","1","5","4","5","7","2","1","10","5","5","2","11","6","3","10","1","1","B03","7","5","1","8","2","2","","6","6","1","21","8","B03","24.186259","120.585717","2"
"2019","3","22","18","36","臺中市","太平區","0","0","8","","","50","","","","","","","","","","","","","","","","","","","","B03","","","1","","2","","","23","","1","21","","B03","24.133869","120.712184","3"
"2019","3","22","18","37","臺中市","北區","0","1","8","3","5","50","4","1","1","5","4","5","7","1","1","10","5","5","2","17","8","2","9","1","1","C03","7","5","1","10","2","11","","8","8","1","22","8","C03","24.16296","120.66921","2"
"2019","3","22","18","40","臺中市","北屯區","0","2","8","3","5","50","4","1","1","5","4","5","7","1","1","10","5","5","2","16","26","2","9","1","1","C03","7","5","1","10","2","12","","26","26","1","22","8","C03","24.17267","120.68169","2"
"2019","3","22","18","40","臺中市","西屯區","0","1","8","3","5","50","3","2","1","5","4","5","7","4","4","10","4","5","2","13","23","3","10","3","4","B03","7","9","1","8","2","1","","23","23","1","22","8","B03","24.177753","120.645053","2"
"2019","3","22","18","40","臺中市","大肚區","0","0","8","","","70","","","","","","","","","","","","","","","","","","","","B03","","","1","","2","","","7","","1","","","B03","24.134391","120.553652","3"
"2019","3","22","18","45","臺中市","東區","0","0","8","","","50","","","","","","","","","","","","","","","","","","","","","","","7","","11","","","43","","1","","","","24.133263","120.687088","3"
"2019","3","22","18","47","臺中市","西屯區","0","1","8","3","5","40","3","1","1","5","4","5","7","4","4","10","5","5","2","16","6","3","10","1","1","C03","7","5","1","10","2","12","","6","6","1","22","9","C03","24.178918","120.644075","2"
"2019","3","22","18","47","臺中市","太平區","0","0","8","3","5","50","5","1","1","5","4","5","7","2","1","10","5","5","2","13","16","3","10","1","1","B03","7","5","1","8","8","1","","16","16","1","4","8","B03","24.148152","120.703175","3"
"2019","3","22","18","48","臺中市","大里區","0","0","8","","","50","","","","","","","","","","","","","","","","","","","","B03","","","1","","2","","","7","","1","3","","B03","24.092621","120.690171","3"
"2019","3","22","18","48","臺中市","龍井區","0","1","8","3","5","70","3","1","1","5","4","5","7","2","1","10","5","5","2","16","25","2","9","1","1","C03","7","9","1","10","2","12","","25","25","1","3","1","C03","24.208633","120.549726","2"
"2019","3","22","18","51","臺中市","烏日區","0","0","8","","","50","","","","","","","","","","","","","","","","","","","","B03","","","1","","2","","","7","","1","22","","B03","24.115606","120.612883","3"
"2019","3","22","18","55","臺中市","西屯區","0","0","8","","","50","","","","","","","","","","","","","","","7","","","","","B03","","","1","","2","","","7","7","1","21","","B03","24.200608","120.656519","3"
"2019","3","22","18","57","臺中市","北屯區","0","0","8","","","50","","","","","","","","","","","","","","","23","","","","","B03","","","1","","2","","","23","23","1","5","","B03","24.171463","120.687658","3"
"2019","3","22","18","59","臺中市","南區","0","0","8","","","50","","","","","","","","","","","","","","","","3","","","","B02","","","1","","2","","","42","","1","21","","B02","24.120181","120.650868","3"
"2019","3","22","19","4","臺中市","東區","0","0","","","","","","","","","","","","","","","","","","","","","","","","B02","","","1","","2","","","12","","1","","","B02","24.133332","120.688286","3"
"2019","3","22","19","8","臺中市","霧峰區","0","1","8","3","5","50","14","7","1","5","4","5","7","4","4","9","5","4","2","17","23","2","7","1","1","C03","7","9","4","10","2","12","","23","23","1","18","9","C03","24.050759","120.684916","2"
"2019","3","22","19","10","臺中市","烏日區","0","0","8","","","50","","","","","","","","","","","","","","","","","","","","B03","","","1","","2","","","23","","1","22","","B03","24.117975","120.607984","3"
"2019","3","22","19","17","臺中市","北區","0","0","8","","","40","","","","","","","","","","","","","","","","","","","","B02","","","1","","11","","","18","","1","21","","B02","24.17111","120.667069","3"
"2019","3","22","19","19","臺中市","西屯區","0","0","8","1","5","50","3","2","1","5","4","5","7","4","4","8","3","5","1","17","","","","","","B03","","","1","","2","","","6","","1","22","","B03","24.177263","120.587008","3"
"2019","3","22","19","21","臺中市","西屯區","0","1","8","3","5","50","14","9","1","5","4","5","7","4","4","1","4","5","2","16","23","3","10","1","1","C03","7","9","1","10","2","11","","23","23","1","22","9","C03","24.170943","120.658775","2"
"2019","3","22","19","23","臺中市","龍井區","0","0","","","","","","","","","","","","","","","","","","","","","","","","B03","","","1","","2","","","23","","1","","","B03","24.187294","120.583057","3"
"2019","3","22","19","24","臺中市","大里區","0","1","8","3","5","50","4","1","1","5","4","5","7","2","1","10","5","5","2","16","6","3","10","1","1","B03","7","5","1","8","2","2","","6","6","1","4","5","B03","24.094229","120.713605","2"
"2019","3","22","19","31","臺中市","西屯區","0","1","8","3","5","50","3","2","1","5","4","5","7","4","4","10","5","4","2","16","10","3","10","3","4","B03","7","11","1","8","2","4","","10","10","1","22","8","B03","24.17278","120.649483","2"
"2019","3","22","19","36","臺中市","南區","0","0","8","","","50","","","","","","","","","","","","","","","","3","","","","B03","","","1","","2","","","12","","1","21","","B03","24.123558","120.660643","3"
"2019","3","22","19","36","臺中市","南區","0","0","8","","","50","","","","","","","","","","","","","","","","3","","","","B03","","","1","","2","","","7","","1","21","","B03","24.114538","120.66771","3"
"2019","3","22","19","41","臺中市","大雅區","0","1","8","3","5","50","4","1","1","5","4","5","7","1","1","10","4","5","1","15","25","3","10","1","1","B03","7","9","1","8","2","4","","25","25","1","22","9","B03","24.230649","120.640694","2"
"2019","3","22","19","42","臺中市","北區","0","2","8","3","5","50","14","9","1","5","4","5","7","4","4","5","5","4","2","8","23","2","7","1","1","C03","7","9","1","10","2","11","","23","23","1","21","8","C03","24.159175","120.677375","2"
"2019","3","22","19","44","臺中市","北屯區","0","0","8","","","50","","","","","","","","","","","","","","","","","","","","B12","","","1","","2","","","42","","2","22","","B12","24.162858","120.7193","3"
"2019","3","22","20","0","臺中市","東區","0","0","8","","","50","","","","","","","","","","","","","","","","","","","","B03","","","1","","2","","","23","","1","22","","B03","24.140374","120.694531","3"
"2019","3","22","20","0","臺中市","北屯區","0","1","8","3","5","40","3","1","1","5","4","5","7","1","1","10","5","5","2","13","23","3","10","1","1","B12","7","9","1","6","2","1","","23","23","1","5","8","B12","24.184297","120.722383","2"
"2019","3","22","20","0","臺中市","大雅區","0","1","8","4","5","50","5","1","1","5","4","5","7","2","1","3","4","4","1","16","19","2","7","1","1","C03","7","1","1","10","2","11","","19","19","1","22","9","C03","24.217955","120.648809","2"
"2019","3","22","20","4","臺中市","北區","0","1","8","3","5","50","4","1","1","5","4","5","7","1","1","10","5","5","2","17","6","3","10","1","1","B03","7","6","1","8","2","8","","6","6","1","22","8","B03","24.16426","120.67056","2"
"2019","3","22","20","6","臺中市","東區","0","0","8","","","50","","","","","","","","","","","","","","","","","","","","B03","","","1","","2","","","12","","1","5","","B03","24.134298","120.701853","3"
"2019","3","22","20","32","臺中市","霧峰區","0","1","8","3","5","50","14","9","1","5","4","5","7","4","4","5","2","5","1","16","26","3","10","1","1","B12","7","7","1","8","2","4","","26","26","1","21","4","B12","24.058991","120.698031","2"
"2019","3","22","20","32","臺中市","沙鹿區","0","0","8","","","60","","","","","","","","","","","","","","","16","","","","","A11","","","1","","2","","","16","16","","","","A11","24.21109","120.558071","3"
"2019","3","22","20","39","臺中市","北屯區","0","0","8","","","80","","","","","","","","","","","","","","","","","","","","B03","","","1","","2","","","7","","1","22","","B03","24.163723","120.719655","3"
"2019","3","22","20","40","臺中市","霧峰區","0","1","8","3","5","40","13","9","1","5","4","5","7","4","4","10","5","5","2","2","12","3","10","1","1","B03","7","2","1","8","2","3","","12","12","1","5","8","B03","24.070961","120.704345","2"
"2019","3","22","20","46","臺中市","南屯區","0","0","8","","","50","","","","","","","","1","","","","","","","23","3","","","","B03","","","1","","2","","","23","23","1","21","","B03","24.150926","120.608092","3"
"2019","3","22","20","56","臺中市","西屯區","0","1","8","3","5","40","14","9","1","5","4","5","7","4","4","10","5","5","2","18","43","2","9","3","4","C03","7","9","1","10","2","15","","43","43","1","22","8","C03","24.187638","120.626886","2"
"2019","3","22","21","5","臺中市","太平區","0","0","8","","","50","","","","","","","","","","","","","","","","","","","","C03","","","1","","2","","","6","","1","9","","C03","24.125856","120.719256","3"
"2019","3","22","21","5","臺中市","龍井區","0","3","8","3","5","50","14","9","1","5","4","5","7","4","4","5","5","5","1","17","10","3","10","3","4","B03","7","11","1","8","2","7","","10","10","1","22","9","B03","24.176476","120.582022","2"
"2019","3","22","21","22","臺中市","清水區","0","0","8","","","50","","","","","","","","","","","","","","","","","","","","B12","","","1","","2","","","6","","1","5","","B12","24.274839","120.560091","3"
"2019","3","22","21","25","臺中市","霧峰區","0","3","8","3","5","50","3","1","1","5","4","5","7","1","1","10","5","5","2","13","43","2","7","1","1","C03","7","15","1","10","2","13","","43","43","1","22","5","C03","24.068921","120.699281","2"
"2019","3","22","21","25","臺中市","神岡區","0","0","8","","","50","","","","","","","","","","","","","","","","","","","","B03","","","1","","2","","","12","","1","21","","B03","24.245336","120.681508","3"
"2019","3","22","21","32","臺中市","北區","0","0","8","","","50","","","","","","","","","","","","","","","42","3","","","","B03","","","1","8","2","7","","42","42","","21","","B03","24.162989","120.674482","3"
"2019","3","22","21","35","臺中市","大里區","0","1","8","3","5","50","3","1","1","5","4","5","7","4","4","10","5","5","2","12","6","2","8","1","1","C03","7","5","1","10","2","11","","6","6","1","4","5","C03","24.088924","120.700379","2"
"2019","3","22","21","38","臺中市","西區","0","2","8","3","5","50","4","1","1","5","4","5","7","2","1","10","5","5","2","16","8","3","10","1","1","B03","7","5","1","8","2","2","","8","8","1","16","9","B03","24.142887","120.674101","2"
"2019","3","22","21","40","臺中市","西區","0","0","8","","","50","","","","","","","","","","","","","","","","","","","","","","","7","","11","","","43","","1","","","","24.152265","120.672854","3"
"2019","3","22","21","47","臺中市","烏日區","0","0","8","","","60","","","","","","","","","","","","","","","23","","","","","B03","","","1","","9","","","23","23","1","22","","B03","24.104389","120.628488","3"