"年","月","日","時","分","縣市","區","死","受傷","天候","光線","道路類別","速限","道路型態","事故位置","路面鋪裝","路面狀態","路面缺陷","障礙物","視距","號誌種類","號誌動作","分向設施","快車道或一般車道間","快慢車道間","路面邊線","事故類型及型態","主要肇因","受傷程度","主要傷處","保護裝備","行動電話","當事者區分","車輛用途","當事者行動狀態","駕駛資格情形","駕駛執照種類","飲酒情形","車輛撞擊部位最初","車輛撞擊部位其他","肇事因素個別","肇事因素主要","肇事逃逸","職業","旅次目的","車種","GPS座標緯度","GPS座標經度","事故類別"
"2019","3","22","21","54","臺中市","龍井區","0","2","8","3","5","50","3","2","1","5","4","5","7","4","4","5","5","5","1","17","23","2","8","3","4","C03","7","9","1","10","2","11","","23","23","1","22","8","C03","24.191534","120.587783","2"
"2019","3","22","21","57","臺中市","梧棲區","0","1","8","3","5","40","4","1","1","5","4","5","7","3","1","10","5","5","2","15","6","2","9","1","1","C03","7","9","1","10","2","11","","6","6","1","19","5","C03","24.234455","120.539971","2"
"2019","3","22","22","18","臺中市","西屯區","0","0","8","","","40","","","","","","","","","","","","","","","","","","","","B03","","","1","","2","","","19","","1","22","","B03","24.164719","120.64169","3"
"2019","3","22","22","21","臺中市","東勢區","0","2","8","1","5","60","3","1","1","5","4","5","7","3","1","10","5","5","2","17","6","3","10","1","1","C03","7","5","1","10","2","13","","6","6","1","10","8","C03","24.25158","120.827384","2"
"2019","3","22","22","33","臺中市","南區","0","2","8","3","5","50","14","7","1","5","4","5","7","4","4","5","4","4","1","16","26","2","9","1","1","C03","7","5","1","10","2","12","","26","26","1","22","9","C03","24.114735","120.651713","2"
"2019","3","22","22","36","臺中市","烏日區","0","0","8","","","50","","","","","","","","","","","","","","","","","","","","B01","","","1","","2","","","7","","1","10","","B01","24.112242","120.6164","3"
"2019","3","22","22","52","臺中市","太平區","0","0","8","","","50","","","","","","","","","","","","","","","","","","","","B12","","","1","","2","","","23","","1","10","","B12","24.155227","120.733616","3"
"2019","3","22","23","0","臺中市","北屯區","0","1","8","3","5","50","14","7","1","5","4","5","7","1","1","7","5","5","2","13","43","2","9","1","1","C03","7","9","1","10","2","11","","43","43","1","22","8","C03","24.187076","120.702514","2"
"2019","3","22","23","11","臺中市","東區","0","1","8","3","5","50","4","1","1","5","4","5","7","2","1","10","5","5","2","15","25","2","7","1","1","C03","7","9","1","10","2","12","","25","25","1","22","8","C03","24.140151","120.701519","2"
"2019","3","22","23","20","臺中市","大肚區","0","1","8","3","5","50","3","1","1","5","4","5","7","3","1","10","5","5","2","16","6","2","8","1","1","B03","7","5","1","8","2","1","","6","6","1","21","8","B03","24.122443","120.566766","2"
"2019","3","22","23","35","臺中市","西區","0","1","8","3","5","50","14","7","1","5","4","5","7","4","4","5","5","5","2","17","26","3","10","1","1","C03","7","11","1","10","2","14","","26","26","1","19","7","C03","24.142578","120.673888","2"
"2019","3","22","23","49","臺中市","南區","0","1","8","3","5","50","14","9","1","5","4","5","7","4","4","5","4","5","2","16","10","3","10","1","1","B03","7","11","1","8","2","4","","10","10","1","22","9","B03","24.131686","120.661793","2"
"2019","3","22","23","53","臺中市","龍井區","0","1","8","3","5","70","4","1","1","5","4","5","7","2","1","10","5","5","2","15","25","3","10","3","4","B03","7","9","1","8","7","7","","25","25","1","21","8","B03","24.218171","120.542281","2"
"2019","3","22","23","56","臺中市","北區","0","1","7","3","5","50","4","1","1","5","4","5","7","1","1","10","5","5","2","17","25","3","10","1","4","B01","7","5","1","4","2","1","","25","25","1","21","8","B01","24.161654","120.6749","2"
"2019","3","23","0","10","臺中市","南屯區","0","0","8","","","50","","","","","","","","","","","","","","","","","","","","B02","","","1","","2","","","26","","1","22","","B02","24.150219","120.620454","3"
"2019","3","23","0","11","臺中市","西屯區","0","2","8","3","5","40","4","2","1","5","4","5","7","4","4","5","5","5","2","16","6","2","9","1","1","C03","7","5","1","10","2","11","","6","6","1","21","8","C03","24.167153","120.650375","2"
"2019","3","23","0","11","臺中市","烏日區","0","1","8","3","5","40","14","9","1","5","4","5","7","4","4","10","5","5","2","18","21","","","","","","","","","","","","","","","","","","","24.082714","120.637856","2"
"2019","3","23","0","40","臺中市","太平區","0","0","8","","","40","","","","","","","","","","","","","","","44","","","","","B03","","","1","","9","","","44","44","1","5","","B03","24.130172","120.720242","3"
"2019","3","23","1","1","臺中市","南屯區","0","2","8","3","5","50","4","1","1","5","4","5","7","3","1","10","5","5","2","15","6","2","9","1","1","C03","7","9","1","10","2","11","","6","6","1","22","8","C03","24.153595","120.651367","2"
"2019","3","23","1","12","臺中市","沙鹿區","0","0","8","","","40","","","","","","","","","","","","","","","23","","","","","B03","","","1","","2","","","13","23","","","","B03","24.231103","120.573192","3"
"2019","3","23","1","14","臺中市","西屯區","0","1","8","3","5","40","14","9","1","5","4","5","7","4","4","10","5","5","2","20","43","2","9","3","4","C03","7","9","1","10","2","12","","43","43","1","22","8","C03","24.165446","120.614531","2"
"2019","3","23","1","30","臺中市","西屯區","0","1","8","3","5","40","4","1","1","5","4","5","7","1","1","1","4","4","2","16","25","3","10","1","1","B03","7","9","1","8","2","8","","13","25","1","21","8","B03","24.169608","120.656455","2"
"2019","3","23","1","47","臺中市","西屯區","0","2","7","3","5","50","14","8","1","5","4","5","7","4","4","10","5","5","2","17","42","2","9","3","4","B03","7","9","1","8","2","1","","42","42","1","22","8","B03","24.178131","120.592127","2"
"2019","3","23","2","34","臺中市","沙鹿區","0","0","8","","","50","","","","","","","","","","","","","","","","","","","","B02","","","1","","2","","","42","","1","21","","B02","24.239283","120.564637","3"
"2019","3","23","2","51","臺中市","北屯區","0","2","8","3","5","50","14","7","1","5","4","5","7","4","4","1","4","4","2","12","7","2","9","1","1","C03","7","7","1","10","2","13","14","7","7","1","5","8","C03","24.163108","120.690116","2"
"2019","3","23","3","2","臺中市","西屯區","0","0","8","","","70","","","","","","","","","","","","","","","","","","","","B03","","","1","","2","","","23","","1","22","","B03","24.183867","120.614188","3"
"2019","3","23","3","49","臺中市","北屯區","0","0","8","","","50","","","","","","","","","","","","","","","","","","","","A11","","","1","","2","","","23","","1","","","A11","24.174966","120.670907","3"
"2019","3","23","4","35","臺中市","南屯區","0","1","8","3","5","50","3","1","1","5","4","5","7","3","1","10","5","5","2","18","13","2","9","1","1","C03","7","9","1","10","2","12","","13","13","1","22","9","C03","24.145498","120.638515","2"
"2019","3","23","4","52","臺中市","西屯區","0","1","6","3","5","50","14","7","1","4","4","5","7","4","4","3","4","4","2","13","16","3","10","3","4","B03","7","9","1","8","2","1","","16","16","1","21","8","B03","24.175033","120.638701","2"
"2019","3","23","5","3","臺中市","西屯區","0","1","6","3","5","70","14","9","1","4","4","5","7","4","4","1","4","5","2","18","43","2","9","3","4","B01","7","4","1","4","2","5","","43","43","1","22","8","B01","24.176508","120.62847","2"
"2019","3","23","6","41","臺中市","西區","0","1","6","1","5","50","14","9","1","4","4","5","7","4","4","5","4","5","2","18","42","2","9","3","4","C03","7","9","1","10","2","12","","42","42","1","22","8","C03","24.143944","120.677811","2"
"2019","3","23","6","44","臺中市","沙鹿區","0","3","8","1","5","40","4","1","1","5","4","5","7","2","1","1","4","1","1","10","25","2","7","1","1","C03","7","9","1","10","2","11","","25","25","1","19","8","C03","24.230059","120.574292","2"
"2019","3","23","6","47","臺中市","西屯區","0","0","6","","","50","","","","","","","","","","","","","","","","","","","","B03","","","1","","2","","","12","","1","22","","B03","24.200686","120.656737","3"
"2019","3","23","6","52","臺中市","西屯區","0","1","7","1","5","40","14","8","1","5","4","5","7","1","1","1","5","5","2","29","43","2","9","1","1","C03","7","9","1","10","2","15","","43","43","1","21","8","C03","24.207015","120.625395","2"
"2019","3","23","6","53","臺中市","北屯區","0","1","8","1","5","50","4","1","1","5","4","5","7","1","1","5","5","4","2","16","6","3","10","1","1","B03","7","6","1","8","2","2","","6","6","1","22","8","B03","24.169469","120.704739","2"
"2019","3","23","7","18","臺中市","北屯區","0","0","8","","","50","","","","","","","","","","","","","","","23","","","","","C03","","","2","","2","","","23","23","1","21","","C03","24.171093","120.693993","3"
"2019","3","23","7","20","臺中市","大雅區","0","1","8","1","5","40","13","9","1","5","4","4","1","4","4","10","5","5","2","17","5","2","8","4","1","F03","7","9","8","20","2","16","","5","5","1","21","8","F03","24.214909","120.668072","2"
"2019","3","23","7","25","臺中市","西區","0","1","7","1","5","50","4","1","1","4","4","5","7","1","1","10","5","5","2","16","25","3","10","1","1","B03","7","5","1","8","2","2","","25","25","1","21","8","B03","24.146729","120.665288","2"
"2019","3","23","7","37","臺中市","太平區","0","1","6","1","5","40","14","9","1","4","4","5","7","4","4","10","5","5","1","18","42","2","9","1","1","C03","7","9","1","10","2","12","","42","42","1","5","8","C03","24.14585","120.73436","2"
"2019","3","23","7","38","臺中市","大里區","0","0","8","","","40","","","","","","","","","","","","","","","","","","","","B03","","","6","","2","","","17","","","4","","B03","24.097144","120.702069","3"
"2019","3","23","7","40","臺中市","北屯區","0","3","7","1","5","50","3","7","1","5","4","5","7","1","1","1","4","5","2","16","23","2","7","1","1","B03","7","5","1","8","2","1","","23","23","1","21","8","B03","24.201276","120.671263","2"
"2019","3","23","7","40","臺中市","大甲區","0","1","8","1","5","50","14","9","1","5","4","5","7","4","4","5","5","5","1","17","18","3","10","1","1","B03","7","3","1","8","2","1","","18","18","1","22","9","B03","24.404868","120.641401","2"
"2019","3","23","7","43","臺中市","中區","0","2","8","1","5","50","4","1","1","5","4","5","7","1","1","4","2","4","2","16","25","2","1","1","1","B01","7","11","1","2","2","2","","25","25","1","10","8","B01","24.142791","120.674313","2"
"2019","3","23","7","47","臺中市","大里區","0","1","7","1","5","50","4","1","1","4","4","5","7","1","1","5","4","4","1","18","42","2","9","1","1","C03","7","9","1","10","2","14","","42","42","1","22","8","C03","24.109895","120.681903","2"
"2019","3","23","7","50","臺中市","西區","0","1","6","1","5","50","4","1","1","4","4","5","7","4","4","10","5","5","2","15","6","2","9","1","1","C03","7","9","1","10","2","11","","6","6","1","5","5","C03","24.152428","120.669126","2"
"2019","3","23","7","50","臺中市","沙鹿區","0","1","8","1","5","50","4","1","1","5","4","5","7","2","1","10","5","5","2","12","17","2","9","4","1","F03","7","9","8","20","2","16","","17","17","1","19","5","F03","24.24298","120.565117","2"
"2019","3","23","7","51","臺中市","南區","0","0","8","","","50","","","","","","","","","","","","","","","44","3","","","","B12","","","1","","2","","","44","44","1","21","","B12","24.118421","120.679303","3"
"2019","3","23","7","56","臺中市","西屯區","0","1","7","1","5","40","14","8","1","5","4","5","7","1","1","3","4","4","2","16","7","3","10","1","1","C03","7","8","1","10","2","12","","7","7","1","4","8","C03","24.171237","120.644265","2"
"2019","3","23","7","56","臺中市","沙鹿區","0","1","8","1","5","60","3","1","1","5","4","5","7","1","1","10","5","5","2","16","26","3","10","1","1","B03","7","6","1","8","2","6","","26","26","1","2","9","B03","24.219725","120.580304","2"
"2019","3","23","8","5","臺中市","霧峰區","0","1","7","1","5","40","11","9","1","4","4","5","7","4","4","10","5","5","1","18","42","2","9","1","1","C03","7","9","1","10","2","14","","42","42","1","21","1","C03","24.061088","120.706785","2"
"2019","3","23","8","9","臺中市","大里區","0","0","8","","","80","","","","","","","","","","","","","","","","","","","","B03","","","1","","2","","","23","","1","3","","B03","24.097804","120.690355","3"
"2019","3","23","8","9","臺中市","太平區","0","0","8","","","40","","","","","","","","","","","","","","","42","","","","","B03","","","1","","2","","","42","42","1","18","","B03","24.147748","120.719586","3"
"2019","3","23","8","14","臺中市","烏日區","0","2","8","1","5","60","4","1","1","5","4","5","7","1","1","1","5","5","2","15","25","2","9","1","1","C03","7","9","1","10","2","11","","25","25","1","21","8","C03","24.110244","120.646822","2"
"2019","3","23","8","15","臺中市","大雅區","0","1","8","1","5","40","14","9","1","5","4","5","7","4","4","10","5","5","2","14","12","3","10","1","1","B03","7","2","1","8","2","3","","12","12","1","22","9","B03","24.222431","120.672677","2"
"2019","3","23","8","19","臺中市","東區","0","2","8","1","5","50","4","2","1","5","4","5","7","4","4","5","2","5","2","13","42","3","10","1","1","B12","7","9","1","8","2","1","","42","42","1","5","8","B12","24.129416","120.706368","2"
"2019","3","23","8","28","臺中市","西區","0","0","8","","","50","","","","","","","","","","","","","","","9","3","","","","B02","","","1","","2","","","9","9","","5","","B02","24.146118","120.670522","3"
"2019","3","23","8","43","臺中市","龍井區","0","3","7","1","5","50","14","9","1","4","4","5","7","4","4","1","4","5","2","12","23","2","9","1","1","C03","7","9","1","10","2","12","","23","23","1","5","1","C03","24.212848","120.551611","2"
"2019","3","23","8","45","臺中市","西區","0","0","8","","","50","","","","","","","","","","","","","","","","","","","","B03","","","1","","2","","","23","","1","","","B03","24.129213","120.666679","3"
"2019","3","23","8","45","臺中市","大里區","0","1","7","1","5","50","14","9","1","5","4","5","7","1","1","1","4","5","1","16","7","3","10","1","1","C03","7","7","1","10","2","13","","7","7","2","21","1","C03","24.100525","120.682318","2"
"2019","3","23","8","50","臺中市","大甲區","0","0","8","","","40","","","","","","","","","","","","","","","6","","","","","B12","","","1","","2","","","6","6","1","22","","B12","24.346208","120.622899","3"
"2019","3","23","8","54","臺中市","清水區","","","6","","","70","","","","","","","","","","","","","","","","","","","","A41","","","1","","3","","","23","","1","10","","A41","24.293953","120.552592","4"
"2019","3","23","8","58","臺中市","西屯區","0","1","8","1","5","40","3","8","1","5","4","5","7","4","4","10","5","5","2","13","23","2","9","3","4","C03","7","9","1","8","2","11","","23","23","1","22","8","C03","24.169753","120.637986","2"
"2019","3","23","9","1","臺中市","太平區","0","1","7","1","5","50","3","1","1","5","4","5","7","3","1","10","5","5","2","3","23","2","9","4","5","H01","8","20","8","20","10","16","","51","23","1","20","8","H01","24.126786","120.71882","2"
"2019","3","23","9","8","臺中市","霧峰區","0","1","6","1","5","70","4","1","1","4","4","5","7","1","1","10","5","5","1","12","27","3","10","1","1","B03","7","6","1","8","2","2","","27","27","1","22","5","B03","24.012531","120.695863","2"
"2019","3","23","9","10","臺中市","大里區","0","1","7","1","5","40","4","1","1","5","4","5","7","2","1","1","4","5","1","15","25","3","10","1","1","B02","7","9","1","4","2","2","","25","25","1","21","8","B02","24.094397","120.687827","2"
"2019","3","23","9","12","臺中市","西屯區","0","2","7","1","5","50","3","1","1","5","4","5","7","4","4","10","5","5","2","16","6","2","9","1","1","C03","7","5","4","8","2","12","","6","6","1","22","8","C03","24.173078","120.660295","2"
"2019","3","23","9","14","臺中市","太平區","0","1","7","1","5","50","14","7","1","5","4","5","7","4","4","9","4","4","2","17","42","3","10","1","1","A12","7","11","1","7","2","4","","42","42","1","21","8","A12","24.147797","120.734042","2"
"2019","3","23","9","17","臺中市","南區","0","0","8","1","5","50","4","1","1","5","4","5","7","1","1","9","5","5","2","13","16","3","","","","B12","","","1","","2","","","16","16","","5","","B12","24.127294","120.679091","3"
"2019","3","23","9","19","臺中市","北區","0","0","8","","","50","","","","","","","","","","","","","","","","","","","","B03","","","1","","2","","","23","","1","5","","B03","24.16297","120.674633","3"
"2019","3","23","9","22","臺中市","東勢區","0","1","6","1","5","50","4","1","1","4","4","5","7","4","4","10","5","5","2","17","1","2","8","1","1","C03","7","4","1","10","2","14","","1","1","1","21","8","C03","24.252256","120.828232","2"
"2019","3","23","9","26","臺中市","北屯區","0","1","8","1","5","50","14","7","1","5","4","5","7","4","4","5","4","5","2","12","7","2","9","3","4","C03","7","7","2","18","2","14","","7","7","1","21","8","C03","24.17678","120.723991","2"
"2019","3","23","9","27","臺中市","西屯區","0","0","8","","","50","","","","","","","","","","","","","","","","","","","","B11","","","1","","2","","","41","","1","22","","B11","24.162925","120.59837","3"
"2019","3","23","9","29","臺中市","西區","0","1","8","1","5","50","4","1","1","5","4","5","7","4","4","10","5","5","2","15","6","3","10","1","1","B03","7","9","1","8","2","2","","6","6","1","5","5","B03","24.147872","120.667576","2"
"2019","3","23","9","37","臺中市","南區","0","1","8","1","5","50","4","1","1","5","4","5","7","4","4","10","5","5","2","16","6","2","9","1","1","C03","7","5","1","10","2","14","","6","6","1","21","8","C03","24.129671","120.661754","2"
"2019","3","23","9","39","臺中市","北屯區","0","1","8","1","5","50","14","9","1","5","4","5","7","4","4","1","4","5","2","13","16","2","9","1","1","C03","7","9","1","10","2","11","","16","16","1","21","8","C03","24.173893","120.67284","2"
"2019","3","23","9","44","臺中市","南屯區","0","0","8","","","40","","","","","","","","","","","","","","","","","","","","B03","","","1","","2","","","12","","1","","","B03","24.131916","120.644295","3"
"2019","3","23","9","46","臺中市","西屯區","0","1","8","1","5","40","14","8","1","5","4","5","7","4","4","10","5","5","2","16","6","3","10","3","4","B03","7","6","1","8","2","5","","6","6","1","22","8","B03","24.183025","120.616833","2"
"2019","3","23","9","52","臺中市","西屯區","0","1","8","1","5","50","14","9","1","5","4","5","7","4","4","5","4","5","2","13","16","2","9","1","1","C03","7","9","1","10","2","11","","16","16","1","22","8","C03","24.17305","120.66033","2"
"2019","3","23","9","55","臺中市","西區","0","0","8","","","50","","","","","","","","","","","","","","","19","3","","","","B03","","","1","8","2","8","","19","19","1","21","8","B03","24.132104","120.664526","3"
"2019","3","23","10","0","臺中市","北區","0","2","7","1","5","40","4","1","1","5","4","5","7","4","4","10","5","5","2","15","6","2","9","3","4","C03","7","9","1","10","2","11","","6","6","1","22","9","C03","24.146983","120.683893","2"
"2019","3","23","10","0","臺中市","大里區","0","1","8","1","5","40","4","1","1","5","4","5","7","1","1","10","5","5","2","16","8","2","9","1","1","C03","7","5","1","10","2","12","","8","8","1","3","8","C03","24.09562","120.680126","2"
"2019","3","23","10","4","臺中市","西屯區","0","0","8","","","50","","","","","","","","","","","","","","","","","","","","B12","","","1","","2","","","17","","1","22","","B12","24.200872","120.658307","3"
"2019","3","23","10","5","臺中市","沙鹿區","0","0","8","","","50","","","","","","","","","","","","","","","","","","","","B12","","","1","","1","","","19","","1","19","","B12","24.236202","120.560127","3"
"2019","3","23","10","8","臺中市","東區","","","8","","","50","","","","","","","","","","","","","","","","","","","","C03","","","1","","2","","","16","","1","5","","C03","24.136016","120.70786","3"
"2019","3","23","10","12","臺中市","潭子區","0","1","8","1","5","50","14","9","1","5","4","5","7","4","4","9","4","5","1","12","6","2","9","1","1","C03","7","9","1","10","2","12","","6","6","1","22","1","C03","24.207172","120.705929","2"
"2019","3","23","10","16","臺中市","大里區","0","2","8","1","5","50","14","7","1","5","4","5","7","4","4","5","5","4","2","13","16","2","8","1","1","C03","7","9","1","10","2","11","","16","16","1","4","8","C03","24.102958","120.685444","2"
"2019","3","23","10","43","臺中市","沙鹿區","0","1","8","1","5","60","3","1","1","5","4","5","7","1","1","10","5","5","2","16","25","3","10","1","1","B03","7","5","1","7","2","6","","25","25","1","2","9","B03","24.20974","120.581246","2"
"2019","3","23","10","44","臺中市","西區","0","3","8","1","5","40","4","1","1","5","4","5","7","1","1","10","5","5","2","13","16","2","9","1","1","C03","7","9","1","10","2","11","","16","16","1","5","8","C03","24.138812","120.669436","2"
"2019","3","23","10","49","臺中市","西區","0","2","8","1","5","50","4","1","1","5","4","5","7","1","1","4","4","4","2","16","6","2","9","4","1","F03","7","5","8","20","2","16","","6","6","1","21","8","F03","24.136509","120.667112","2"
"2019","3","23","10","50","臺中市","北屯區","0","0","8","","","50","","","","","","","","","","","","","","","2","","","","","B12","","","1","","2","","","2","2","1","22","","B12","24.174235","120.673483","3"
"2019","3","23","10","58","臺中市","北屯區","0","1","7","1","5","50","4","1","1","5","4","5","7","4","4","10","5","5","2","15","6","2","9","1","1","C03","7","9","1","10","2","11","","6","6","1","21","8","C03","24.181275","120.703706","2"
"2019","3","23","11","0","臺中市","大里區","0","1","8","1","5","50","14","7","1","5","4","5","7","4","4","5","5","4","2","12","17","2","9","1","1","C03","7","9","4","8","2","14","","17","17","1","5","5","C03","24.094731","120.698021","2"
"2019","3","23","11","4","臺中市","西區","0","0","8","","","50","","","","","","","","","","","","","","","","","","","","B03","","","1","","2","","","10","","1","5","","B03","24.145545","120.661684","3"
"2019","3","23","11","9","臺中市","北屯區","0","0","8","","","50","","","","","","","","","","","","","","","23","","","","","B03","","","1","","2","","","23","23","1","21","","B03","24.179113","120.671094","3"
"2019","3","23","11","10","臺中市","西屯區","0","0","8","","","50","","","","","","","","","","","","","","","","","","","","B03","","","1","","2","","","23","","1","4","","B03","24.17386","120.623221","3"
"2019","3","23","11","10","臺中市","太平區","0","0","8","","","50","","","","","","","","","","","","","","","","","","","","B03","","","1","","2","","","9","","1","4","","B03","24.101733","120.728911","3"
"2019","3","23","11","20","臺中市","龍井區","0","0","","","","","","","","","","","","","","","","","","","","","","","","B03","","","1","","2","","","16","","1","21","","B03","24.185452","120.58743","3"
"2019","3","23","11","20","臺中市","沙鹿區","0","2","8","1","5","50","3","1","1","5","4","5","7","4","4","4","5","4","2","16","23","3","10","1","1","B03","7","13","1","8","2","7","","38","23","1","22","7","B03","24.22965","120.572652","2"
"2019","3","23","11","21","臺中市","南區","0","1","8","1","5","50","14","7","1","5","4","5","7","4","4","1","4","4","2","13","23","3","10","1","1","B03","7","9","1","8","2","1","","23","23","1","21","8","B03","24.126978","120.669996","2"
"2019","3","23","11","22","臺中市","南區","0","0","8","","","50","","","","","","","","","","","","","","","12","3","","","","B03","","","1","","2","","","12","12","","5","","B03","24.123895","120.666836","3"
"2019","3","23","11","22","臺中市","大里區","0","0","8","","","50","","","","","","","","","","","","","","","","","","","","F03","","","8","","2","","","16","","1","21","","F03","24.106479","120.688412","3"
"2019","3","23","11","28","臺中市","北屯區","0","1","8","1","5","40","4","1","1","5","4","5","7","2","1","5","2","4","2","16","6","3","10","1","1","C03","7","6","1","10","2","15","","6","6","1","21","8","C03","24.19082","120.686354","2"
"2019","3","23","11","32","臺中市","南區","0","0","8","","","50","","","","","","","","","","","","","","","23","3","","","","A02","","","1","","2","","","23","23","","10","","A02","24.13499","120.682721","3"
"2019","3","23","11","32","臺中市","太平區","0","1","8","1","5","50","4","1","1","5","4","5","7","4","4","10","5","5","2","15","6","3","10","1","1","B03","7","9","1","8","2","4","","6","6","1","21","8","B03","24.129256","120.732403","2"
"2019","3","23","11","35","臺中市","沙鹿區","0","0","8","","","50","","","","","","","","","","","","","","","","","","","","B03","","","1","","2","","","12","","1","19","","B03","24.236744","120.558424","3"
"2019","3","23","11","40","臺中市","西屯區","0","0","8","","","50","","","","","","","","","","","","","","","23","","","","","B12","","","1","","2","","","23","23","1","22","","B12","24.195818","120.643385","3"
"2019","3","23","11","45","臺中市","神岡區","0","0","8","","","50","","","","","","","","","","","","","","","16","","","","","B12","","","1","","2","","","16","16","1","21","","B12","24.273693","120.665033","3"
"2019","3","23","12","12","臺中市","龍井區","0","1","8","1","5","50","14","9","1","5","4","5","7","4","4","5","5","5","2","14","12","3","10","1","1","B03","7","2","1","8","2","3","","12","12","1","21","8","B03","24.181867","120.585336","2"
"2019","3","23","12","12","臺中市","后里區","0","0","8","","","40","","","","","","","","","","","","","","","","","","","","B03","","","1","","2","","","12","","1","22","","B03","24.305428","120.725946","3"
"2019","3","23","12","13","臺中市","西屯區","0","0","8","","","50","","","","","","","","","","","","","","","","","","","","B03","","","1","","2","","","16","","","","","B03","24.2005","120.655092","3"
"2019","3","23","12","15","臺中市","梧棲區","0","1","8","1","5","50","14","9","1","5","4","5","7","4","4","5","5","5","1","16","26","3","10","1","1","B03","7","11","1","8","2","8","","26","26","1","9","8","B03","24.245583","120.53761","2"
"2019","3","23","12","23","臺中市","西屯區","0","0","8","","","50","","","","","","","","","","","","","","","1","","","","","B03","","","1","","2","","","1","1","2","22","","B03","24.156162","120.655885","3"
"2019","3","23","12","30","臺中市","北屯區","0","0","8","","","50","","","","","","","","","","","","","","","","","","","","B03","","","1","","2","","","16","","1","22","","B03","24.174191","120.673753","3"
"2019","3","23","12","33","臺中市","東區","0","0","8","","","50","","","","","","","","","","","","","","","1","","","","","B03","","","1","8","2","","","1","1","1","","","B03","24.142721","120.701204","3"
"2019","3","23","12","35","臺中市","北屯區","0","0","8","","","60","","","","","","","","","","","","","","","","","","","","B03","","","1","","2","","","23","","1","21","","B03","24.163722","120.717422","3"
"2019","3","23","12","40","臺中市","西屯區","0","0","8","","","50","","","","","","","","","","","","","","","","","","","","B12","","","1","","2","","","7","","1","22","","B12","24.16322","120.648633","3"
"2019","3","23","12","41","臺中市","西區","0","0","8","","","50","","","","","","","","","","","","","","","10","3","","","","B03","","","1","","2","","","10","10","","5","","B03","24.139261","120.666532","3"
"2019","3","23","12","42","臺中市","大肚區","0","0","8","","","40","","","","","","","","","","","","","","","","","","","","B03","","","1","","2","","","12","","1","","","B03","24.134999","120.555251","3"
"2019","3","23","12","45","臺中市","沙鹿區","0","1","8","1","5","50","14","9","1","5","4","5","7","4","4","10","5","5","2","1","23","3","10","1","1","B03","7","3","1","8","2","5","","23","23","1","21","8","B03","24.241432","120.561861","2"
"2019","3","23","12","47","臺中市","北屯區","0","1","8","1","5","50","5","1","1","5","4","5","7","1","1","10","5","5","2","16","6","3","10","1","1","B03","7","6","1","8","2","2","","6","6","1","20","8","B03","24.188653","120.686341","2"
"2019","3","23","12","51","臺中市","西區","0","0","8","","","50","","","","","","","","","","","","","","","","","","","","B03","","","1","","2","","","7","","1","5","","B03","24.157984","120.657701","3"
"2019","3","23","12","51","臺中市","南區","0","2","8","1","5","50","4","1","1","5","4","5","7","1","1","10","4","4","2","17","26","2","8","4","5","F01","7","21","8","20","2","15","","26","26","1","21","8","F01","24.125046","120.663638","2"
"2019","3","23","12","51","臺中市","北屯區","0","5","8","1","5","50","14","9","1","5","4","5","7","2","1","1","2","5","2","13","23","2","9","1","1","B03","7","9","1","8","2","1","","23","23","1","21","8","B03","24.182335","120.708044","2"
"2019","3","23","13","3","臺中市","南屯區","0","1","7","1","5","40","4","1","1","5","4","5","7","4","4","5","5","5","2","16","6","2","7","1","1","C03","7","6","1","10","2","11","","6","6","1","19","8","C03","24.139013","120.63965","2"
"2019","3","23","13","10","臺中市","烏日區","0","1","8","1","5","40","3","1","1","5","4","5","7","4","4","1","5","4","1","17","42","3","10","3","4","F01","7","9","8","20","2","16","","42","42","1","15","8","F01","24.11217","120.587295","2"
"2019","3","23","13","14","臺中市","大里區","0","0","8","","","50","","","","","","","","","","","","","","","","","","","","B03","","","1","","2","","","23","","1","3","","B03","24.090685","120.692804","3"
"2019","3","23","13","20","臺中市","西屯區","0","2","8","1","5","50","14","9","1","5","4","5","7","4","4","1","4","5","2","12","43","3","10","1","1","B03","7","9","1","8","11","2","","43","43","1","22","8","B03","24.167313","120.653576","2"
"2019","3","23","13","20","臺中市","大里區","0","1","8","1","5","50","4","1","1","5","4","5","7","1","1","10","5","5","2","16","9","3","10","1","1","B03","7","6","1","8","2","6","","9","9","1","19","8","B03","24.119694","120.688938","2"
"2019","3","23","13","31","臺中市","大里區","0","1","7","1","5","60","14","7","1","5","4","5","7","4","4","1","4","4","1","16","26","2","9","1","1","C03","7","7","1","10","2","11","","26","26","1","22","5","C03","24.103553","120.677055","2"
"2019","3","23","13","39","臺中市","沙鹿區","0","0","8","","","50","","","","","","","","","","","","","","","23","","","","","B03","","","1","","2","","","23","23","","","","B03","24.242142","120.561154","3"
"2019","3","23","14","9","臺中市","西區","0","1","8","1","5","50","3","2","1","5","4","5","7","4","4","1","4","5","2","13","16","2","9","1","1","C03","7","9","1","10","2","11","","16","16","1","3","6","C03","24.157527","120.659254","2"
"2019","3","23","14","10","臺中市","潭子區","0","0","8","1","5","40","13","9","1","5","4","5","7","4","4","10","4","5","1","14","","","","","","B03","","","1","","2","","","44","","1","22","","B03","24.209488","120.704724","3"
"2019","3","23","14","15","臺中市","北屯區","0","2","7","1","5","50","3","7","1","5","4","5","7","4","4","5","4","4","2","13","23","2","9","1","1","C03","7","9","1","10","2","11","","23","23","1","21","8","C03","24.177625","120.672478","2"