"年","月","日","時","分","縣市","區","死","受傷","天候","光線","道路類別","速限","道路型態","事故位置","路面鋪裝","路面狀態","路面缺陷","障礙物","視距","號誌種類","號誌動作","分向設施","快車道或一般車道間","快慢車道間","路面邊線","事故類型及型態","主要肇因","受傷程度","主要傷處","保護裝備","行動電話","當事者區分","車輛用途","當事者行動狀態","駕駛資格情形","駕駛執照種類","飲酒情形","車輛撞擊部位最初","車輛撞擊部位其他","肇事因素個別","肇事因素主要","肇事逃逸","職業","旅次目的","車種","GPS座標緯度","GPS座標經度","事故類別"
"2019","3","23","14","35","臺中市","北屯區","0","0","8","","","50","","","","","","","","","","","","","","","","","","","","B03","","","1","","2","","","23","","1","22","","B03","24.193173","120.688143","3"
"2019","3","23","14","37","臺中市","太平區","0","1","8","1","5","40","14","9","1","5","4","5","7","4","4","5","5","5","1","18","23","2","9","1","1","C03","7","9","1","10","2","12","","23","23","1","16","8","C03","24.097728","120.8077","2"
"2019","3","23","14","41","臺中市","新社區","0","0","6","","","50","","","","","","","","","","","","","","","","","","","","B12","","","2","","2","","","12","","1","22","","B12","24.219266","120.792335","3"
"2019","3","23","14","43","臺中市","西屯區","0","1","8","1","5","50","3","1","1","5","4","5","7","2","1","10","5","5","2","16","25","3","10","3","4","B03","7","9","1","8","2","1","","25","25","1","22","8","B03","24.190456","120.616033","2"
"2019","3","23","14","44","臺中市","西屯區","0","0","8","","","50","","","","","","","","","","","","","","","","","","","","B03","","","1","","2","","","23","","1","4","","B03","24.160798","120.652914","3"
"2019","3","23","14","48","臺中市","大肚區","0","0","","","","","","","","","","","","","","","","","","","","","","","","B12","","","1","","2","","","23","","1","","","B12","24.169444","120.574488","3"
"2019","3","23","14","49","臺中市","西屯區","0","2","8","1","5","40","14","8","1","5","4","5","7","4","4","1","4","4","2","16","9","3","10","1","1","B01","7","6","1","8","2","6","","9","9","1","22","8","B01","24.163335","120.648533","2"
"2019","3","23","14","52","臺中市","西區","0","0","8","","","50","","","","","","","","","","","","","","","","","","","","C03","","","1","","2","","","7","","1","2","","C03","24.156083","120.658508","3"
"2019","3","23","15","2","臺中市","大雅區","0","1","7","1","5","40","4","1","1","5","4","5","7","1","1","5","5","4","2","15","25","3","10","1","1","B12","7","9","1","8","2","1","","25","25","1","22","8","B12","24.208977","120.660425","2"
"2019","3","23","15","5","臺中市","大里區","0","1","7","1","5","50","3","1","1","5","4","5","7","1","1","10","5","5","2","17","25","3","10","1","1","B03","7","6","6","2","2","15","","25","25","1","20","8","B03","24.088547","120.686432","2"
"2019","3","23","15","56","臺中市","西屯區","0","0","8","","","40","","","","","","","","","","","","","","","","","","","","B03","","","1","","2","","","12","","1","22","","B03","24.185568","120.621439","3"
"2019","3","23","16","8","臺中市","霧峰區","0","0","8","","","50","","","","","","","","","","","","","","","","","","","","B03","","","1","","2","","","19","","1","21","","B03","24.069202","120.701194","3"
"2019","3","23","16","19","臺中市","龍井區","0","0","8","","","50","","","","","","","","","","","","","","","","","","","","B03","","","1","","2","","","12","","1","","","B03","24.210946","120.548531","4"
"2019","3","23","16","19","臺中市","大甲區","0","1","7","1","5","40","11","9","1","5","4","5","7","4","4","10","5","5","2","11","5","3","10","1","1","B01","7","9","1","1","2","8","","5","5","1","10","8","B01","24.399023","120.646465","2"
"2019","3","23","16","22","臺中市","南屯區","0","2","8","1","5","40","14","9","1","5","4","5","7","4","4","5","5","5","2","17","7","2","9","4","5","F01","7","7","8","20","4","16","","7","7","1","21","8","F01","24.118581","120.627872","2"
"2019","3","23","16","23","臺中市","北屯區","0","1","7","1","5","40","3","1","1","4","4","5","7","4","4","10","5","5","2","16","6","3","10","1","1","B03","7","6","1","8","2","8","","6","6","1","22","8","B03","24.165004","120.698311","2"
"2019","3","23","16","23","臺中市","大雅區","0","0","8","","","40","","","","","","","","","","","","","","","","","","","","B03","","","1","","2","","","18","","1","","","B03","24.216263","120.649593","3"
"2019","3","23","16","26","臺中市","西屯區","0","0","8","","","50","","","","","","","","","","","","","","","60","","","","","","","","8","","10","","","60","60","1","","","","24.184433","120.645538","3"
"2019","3","23","16","40","臺中市","龍井區","0","0","8","1","5","70","14","7","1","5","4","5","7","4","4","1","3","4","2","29","67","3","10","1","1","B03","7","9","1","8","2","2","","44","67","1","21","1","B03","24.15789","120.546789","3"
"2019","3","23","16","48","臺中市","西屯區","0","2","6","1","5","50","4","2","1","4","4","5","7","2","1","1","3","4","1","12","6","3","10","1","1","B03","7","6","1","8","2","2","","6","6","1","22","8","B03","24.18665","120.614973","2"
"2019","3","23","16","55","臺中市","西屯區","0","1","8","1","5","50","4","1","1","5","4","5","7","1","1","9","2","5","2","16","6","3","10","3","4","B03","7","5","1","8","2","1","","6","6","1","22","8","B03","24.16427","120.655085","2"
"2019","3","23","17","2","臺中市","南區","0","0","","","","","","","","","","","","","","","","","","","","","","","","B03","","","1","","2","","","23","","1","","","B03","24.114747","120.65593","3"
"2019","3","23","17","20","臺中市","東勢區","0","3","8","1","5","50","14","9","1","5","4","5","7","4","4","5","5","5","1","17","26","2","8","1","1","C03","7","11","1","10","2","14","","26","26","1","9","7","C03","24.250828","120.830223","2"
"2019","3","23","17","25","臺中市","大雅區","0","1","7","1","5","50","5","2","1","5","4","5","7","1","1","1","4","5","1","16","16","2","9","1","1","C03","7","9","1","8","2","12","","16","16","1","22","8","C03","24.241049","120.630323","2"
"2019","3","23","17","30","臺中市","龍井區","0","1","8","1","5","40","15","9","1","5","4","5","7","4","4","10","5","5","2","17","19","2","9","1","1","C03","7","1","1","10","2","11","","19","19","1","21","8","C03","24.18","120.53","2"
"2019","3","23","17","40","臺中市","烏日區","0","1","8","1","5","60","4","1","1","5","4","5","7","2","1","10","5","5","2","16","9","3","10","1","1","B03","7","6","1","8","2","2","","9","9","1","21","8","B03","24.104626","120.624426","2"
"2019","3","23","17","43","臺中市","西區","0","2","8","2","5","50","4","1","1","5","4","5","7","2","1","10","5","5","2","16","8","2","7","1","1","B12","7","5","1","8","2","5","","8","8","1","4","9","B12","24.15949","120.660689","2"
"2019","3","23","17","45","臺中市","太平區","0","0","8","","","40","","","","","","","","","","","","","","","","","","","","B03","","","1","","2","","","19","","1","","","B03","24.102552","120.718639","3"
"2019","3","23","17","54","臺中市","西區","0","0","8","","","40","","","","","","","","","","","","","","","","","","","","B03","","","1","","2","","","17","","2","21","","B03","24.154829","120.660968","3"
"2019","3","23","17","54","臺中市","東區","0","0","8","1","5","50","3","1","1","5","4","5","7","2","1","3","2","5","2","14","10","3","10","1","1","B03","7","2","1","8","2","7","","10","10","1","21","8","B03","24.134878","120.693919","3"
"2019","3","23","17","58","臺中市","中區","0","1","8","2","5","50","14","7","1","5","4","5","7","4","4","5","5","4","2","12","17","3","10","1","1","B03","7","9","1","8","2","5","","44","17","1","21","8","B03","24.147274","120.6789","2"
"2019","3","23","18","0","臺中市","南屯區","0","0","8","","","40","","","","","","","","1","","","","","","","9","3","","","","B03","","","1","","2","","","9","9","","21","","B03","24.152131","120.624122","3"
"2019","3","23","18","1","臺中市","西屯區","0","0","8","","","50","","","","","","","","","","","","","","","","","","","","B03","","","1","","2","","","23","","1","","","B03","24.162229","120.630446","3"
"2019","3","23","18","9","臺中市","北區","0","0","8","","","50","","","","","","","","","","","","","","","","","","","","B03","","","1","","2","","","26","","","22","","B03","24.16032","120.68245","3"
"2019","3","23","18","9","臺中市","潭子區","0","0","8","1","5","50","14","9","1","5","4","5","7","4","4","9","4","5","1","13","","","","","","B03","","","1","","2","","","23","","1","22","","B03","24.210664","120.704258","3"
"2019","3","23","18","10","臺中市","北屯區","0","0","8","","","50","","","","","","","","","","","","","","","43","","","","","B03","","","1","","2","","","43","43","1","22","","B03","24.172945","120.679683","3"
"2019","3","23","18","10","臺中市","太平區","0","0","8","","","80","","","","","","","","","","","","","","","","","","","","B03","","","1","","2","","","23","","1","","","B03","24.155277","120.717222","3"
"2019","3","23","18","27","臺中市","西屯區","0","0","8","3","5","50","3","2","1","5","4","5","7","2","1","1","3","4","1","13","","","","","","B12","","","1","","2","","","23","","1","22","","B12","24.156036","120.640978","3"
"2019","3","23","18","32","臺中市","南屯區","0","2","8","3","5","50","4","1","1","5","4","5","7","4","4","10","5","5","2","16","6","3","10","1","1","B03","7","6","1","8","2","2","","6","6","1","22","8","B03","24.143776","120.646146","2"
"2019","3","23","18","34","臺中市","南區","0","1","8","3","5","50","4","1","1","5","4","5","7","1","1","10","5","5","2","13","23","3","10","1","1","B03","7","9","1","10","2","1","","23","23","1","22","8","B03","24.11901","120.668293","2"
"2019","3","23","18","34","臺中市","太平區","0","1","8","3","5","50","4","1","1","5","4","5","7","3","1","5","5","5","2","15","6","3","10","1","1","B03","7","9","1","8","2","4","","6","6","1","21","8","B03","24.117532","120.714571","2"
"2019","3","23","18","35","臺中市","北屯區","0","1","8","3","5","50","4","1","1","5","4","5","7","4","4","10","5","5","2","16","6","2","9","1","1","C03","7","9","1","10","2","11","","6","6","1","21","8","C03","24.174308","120.681745","2"
"2019","3","23","18","47","臺中市","西屯區","0","2","8","3","5","50","14","7","1","5","4","5","7","4","4","9","5","4","2","17","23","2","9","3","4","C03","7","9","1","10","2","11","","23","23","1","22","8","C03","24.172626","120.637123","2"
"2019","3","23","18","47","臺中市","沙鹿區","0","1","8","2","5","50","4","1","1","5","4","5","7","1","1","10","5","5","2","16","6","2","8","1","1","C04","7","5","1","10","2","11","","6","6","1","20","5","C04","24.234783","120.558788","2"
"2019","3","23","18","55","臺中市","梧棲區","0","0","8","","","40","","","","","","","","","","","","","","","","","","","","B03","","","1","","2","","","6","","1","9","","B03","24.24517","120.535958","3"
"2019","3","23","19","4","臺中市","太平區","0","1","8","3","5","50","3","1","1","5","4","5","7","4","4","10","5","5","2","18","43","2","9","1","1","C03","7","9","1","10","2","12","","43","43","1","21","8","C03","24.113864","120.715838","2"
"2019","3","23","19","5","臺中市","南屯區","0","0","8","","","50","","","","","","","","4","","","","","","","23","3","","","","C03","","","1","","2","","","23","23","1","21","","C03","24.140893","120.642413","3"
"2019","3","23","19","9","臺中市","大里區","0","0","8","","","50","","","","","","","","","","","","","","","","","","","","B12","","","1","","2","","","19","","1","21","","B12","24.109146","120.690455","3"
"2019","3","23","19","10","臺中市","北屯區","0","0","8","","","50","","","","","","","","","","","","","","","","","","","","B03","","","1","","2","","","12","","1","21","","B03","24.178402","120.698326","3"
"2019","3","23","19","23","臺中市","西屯區","0","0","8","","","50","","","","","","","","","","","","","","","17","","","","","B03","","","1","","2","","","17","17","1","","","B03","24.167859","120.64811","3"
"2019","3","23","19","24","臺中市","梧棲區","0","1","8","3","5","70","4","1","1","5","4","5","7","1","1","10","5","5","2","16","9","3","10","1","1","B03","7","6","1","8","2","2","","9","9","1","6","5","B03","24.249967","120.536029","2"
"2019","3","23","19","26","臺中市","龍井區","0","0","8","","","50","","","","","","","","","","","","","","","","","","","","B03","","","1","","2","","","23","","1","21","","B03","24.182777","120.531388","3"
"2019","3","23","19","35","臺中市","外埔區","0","0","8","","","50","","","","","","","","","","","","","","","","","","","","G02","","","8","","8","","","21","","1","","","G02","24.345153","120.704128","3"
"2019","3","23","19","37","臺中市","北屯區","0","1","7","3","5","50","14","9","1","5","4","5","6","4","4","9","5","5","2","16","10","3","10","1","1","B03","7","11","1","8","2","6","","10","10","1","22","8","B03","24.19865","120.678171","2"
"2019","3","23","19","50","臺中市","北屯區","0","2","8","3","5","50","3","2","1","5","4","5","7","4","4","10","5","5","2","17","43","2","9","1","1","C03","7","15","3","18","2","14","","43","43","1","22","8","C03","24.174361","120.686372","2"
"2019","3","23","20","3","臺中市","大雅區","0","0","8","","","40","","","","","","","","","","","","","","","","","","","","B12","","","1","","2","","","12","","1","21","","B12","24.208441","120.643956","3"
"2019","3","23","20","4","臺中市","西屯區","0","0","8","","","50","","","","","","","","","","","","","","","","","","","","B03","","","1","","2","","","42","","1","22","","B03","24.176103","120.635821","3"
"2019","3","23","20","5","臺中市","東區","0","1","8","3","5","50","14","9","1","5","4","5","7","4","4","5","5","5","2","9","23","3","10","1","1","C03","7","9","1","10","2","11","","23","23","1","22","8","C03","24.134159","120.70212","2"
"2019","3","23","20","7","臺中市","西區","0","0","8","","","50","","","","","","","","","","","","","","","","","","","","B12","","","1","","2","","","12","","1","21","","B12","24.153552","120.653909","3"
"2019","3","23","20","9","臺中市","西區","0","0","8","","","40","","","","","","","","","","","","","","","","","","","","B12","","","1","","2","","","12","","1","22","","B12","24.152756","120.671557","3"
"2019","3","23","20","17","臺中市","梧棲區","0","1","8","3","5","40","4","1","1","5","4","5","7","1","1","10","5","5","2","16","8","3","10","1","1","B03","7","5","1","8","2","1","","8","8","1","20","5","B03","24.221957","120.528391","2"
"2019","3","23","20","29","臺中市","新社區","0","0","8","","","50","","","","","","","","","","","","","","","","","","","","B03","","","1","","2","","","23","","","22","","B03","24.244271","120.810615","3"
"2019","3","23","20","30","臺中市","北屯區","0","0","8","","","50","","","","","","","","","","","","","","","","","","","","B03","","","1","","2","","","26","","1","","","B03","24.181909","120.68847","3"
"2019","3","23","20","38","臺中市","西區","0","0","8","","","50","","","","","","","","","","","","","","","","","","","","B03","","","1","","2","","","7","","1","","","B03","24.146949","120.672712","3"
"2019","3","23","20","45","臺中市","大肚區","0","0","8","","","40","","","","","","","","","","","","","","","","","","","","B03","","","1","","2","","","12","","1","21","","B03","24.150039","120.546446","3"
"2019","3","23","20","54","臺中市","大里區","0","0","8","","","50","","","","","","","","","","","","","","","","","","","","B03","","","1","","2","","","12","","1","21","","B03","24.097439","120.686171","3"
"2019","3","23","21","27","臺中市","東區","0","2","7","3","5","40","3","1","1","5","4","5","7","4","4","10","5","5","2","16","6","3","10","1","1","B03","7","5","1","8","2","8","","6","6","1","22","8","B03","24.131895","120.707068","2"
"2019","3","23","21","46","臺中市","霧峰區","0","1","8","3","5","70","3","1","1","5","4","5","7","2","1","10","5","5","2","16","6","3","10","1","1","A02","7","5","1","2","2","5","","6","6","1","10","5","A02","24.042759","120.691851","2"
"2019","3","23","21","47","臺中市","清水區","0","2","7","3","5","50","5","1","1","5","4","5","7","2","1","9","4","5","2","15","25","3","10","1","1","B03","7","9","1","8","2","5","","25","25","1","5","8","B03","24.264238","120.572466","2"
"2019","3","23","21","54","臺中市","南區","0","3","8","3","5","50","14","7","1","5","4","5","7","4","4","5","4","4","2","16","7","2","9","1","1","C03","7","7","1","10","2","14","","7","7","1","22","9","C03","24.132446","120.660946","2"
"2019","3","23","21","56","臺中市","西屯區","0","1","8","3","5","60","14","7","1","5","4","5","7","4","4","1","4","1","2","13","23","2","9","3","4","B03","7","9","1","8","2","1","","23","23","1","22","8","B03","24.161069","120.652394","2"
"2019","3","23","21","57","臺中市","烏日區","0","0","8","","","50","","","","","","","","","","","","","","","","","","","","B03","","","1","","2","","","12","","1","21","","B03","24.061344","120.64336","3"
"2019","3","23","22","6","臺中市","太平區","0","1","8","3","5","50","4","1","1","5","4","5","7","2","1","10","5","5","2","13","25","2","9","1","1","C03","7","9","2","18","2","11","14","25","25","1","18","8","C03","24.159521","120.705003","2"
"2019","3","23","22","15","臺中市","北區","0","1","7","3","5","50","14","7","1","5","4","5","7","4","4","5","4","5","2","17","19","3","10","1","4","B03","7","1","1","8","2","4","","19","19","1","21","8","B03","24.166866","120.670965","2"
"2019","3","23","22","16","臺中市","北屯區","0","1","8","3","5","50","14","20","1","5","4","5","7","4","4","10","5","5","2","26","43","2","9","1","1","B03","7","9","1","8","2","1","","43","43","1","21","8","B03","24.194884","120.679399","2"
"2019","3","23","22","33","臺中市","北屯區","0","1","8","3","5","50","5","1","1","5","4","5","7","2","1","10","5","5","2","16","6","3","10","1","1","C03","7","6","1","10","2","12","","6","6","1","5","8","C03","24.169873","120.696738","2"
"2019","3","23","23","19","臺中市","南區","0","0","","","","","","","","","","","","","","","","","","","","","","","","B01","","","1","","1","","","2","","1","","","B01","24.120402","120.650305","3"
"2019","3","23","23","20","臺中市","北屯區","0","1","8","3","5","50","3","1","1","5","4","5","7","4","4","10","5","5","2","19","23","2","9","1","1","C03","7","9","1","10","2","11","","23","23","1","22","8","C03","24.165249","120.695486","2"
"2019","3","23","23","39","臺中市","龍井區","0","1","8","3","5","40","14","9","1","5","4","5","7","4","4","10","5","5","2","17","43","2","9","3","4","B03","7","9","1","8","2","8","","43","43","1","22","8","B03","24.179978","120.590481","2"
"2019","3","23","23","58","臺中市","潭子區","0","1","8","3","5","50","4","1","1","5","4","5","7","3","1","10","5","5","2","16","9","3","10","1","1","B12","7","6","1","2","2","2","","9","9","1","22","8","B12","24.205497","120.679495","2"
"2019","3","24","1","41","臺中市","西區","0","2","8","3","5","50","4","1","1","5","4","5","7","3","1","10","5","5","2","15","6","2","8","1","1","B03","7","9","1","8","2","1","","6","6","1","22","9","B03","24.143214","120.677021","2"
"2019","3","24","2","13","臺中市","東區","0","0","8","","","40","","","","","","","","","","","","","","","","","","","","B03","","","1","","2","","","12","","1","","","B03","24.139689","120.701798","3"
"2019","3","24","3","12","臺中市","西區","0","0","8","","","50","","","","","","","","","","","","","","","","","","","","","","","8","","10","","","66","","1","5","","","24.136728","120.665895","3"
"2019","3","24","5","0","臺中市","后里區","0","0","6","","","40","","","","","","","","","","","","","","","","","","","","","","","7","","11","","","43","","1","","","","24.308731","120.72859","3"
"2019","3","24","5","13","臺中市","北區","0","1","6","3","5","50","3","1","1","4","4","5","7","1","1","10","5","5","2","16","26","2","9","1","4","C03","7","5","1","10","2","14","","26","26","1","21","8","C03","24.144604","120.686082","2"
"2019","3","24","5","35","臺中市","大里區","0","2","6","3","5","50","4","2","1","4","4","5","7","1","1","10","5","5","2","13","16","2","9","1","1","C03","7","9","1","10","2","11","","16","16","1","18","8","C03","24.094513","120.688195","2"
"2019","3","24","5","40","臺中市","中區","0","2","6","3","5","50","4","1","1","4","4","5","7","4","4","10","5","5","2","15","6","2","1","1","1","B12","7","9","1","8","2","8","","6","6","1","22","9","B12","24.146708","120.67676","2"
"2019","3","24","5","48","臺中市","太平區","0","0","6","","","50","","","","","","","","","","","","","","","23","","","","","B03","","","1","","2","","","23","23","1","22","","B03","24.1241","120.717121","3"
"2019","3","24","5","56","臺中市","北屯區","0","1","6","2","5","50","14","8","1","4","4","5","7","4","4","9","5","4","2","17","23","2","9","1","1","B12","7","15","1","8","2","1","","23","23","1","5","8","B12","24.174023","120.725423","2"
"2019","3","24","6","6","臺中市","新社區","0","2","6","1","5","40","4","1","1","4","4","5","7","4","4","10","5","5","2","15","6","2","9","1","1","C03","7","9","1","10","2","11","","6","6","1","22","8","C03","24.207843","120.795568","2"
"2019","3","24","6","23","臺中市","神岡區","0","0","6","","","40","","","","","","","","","","","","","","","23","","","","","B12","","","1","","2","","","23","23","1","4","","B12","24.257705","120.659522","3"
"2019","3","24","6","50","臺中市","大雅區","0","0","6","","","50","","","","","","","","","","","","","","","","","","","","B03","","","1","","2","","","23","","1","22","","B03","24.22426","120.67004","3"
"2019","3","24","7","15","臺中市","西屯區","0","1","6","1","5","40","4","1","1","4","4","5","7","1","1","10","5","5","2","16","19","3","10","1","1","C03","7","1","1","10","2","11","","19","19","2","4","8","C03","24.180743","120.637898","2"
"2019","3","24","7","31","臺中市","梧棲區","0","0","6","","","50","","","","","","","","","","","","","","","","","","","","B12","","","1","","2","","","7","","1","9","","B12","24.251299","120.555067","3"
"2019","3","24","7","50","臺中市","南區","0","0","6","","","50","","","","","","","","","","","","","","","","3","","","","B03","","","1","","2","","","23","","1","21","","B03","24.115473","120.650581","3"
"2019","3","24","7","50","臺中市","大里區","0","2","6","1","5","50","4","1","1","4","4","5","7","1","1","5","4","5","1","18","23","2","9","1","1","C03","7","6","1","10","2","12","","23","23","1","4","8","C03","24.11972","120.688932","2"
"2019","3","24","8","7","臺中市","大里區","0","0","6","1","5","50","3","4","1","4","4","5","7","2","1","5","5","4","1","13","16","3","10","1","1","B03","7","1","1","8","2","1","","16","16","1","21","8","B03","24.091453","120.728184","3"
"2019","3","24","8","12","臺中市","太平區","0","0","6","","","50","","","","","","","","","","","","","","","","","","","","B12","","","1","","2","","","26","","1","5","","B12","24.133187","120.736033","3"
"2019","3","24","8","13","臺中市","大雅區","0","1","6","1","5","70","3","1","1","4","4","5","7","1","1","1","4","4","1","17","6","3","10","1","1","B03","7","6","1","8","2","6","","6","6","1","21","8","B03","24.230028","120.641523","2"
"2019","3","24","8","35","臺中市","龍井區","0","2","6","1","5","70","4","2","1","4","4","5","7","2","1","1","2","4","1","13","23","2","3","1","1","B12","7","9","1","8","2","1","","23","23","1","12","8","B12","24.2077","120.5386","2"
"2019","3","24","8","45","臺中市","霧峰區","0","1","6","1","5","40","4","1","1","4","4","5","7","4","4","10","5","5","2","29","14","2","8","1","1","C03","7","9","1","10","2","14","","14","14","1","18","8","C03","24.070864","120.700623","2"
"2019","3","24","8","52","臺中市","豐原區","0","0","6","","","50","","","","","","","","","","","","","","","23","","","","","B03","","","1","","2","","","23","23","1","21","","B03","24.239869","120.695702","3"
"2019","3","24","9","2","臺中市","東勢區","0","2","6","1","5","60","3","1","1","4","4","5","7","1","1","10","5","5","2","17","42","3","10","1","1","A12","7","14","1","5","2","7","","42","42","1","10","3","A12","24.254573","120.825711","2"
"2019","3","24","9","3","臺中市","外埔區","0","1","6","1","5","40","4","9","1","4","4","5","7","3","1","10","5","5","2","18","43","2","9","1","1","C03","7","6","1","10","2","12","","43","43","1","5","1","C03","24.327818","120.657543","2"
"2019","3","24","9","5","臺中市","北屯區","0","0","6","","","50","","","","","","","","","","","","","","","","","","","","B03","","","1","","2","","","23","","1","21","","B03","24.190883","120.660973","3"
"2019","3","24","9","28","臺中市","太平區","0","0","6","","","40","","","","","","","","","","","","","","","","","","","","B03","","","1","","2","","","23","","1","21","","B03","24.130789","120.744638","3"
"2019","3","24","9","44","臺中市","大里區","0","1","6","1","5","40","4","1","1","4","4","5","7","1","1","10","5","5","2","16","9","3","10","1","1","B03","7","6","1","8","2","2","","9","9","1","5","8","B03","24.101543","120.671503","2"
"2019","3","24","10","2","臺中市","中區","0","1","6","1","5","50","14","9","1","4","4","5","7","4","4","3","4","5","2","12","17","3","10","1","1","A04","7","9","1","10","2","5","","44","17","1","10","8","A04","24.136924","120.684649","2"
"2019","3","24","10","2","臺中市","沙鹿區","0","1","6","1","5","50","4","1","1","4","4","5","7","2","1","1","4","3","1","16","9","3","10","1","1","B03","7","6","1","8","2","2","","9","9","1","9","9","B03","24.233718","120.571931","2"
"2019","3","24","10","4","臺中市","西區","0","1","6","1","5","40","4","1","1","4","4","5","7","1","1","10","5","5","2","15","25","2","9","1","1","C03","7","9","1","10","2","14","11","25","25","1","18","8","C03","24.137925","120.668493","2"
"2019","3","24","10","4","臺中市","南區","0","2","6","1","5","50","4","1","1","4","4","1","7","1","1","10","5","5","2","15","25","2","3","1","1","B03","7","9","1","8","2","1","","25","25","1","22","8","B03","24.123463","120.653521","2"
"2019","3","24","10","8","臺中市","西屯區","0","1","6","1","5","40","14","9","1","4","4","5","7","4","4","10","5","5","2","16","19","2","9","1","1","C03","7","1","1","10","2","11","","19","19","1","4","8","C03","24.177762","120.643456","2"
"2019","3","24","10","11","臺中市","大雅區","0","0","6","","","50","","","","","","","","","","","","","","","","","","","","B03","","","1","","2","","","23","","1","22","","B03","24.24195","120.6318","3"
"2019","3","24","10","12","臺中市","沙鹿區","0","0","6","","","70","","","","","","","","","","","","","","","","","","","","B03","","","1","","2","","","23","","1","","","B03","24.24243","120.621341","4"
"2019","3","24","10","13","臺中市","西屯區","0","0","6","","","50","","","","","","","","","","","","","","","26","","","","","B03","","","1","","2","","","26","26","1","22","","B03","24.183575","120.602628","3"
"2019","3","24","10","16","臺中市","西屯區","0","2","6","1","5","40","4","1","1","4","4","5","7","1","1","10","5","5","2","16","43","2","8","1","1","C03","7","9","1","10","2","11","","43","43","1","4","8","C03","24.162972","120.649597","2"
"2019","3","24","10","20","臺中市","大雅區","0","1","6","1","5","40","4","1","1","4","4","5","7","4","4","10","5","5","2","15","6","3","10","1","1","B03","7","9","1","8","2","5","","6","6","1","21","8","B03","24.226494","120.66159","2"
"2019","3","24","10","25","臺中市","后里區","0","0","8","","","50","","","","","","","","","","","","","","","","","","","","B03","","","1","","2","","","8","","1","5","","B03","24.306891","120.71615","3"
"2019","3","24","10","29","臺中市","東區","0","1","6","1","5","50","3","1","1","4","4","5","7","4","4","10","5","5","2","18","43","2","9","1","1","C03","7","9","1","10","2","14","","43","43","1","5","8","C03","24.128998","120.687513","2"
"2019","3","24","10","34","臺中市","西屯區","0","1","6","1","5","40","14","9","1","4","4","5","7","4","4","10","5","5","2","12","16","2","9","1","1","C03","7","9","1","10","2","11","","16","16","1","21","8","C03","24.192293","120.625076","2"
"2019","3","24","10","38","臺中市","西區","0","0","6","","","50","","","","","","","","","","","","","","","","","","","","B12","","","1","","2","","","12","","1","21","","B12","24.145908","120.652991","3"
"2019","3","24","10","53","臺中市","后里區","0","0","8","","","50","","","","","","","","","","","","","","","","","","","","B12","","","1","","2","","","23","","1","5","","B12","24.31358","120.694023","4"
"2019","3","24","10","55","臺中市","北屯區","0","0","6","","","50","","","","","","","","","","","","","","","67","","","","","B03","","","1","8","2","","","23","67","1","","","B03","24.182719","120.692","3"
"2019","3","24","11","3","臺中市","龍井區","0","1","6","1","5","50","3","2","1","4","4","5","7","4","4","5","5","5","2","16","6","3","10","1","1","B12","7","5","1","8","2","6","","6","6","1","21","8","B12","24.18383","120.579178","2"
"2019","3","24","11","18","臺中市","龍井區","0","1","6","1","5","50","14","9","1","4","4","5","7","4","4","5","5","5","1","17","14","2","9","1","1","C03","7","9","1","10","2","11","","14","14","1","21","8","C03","24.178775","120.582895","2"
"2019","3","24","11","43","臺中市","西區","0","2","6","1","5","50","4","1","1","4","4","5","7","4","4","10","5","5","2","15","14","2","9","1","1","C03","7","9","1","10","2","14","","6","14","1","4","5","C03","24.147892","120.664279","2"
"2019","3","24","11","45","臺中市","東區","0","1","6","1","5","50","3","1","1","4","4","5","7","4","4","10","5","5","2","17","43","3","10","1","1","C03","7","9","3","18","2","11","","43","43","1","22","8","C03","24.140203","120.699148","2"
"2019","3","24","11","45","臺中市","北屯區","0","1","6","1","5","50","14","7","1","4","4","5","7","4","4","10","5","4","2","16","6","3","10","1","1","B12","7","5","1","8","2","1","","6","6","1","21","8","B12","24.174124","120.678793","2"
"2019","3","24","11","45","臺中市","大甲區","0","0","6","1","5","50","4","1","1","4","4","5","7","1","1","10","5","5","2","29","","","","","","","","","7","","11","","","43","","1","","","","24.378577","120.609183","3"
"2019","3","24","11","51","臺中市","西屯區","0","1","6","1","5","50","14","7","1","4","4","5","7","4","4","5","4","4","2","16","10","3","10","1","1","B12","7","11","1","7","2","8","","10","10","1","22","8","B12","24.170766","120.638956","2"
"2019","3","24","12","10","臺中市","大里區","0","1","6","1","5","50","5","1","1","4","4","5","7","1","1","10","5","5","2","8","23","3","10","1","1","B03","7","1","1","2","2","1","","23","23","1","10","8","B03","24.105015","120.681771","2"
"2019","3","24","12","12","臺中市","西屯區","0","1","6","1","5","40","4","1","1","4","4","5","7","1","1","10","5","5","2","16","6","3","10","1","1","B03","7","6","1","8","2","2","","6","6","1","4","8","B03","24.18305","120.602629","2"
"2019","3","24","12","20","臺中市","西區","0","0","6","","","40","","","","","","","","","","","","","","","40","3","","","","B03","","","1","","2","","","40","40","","5","","B03","24.132129","120.666679","3"
"2019","3","24","12","20","臺中市","南區","0","0","6","","","50","","","","","","","","","","","","","","","","","","","","B03","","","1","","2","","","23","","1","4","","B03","24.115442","120.65818","3"