"年","月","日","時","分","縣市","區","死","受傷","天候","光線","道路類別","速限","道路型態","事故位置","路面鋪裝","路面狀態","路面缺陷","障礙物","視距","號誌種類","號誌動作","分向設施","快車道或一般車道間","快慢車道間","路面邊線","事故類型及型態","主要肇因","受傷程度","主要傷處","保護裝備","行動電話","當事者區分","車輛用途","當事者行動狀態","駕駛資格情形","駕駛執照種類","飲酒情形","車輛撞擊部位最初","車輛撞擊部位其他","肇事因素個別","肇事因素主要","肇事逃逸","職業","旅次目的","車種","GPS座標緯度","GPS座標經度","事故類別"
"2019","3","24","12","30","臺中市","烏日區","0","0","6","","","50","","","","","","","","","","","","","","","","","","","","B12","","","1","","2","","","42","","1","22","","B12","24.109203","120.63441","3"
"2019","3","24","12","36","臺中市","潭子區","0","1","6","1","5","40","14","8","1","4","4","5","7","4","4","3","4","4","1","12","23","2","8","4","1","F02","7","9","8","20","2","16","","23","23","1","22","9","F02","24.215261","120.702797","2"
"2019","3","24","12","39","臺中市","大甲區","0","0","6","","","50","","","","","","","","","","","","","","","","","","","","B12","","","1","","2","","","6","","1","22","","B12","24.346334","120.621427","3"
"2019","3","24","12","41","臺中市","西區","0","1","6","1","5","50","14","8","1","4","4","5","7","4","4","1","4","1","2","18","23","2","9","1","1","C03","7","9","1","10","2","12","","23","23","1","21","8","C03","24.153327","120.666213","2"
"2019","3","24","12","42","臺中市","北屯區","0","1","6","1","5","50","3","1","1","4","4","5","7","1","1","10","5","5","2","16","25","3","10","1","1","B03","7","9","1","8","2","2","","25","25","1","21","8","B03","24.173873","120.714331","2"
"2019","3","24","12","42","臺中市","大肚區","0","1","6","1","5","50","4","1","1","4","4","5","7","4","4","10","5","5","2","15","6","3","10","1","1","C03","7","9","3","18","2","11","","6","6","1","22","5","C03","24.148224","120.549887","2"
"2019","3","24","12","43","臺中市","北區","0","1","6","1","5","50","5","1","1","4","4","5","7","1","1","1","4","4","2","12","7","3","10","1","1","B03","7","8","1","8","2","6","","7","7","1","21","8","B03","24.153977","120.684416","2"
"2019","3","24","12","43","臺中市","霧峰區","0","2","6","1","5","40","4","1","1","4","4","5","7","4","4","10","5","5","2","16","6","3","10","1","1","B03","7","9","1","8","2","1","","6","6","1","9","8","B03","24.048443","120.690569","2"
"2019","3","24","12","43","臺中市","霧峰區","0","0","6","","","50","","","","","","","","","","","","","","","","","","","","B03","","","1","","2","","","6","","1","4","","B03","24.065104","120.696969","3"
"2019","3","24","12","43","臺中市","潭子區","0","0","6","","","60","","","","","","","","","","","","","","","","","","","","B01","","","1","","2","","","23","","1","22","","B01","24.207047","120.705087","3"
"2019","3","24","12","50","臺中市","神岡區","0","0","8","","","40","","","","","","","","","","","","","","","","","","","","B12","","","1","","2","","","12","","1","10","","B12","24.259343","120.711706","3"
"2019","3","24","13","0","臺中市","太平區","0","1","6","1","5","50","14","9","1","4","4","5","7","4","4","5","5","5","1","17","23","2","9","1","1","C03","7","9","1","10","2","11","","23","23","1","21","8","C03","24.104036","120.722895","2"
"2019","3","24","13","7","臺中市","南區","0","0","6","","","50","","","","","","","","","","","","","","","19","3","","","","B03","","","1","","2","","","19","19","1","21","","B03","24.129626","120.68182","3"
"2019","3","24","13","7","臺中市","清水區","0","1","8","1","5","40","5","1","1","5","4","5","7","2","1","9","4","4","1","16","6","3","10","1","1","B03","7","6","1","8","2","2","","6","6","1","21","8","B03","24.303936","120.596206","2"
"2019","3","24","13","10","臺中市","烏日區","0","0","8","","","40","","","","","","","","","","","","","","","","","","","","B03","","","1","","2","","","12","","1","21","","B03","24.105624","120.631626","3"
"2019","3","24","13","14","臺中市","南區","0","0","6","","","50","","","","","","","","","","","","","","","16","","","","","B03","","","1","","2","","","16","16","1","4","","B03","24.127416","120.669639","3"
"2019","3","24","13","23","臺中市","太平區","0","0","6","","","50","","","","","","","","","","","","","","","","","","","","B03","","","1","","2","","","19","","1","5","","B03","24.154167","120.708009","3"
"2019","3","24","13","27","臺中市","潭子區","0","0","6","","","40","","","","","","","","","","","","","","","","","","","","B03","","","1","","2","","","42","","1","22","","B03","24.206761","120.679019","3"
"2019","3","24","13","31","臺中市","太平區","0","0","8","","","50","","","","","","","","","","","","","","","","","","","","B03","","","1","","2","","","23","","1","21","","B03","24.141635","120.715419","3"
"2019","3","24","13","32","臺中市","西屯區","0","1","6","1","5","40","14","9","1","4","4","5","7","4","4","10","5","5","2","18","42","2","9","3","4","C03","7","9","1","10","2","12","","42","42","1","22","8","C03","24.174143","120.664336","2"
"2019","3","24","13","35","臺中市","沙鹿區","0","0","6","","","50","","","","","","","","","","","","","","","","","","","","B03","","","1","","2","","","23","","1","","","B03","24.255625","120.569696","3"
"2019","3","24","13","37","臺中市","東區","0","0","","","","","","","","","","","","","","","","","","","","","","","","B03","","","1","","2","","","12","","1","5","","B03","24.140278","120.692958","3"
"2019","3","24","13","38","臺中市","東區","0","1","6","1","5","50","4","1","1","4","4","5","7","1","1","10","5","5","2","18","23","2","9","1","1","C03","7","9","1","10","2","14","","23","23","1","22","8","C03","24.144475","120.709198","2"
"2019","3","24","13","48","臺中市","潭子區","0","0","6","","","40","","","","","","","","","","","","","","","","","","","","B03","","","1","","2","","","16","","1","22","","B03","24.205823","120.715247","3"
"2019","3","24","13","58","臺中市","北屯區","0","1","6","1","5","50","14","9","1","4","4","5","7","1","1","5","5","5","2","17","19","3","10","1","1","B03","7","1","1","8","2","15","","19","19","1","21","8","B03","24.169676","120.702952","2"
"2019","3","24","13","58","臺中市","太平區","0","0","8","","","40","","","","","","","","","","","","","","","","","","","","B03","","","1","","2","","","18","","1","21","","B03","24.15748","120.720239","3"
"2019","3","24","14","5","臺中市","北屯區","0","1","6","1","5","50","4","1","1","4","4","5","7","2","1","10","5","5","2","16","26","3","10","1","1","B03","7","6","1","8","2","5","","26","26","1","5","8","B03","24.174067","120.720955","2"
"2019","3","24","14","12","臺中市","龍井區","0","0","8","","","50","","","","","","","","","","","","","","","","","","","","B03","","","1","","2","","","12","","1","","","B03","24.21","120.55","3"
"2019","3","24","14","16","臺中市","東勢區","0","1","6","1","5","50","4","18","1","4","4","5","7","1","1","10","5","5","2","3","15","3","10","1","1","B03","7","5","1","8","2","5","","15","15","1","5","8","B03","24.257765","120.828153","2"
"2019","3","24","14","18","臺中市","西區","0","2","6","1","5","50","4","1","1","4","4","5","7","1","1","10","5","5","2","13","23","2","8","1","1","C03","7","9","1","10","2","11","","23","23","1","5","5","C03","24.137965","120.679919","2"
"2019","3","24","14","20","臺中市","中區","0","0","8","","","50","","","","","","","","","","","","","","","","","","","","C03","","","1","","2","","","42","","1","5","","C03","24.138243","120.684349","3"
"2019","3","24","14","25","臺中市","西屯區","0","1","6","1","5","50","3","1","1","4","4","5","7","1","1","10","5","5","2","18","23","2","9","1","1","C04","7","9","1","10","2","14","","23","23","1","4","8","C04","24.184017","120.638839","2"
"2019","3","24","14","25","臺中市","太平區","0","0","6","","","50","","","","","","","","","","","","","","","","","","","","B03","","","1","","2","","","42","","1","5","","B03","24.137689","120.710386","3"
"2019","3","24","14","25","臺中市","太平區","0","0","8","","","40","","","","","","","","","","","","","","","","","","","","B03","","","1","","2","","","12","","2","","","B03","24.157857","120.74194","3"
"2019","3","24","14","25","臺中市","梧棲區","0","1","6","1","5","60","4","2","1","4","4","5","7","1","1","10","5","5","2","19","42","2","3","1","1","B03","7","6","1","8","2","1","","42","42","1","1","5","B03","24.248455","120.535755","2"
"2019","3","24","14","27","臺中市","西屯區","0","0","6","","","40","","","","","","","","","","","","","","","","","","","","B01","","","1","","2","","","19","","1","","","B01","24.185246","120.635276","3"
"2019","3","24","14","30","臺中市","南區","0","0","8","","","50","","","","","","","","","","","","","","","","3","","","","B03","","","1","","2","","","12","","1","21","","B03","24.118681","120.658271","3"
"2019","3","24","14","32","臺中市","西屯區","0","0","6","","","50","","","","","","","","","","","","","","","","","","","","B02","","","1","","2","","","23","","1","21","","B02","24.205065","120.629116","3"
"2019","3","24","14","35","臺中市","太平區","0","1","6","3","5","50","3","1","1","4","4","5","7","1","1","10","5","5","2","17","7","3","10","1","1","B03","7","8","1","8","2","6","","7","7","1","21","8","B03","24.144413","120.713635","2"
"2019","3","24","14","54","臺中市","沙鹿區","0","0","6","","","50","","","","","","","","","","","","","","","","","","","","B03","","","1","","2","","","42","","1","22","","B03","24.252993","120.598626","3"
"2019","3","24","14","55","臺中市","大甲區","0","1","6","1","5","40","4","1","1","4","4","5","7","4","4","10","5","5","2","16","6","3","10","1","1","B03","7","5","1","8","2","8","","6","6","1","18","8","B03","24.343557","120.629913","2"
"2019","3","24","14","57","臺中市","西屯區","0","1","7","1","5","40","14","9","1","5","4","5","7","4","4","3","4","5","2","16","19","3","10","1","1","B03","7","1","1","8","2","4","","19","19","1","4","8","B03","24.183974","120.625754","2"
"2019","3","24","15","0","臺中市","西屯區","0","0","8","","","50","","","","","","","","","","","","","","","","","","","","B03","","","1","","2","","","12","","1","22","","B03","24.164839","120.646461","3"
"2019","3","24","15","2","臺中市","西屯區","0","2","6","1","5","1","14","7","1","4","4","5","7","4","4","9","5","4","2","3","51","2","9","3","4","H01","8","16","8","20","2","15","","51","51","1","22","8","H01","24.175646","120.666301","2"
"2019","3","24","15","7","臺中市","龍井區","0","2","6","1","5","40","3","1","1","4","4","5","7","4","4","5","4","4","2","16","6","2","8","1","1","C03","7","5","1","10","2","11","","6","6","1","21","8","C03","24.181311","120.591593","2"
"2019","3","24","15","16","臺中市","北屯區","0","1","6","1","5","40","14","8","1","4","4","5","7","4","4","1","4","4","2","18","42","2","9","1","1","C03","7","9","1","10","2","14","","42","42","1","18","8","C03","24.205898","120.66995","2"
"2019","3","24","15","19","臺中市","梧棲區","0","1","7","1","5","50","4","9","1","4","4","5","7","1","1","5","5","5","1","12","23","2","9","1","1","C03","7","6","1","10","2","11","","23","23","1","2","1","C03","24.260464","120.536722","2"
"2019","3","24","15","24","臺中市","西屯區","","","8","","","50","","","","","","","","","","","","","","","","","","","","B12","","","1","","2","","","43","","1","22","","B12","24.196291","120.657978","4"
"2019","3","24","15","30","臺中市","西屯區","0","0","6","","","50","","","","","","","","","","","","","","","","","","","","B03","","","1","","2","","","42","","1","22","","B03","24.194478","120.608571","3"
"2019","3","24","15","41","臺中市","梧棲區","0","0","8","","","50","","","","","","","","","","","","","","","","","","","","B03","","","1","","2","","","12","","1","2","","B03","24.24972","120.540848","3"
"2019","3","24","15","44","臺中市","東區","0","1","6","1","5","50","3","1","1","4","4","5","7","1","1","9","4","4","2","16","23","3","10","1","1","B03","7","6","1","8","2","5","","23","23","1","5","8","B03","24.138693","120.691068","2"
"2019","3","24","15","44","臺中市","西屯區","0","0","8","","","50","","","","","","","","","","","","","","","","","","","","B03","","","1","","2","","","7","","1","22","","B03","24.170679","120.635653","3"
"2019","3","24","15","47","臺中市","霧峰區","0","0","","","","","","","","","","","","","","","","","","","","","","","","B03","","","1","","2","","","12","","1","","","B03","24.056797","120.696314","3"
"2019","3","24","15","59","臺中市","東區","0","1","6","1","5","40","14","8","1","4","4","5","7","2","1","3","2","4","2","16","43","3","10","1","1","B03","7","6","1","8","2","15","","43","43","1","21","8","B03","24.14789","120.692471","2"
"2019","3","24","16","2","臺中市","北屯區","0","1","7","1","5","50","4","1","1","4","4","5","7","1","1","10","5","5","2","18","42","2","9","1","1","C03","7","6","1","10","2","12","","42","42","1","21","8","C03","24.178413","120.713668","2"
"2019","3","24","16","6","臺中市","西屯區","0","0","8","","","50","","","","","","","","","","","","","","","","","","","","B03","","","1","","2","","","23","","1","22","","B03","24.167953","120.64041","3"
"2019","3","24","16","6","臺中市","潭子區","0","0","8","","","60","","","","","","","","","","","","","","","","","","","","B12","","","1","","2","","","23","","1","22","","B12","24.215462","120.688122","3"
"2019","3","24","16","14","臺中市","太平區","0","0","6","","","50","","","","","","","","","","","","","","","","","","","","B03","","","1","","2","","","12","","1","4","","B03","24.124939","120.719188","3"
"2019","3","24","16","17","臺中市","南屯區","1","0","7","1","5","40","14","8","1","4","4","5","7","4","4","1","4","1","2","26","23","1","1","1","4","C03","7","9","1","10","2","12","","23","23","1","21","1","C03","24.134138","120.624252","1"
"2019","3","24","16","24","臺中市","東區","0","2","7","1","5","50","4","1","1","4","4","5","7","4","4","10","5","5","2","15","6","2","9","1","1","C03","7","9","3","18","7","11","","6","6","1","5","8","C03","24.135653","120.705937","2"
"2019","3","24","16","28","臺中市","龍井區","0","0","8","","","70","","","","","","","","","","","","","","","","","","","","A31","","","1","","2","","","23","","1","10","","A31","24.19","120.54","3"
"2019","3","24","16","30","臺中市","北屯區","0","1","8","1","5","50","3","1","1","5","4","5","7","1","1","10","5","5","2","15","25","2","8","1","1","F03","7","9","8","20","2","16","","25","25","1","21","8","F03","24.175875","120.699322","2"
"2019","3","24","16","30","臺中市","西屯區","0","0","6","","","50","","","","","","","","","","","","","","","","","","","","B03","","","1","","2","","","23","","1","22","","B03","24.198473","120.653465","3"
"2019","3","24","16","32","臺中市","大里區","0","1","7","1","5","50","4","1","1","5","4","5","7","4","4","10","5","5","2","16","6","2","9","1","1","C03","7","5","1","10","2","12","","6","6","1","18","9","C03","24.102725","120.678568","2"
"2019","3","24","16","32","臺中市","龍井區","0","1","7","1","5","50","14","9","1","4","4","5","7","4","4","5","5","5","1","12","18","3","10","1","1","B03","7","3","1","8","2","2","","18","18","1","21","8","B03","24.179845","120.583153","2"
"2019","3","24","16","45","臺中市","北屯區","0","2","7","1","5","50","14","7","1","4","4","5","7","4","4","5","5","4","2","16","26","2","7","1","1","C03","7","11","1","10","2","14","","26","26","1","22","8","C03","24.17505","120.696873","2"
"2019","3","24","16","50","臺中市","新社區","0","1","6","1","5","50","3","1","1","4","4","5","7","4","4","10","5","5","2","16","19","3","10","1","1","B12","7","1","1","8","2","2","","19","19","1","4","8","B12","24.209268","120.803155","2"
"2019","3","24","16","54","臺中市","大里區","1","0","6","1","5","50","4","2","1","4","4","5","7","1","1","1","2","4","1","13","43","1","3","1","1","C03","7","9","1","10","3","11","","43","43","1","18","5","C03","24.084376","120.69706","1"
"2019","3","24","16","55","臺中市","烏日區","0","0","6","","","60","","","","","","","","","","","","","","","","","","","","A12","","","1","","2","","","16","","1","4","","A12","24.086295","120.647938","3"
"2019","3","24","16","57","臺中市","東勢區","0","1","7","1","5","50","4","2","1","4","4","5","7","4","4","4","3","5","1","16","6","3","10","1","1","B03","7","9","1","8","2","1","","6","6","1","22","9","B03","24.255523","120.828333","2"
"2019","3","24","16","58","臺中市","后里區","0","0","6","1","5","50","4","2","1","4","4","5","7","2","1","1","2","4","1","12","","","","","","B03","","","1","","8","","","21","","1","","","B03","24.315768","120.682","3"
"2019","3","24","17","7","臺中市","南區","0","0","8","","","50","","","","","","","","","","","","","","","","","","","","B03","","","1","","2","","","23","","1","22","","B03","24.118376","120.679397","3"
"2019","3","24","17","13","臺中市","北區","0","0","8","","","50","","","","","","","","","","","","","","","23","","","","","B03","","","1","8","2","","","23","23","1","","","B03","24.151982","120.686175","3"
"2019","3","24","17","18","臺中市","南區","0","2","7","1","5","50","14","7","1","4","4","5","7","4","4","3","4","5","2","13","16","2","8","1","1","C03","7","9","1","10","2","11","","16","16","1","4","5","C03","24.128528","120.678483","2"
"2019","3","24","17","27","臺中市","西區","0","0","8","","","50","","","","","","","","","","","","","","","","","","","","B03","","","1","","2","","","9","","1","3","","B03","24.132807","120.672534","3"
"2019","3","24","17","34","臺中市","南區","0","0","","","","","","","","","","","","","","","","","","","","","","","","B03","","","1","","2","","","7","","1","21","","B03","24.127943","120.669331","3"
"2019","3","24","17","53","臺中市","西屯區","0","1","6","3","5","50","3","1","1","4","4","5","7","2","1","10","5","5","2","16","7","2","9","1","1","C03","7","7","4","8","2","14","","7","7","1","22","8","C03","24.169409","120.641122","2"
"2019","3","24","17","53","臺中市","清水區","","","8","","","40","","","","","","","","","","","","","","","","","","","","B03","","","1","","2","","","12","","1","21","","B03","24.273336","120.536064","4"
"2019","3","24","17","54","臺中市","南區","0","0","8","","","50","","","","","","","","","","","","","","","","","","","","B03","","","1","","2","","","23","","1","22","","B03","24.117445","120.658057","3"
"2019","3","24","17","55","臺中市","大里區","0","2","6","3","5","50","14","9","1","4","4","5","7","4","4","9","4","5","1","16","19","3","10","1","1","B03","7","1","1","8","3","1","","19","19","1","22","8","B03","24.093633","120.713183","2"
"2019","3","24","18","25","臺中市","北屯區","0","0","8","","","50","","","","","","","","","","","","","","","","","","","","B03","","","1","","2","","","16","","1","","","B03","24.190596","120.661134","3"
"2019","3","24","18","29","臺中市","龍井區","0","1","7","3","5","50","4","2","1","5","4","5","7","2","1","5","5","5","1","17","10","3","10","1","1","B03","7","11","1","8","2","15","","10","10","1","21","8","B03","24.186721","120.583019","2"
"2019","3","24","18","32","臺中市","沙鹿區","0","1","8","3","5","40","4","1","1","4","4","5","7","1","1","10","5","5","2","17","43","3","10","1","1","B03","7","9","1","8","2","15","","43","43","1","5","8","B03","24.252197","120.575693","2"
"2019","3","24","18","37","臺中市","中區","0","0","8","","","50","","","","","","","","","","","","","","","","","","","","B03","","","1","","2","","","7","","1","22","","B03","24.144429","120.674641","4"
"2019","3","24","18","40","臺中市","大里區","0","0","8","","","50","","","","","","","","","","","","","","","","","","","","B03","","","1","","2","","","23","","1","21","","B03","24.101875","120.676459","3"
"2019","3","24","18","50","臺中市","東區","0","1","7","1","5","50","4","1","1","5","4","5","7","4","4","5","5","5","2","15","23","2","9","1","1","C04","7","9","1","10","2","12","","23","23","1","21","8","C04","24.143884","120.701067","2"
"2019","3","24","18","50","臺中市","北屯區","0","0","8","","","60","","","","","","","","","","","","","","","25","","","","","B03","","","1","","2","","","25","25","1","","","B03","24.161057","120.727504","3"
"2019","3","24","18","50","臺中市","沙鹿區","0","0","8","","","50","","","","","","","","","","","","","","","","","","","","B03","","","1","","2","","","16","","1","7","","B03","24.206021","120.567758","3"
"2019","3","24","18","55","臺中市","東區","0","0","8","3","5","50","4","1","1","5","4","5","7","4","4","10","5","5","2","15","6","3","10","1","1","B03","7","9","1","8","2","6","","6","6","1","5","8","B03","24.134453","120.686534","3"
"2019","3","24","18","55","臺中市","梧棲區","0","0","8","","","50","","","","","","","","","","","","","","","","","","","","B03","","","1","","2","","","12","","1","2","","B03","24.249719","120.540838","3"
"2019","3","24","18","57","臺中市","北屯區","0","0","8","","","40","","","","","","","","","","","","","","","","","","","","B03","","","1","","2","","","26","","1","5","","B03","24.175826","120.722523","3"
"2019","3","24","18","57","臺中市","霧峰區","0","3","7","3","5","50","14","9","1","4","4","5","7","1","1","5","5","5","1","13","23","2","9","1","1","C03","7","9","1","10","2","11","","23","23","1","21","8","C03","24.07304","120.705986","2"
"2019","3","24","19","5","臺中市","潭子區","0","0","8","3","5","50","4","2","1","5","4","5","7","3","1","10","5","5","2","16","23","3","10","1","1","B03","7","9","1","8","5","5","","23","23","1","22","8","B03","24.213489","120.700685","3"
"2019","3","24","19","10","臺中市","潭子區","0","1","7","3","5","50","14","8","1","4","4","5","7","1","1","8","3","5","1","13","23","3","10","1","1","B03","7","9","1","8","5","1","","23","23","2","22","2","B03","24.215921","120.700637","2"
"2019","3","24","19","12","臺中市","南區","0","1","7","3","5","40","14","8","1","4","4","5","7","4","4","1","5","4","2","18","23","2","9","1","1","C03","7","9","1","10","2","14","","23","23","1","17","5","C03","24.128234","120.670854","2"
"2019","3","24","19","20","臺中市","北屯區","0","1","7","3","5","50","14","9","1","4","4","5","7","4","4","5","4","5","2","17","42","2","9","1","1","C03","7","9","1","10","2","15","","42","42","1","5","8","C03","24.177251","120.734929","2"
"2019","3","24","19","22","臺中市","大里區","0","2","8","3","5","80","14","13","1","4","4","5","7","4","4","1","4","5","1","13","48","3","10","1","1","B03","7","9","1","8","2","1","","48","48","1","12","8","B03","24.089142","120.681769","2"
"2019","3","24","19","28","臺中市","西區","0","1","7","3","5","50","4","1","1","4","3","5","6","1","1","4","5","5","2","12","17","3","10","3","4","C03","7","9","1","10","2","12","","17","17","1","21","8","C03","24.138577","120.679114","2"
"2019","3","24","19","30","臺中市","南屯區","0","1","8","3","5","50","4","1","1","5","4","5","7","1","1","10","5","5","2","16","6","3","10","1","1","B03","7","6","1","8","2","6","","6","6","1","21","8","B03","24.14015","120.653078","2"
"2019","3","24","19","30","臺中市","北屯區","0","0","8","","","50","","","","","","","","","","","","","","","","","","","","","","","7","","11","","","43","","1","","","","24.171924","120.699022","3"
"2019","3","24","19","30","臺中市","西屯區","0","1","8","3","5","50","4","2","1","5","4","5","7","1","1","1","2","1","2","16","25","3","10","3","4","B03","7","6","1","8","2","2","","25","25","1","22","8","B03","24.201939","120.644379","2"
"2019","3","24","19","45","臺中市","烏日區","0","0","8","","","50","","","","","","","","","","","","","","","","","","","","B03","","","1","","9","","","12","","1","22","","B03","24.110334","120.626367","3"
"2019","3","24","19","52","臺中市","北屯區","0","0","8","","","50","","","","","","","","","","","","","","","","","","","","B03","","","1","","2","","","26","","1","","","B03","24.182106","120.688384","3"
"2019","3","24","19","54","臺中市","大雅區","0","0","8","","","50","","","","","","","","","","","","","","","","","","","","B03","","","1","","2","","","12","","1","","","B03","24.21876","120.650553","3"
"2019","3","24","20","17","臺中市","北區","0","2","7","3","5","50","14","7","1","4","4","3","5","1","1","9","4","4","2","17","40","3","10","1","4","B03","7","13","1","8","2","4","","40","40","1","21","8","B03","24.146931","120.689245","2"
"2019","3","24","20","18","臺中市","北屯區","0","2","8","3","5","50","3","1","1","5","4","5","7","2","1","10","5","5","2","16","16","2","9","1","1","C03","7","9","1","10","2","11","14","16","16","1","5","8","C03","24.175868","120.699181","2"
"2019","3","24","20","20","臺中市","北屯區","0","2","7","3","5","50","14","9","1","4","4","5","7","4","4","5","4","5","2","16","23","2","7","3","4","B12","7","9","1","8","2","1","","23","23","1","22","8","B12","24.179602","120.681991","2"
"2019","3","24","20","28","臺中市","南區","0","1","7","3","5","50","14","8","1","5","4","5","7","4","4","3","4","4","2","17","23","2","9","1","1","C03","7","9","1","10","2","11","","23","23","1","21","8","C03","24.116185","120.656748","2"
"2019","3","24","20","35","臺中市","大里區","0","0","6","","","50","","","","","","","","","","","","","","","","","","","","B03","","","1","","2","","","18","","1","22","","B03","24.105885","120.70025","3"
"2019","3","24","20","40","臺中市","大里區","0","0","8","","","50","","","","","","","","","","","","","","","","","","","","C03","","","1","","2","","","42","","1","","","C03","24.106686","120.682668","3"
"2019","3","24","21","0","臺中市","南屯區","0","0","8","","","50","","","","","","","","","","","","","","","","","","","","B03","","","1","","2","","","23","","1","22","","B03","24.137446","120.644269","3"
"2019","3","24","21","9","臺中市","沙鹿區","0","0","8","","","50","","","","","","","","","","","","","","","","","","","","B03","","","1","","2","","","12","","1","20","","B03","24.242151","120.614779","4"
"2019","3","24","21","30","臺中市","西區","0","0","8","1","5","50","14","9","1","5","4","5","7","4","4","5","2","5","2","17","","","","","","","","","7","","11","","","43","","","22","","","24.147947","120.656542","3"
"2019","3","24","21","31","臺中市","太平區","0","1","8","3","5","40","3","9","1","5","4","5","7","4","4","5","4","4","2","16","10","3","10","1","1","B03","7","11","1","8","2","4","","10","10","1","21","1","B03","24.12539","120.707476","2"
"2019","3","24","21","37","臺中市","大里區","0","2","8","3","5","50","14","7","1","5","4","5","7","4","4","5","2","4","1","16","19","3","10","1","1","B03","7","1","1","8","2","7","","19","19","1","5","8","B03","24.094271","120.710799","2"
"2019","3","24","21","39","臺中市","大雅區","0","0","8","","","50","","","","","","","","","","","","","","","","","","","","B03","","","1","","2","","","7","","1","","","B03","24.221434","120.647379","3"
"2019","3","24","21","46","臺中市","石岡區","0","0","8","","","70","","","","","","","","","","","","","","","42","","","","","B03","","","1","","2","","","42","42","","22","","B03","24.265791","120.807596","3"
"2019","3","24","21","50","臺中市","北屯區","0","1","8","3","5","50","16","7","1","5","4","5","7","4","4","10","5","4","2","16","42","2","9","1","1","C03","7","9","1","10","2","14","","42","42","1","21","8","C03","24.179384","120.740477","2"
"2019","3","24","21","57","臺中市","豐原區","0","0","8","3","5","50","4","1","1","5","4","5","7","1","1","1","5","5","2","11","17","3","10","1","1","B03","7","9","1","10","7","8","","17","17","1","9","8","B03","24.272209","120.737811","3"
"2019","3","24","22","0","臺中市","北屯區","0","1","8","3","5","50","4","2","1","5","4","5","7","4","4","5","5","5","2","27","26","2","9","1","1","C03","7","9","1","10","2","11","","26","26","1","21","8","C03","24.186875","120.668161","2"
"2019","3","24","22","31","臺中市","西屯區","0","0","8","","","50","","","","","","","","","","","","","","","","","","","","B03","","","1","","2","","","6","","1","22","","B03","24.162865","120.62674","3"
"2019","3","24","23","11","臺中市","大雅區","0","0","8","","","40","","","","","","","","","","","","","","","","","","","","B03","","","1","","2","","","19","","1","","","B03","24.226613","120.650129","3"
"2019","3","24","23","34","臺中市","清水區","","","8","","","60","","","","","","","","","","","","","","","","","","","","B03","","","1","","2","","","23","","1","21","","B03","24.275176","120.547277","4"
"2019","3","24","23","40","臺中市","清水區","","","8","","","50","","","","","","","","","","","","","","","","","","","","B03","","","1","","6","","","6","","1","21","","B03","24.271245","120.571681","3"
"2019","3","24","23","47","臺中市","大里區","0","1","8","1","5","50","4","1","1","5","4","5","7","1","1","10","5","5","2","17","6","3","10","1","1","B03","7","5","1","8","2","2","","6","6","1","21","5","B03","24.109993","120.690018","2"
"2019","3","25","0","8","臺中市","大里區","0","1","8","3","5","60","3","1","1","5","4","5","7","4","4","1","4","4","1","16","6","3","10","1","1","B12","7","6","1","8","2","4","","6","6","1","10","8","B12","24.100955","120.691351","2"
"2019","3","25","4","16","臺中市","太平區","","","8","","","50","","","","","","","","","","","","","","","","","","","","B03","","","1","","2","","","6","","1","22","","B03","24.141485","120.714667","3"
"2019","3","25","4","23","臺中市","西屯區","0","2","8","1","5","40","14","8","1","5","4","5","7","4","4","5","4","4","2","18","21","2","9","1","1","B03","7","9","1","8","5","1","","21","21","1","22","8","B03","24.1754","120.638211","2"
"2019","3","25","5","29","臺中市","龍井區","0","2","8","1","5","40","4","1","1","5","4","5","7","4","4","10","5","5","2","15","6","2","8","1","1","C03","7","9","1","10","2","11","","6","6","1","12","8","C03","24.205691","120.51249","2"
"2019","3","25","6","22","臺中市","大肚區","0","0","","","","","","","","","","","","","","","","","","","","","","","","B03","","","1","","11","","","23","","1","3","","B03","24.123609","120.565214","3"
"2019","3","25","7","0","臺中市","梧棲區","0","1","7","1","5","40","3","1","1","5","4","5","7","1","1","10","5","5","2","16","42","2","9","1","1","C03","7","9","1","10","2","14","","44","42","1","3","1","C03","24.225257","120.51982","2"
"2019","3","25","7","2","臺中市","北屯區","0","2","8","1","5","50","4","1","1","5","4","5","7","4","4","10","5","5","2","16","19","2","9","1","1","C03","7","1","1","10","2","11","","19","19","1","5","8","C03","24.169678","120.704445","2"
"2019","3","25","7","12","臺中市","東區","0","2","7","1","5","50","4","1","1","5","4","5","7","4","4","5","5","5","2","15","6","2","7","1","1","B03","7","9","1","8","2","2","","6","6","1","21","8","B03","24.13486","120.687499","2"
"2019","3","25","7","18","臺中市","大里區","0","0","8","","","40","","","","","","","","","","","","","","","","","","","","B03","","","1","","2","","","23","","1","21","","B03","24.104801","120.69326","3"
"2019","3","25","7","22","臺中市","梧棲區","0","1","8","1","5","40","4","2","1","5","4","5","7","1","1","10","5","5","2","12","16","3","10","1","1","C03","7","9","1","10","2","14","","16","16","1","11","1","C03","24.249253","120.538746","2"