"年","月","日","時","分","縣市","區","死","受傷","天候","光線","道路類別","速限","道路型態","事故位置","路面鋪裝","路面狀態","路面缺陷","障礙物","視距","號誌種類","號誌動作","分向設施","快車道或一般車道間","快慢車道間","路面邊線","事故類型及型態","主要肇因","受傷程度","主要傷處","保護裝備","行動電話","當事者區分","車輛用途","當事者行動狀態","駕駛資格情形","駕駛執照種類","飲酒情形","車輛撞擊部位最初","車輛撞擊部位其他","肇事因素個別","肇事因素主要","肇事逃逸","職業","旅次目的","車種","GPS座標緯度","GPS座標經度","事故類別"
"2019","3","25","7","30","臺中市","南屯區","0","2","7","1","5","50","14","7","1","5","4","5","7","4","4","5","4","4","2","13","7","2","9","1","1","C03","7","7","1","10","2","13","11","7","7","1","8","1","C03","24.139151","120.612096","2"
"2019","3","25","7","30","臺中市","沙鹿區","0","0","8","","","40","","","","","","","","","","","","","","","","","","","","B03","","","1","","2","","","19","","1","4","","B03","24.226972","120.575829","3"
"2019","3","25","7","38","臺中市","北屯區","0","0","8","","","50","","","","","","","","","","","","","","","","","","","","C03","","","6","","9","","","25","","1","21","","C03","24.163996","120.693921","3"
"2019","3","25","7","40","臺中市","烏日區","0","2","7","1","5","40","12","8","1","5","4","5","7","4","4","1","5","1","2","16","7","2","9","1","1","C03","7","7","1","10","2","14","","7","7","1","22","8","C03","24.099721","120.651626","2"
"2019","3","25","7","40","臺中市","潭子區","0","0","8","","","50","","","","","","","","","","","","","","","","","","","","B03","","","1","","2","","","19","","1","22","","B03","24.19401","120.698786","3"
"2019","3","25","7","40","臺中市","神岡區","0","1","8","1","5","50","14","9","1","5","4","5","7","4","4","9","5","5","1","18","42","2","9","1","1","C03","7","9","1","10","2","14","","42","42","1","22","9","C03","24.267709","120.659778","2"
"2019","3","25","7","43","臺中市","北屯區","0","2","7","1","5","40","4","1","1","5","4","5","7","4","4","10","5","5","2","15","6","2","9","1","1","C03","7","9","1","10","2","12","","6","6","1","19","8","C03","24.182498","120.670455","2"
"2019","3","25","7","45","臺中市","南區","0","1","8","1","5","50","4","1","1","5","4","5","7","1","1","10","5","5","2","17","19","2","9","1","1","C03","7","1","1","10","2","14","","19","19","1","22","8","C03","24.119807","120.663595","2"
"2019","3","25","7","45","臺中市","烏日區","0","0","8","","","30","","","","","","","","","","","","","","","","","","","","B01","","","1","","2","","","23","","1","","","B01","24.111593","120.616444","3"
"2019","3","25","7","45","臺中市","大雅區","0","1","6","1","5","40","3","1","1","4","4","5","7","4","4","10","5","5","1","12","23","3","10","1","1","C03","7","9","1","10","2","11","","23","23","1","12","9","C03","24.20836","120.64557","2"
"2019","3","25","7","48","臺中市","后里區","0","2","6","1","5","50","4","1","1","4","4","5","7","4","4","9","5","5","1","11","6","2","9","3","4","C03","7","9","1","10","2","11","","42","6","1","22","8","C03","24.303632","120.668092","2"
"2019","3","25","7","50","臺中市","后里區","0","1","8","1","5","50","14","9","1","5","4","5","7","4","4","9","4","5","1","16","19","3","10","3","4","B02","7","1","1","8","2","7","","19","19","1","21","8","B02","24.295938","120.705366","2"
"2019","3","25","7","52","臺中市","潭子區","0","2","7","1","5","50","3","1","1","5","4","5","7","4","4","10","5","5","2","16","8","2","9","1","1","C03","7","9","1","10","2","11","","16","8","1","22","8","C03","24.209174","120.706997","2"
"2019","3","25","7","53","臺中市","南區","0","1","8","1","5","50","4","1","1","5","4","5","7","1","1","10","5","5","2","16","6","3","10","1","1","B12","7","6","1","8","2","2","","6","6","1","21","8","B12","24.124821","120.657575","2"
"2019","3","25","7","54","臺中市","大里區","0","0","8","","","40","","","","","","","","","","","","","","","23","","","","","B03","","","1","","2","","","23","23","1","4","","B03","24.097904","120.67865","3"
"2019","3","25","7","55","臺中市","東區","0","0","8","","","50","","","","","","","","","","","","","","","","","","","","B03","","","1","","2","","","23","","1","22","","B03","24.138867","120.698048","3"
"2019","3","25","7","55","臺中市","西屯區","0","0","8","","","50","","","","","","","","","","","","","","","","","","","","","","","7","","11","","","43","","","","","","24.168046","120.658037","3"
"2019","3","25","7","55","臺中市","后里區","0","0","6","","","50","","","","","","","","","","","","","","","","","","","","B01","","","1","","2","","","12","","1","22","","B01","24.309057","120.727042","3"
"2019","3","25","7","57","臺中市","北屯區","0","0","8","","","60","","","","","","","","","","","","","","","","","","","","B03","","","1","","2","","","16","","1","21","","B03","24.163648","120.71477","3"
"2019","3","25","8","0","臺中市","南區","0","1","7","1","5","50","3","2","1","5","4","5","7","4","4","10","5","5","2","18","43","2","8","1","1","C03","7","5","1","10","2","14","","43","43","1","21","8","C03","24.1136959","120.655952","2"
"2019","3","25","8","1","臺中市","西屯區","0","1","7","1","5","40","14","8","1","4","4","5","7","4","4","5","5","4","2","13","16","2","8","1","1","C03","7","9","1","10","2","11","","16","16","1","4","8","C03","24.171828","120.664371","2"
"2019","3","25","8","5","臺中市","西區","0","0","8","","","50","","","","","","","","","","","","","","","","","","","","B03","","","1","","2","","","23","","1","21","","B03","24.136483","120.674944","4"
"2019","3","25","8","10","臺中市","大甲區","0","1","8","1","5","70","4","1","1","5","4","5","7","1","1","10","5","5","2","16","8","2","8","1","1","C03","7","5","1","10","2","11","","8","8","1","5","8","C03","24.342096","120.617352","2"
"2019","3","25","8","15","臺中市","西屯區","0","0","8","","","60","","","","","","","","","","","","","","","","","","","","B03","","","1","","2","","","23","","1","","","B03","24.170474","120.63233","3"
"2019","3","25","8","15","臺中市","大肚區","0","3","8","1","5","50","14","9","1","5","4","5","7","4","4","5","5","5","2","16","26","2","7","1","1","C03","7","11","4","4","2","11","","26","26","1","21","8","C03","24.169813","120.579438","2"
"2019","3","25","8","18","臺中市","南區","0","0","8","","","50","","","","","","","","","","","","","","","","3","","","","B03","","","1","","2","","","7","","1","21","","B03","24.118971","120.669395","3"
"2019","3","25","8","18","臺中市","西屯區","0","1","7","1","5","50","4","4","1","5","4","5","7","1","1","5","4","4","2","13","42","3","10","1","1","B02","7","9","1","8","2","1","","42","42","1","4","8","B02","24.185236","120.639948","2"
"2019","3","25","8","20","臺中市","清水區","0","0","","","","50","","","","","","","","","","","","","","","","","","","","B03","","","1","","2","","","23","","1","5","","B03","24.262536","120.550789","3"
"2019","3","25","8","25","臺中市","霧峰區","0","1","7","1","5","40","4","1","1","5","4","5","7","4","4","10","5","5","2","15","6","3","10","1","1","C03","7","9","1","10","2","12","","6","6","1","21","8","C03","24.078328","120.713146","2"
"2019","3","25","8","29","臺中市","北區","0","0","6","1","5","50","","","","","","","","","","","","","","","7","","","","","B03","","","1","","2","","","7","7","1","","","B03","24.160233","120.691753","3"
"2019","3","25","8","30","臺中市","東區","0","0","6","1","5","50","14","9","1","4","4","5","6","4","4","5","4","5","2","14","19","3","10","1","1","B03","7","2","1","8","11","3","","19","19","1","21","8","B03","24.138597","120.708957","3"
"2019","3","25","8","32","臺中市","霧峰區","0","1","8","1","5","50","4","1","1","5","4","5","7","1","1","10","5","5","2","16","6","3","10","1","1","B12","7","6","1","2","2","5","","6","6","1","21","8","B12","24.070927","120.679971","2"
"2019","3","25","8","36","臺中市","北屯區","0","0","8","","","50","","","","","","","","","","","","","","","","","","","","B03","","","1","","2","","","23","","1","22","","B03","24.163173","120.688503","3"
"2019","3","25","8","43","臺中市","西屯區","0","0","8","","","50","","","","","","","","","","","","","","","","","","","","B03","","","1","","2","","","23","","1","21","","B03","24.166834","120.647726","3"
"2019","3","25","8","46","臺中市","太平區","0","0","8","","","50","","","","","","","","","","","","","","","42","","","","","B03","","","1","","2","","","42","42","1","5","","B03","24.14977","120.725847","3"
"2019","3","25","8","47","臺中市","北屯區","0","0","8","","","50","","","","","","","","","","","","","","","","","","","","C03","","","1","","2","","","16","","1","5","","C03","24.200882","120.68659","3"
"2019","3","25","8","48","臺中市","西區","0","0","8","","","40","","","","","","","","","","","","","","","","","","","","C03","","","1","","2","","","23","","1","21","","C03","24.159209","120.660941","3"
"2019","3","25","8","48","臺中市","沙鹿區","0","2","8","1","5","40","3","9","1","5","4","5","7","4","4","7","5","5","1","16","6","3","10","1","1","C03","7","5","1","10","2","11","","6","6","1","5","8","C03","24.235237","120.56049","2"
"2019","3","25","8","53","臺中市","西屯區","0","0","8","","","80","","","","","","","","","","","","","","","","","","","","B03","","","1","","2","","","23","","1","4","","B03","24.175827","120.63433","3"
"2019","3","25","8","55","臺中市","北屯區","0","1","8","1","5","50","3","1","1","5","4","5","7","1","1","10","5","5","2","18","23","2","9","3","1","C03","7","9","1","10","2","14","","23","23","1","4","8","C03","24.167188","120.717451","2"
"2019","3","25","8","55","臺中市","大雅區","0","1","7","1","5","40","4","2","1","5","4","5","7","4","4","5","5","5","1","17","19","3","10","1","1","C03","7","1","1","10","2","15","","19","19","1","22","8","C03","24.218098","120.647163","2"
"2019","3","25","9","0","臺中市","東區","0","0","8","","","50","","","","","","","","","","","","","","","","","","","","B12","","","1","","2","","","7","","1","22","","B12","24.147916","120.699576","3"
"2019","3","25","9","0","臺中市","南屯區","0","1","8","1","5","50","4","1","1","4","4","5","7","1","1","10","5","5","2","15","25","2","9","1","1","C03","7","9","1","10","2","11","11","25","25","1","5","3","C03","24.139319","120.599631","2"
"2019","3","25","9","5","臺中市","西屯區","0","1","7","1","5","40","4","1","1","5","4","5","7","4","4","6","2","5","2","16","6","3","10","1","1","B12","7","5","1","5","2","1","","6","6","1","22","8","B12","24.175515","120.618028","2"
"2019","3","25","9","22","臺中市","西屯區","0","0","8","","","40","","","","","","","","","","","","","","","","","","","","B12","","","1","","2","","","12","","1","","","B12","24.160773","120.651461","3"
"2019","3","25","9","35","臺中市","潭子區","0","2","7","1","5","50","4","1","1","5","4","5","7","2","1","10","5","5","2","16","23","2","9","1","1","C03","7","9","1","10","2","11","","23","23","1","22","8","C03","24.210026","120.704576","2"
"2019","3","25","9","50","臺中市","南區","0","1","6","1","5","50","3","1","1","4","4","5","7","4","4","10","5","5","2","16","19","3","10","1","1","B03","7","1","1","8","2","8","","19","19","1","22","8","B03","24.109914","120.657828","2"
"2019","3","25","9","54","臺中市","龍井區","0","1","6","1","5","50","14","9","1","4","4","5","7","4","4","5","5","5","2","16","26","3","10","1","1","B12","7","11","1","8","2","5","","26","26","1","10","8","B12","24.186136","120.582403","2"
"2019","3","25","10","0","臺中市","北區","0","0","6","","","50","","","","","","","","","","","","","","","","","","","","B03","","","1","","2","","","23","","1","","","B03","24.155509","120.681653","3"
"2019","3","25","10","1","臺中市","北屯區","0","0","6","","","50","","","","","","","","","","","","","","","6","","","","","B03","","","1","","2","","","6","6","1","","","B03","24.17497","120.681131","3"
"2019","3","25","10","3","臺中市","北區","0","0","6","","","50","","","","","","","","","","","","","","","12","","","","","B03","","","1","","2","","","12","12","1","5","","B03","24.145533","120.673207","3"
"2019","3","25","10","3","臺中市","南屯區","0","0","6","","","40","","","","","","","","","","","","","","","","","","","","C03","","","1","","2","","","6","","1","","","C03","24.138898","120.650993","3"
"2019","3","25","10","15","臺中市","清水區","0","0","6","","","50","","","","","","","","","","","","","","","","","","","","B03","","","1","","2","","","16","","1","21","","B03","24.275368","120.577244","3"
"2019","3","25","10","19","臺中市","東區","0","0","","","","","","","","","","","","","","","","","","","","","","","","C03","","","1","","2","","","23","","1","5","","C03","24.133678","120.684916","3"
"2019","3","25","10","22","臺中市","梧棲區","0","0","8","","","50","","","","","","","","","","","","","","","","","","","","B12","","","1","","2","","","12","","1","9","","B12","24.254847","120.53053","3"
"2019","3","25","10","28","臺中市","大雅區","0","1","6","1","5","40","3","1","1","4","4","5","7","4","4","10","5","5","2","17","19","3","10","1","1","B03","7","1","1","8","2","1","","19","19","1","22","9","B03","24.22923","120.6554","2"
"2019","3","25","10","29","臺中市","西屯區","0","0","6","","","80","","","","","","","","","","","","","","","","","","","","B02","","","1","","2","","","16","","1","22","","B02","24.154995","120.62498","3"
"2019","3","25","10","29","臺中市","烏日區","0","1","8","1","5","70","3","1","1","4","4","5","7","2","1","1","3","1","1","11","8","3","10","1","1","B03","7","5","1","8","2","1","","8","8","1","21","8","B03","24.113672","120.61082","2"
"2019","3","25","10","35","臺中市","大里區","0","0","6","","","50","","","","","","","","","","","","","","","7","","","","","B03","","","1","","2","","","23","7","1","4","","B03","24.102631","120.700947","3"
"2019","3","25","10","35","臺中市","石岡區","0","0","6","","","50","","","","","","","","","","","","","","","","","","","","B03","","","1","","2","","","23","","1","9","","B03","24.277633","120.765605","3"
"2019","3","25","11","4","臺中市","大雅區","0","1","6","1","5","50","14","8","1","4","4","5","7","4","4","1","4","4","1","16","6","3","10","1","1","B03","7","6","1","8","2","2","","6","6","1","22","9","B03","24.233306","120.63619","2"
"2019","3","25","11","7","臺中市","石岡區","0","0","6","","","50","","","","","","","","","","","","","","","","","","","","A12","","","1","","2","","","23","","1","22","","A12","24.274469","120.78201","3"
"2019","3","25","11","8","臺中市","北屯區","0","1","6","1","5","50","4","1","1","4","4","5","7","1","1","10","5","5","2","13","23","3","10","1","1","B03","7","9","6","18","2","8","","23","23","2","4","8","B03","24.169856","120.7024","2"
"2019","3","25","11","10","臺中市","西屯區","0","1","7","1","5","50","14","9","1","5","4","5","7","4","4","5","4","5","2","13","16","2","9","1","1","C03","7","9","1","10","2","11","","16","16","1","4","8","C03","24.184794","120.625409","2"
"2019","3","25","11","20","臺中市","大肚區","0","0","6","","","50","","","","","","","","","","","","","","","","","","","","B12","","","1","","2","","","19","","1","21","","B12","24.122906","120.565455","3"
"2019","3","25","11","26","臺中市","沙鹿區","0","0","6","","","50","","","","","","","","","","","","","","","","","","","","A11","","","1","","2","","","12","","1","10","","A11","24.225332","120.565962","3"
"2019","3","25","11","28","臺中市","梧棲區","0","0","6","","","80","","","","","","","","","","","","","","","","","","","","B03","","","1","","2","","","16","","1","9","","B03","24.244312","120.533832","3"
"2019","3","25","11","34","臺中市","東區","0","0","6","1","5","50","14","7","1","4","4","5","7","1","1","7","4","4","2","13","23","3","10","1","1","B03","7","15","1","8","2","1","","23","23","1","21","8","B03","24.12976","120.696635","3"
"2019","3","25","11","36","臺中市","南區","0","0","8","","","50","","","","","","","","","","","","","","","23","3","","","","B12","","","1","","2","","","44","23","1","21","","B12","24.114806","120.654951","3"
"2019","3","25","11","38","臺中市","西屯區","0","0","6","","","50","","","","","","","","","","","","","","","16","","","","","B03","","","1","","2","","","16","16","1","","","B03","24.155693","120.64785","3"
"2019","3","25","11","40","臺中市","大里區","0","0","8","","","50","","","","","","","","","","","","","","","","","","","","B03","","","1","","2","","","23","","1","5","","B03","24.115296","120.68628","3"
"2019","3","25","11","48","臺中市","南區","0","1","6","1","5","50","4","1","1","4","3","5","7","1","1","10","5","5","2","16","26","3","10","1","1","B03","7","6","1","8","2","5","","26","26","1","21","8","B03","24.115536","120.655686","2"
"2019","3","25","11","50","臺中市","東區","0","0","6","","","50","","","","","","","","","","","","","","","6","","","","","B03","","","1","","2","","","6","6","1","22","","B03","24.147999","120.706282","3"
"2019","3","25","11","50","臺中市","霧峰區","0","0","6","","","70","","","","","","","","","","","","","","","12","","","","","B03","","","1","","5","","","44","12","1","22","","B03","24.06952","120.696946","3"
"2019","3","25","11","56","臺中市","北屯區","0","0","8","","","50","","","","","","","","","","","","","","","","","","","","B03","","","1","","2","","","25","","1","22","","B03","24.18235","120.721543","3"
"2019","3","25","12","5","臺中市","潭子區","0","0","8","1","8","60","14","22","1","4","4","5","7","4","4","10","5","5","2","16","","","","","","B03","","","1","","2","","","23","","1","22","","B03","","","3"
"2019","3","25","12","7","臺中市","北區","0","0","6","1","5","40","","","","","","","","","","","","","","","","","","","","B03","","","1","","2","","","23","","1","5","","B03","24.163086","120.678444","3"
"2019","3","25","12","13","臺中市","南屯區","0","1","6","1","5","40","14","9","1","4","4","5","7","4","4","5","4","5","2","16","19","3","10","1","1","B03","7","1","1","8","2","4","","19","19","1","4","8","B03","24.1469","120.641766","2"
"2019","3","25","12","20","臺中市","西屯區","0","0","","","","","","","","","","","","","","","","","","","","","","","","B12","","","1","","2","","","16","","1","22","","B12","24.15036","120.622278","3"
"2019","3","25","12","20","臺中市","烏日區","0","1","6","1","5","40","14","8","1","4","4","5","7","4","4","1","5","1","2","18","43","2","9","1","1","C03","7","12","1","10","2","11","","43","43","1","22","8","C03","24.099721","120.651626","2"
"2019","3","25","12","30","臺中市","西屯區","0","1","6","1","5","40","3","1","1","4","4","5","7","4","4","10","5","5","2","16","6","3","10","1","1","C03","7","6","1","10","2","12","","6","6","1","18","8","C03","24.183572","120.60674","2"
"2019","3","25","12","34","臺中市","石岡區","0","0","8","1","5","50","4","2","1","5","4","5","7","3","1","10","5","5","1","12","23","3","10","1","1","B03","7","9","1","8","2","8","","23","23","1","19","8","B03","24.276726","120.775399","3"
"2019","3","25","12","40","臺中市","沙鹿區","0","0","6","","","50","","","","","","","","","","","","","","","","","","","","B03","","","1","","2","","","6","","","4","","B03","24.238817","120.561163","3"
"2019","3","25","12","43","臺中市","北屯區","0","2","6","1","5","50","4","1","1","4","4","5","7","4","4","10","5","5","2","15","6","3","10","1","1","B03","7","9","1","8","2","1","","6","6","1","22","8","B03","24.171337","120.719476","2"
"2019","3","25","12","46","臺中市","霧峰區","0","1","7","1","5","50","14","8","1","5","4","5","7","4","4","5","5","4","1","17","40","3","10","1","1","B03","7","13","1","8","2","4","","40","40","1","5","8","B03","24.062406","120.698456","2"
"2019","3","25","12","51","臺中市","北屯區","0","0","6","","","50","","","","","","","","","","","","","","","","","","","","B03","","","1","","2","","","23","","1","","","B03","24.171936","120.685531","3"
"2019","3","25","12","51","臺中市","太平區","0","1","6","1","5","50","14","7","1","4","4","5","7","4","4","5","5","4","1","17","10","3","10","1","1","B03","7","11","1","8","2","7","","10","10","1","5","8","B03","24.121409","120.734135","2"
"2019","3","25","12","54","臺中市","太平區","0","0","6","","","50","","","","","","","","","","","","","","","","","","","","B03","","","1","","2","","","19","","1","4","","B03","24.149081","120.716068","3"
"2019","3","25","12","55","臺中市","梧棲區","0","0","6","","","50","","","","","","","","","","","","","","","","","","","","B12","","","1","","2","","","6","","1","10","","B12","24.256214","120.532791","3"
"2019","3","25","12","55","臺中市","潭子區","0","0","8","","","60","","","","","","","","","","","","","","","","","","","","B03","","","1","","2","","","23","","1","22","","B03","24.205491","120.704801","3"
"2019","3","25","13","4","臺中市","東區","0","0","6","","","50","","","","","","","","","","","","","","","","","","","","B01","","","1","","2","","","25","","1","5","","B01","24.133596","120.684961","3"
"2019","3","25","13","4","臺中市","東區","0","1","6","1","5","50","14","7","1","4","4","5","7","4","4","9","5","4","2","16","19","3","10","1","1","B03","7","1","1","8","2","4","","19","19","1","5","8","B03","24.14818","120.705832","2"
"2019","3","25","13","6","臺中市","霧峰區","0","0","6","1","5","50","4","1","1","4","4","5","","1","1","10","5","5","2","17","42","3","10","1","1","A41","7","11","1","1","2","3","","42","42","1","10","3","A41","24.076598","120.707774","3"
"2019","3","25","13","10","臺中市","東區","0","0","6","","","50","","","","","","","","","","","","","","","","","","","","B03","","","1","","1","","","6","","1","22","","B03","24.143298","120.708842","3"
"2019","3","25","13","18","臺中市","沙鹿區","0","0","8","","","50","","","","","","","","","","","","","","","","","","","","B03","","","1","","2","","","23","","1","3","","B03","24.234216","120.560676","3"
"2019","3","25","13","25","臺中市","西屯區","0","0","6","","","40","","","","","","","","","","","","","","","","","","","","B03","","","1","","2","","","25","","1","","","B03","24.171268","120.630371","3"
"2019","3","25","13","26","臺中市","東勢區","0","2","6","1","5","50","3","1","1","4","4","5","7","4","4","10","5","5","2","16","11","3","10","1","1","B03","7","11","1","8","2","1","","11","11","1","21","8","B03","24.26404","120.826256","2"
"2019","3","25","13","35","臺中市","南區","0","1","6","1","5","40","14","8","1","4","4","5","7","4","4","1","4","4","2","18","42","2","9","1","1","C03","7","9","1","10","2","15","","42","42","1","22","8","C03","24.118376","120.679397","2"
"2019","3","25","13","35","臺中市","大雅區","0","0","6","","","40","","","","","","","","","","","","","","","","","","","","A12","","","1","","2","","","23","","1","21","","A12","24.234305","120.63757","3"
"2019","3","25","13","42","臺中市","霧峰區","0","1","6","1","5","50","11","9","1","4","4","5","7","4","4","5","2","5","1","17","43","2","9","1","1","C03","7","9","3","18","8","15","","43","43","1","22","8","C03","24.040665","120.709486","2"
"2019","3","25","13","44","臺中市","北區","0","1","6","1","5","50","4","1","1","4","4","5","7","4","4","10","5","5","2","15","6","2","9","1","4","C03","7","9","1","10","2","12","","6","6","1","5","8","C03","24.163904","120.668164","2"
"2019","3","25","13","51","臺中市","沙鹿區","0","0","6","","","60","","","","","","","","","","","","","","","","","","","","A41","","","1","","2","","","31","","1","10","","A41","24.22566","120.577006","3"
"2019","3","25","13","55","臺中市","北屯區","0","1","8","1","5","50","3","1","1","5","4","5","7","4","4","1","4","5","2","16","6","3","10","1","1","B03","7","6","1","8","2","7","","6","6","1","4","8","B03","24.161741","120.693625","2"
"2019","3","25","13","58","臺中市","西屯區","0","0","6","","","50","","","","","","","","","","","","","","","","","","","","B03","","","1","","2","","","16","","1","22","","B03","24.203674","120.653339","3"
"2019","3","25","14","12","臺中市","烏日區","0","0","6","","","40","","","","","","","","","","","","","","","","","","","","B03","","","1","","2","","","23","","1","21","","B03","24.085773","120.637668","3"
"2019","3","25","14","16","臺中市","西屯區","0","0","6","","","50","","","","","","","","","","","","","","","","","","","","B12","","","1","","2","","","12","","1","22","","B12","24.164996","120.636526","3"
"2019","3","25","14","29","臺中市","北屯區","0","0","6","","","50","","","","","","","","","","","","","","","23","","","","","B03","","","1","","2","","","23","23","1","5","","B03","24.17554","120.670658","3"
"2019","3","25","14","31","臺中市","南屯區","0","0","8","","","40","","","","","","","","","","","","","","","","","","","","B02","","","1","","2","","","12","","1","","","B02","24.142311","120.642689","3"
"2019","3","25","14","41","臺中市","南區","0","0","8","","","50","","","","","","","","","","","","","","","","3","","","","B12","","","1","","2","","","23","","1","21","","B12","24.134473","120.65682","3"
"2019","3","25","14","47","臺中市","沙鹿區","0","1","7","1","5","50","4","1","1","4","4","5","7","2","1","1","4","4","1","16","25","3","10","1","1","B12","7","9","1","8","2","1","","25","25","1","19","8","B12","24.226755","120.575249","2"
"2019","3","25","14","55","臺中市","西區","0","2","7","1","5","50","4","1","1","5","4","5","7","4","4","5","5","5","2","16","6","2","9","3","4","C03","7","9","1","10","2","12","","6","6","1","21","8","C03","24.151593","120.673644","2"
"2019","3","25","15","0","臺中市","霧峰區","0","0","8","","","40","","","","","","","","","","","","","","","","","","","","B03","","","1","","2","","","23","","1","21","","B03","24.06527","120.681375","3"
"2019","3","25","15","1","臺中市","東區","0","1","7","1","5","50","4","7","1","5","4","5","7","4","4","9","4","4","2","18","23","2","9","1","1","C03","7","9","1","10","2","14","","23","23","1","5","8","C03","24.12562","120.684244","2"
"2019","3","25","15","2","臺中市","大雅區","0","0","6","","","40","","","","","","","","","","","","","","","","","","","","B03","","","1","","2","","","12","","1","","","B03","24.22615","120.652989","3"
"2019","3","25","15","14","臺中市","霧峰區","0","0","6","","","40","","","","","","","","","","","","","","","","","","","","B12","","","1","","2","","","42","","1","","","B12","24.052643","120.674851","3"
"2019","3","25","15","19","臺中市","西區","0","1","8","1","5","50","15","9","1","5","4","5","7","4","4","10","5","5","2","16","9","3","10","1","1","B02","7","6","1","8","2","5","","9","9","1","1","5","B02","24.138954","120.678659","2"
"2019","3","25","15","29","臺中市","西屯區","","","8","","","50","","","","","","","","","","","","","","","","","","","","B03","","","1","","2","","","23","","1","22","","B03","24.159326","120.639267","3"
"2019","3","25","15","29","臺中市","梧棲區","0","2","8","1","5","60","3","9","1","4","4","5","7","4","4","1","4","5","1","16","9","2","9","1","1","C03","7","6","1","10","2","12","","9","9","1","20","9","C03","24.259983","120.540397","2"
"2019","3","25","15","30","臺中市","大肚區","0","0","8","","","50","","","","","","","","","","","","","","","","","","","","B03","","","1","","2","","","12","","1","4","","B03","24.151661","120.544993","3"
"2019","3","25","15","30","臺中市","潭子區","0","1","7","1","5","50","3","1","1","5","4","5","7","3","1","10","5","5","2","15","19","3","10","1","1","C03","7","1","1","10","2","13","","19","19","1","22","8","C03","24.215522","120.705984","2"
"2019","3","25","15","30","臺中市","豐原區","0","0","6","","","50","","","","","","","","","","","","","","","","","","","","B12","","","1","","2","","","12","","1","12","","B12","24.239855","120.721586","3"
"2019","3","25","15","33","臺中市","南區","0","1","7","1","5","50","14","9","1","4","4","5","7","4","4","5","4","5","2","18","23","2","9","1","1","C03","7","9","1","10","2","12","","23","23","1","21","8","C03","24.13186","120.684191","2"
"2019","3","25","15","37","臺中市","新社區","0","1","7","1","5","50","4","1","1","4","4","5","7","4","4","10","5","5","2","16","6","2","9","1","1","C03","7","9","1","10","2","12","","6","6","1","21","8","C03","24.264021","120.826221","2"
"2019","3","25","15","39","臺中市","大雅區","0","0","8","","","40","","","","","","","","","","","","","","","","","","","","B03","","","1","","2","","","23","","1","21","","B03","24.226461","120.647126","3"
"2019","3","25","15","43","臺中市","北屯區","0","0","8","","","50","","","","","","","","","","","","","","","","","","","","B03","","","1","","2","","","23","","1","22","","B03","24.182427","120.721598","3"
"2019","3","25","15","44","臺中市","北區","0","0","8","","","50","","","","","","","","","","","","","","","23","","","","","B12","","","1","8","2","","","23","23","1","","","B12","24.163106","120.685369","3"
"2019","3","25","15","49","臺中市","神岡區","0","0","8","","","50","","","","","","","","","","","","","","","23","","","","","B03","","","1","","2","","","23","23","1","21","","B03","24.274803","120.705048","3"
"2019","3","25","15","50","臺中市","東區","0","1","8","1","5","50","4","1","1","5","4","5","7","4","4","10","5","5","2","29","23","2","9","1","1","C03","7","9","1","10","2","14","","23","23","1","22","8","C03","24.129876","120.685668","2"
"2019","3","25","16","0","臺中市","西屯區","0","0","8","","","50","","","","","","","","","","","","","","","","","","","","B01","","","1","","2","","","7","","1","22","","B01","24.181622","120.638541","3"
"2019","3","25","16","5","臺中市","北屯區","0","1","8","1","5","50","14","8","1","5","4","5","7","4","4","5","4","4","2","16","7","3","10","1","1","B12","7","8","1","8","2","6","","7","7","1","21","8","B12","24.164901","120.689357","2"
"2019","3","25","16","11","臺中市","烏日區","0","1","8","1","5","50","4","1","1","5","4","5","7","1","1","10","5","5","2","12","26","2","9","1","4","C03","7","4","1","10","2","14","","26","26","1","22","8","C03","24.093216","120.648386","2"
"2019","3","25","16","12","臺中市","大雅區","0","0","8","","","40","","","","","","","","","","","","","","","","","","","","B03","","","1","","2","","","5","","1","22","","B03","24.22154","120.62815","3"
"2019","3","25","16","16","臺中市","大里區","0","0","8","","","50","","","","","","","","","","","","","","","","","","","","B03","","","1","","2","","","42","","1","21","","B03","24.111295","120.688502","3"
"2019","3","25","16","22","臺中市","西區","0","0","8","1","5","50","4","1","1","5","4","5","7","1","1","10","5","5","2","12","","","","","","B02","","","1","","2","","","17","","1","3","","B02","24.150907","120.66525","3"
"2019","3","25","16","33","臺中市","西區","0","0","8","","","50","","","","","","","","","","","","","","","","","","","","B12","","","1","","2","","","12","","1","21","","B12","24.140025","120.660145","3"
"2019","3","25","16","33","臺中市","西屯區","0","1","8","1","5","50","14","8","1","5","4","5","7","4","4","1","4","4","2","16","7","3","10","3","4","B03","7","8","1","8","2","2","","7","7","1","21","8","B03","24.172479","120.642489","2"
"2019","3","25","16","33","臺中市","西屯區","0","0","8","1","5","50","14","9","1","5","4","5","7","4","4","8","3","5","1","13","","","","","","B03","","","1","","2","","","23","","1","22","","B03","24.181668","120.635033","4"