"年","月","日","時","分","縣市","區","死","受傷","天候","光線","道路類別","速限","道路型態","事故位置","路面鋪裝","路面狀態","路面缺陷","障礙物","視距","號誌種類","號誌動作","分向設施","快車道或一般車道間","快慢車道間","路面邊線","事故類型及型態","主要肇因","受傷程度","主要傷處","保護裝備","行動電話","當事者區分","車輛用途","當事者行動狀態","駕駛資格情形","駕駛執照種類","飲酒情形","車輛撞擊部位最初","車輛撞擊部位其他","肇事因素個別","肇事因素主要","肇事逃逸","職業","旅次目的","車種","GPS座標緯度","GPS座標經度","事故類別"
"2019","3","25","16","35","臺中市","大甲區","0","0","8","1","5","40","14","9","1","5","4","5","6","4","1","10","5","5","1","15","6","3","10","1","1","B03","7","9","1","8","2","4","","6","6","1","2","1","B03","24.351108","120.61915","3"
"2019","3","25","16","45","臺中市","北屯區","0","2","8","1","5","50","14","7","1","5","4","5","7","4","4","1","4","4","2","12","19","3","10","1","1","B03","7","1","1","8","2","8","","19","19","1","21","8","B03","24.186958","120.663422","2"
"2019","3","25","16","46","臺中市","大雅區","0","2","8","1","5","50","4","1","1","5","4","5","7","4","4","10","5","5","2","16","6","2","9","1","1","C03","7","9","1","10","2","12","","6","6","1","22","9","C03","24.229713","120.654955","2"
"2019","3","25","16","55","臺中市","霧峰區","0","1","8","1","5","70","3","2","1","4","4","5","7","4","4","1","4","4","1","16","4","3","10","1","1","C03","7","9","1","10","2","14","","4","4","1","20","8","C03","24.045706","120.692416","2"
"2019","3","25","16","56","臺中市","西區","0","0","7","1","5","50","14","8","1","5","4","5","7","4","4","4","2","4","2","17","42","","","","","B03","","","1","","2","","","38","42","1","22","","B03","24.15252","120.670602","3"
"2019","3","25","17","0","臺中市","大里區","0","0","8","","","50","","","","","","","","","","","","","","","","","","","","A05","","","1","","2","","","44","","1","22","","A05","24.096664","120.69839","3"
"2019","3","25","17","0","臺中市","大雅區","0","2","8","2","5","40","3","1","1","5","4","5","7","4","4","5","5","5","2","16","6","2","9","1","1","C03","7","5","1","10","2","11","","6","6","1","22","9","C03","24.228842","120.634884","2"
"2019","3","25","17","5","臺中市","東區","0","1","7","1","5","40","14","8","1","5","4","5","7","4","4","9","4","4","2","13","23","3","10","1","1","C03","7","9","1","10","2","11","","23","23","1","5","8","C03","24.130468","120.686946","2"
"2019","3","25","17","5","臺中市","烏日區","0","0","8","","","50","","","","","","","","","","","","","","","","","","","","A12","","","1","","2","","","12","","","23","","A12","24.061281","120.64338","3"
"2019","3","25","17","7","臺中市","潭子區","0","2","8","1","5","50","14","9","1","5","4","5","7","4","4","9","4","5","1","13","23","3","10","1","1","B03","7","9","1","8","8","1","","23","23","1","22","1","B03","24.22319","120.69933","2"
"2019","3","25","17","13","臺中市","南屯區","0","2","8","1","5","40","14","8","1","5","4","5","7","4","4","1","5","1","2","12","23","2","9","1","1","C03","7","9","1","10","2","14","","23","23","1","22","8","C03","24.16406","120.586161","2"
"2019","3","25","17","14","臺中市","東區","0","3","8","1","5","50","3","1","1","5","4","5","7","4","4","10","5","5","2","16","7","2","9","1","1","C03","7","7","1","10","2","14","","7","7","1","22","8","C03","24.144508","120.70509","2"
"2019","3","25","17","14","臺中市","霧峰區","0","0","8","","","40","","","","","","","","","","","","","","","","","","","","C03","","","1","","2","","","16","","1","21","","C03","24.072071","120.662823","3"
"2019","3","25","17","16","臺中市","北屯區","0","0","","1","5","50","14","9","1","5","4","5","7","4","4","9","5","5","2","16","19","3","10","1","1","B03","7","1","1","8","2","1","","19","19","1","21","8","B03","24.170016","120.733986","3"
"2019","3","25","17","17","臺中市","大雅區","0","0","8","","","50","","","","","","","","","","","","","","","","","","","","B03","","","1","","2","","","23","","1","","","B03","24.224115","120.653606","3"
"2019","3","25","17","18","臺中市","北屯區","0","0","8","","","40","","","","","","","","","","","","","","","17","","","","","C03","","","4","","2","","","17","17","1","19","","C03","24.1773","120.7215","3"
"2019","3","25","17","21","臺中市","西屯區","0","0","8","1","5","50","14","7","1","5","4","5","7","4","4","9","4","4","2","16","43","3","10","3","4","B12","7","9","1","8","2","5","","43","43","1","22","9","B12","24.18114","120.638146","3"
"2019","3","25","17","25","臺中市","東區","0","1","8","2","5","50","14","9","1","5","4","5","7","4","4","9","5","5","2","12","26","3","10","1","1","C03","7","9","1","10","2","12","","26","26","1","22","8","C03","24.140695","120.692301","2"
"2019","3","25","17","27","臺中市","潭子區","0","1","7","2","5","50","4","1","1","5","4","5","7","1","1","10","5","5","2","17","6","3","10","1","1","C03","7","5","1","10","2","15","","6","6","1","21","8","C03","24.204723","120.71554","2"
"2019","3","25","17","33","臺中市","北屯區","0","0","8","","","50","","","","","","","","","","","","","","","23","","","","","B03","","","1","","2","","","23","23","1","22","","B03","24.201277","120.685851","3"
"2019","3","25","17","38","臺中市","烏日區","0","0","8","","","60","","","","","","","","","","","","","","","","","","","","B03","","","1","","2","","","8","","","21","","B03","24.10273","120.618325","3"
"2019","3","25","17","38","臺中市","大雅區","0","0","8","","","50","","","","","","","","","","","","","","","","","","","","B03","","","1","","2","","","1","","1","","","B03","24.230566","120.650708","3"
"2019","3","25","17","42","臺中市","東區","0","0","7","1","5","50","4","1","1","5","4","5","7","1","1","9","4","4","2","16","23","","","","","C03","","15","1","10","2","11","","23","23","1","5","","C03","24.130531","120.705044","3"
"2019","3","25","17","44","臺中市","北屯區","0","1","8","2","5","50","14","9","1","5","4","5","7","4","4","1","4","5","2","12","7","3","10","1","1","B03","7","8","1","8","2","2","","7","7","1","21","8","B03","24.17094","120.695054","2"
"2019","3","25","17","45","臺中市","北屯區","0","1","8","1","5","50","4","1","1","4","4","5","7","1","1","10","5","5","2","12","23","2","8","1","1","C03","7","9","1","10","2","11","","23","23","1","21","8","C03","24.1723","120.683378","2"
"2019","3","25","17","47","臺中市","南區","0","0","","","","","","","","","","","","","","","","","","","","","","","","B03","","","1","","2","","","23","","1","21","","B03","24.131104","120.682018","3"
"2019","3","25","17","53","臺中市","西區","0","2","8","1","5","50","4","1","1","5","4","5","7","4","4","10","5","5","2","16","6","2","9","3","4","C03","7","9","1","10","2","11","","6","6","1","21","8","C03","24.149696","120.660862","2"
"2019","3","25","17","54","臺中市","沙鹿區","0","1","8","3","5","50","3","1","1","5","4","5","7","4","4","10","5","5","2","13","23","3","10","1","1","B03","7","9","1","8","2","3","","44","23","1","21","8","B03","24.237283","120.559477","2"
"2019","3","25","17","57","臺中市","北屯區","0","2","7","3","5","50","3","1","1","5","4","5","7","4","4","4","3","5","2","16","19","2","9","1","1","C03","7","1","1","10","2","11","","19","19","1","21","8","C03","24.170551","120.733681","2"
"2019","3","25","18","5","臺中市","潭子區","0","1","7","1","5","80","14","7","1","4","4","5","7","4","4","8","3","4","1","13","23","3","10","1","1","B03","7","9","1","8","2","1","","23","23","1","22","1","B03","24.20132","120.699505","2"
"2019","3","25","18","11","臺中市","西屯區","0","1","8","2","5","50","4","1","1","5","4","5","7","2","1","4","4","4","2","15","25","3","10","3","4","B03","7","9","1","8","2","1","","25","25","1","21","8","B03","24.172421","120.645538","2"
"2019","3","25","18","12","臺中市","清水區","0","0","","","","50","","","","","","","","","","","","","","","","","","","","B02","","","1","","2","","","23","","1","5","","B02","24.270609","120.57727","3"
"2019","3","25","18","14","臺中市","西屯區","0","1","8","3","5","50","3","2","1","5","4","5","7","4","4","5","4","5","2","13","16","2","9","3","4","C03","7","5","1","10","2","11","","16","16","1","22","9","C03","24.188437","120.60526","2"
"2019","3","25","18","15","臺中市","北區","0","1","7","1","5","50","4","1","1","5","4","5","7","1","1","10","5","5","2","3","15","3","10","1","1","C03","7","9","3","18","2","11","","15","15","1","22","8","C03","24.157211","120.678831","2"
"2019","3","25","18","15","臺中市","太平區","0","0","8","","","40","","","","","","","","","","","","","","","","","","","","B03","","","1","","2","","","23","","1","4","","B03","24.133453","120.723718","3"
"2019","3","25","18","15","臺中市","潭子區","0","0","8","4","2","50","3","7","1","5","4","5","1","1","1","1","3","4","1","16","10","3","10","1","1","B03","7","11","1","8","2","5","","10","10","1","21","1","B03","24.220272","120.70629","3"
"2019","3","25","18","17","臺中市","西區","0","2","8","1","5","50","4","1","1","5","4","5","7","4","4","10","5","5","2","16","6","2","9","3","4","C03","7","9","1","10","2","12","","6","6","1","21","8","C03","24.135831","120.660805","2"
"2019","3","25","18","17","臺中市","潭子區","0","2","7","3","5","50","14","9","1","5","4","5","7","4","4","9","4","4","2","12","7","2","9","1","1","C03","7","7","1","10","2","12","","7","7","1","21","8","C03","24.204641","120.71555","2"
"2019","3","25","18","18","臺中市","北屯區","0","0","8","","","50","","","","","","","","","","","","","","","23","","","","","B03","","","1","","2","","","23","23","1","2","","B03","24.1898","120.6616","3"
"2019","3","25","18","19","臺中市","太平區","0","0","8","","","50","","","","","","","","","","","","","","","","","","","","H01","","","8","","2","","","43","","1","20","","H01","24.144351","120.714422","3"
"2019","3","25","18","31","臺中市","北屯區","0","2","8","3","5","40","3","1","1","5","4","5","7","4","4","10","5","5","2","16","8","2","9","1","1","F01","7","5","8","20","2","16","","8","8","1","21","8","F01","24.193257","120.687355","2"
"2019","3","25","18","31","臺中市","沙鹿區","0","0","8","","","40","","","","","","","","","","","","","","","","","","","","B03","","","1","","2","","","12","","1","21","","B03","24.253641","120.567727","3"
"2019","3","25","18","33","臺中市","西區","0","2","8","3","5","50","4","1","1","5","4","5","7","1","1","10","5","5","2","16","42","2","9","1","1","C03","7","6","1","10","2","12","","42","42","1","21","8","C03","24.149897","120.653026","2"
"2019","3","25","18","35","臺中市","烏日區","0","1","7","3","5","70","11","8","1","5","4","5","7","4","4","1","4","4","1","13","7","3","10","1","4","B03","7","8","1","8","3","3","","7","7","1","22","8","B03","24.111503","120.584125","2"
"2019","3","25","18","36","臺中市","西區","0","0","8","3","5","50","14","9","1","5","4","5","7","4","4","5","4","5","2","13","","","","","","C03","","","1","","2","","","23","","1","3","","C03","24.146724","120.661808","3"
"2019","3","25","18","40","臺中市","大肚區","0","0","8","","","40","","","","","","","","","","","","","","","","","","","","B03","","","1","","2","","","23","","1","4","","B03","24.117961","120.578935","3"
"2019","3","25","18","44","臺中市","西屯區","0","0","8","3","5","50","14","9","1","5","4","3","7","4","4","5","5","5","2","11","","","","","","B03","","","1","","2","","","23","","1","22","","B03","24.157753","120.645703","3"
"2019","3","25","18","44","臺中市","梧棲區","0","3","8","3","5","50","3","1","1","5","4","5","7","4","4","10","5","5","1","16","17","2","9","3","4","C03","7","5","1","10","2","14","","17","17","1","21","8","C03","24.225231","120.534055","2"
"2019","3","25","18","46","臺中市","大雅區","0","2","8","3","5","50","4","1","1","5","4","5","7","1","1","5","5","5","1","16","23","2","9","1","1","C03","7","5","1","9","2","14","","44","23","1","22","9","C03","24.229296","120.646977","2"
"2019","3","25","18","47","臺中市","南區","0","1","8","3","5","40","14","8","1","5","4","4","7","4","4","5","5","4","2","13","23","2","9","1","1","C03","7","9","1","10","2","11","","23","23","1","20","5","C03","24.126136","120.663053","2"
"2019","3","25","18","47","臺中市","大里區","0","2","8","3","5","50","4","1","1","5","4","5","7","1","1","10","5","5","2","16","6","2","7","1","1","C03","7","5","1","10","2","11","","6","6","1","21","9","C03","24.115086","120.681092","2"
"2019","3","25","18","51","臺中市","西屯區","0","0","8","","","60","","","","","","","","","","","","","","","","","","","","B03","","","1","","2","","","23","","1","","","B03","24.206246","120.62802","3"
"2019","3","25","18","53","臺中市","北屯區","0","0","8","","","50","","","","","","","","","","","","","","","","","","","","B02","","","1","","2","","","23","","1","","","B02","24.170049","120.69757","3"
"2019","3","25","19","7","臺中市","潭子區","0","1","7","3","5","50","14","9","1","5","4","5","7","4","4","9","4","4","1","17","6","3","10","1","1","B03","7","5","1","8","2","15","","6","6","1","21","8","B03","24.21526","120.690927","2"
"2019","3","25","19","9","臺中市","北區","0","1","8","3","5","50","4","1","1","5","4","5","7","4","4","10","5","5","2","17","23","3","10","3","4","B12","7","5","1","8","2","8","8","23","23","1","22","9","B12","24.15839","120.675462","2"
"2019","3","25","19","28","臺中市","潭子區","0","0","8","","","50","","","","","","","","","","","","","","","","","","","","B03","","","1","","2","","","6","","1","22","","B03","24.190252","120.698007","3"
"2019","3","25","19","30","臺中市","大里區","0","2","8","1","5","50","3","1","1","5","4","5","7","4","4","10","5","5","2","3","23","3","10","1","1","B03","7","5","1","8","2","15","","23","23","1","21","8","B03","24.089019","120.699951","2"
"2019","3","25","19","33","臺中市","東區","0","2","8","3","5","50","5","1","1","5","4","5","7","1","1","10","5","5","2","11","6","2","9","1","1","C03","7","5","1","10","2","11","","6","6","1","22","8","C03","24.142453","120.697205","2"
"2019","3","25","19","36","臺中市","西屯區","0","0","8","","","50","","","","","","","","","","","","","","","","","","","","B03","","","1","","2","","","7","","1","22","","B03","24.160461","120.653668","3"
"2019","3","25","19","40","臺中市","南屯區","0","1","8","3","5","60","4","9","1","5","3","1","7","2","1","3","4","5","2","16","26","3","10","1","1","B03","7","6","1","8","2","2","","26","26","1","22","8","B03","24.145274","120.622631","2"
"2019","3","25","19","50","臺中市","北屯區","0","1","8","3","5","50","14","9","1","5","4","5","7","4","4","1","4","5","2","12","7","3","10","1","1","B03","7","8","5","18","2","2","","7","7","1","21","8","B03","24.17204","120.684841","2"
"2019","3","25","20","7","臺中市","龍井區","0","1","8","3","5","50","3","1","1","5","4","5","7","4","4","5","5","5","2","17","19","3","10","1","1","B03","7","1","1","8","2","8","","19","19","1","21","8","B03","24.182558","120.592878","2"
"2019","3","25","20","13","臺中市","西屯區","0","2","8","3","5","50","5","2","1","5","4","5","7","1","1","8","3","4","1","13","23","2","9","1","1","C03","7","14","1","10","2","11","","23","23","1","22","8","C03","24.168231","120.619316","2"
"2019","3","25","20","23","臺中市","梧棲區","0","0","8","","","50","","","","","","","","","","","","","","","23","","","","","B03","","","1","","2","","","23","23","","","","B03","24.23371","120.548266","3"
"2019","3","25","20","24","臺中市","梧棲區","0","1","8","3","5","40","14","9","1","5","4","5","7","4","4","10","5","5","2","19","21","2","9","3","4","C03","7","9","3","18","8","14","","21","21","1","21","8","C03","24.224657","120.518151","2"
"2019","3","25","20","27","臺中市","南區","0","0","8","3","5","50","4","1","1","5","4","5","7","4","4","10","5","5","2","17","","","","","","G06","","","7","","11","","","43","","1","","","G06","24.126951","120.673326","3"
"2019","3","25","20","30","臺中市","霧峰區","0","1","8","4","5","40","13","9","1","5","4","5","7","4","4","10","5","5","2","18","21","2","9","1","4","C03","7","9","6","18","8","12","","21","21","1","21","8","C03","24.05427","120.759173","2"
"2019","3","25","20","34","臺中市","南區","0","2","7","3","5","50","4","2","1","5","4","5","7","2","1","3","4","5","2","13","16","2","9","1","1","C03","7","9","1","10","2","11","","16","16","1","21","8","C03","24.115368","120.655463","2"
"2019","3","25","20","38","臺中市","大雅區","0","1","8","3","5","50","4","1","1","5","4","5","7","1","1","10","5","5","2","15","25","2","9","1","1","F03","7","9","8","20","2","16","","25","25","1","22","9","F03","24.234853","120.665922","2"
"2019","3","25","21","15","臺中市","西屯區","0","1","8","1","5","40","14","8","1","5","4","5","7","4","4","1","5","1","2","17","42","2","8","3","4","C03","7","9","1","10","2","14","","42","42","1","21","8","C03","24.18258","120.594793","2"
"2019","3","25","21","25","臺中市","中區","0","1","8","3","5","50","4","1","1","5","4","5","7","4","4","10","5","5","2","15","6","3","10","1","1","B03","7","9","1","8","2","1","","6","6","1","21","5","B03","24.145848","120.678467","2"
"2019","3","25","21","27","臺中市","南區","0","1","8","3","5","50","14","7","1","4","4","5","7","4","4","1","4","5","2","18","43","2","9","4","5","F01","7","9","8","20","5","16","","43","43","1","22","8","F01","24.12539","120.664393","2"
"2019","3","25","21","28","臺中市","北區","0","3","8","3","5","50","4","1","1","5","4","5","7","1","1","10","5","5","2","17","25","2","9","1","1","C03","7","9","1","10","2","14","","25","25","1","22","8","C03","24.145883","120.686445","2"
"2019","3","25","21","30","臺中市","大雅區","0","2","8","3","5","50","3","9","1","5","4","5","6","3","1","5","5","5","1","16","6","2","8","1","1","C03","7","5","1","10","2","11","","6","6","1","21","8","C03","24.217311","120.647549","2"
"2019","3","25","21","41","臺中市","北屯區","0","2","7","3","5","50","4","1","1","5","4","5","7","1","1","1","3","5","2","12","16","2","9","1","1","C03","7","9","2","18","2","14","11","16","16","1","21","8","C03","24.167956","120.696314","2"
"2019","3","25","21","54","臺中市","北區","0","0","8","","","50","","","","","","","","","","","","","","","","3","","","","B03","","","1","","2","","","23","","1","22","","B03","24.167702","120.684903","3"
"2019","3","25","21","55","臺中市","西屯區","","","8","","","50","","","","","","","","","","","","","","","","","","","","B12","","","1","","2","","","23","","1","22","","B12","24.180926","120.637878","3"
"2019","3","25","21","56","臺中市","梧棲區","0","0","8","","","60","","","","","","","","","","","","","","","","","","","","B03","","","1","","2","","","22","","1","9","","B03","24.260973","120.540835","4"
"2019","3","25","22","3","臺中市","西屯區","0","0","8","","","50","","","","","","","","","","","","","","","","","","","","B03","","","1","","2","","","7","","1","22","","B03","24.182982","120.621808","3"
"2019","3","25","22","12","臺中市","北區","0","1","8","1","5","50","14","9","1","5","4","5","7","4","4","5","5","5","2","16","19","3","10","1","1","C03","7","1","1","10","2","11","","19","19","1","22","8","C03","24.167017","120.684779","2"
"2019","3","25","22","15","臺中市","南屯區","0","1","8","3","5","50","8","9","1","5","4","5","7","4","4","1","4","5","2","12","7","2","9","1","1","C01","7","7","1","9","2","14","","7","7","1","22","8","C01","24.145363","120.619358","2"
"2019","3","25","23","0","臺中市","大雅區","0","0","8","","","50","","","","","","","","","","","","","","","","","","","","B03","","","1","","2","","","8","","1","","","B03","24.210167","120.650639","3"
"2019","3","25","23","32","臺中市","西屯區","0","1","7","3","5","1","14","20","1","4","4","5","7","4","4","10","5","5","2","18","23","2","9","1","1","C03","7","9","1","10","2","12","","23","23","1","18","8","C03","24.181841","120.596196","2"
"2019","3","25","23","40","臺中市","大雅區","0","2","8","3","5","50","14","8","1","5","4","5","7","4","4","5","5","5","1","3","23","2","9","1","1","C03","7","9","2","18","2","11","","23","23","1","21","8","C03","24.226214","120.647087","2"
"2019","3","26","1","10","臺中市","清水區","0","1","8","3","5","60","14","13","1","5","4","5","7","4","4","5","4","4","1","18","42","2","9","1","1","C03","7","9","1","10","7","12","","42","42","1","7","5","C03","24.320296","120.565708","2"
"2019","3","26","1","19","臺中市","南區","0","0","","","","","","","","","","","","","","","","","","","67","","","","","B03","","","1","","11","","","43","67","2","22","","B03","24.126443","120.665266","3"
"2019","3","26","5","5","臺中市","龍井區","0","1","8","3","5","50","14","13","1","5","4","5","7","4","4","9","5","5","1","12","23","2","9","1","1","C03","7","9","4","8","8","11","","23","23","1","12","8","C03","24.189691","120.545791","2"
"2019","3","26","5","57","臺中市","龍井區","0","1","8","1","5","60","4","1","1","5","4","5","7","1","1","10","5","5","2","17","25","3","10","1","1","B03","7","9","1","8","2","1","","25","25","1","22","8","B03","24.168851","120.579158","2"
"2019","3","26","6","2","臺中市","南區","0","1","8","2","5","50","4","1","1","5","4","5","7","1","1","10","5","5","2","15","25","3","10","1","1","B02","7","9","1","8","2","5","","25","25","1","21","8","B02","24.131088","120.684416","2"
"2019","3","26","6","30","臺中市","清水區","0","2","8","2","5","50","4","1","1","5","4","5","7","4","4","10","5","5","2","16","23","2","7","1","1","C03","7","9","1","10","2","11","","23","23","1","5","5","C03","24.267011","120.576148","2"
"2019","3","26","6","40","臺中市","西屯區","0","0","8","","","40","","","","","","","","","","","","","","","","","","","","B03","","","1","","2","","","26","","1","22","","B03","24.176006","120.588346","3"
"2019","3","26","6","50","臺中市","東勢區","0","1","8","1","5","50","5","1","1","5","4","5","7","4","4","4","5","5","1","16","6","3","10","1","1","C03","7","5","1","10","2","12","","6","6","1","22","8","C03","24.244961","120.841886","2"
"2019","3","26","6","58","臺中市","南區","0","0","","","","","","","","","","","","","","","","","","","","","","","","B01","","","1","","2","","","26","","1","22","","B01","24.119453","120.666966","4"
"2019","3","26","6","58","臺中市","龍井區","0","1","8","1","5","40","4","1","1","5","4","5","7","4","4","10","5","5","1","15","6","3","10","1","1","B03","7","9","1","8","2","4","","6","6","1","9","1","B03","24.215023","120.531491","2"
"2019","3","26","7","5","臺中市","東區","0","0","8","1","5","50","4","7","1","5","4","5","7","1","1","9","4","4","2","16","26","","","","","B01","","8","1","3","2","8","","26","26","1","5","","B01","24.147638","120.69792","3"
"2019","3","26","7","8","臺中市","潭子區","0","2","8","1","5","40","4","1","1","5","4","5","7","4","4","5","4","5","1","11","6","2","8","1","1","C03","7","5","1","10","2","11","","6","6","1","22","9","C03","24.18814","120.701633","2"
"2019","3","26","7","13","臺中市","北區","0","0","8","","","50","","","","","","","","","","","","","","","","","","","","B03","","","1","","2","","","26","","1","","","B03","24.165076","120.662754","3"
"2019","3","26","7","16","臺中市","南區","0","0","","","","","","","","","","","","","","","","","","","","","","","","B03","","","1","","2","","","12","","1","21","","B03","24.110449","120.655095","3"
"2019","3","26","7","17","臺中市","潭子區","0","1","8","1","5","40","3","2","1","5","4","5","7","4","4","10","4","5","1","11","6","3","10","1","1","B03","7","5","1","8","2","5","","6","6","1","22","9","B03","24.22838","120.6763","2"
"2019","3","26","7","18","臺中市","清水區","0","0","8","","","50","","","","","","","","","","","","","","","","","","","","B03","","","1","","2","","","19","","1","21","","B03","24.27191","120.5729977","3"
"2019","3","26","7","19","臺中市","西屯區","0","1","8","1","5","50","14","8","1","5","4","5","7","4","4","1","4","1","2","13","16","2","9","1","1","C03","7","9","1","10","2","11","","16","16","1","22","8","C03","24.16498","120.644188","2"
"2019","3","26","7","19","臺中市","后里區","0","1","7","1","5","50","3","1","1","5","4","5","7","4","4","5","5","5","1","16","6","3","10","1","1","B03","7","5","1","8","2","1","5","6","6","1","21","8","B03","24.322381","120.702543","2"
"2019","3","26","7","20","臺中市","東區","0","1","8","1","5","50","5","1","1","5","4","5","7","1","1","10","5","5","2","16","9","3","10","1","1","B03","7","6","1","8","2","2","","9","9","1","22","8","B03","24.133007","120.693495","2"
"2019","3","26","7","20","臺中市","北屯區","0","0","8","","","50","","","","","","","","","","","","","","","","","","","","B03","","","1","","2","","","23","","1","21","","B03","24.182352","120.69975","3"
"2019","3","26","7","20","臺中市","烏日區","0","3","8","1","5","70","3","2","1","5","4","5","7","2","1","9","4","4","1","11","17","2","9","1","1","C03","7","9","1","10","2","14","","44","17","1","22","8","C03","24.107654","120.611359","2"
"2019","3","26","7","20","臺中市","大安區","0","1","8","1","5","50","4","1","1","5","4","5","7","1","1","10","5","5","2","17","25","3","10","1","1","B12","7","9","3","18","2","5","","25","25","1","21","8","B12","24.391786","120.602925","2"
"2019","3","26","7","26","臺中市","西屯區","0","0","8","","","50","","","","","","","","","","","","","","","","","","","","B03","","","1","","2","","","23","","1","21","","B03","24.186802","120.612713","3"
"2019","3","26","7","30","臺中市","南屯區","0","2","8","1","5","40","3","2","1","5","4","5","7","4","4","5","5","4","2","12","23","2","9","1","1","C03","7","9","1","10","2","11","11","23","23","1","3","1","C03","24.146174","120.641491","2"
"2019","3","26","7","30","臺中市","大雅區","0","0","8","","","40","","","","","","","","","","","","","","","","","","","","B03","","","1","","2","","","16","","1","21","","B03","24.221545","120.647481","3"
"2019","3","26","7","32","臺中市","西屯區","0","1","8","1","5","50","14","8","1","5","4","5","7","4","4","4","3","4","2","16","17","3","10","1","1","B03","7","5","1","8","2","5","","17","17","1","21","8","B03","24.175935","120.664365","2"
"2019","3","26","7","36","臺中市","太平區","0","0","8","","","40","","","","","","","","","","","","","","","","","","","","B03","","","1","","2","","","19","","1","19","","B03","24.152002","120.712476","3"
"2019","3","26","7","36","臺中市","清水區","0","2","8","1","5","40","3","1","1","5","4","5","7","4","4","10","5","5","2","16","6","2","9","1","1","C03","7","5","1","10","2","11","","6","6","1","21","1","C03","24.274315","120.577308","2"
"2019","3","26","7","39","臺中市","西區","0","1","8","1","5","40","4","1","1","5","4","5","7","4","4","10","5","5","2","15","6","2","9","1","1","C03","7","9","1","10","2","11","","6","6","1","21","8","C03","24.146611","120.671595","2"
"2019","3","26","7","40","臺中市","北屯區","0","2","8","1","5","50","4","1","1","5","4","5","7","2","1","10","5","5","2","16","6","3","10","1","1","B03","7","5","1","8","2","2","","6","6","1","4","8","B03","24.17754","120.685905","2"
"2019","3","26","7","40","臺中市","西屯區","0","2","8","1","5","40","14","7","1","5","4","5","7","4","4","8","3","4","2","16","6","2","9","1","1","C03","7","5","1","10","2","14","","6","6","1","21","8","C03","24.177726","120.592374","2"
"2019","3","26","7","40","臺中市","霧峰區","0","2","8","1","5","50","3","1","1","5","4","5","7","4","4","10","5","5","1","16","8","2","9","1","1","C03","7","5","1","10","2","14","","8","8","1","21","8","C03","24.080398","120.718981","2"
"2019","3","26","7","40","臺中市","烏日區","0","0","8","","","70","","","","","","","","","","","","","","","","","","","","C03","","","1","","2","","","23","","1","23","","C03","24.112678","120.594175","3"
"2019","3","26","7","42","臺中市","北屯區","0","2","8","1","5","50","4","1","1","5","4","5","7","1","1","10","5","5","2","16","25","2","9","1","1","C03","7","6","1","10","2","14","","25","25","1","5","8","C03","24.177753","120.695036","2"
"2019","3","26","7","47","臺中市","西屯區","0","0","8","","","50","","","","","","","","","","","","","","","","","","","","B12","","","1","","2","","","8","","1","","","B12","24.174626","120.615497","3"
"2019","3","26","7","49","臺中市","西屯區","0","0","","","","","","","","","","","","","","","","","","","","","","","","B12","","","1","","2","","","16","","1","22","","B12","24.201069","120.664041","3"
"2019","3","26","7","49","臺中市","龍井區","0","1","8","1","5","50","4","2","1","5","4","5","7","4","4","10","1","4","2","17","43","2","9","1","1","C03","7","9","3","18","2","12","","43","43","1","5","1","C03","24.125476","120.542178","2"
"2019","3","26","7","53","臺中市","北屯區","0","2","8","1","5","80","14","9","1","5","4","5","7","4","4","1","3","5","2","13","16","2","9","3","4","B03","7","9","1","8","2","1","","16","16","1","21","8","B03","24.201024","120.672594","2"
"2019","3","26","7","53","臺中市","霧峰區","0","1","8","1","5","50","3","2","1","5","4","5","7","4","4","5","5","4","2","16","6","2","8","1","1","C03","7","5","1","10","2","14","","6","6","1","21","8","C03","24.044305","120.688374","2"
"2019","3","26","7","55","臺中市","大安區","0","1","8","1","5","50","14","9","1","5","4","5","7","4","4","9","4","5","1","12","43","2","9","1","1","C03","7","9","1","10","2","11","","43","43","1","19","8","C03","24.369005","120.597538","2"
"2019","3","26","7","55","臺中市","東勢區","0","0","","","","","","","","","","","","","","","","","","","","","","","","B12","","","1","","2","","","23","","1","22","","B12","24.285274","120.789644","3"
"2019","3","26","7","56","臺中市","東區","0","2","8","1","5","40","4","1","1","5","4","5","7","1","1","9","4","4","2","15","25","2","8","1","1","C03","7","9","1","10","2","11","","25","25","1","5","8","C03","24.139041","120.700056","2"
"2019","3","26","7","56","臺中市","潭子區","0","2","8","1","5","50","14","9","1","5","4","5","7","4","4","8","4","5","1","13","44","2","9","1","1","C03","7","14","1","10","5","13","","44","44","1","22","1","C03","24.211508","120.720156","2"
"2019","3","26","7","57","臺中市","西屯區","0","1","8","1","5","50","3","2","1","5","4","5","7","1","1","1","4","4","2","16","6","3","10","1","1","B03","7","5","1","8","2","2","","6","6","1","22","8","B03","24.18355","120.621836","2"
"2019","3","26","7","58","臺中市","霧峰區","0","0","8","","","70","","","","","","","","","","","","","","","","","","","","B03","","","1","","2","","","23","","1","4","","B03","24.05959","120.695194","3"
"2019","3","26","7","58","臺中市","龍井區","0","0","","","","","","","","","","","","","","","","","","","","","","","","B03","","","1","","2","","","23","","1","","","B03","24.186504","120.577757","3"
"2019","3","26","8","1","臺中市","外埔區","0","0","8","1","5","50","4","1","1","5","4","5","7","4","4","4","4","4","1","11","6","3","10","1","1","C03","7","5","1","10","2","14","","6","6","1","21","8","C03","24.342133","120.63833","3"
"2019","3","26","8","11","臺中市","北屯區","0","2","8","1","5","50","3","1","1","5","4","5","7","4","4","10","5","5","2","16","6","2","9","1","1","C03","7","5","1","10","2","12","","6","6","1","21","8","C03","24.177241","120.674506","2"