"年","月","日","時","分","縣市","區","死","受傷","天候","光線","道路類別","速限","道路型態","事故位置","路面鋪裝","路面狀態","路面缺陷","障礙物","視距","號誌種類","號誌動作","分向設施","快車道或一般車道間","快慢車道間","路面邊線","事故類型及型態","主要肇因","受傷程度","主要傷處","保護裝備","行動電話","當事者區分","車輛用途","當事者行動狀態","駕駛資格情形","駕駛執照種類","飲酒情形","車輛撞擊部位最初","車輛撞擊部位其他","肇事因素個別","肇事因素主要","肇事逃逸","職業","旅次目的","車種","GPS座標緯度","GPS座標經度","事故類別"
"2019","3","26","8","11","臺中市","大雅區","0","1","8","1","5","40","3","2","1","5","4","5","7","4","4","10","5","5","2","16","4","3","10","1","1","B03","7","9","1","8","2","8","","4","4","1","22","9","B03","24.22974","120.6466","2"
"2019","3","26","8","13","臺中市","西屯區","0","0","8","","","40","","","","","","","","","","","","","","","","","","","","B03","","","1","","2","","","17","","1","","","B03","24.175753","120.664736","3"
"2019","3","26","8","13","臺中市","沙鹿區","0","1","8","1","5","50","3","1","1","5","4","5","7","3","1","10","5","5","2","16","6","3","10","1","1","C03","7","5","1","10","2","13","","6","6","1","2","9","C03","24.206872","120.560107","2"
"2019","3","26","8","14","臺中市","太平區","0","1","8","1","5","50","14","9","1","5","4","5","7","4","4","5","5","5","2","16","6","3","10","1","1","B03","7","5","1","8","2","5","","6","6","1","21","8","B03","24.126345","120.718492","2"
"2019","3","26","8","15","臺中市","北屯區","0","2","8","1","5","50","3","1","1","5","4","5","7","1","1","10","5","5","2","16","43","2","7","1","1","C03","7","9","1","10","2","11","","43","43","1","21","1","C03","24.201259","120.674043","2"
"2019","3","26","8","15","臺中市","北屯區","0","2","8","1","5","50","4","1","1","5","4","5","7","1","1","10","5","5","2","15","25","3","10","1","1","B01","7","9","1","2","2","2","","25","25","1","5","8","B01","24.167748","120.689965","2"
"2019","3","26","8","18","臺中市","北屯區","0","1","8","1","5","40","14","8","1","5","4","5","7","4","4","1","2","1","2","12","23","2","9","1","1","C03","7","9","1","10","2","12","","23","23","1","4","8","C03","24.177541","120.685723","2"
"2019","3","26","8","19","臺中市","南屯區","0","1","8","1","5","50","4","1","1","5","4","5","7","4","4","10","5","5","2","16","6","3","10","1","1","C03","7","5","1","10","2","11","","6","6","1","18","8","C03","24.139552","120.65296","2"
"2019","3","26","8","20","臺中市","北屯區","0","0","8","","","50","","","","","","","","","","","","","","","","","","","","B03","","","1","","2","","","23","","1","5","","B03","24.177738","120.695073","3"
"2019","3","26","8","26","臺中市","潭子區","0","0","8","","","40","","","","","","","","","","","","","","","","","","","","B03","","","1","","2","","","2","","1","","","B03","24.227483","120.719071","3"
"2019","3","26","8","29","臺中市","烏日區","0","1","8","1","5","50","4","7","1","5","4","4","7","4","4","5","4","4","1","12","8","2","9","1","1","C03","7","5","3","18","2","11","","8","8","1","22","8","C03","24.105628","120.638715","2"
"2019","3","26","8","33","臺中市","西屯區","0","2","8","1","5","50","14","7","1","5","4","5","7","4","4","5","4","4","2","16","26","2","9","1","1","C03","7","11","4","8","2","14","","26","26","1","22","8","C03","24.185648","120.623623","2"
"2019","3","26","8","38","臺中市","西區","0","0","8","","","40","","","","","","","","","","","","","","","42","3","","","","B03","","","1","","2","","","42","42","","5","","B03","24.155845","120.660063","3"
"2019","3","26","8","44","臺中市","大雅區","0","1","8","1","5","50","14","8","1","5","4","5","7","4","4","1","4","5","1","18","67","","","","","","","","","","","","","67","67","1","","","","24.234924","120.614073","2"
"2019","3","26","8","45","臺中市","東區","0","0","8","","","50","","","","","","","","","","","","","","","","","","","","","","","7","","11","","","43","","1","","","","24.130276","120.70525","3"
"2019","3","26","8","46","臺中市","西區","0","1","8","1","5","50","4","1","1","5","4","5","7","4","4","10","5","5","2","16","6","3","10","1","1","B03","7","5","1","8","2","1","","6","6","1","21","8","B03","24.142056","120.673503","2"
"2019","3","26","8","47","臺中市","南區","0","1","8","1","5","50","5","1","1","5","4","5","7","1","1","9","5","4","2","15","25","2","3","1","1","C03","6","9","1","10","2","11","","25","25","1","21","8","C03","24.126444","120.675526","2"
"2019","3","26","8","50","臺中市","西區","0","1","8","1","5","50","4","1","1","5","4","5","7","1","1","10","5","5","2","16","26","3","10","1","1","B12","7","6","1","8","2","5","","26","26","1","21","8","B12","24.147574","120.673424","2"
"2019","3","26","8","52","臺中市","西區","0","1","8","1","5","50","4","18","1","5","4","5","7","4","4","10","5","5","2","3","15","3","10","1","1","B01","7","5","1","4","2","8","","15","15","1","21","8","B01","24.152541","120.658456","2"
"2019","3","26","8","53","臺中市","龍井區","0","3","8","1","5","40","14","8","1","5","4","5","7","4","4","1","4","1","1","13","16","2","7","1","1","C03","7","9","1","10","2","11","","16","16","1","21","8","C03","24.186554","120.584258","2"
"2019","3","26","9","0","臺中市","大肚區","0","1","8","1","5","40","14","13","1","5","4","5","7","4","4","5","2","5","1","9","36","3","10","1","1","A02","7","1","1","2","11","2","","36","36","1","10","4","A02","24.151139","120.545435","2"
"2019","3","26","9","0","臺中市","烏日區","0","1","8","1","5","40","14","9","1","5","4","5","7","4","4","10","5","5","2","13","23","2","7","1","1","C03","7","9","1","10","2","11","","23","23","1","21","8","C03","24.04128","120.641364","2"
"2019","3","26","9","0","臺中市","潭子區","0","1","8","1","5","50","4","2","1","5","4","5","7","2","1","1","4","4","1","12","19","3","10","1","1","B03","7","1","1","8","2","4","","19","19","1","22","9","B03","24.216124","120.700756","2"
"2019","3","26","9","1","臺中市","西屯區","0","1","8","1","5","50","14","8","1","5","4","5","7","4","4","4","3","4","2","16","6","3","10","1","1","B03","7","6","1","8","2","5","","6","6","1","21","8","B03","24.176301","120.650516","2"
"2019","3","26","9","3","臺中市","龍井區","0","0","","","","","","","","","","","","","","","","","","","","","","","","C03","","","1","","2","","","16","","1","","","C03","24.180694","120.588722","3"
"2019","3","26","9","10","臺中市","東區","0","2","8","1","5","40","14","7","1","5","4","5","7","4","4","3","4","4","2","16","6","2","9","1","1","C03","7","7","1","10","2","13","","6","6","1","21","8","C03","24.149527","120.694457","2"
"2019","3","26","9","13","臺中市","太平區","0","1","8","1","5","40","14","9","1","5","4","5","7","4","4","4","5","5","1","16","19","3","10","1","1","A12","7","1","1","7","2","4","","19","19","1","4","5","A12","24.130888","120.744089","2"
"2019","3","26","9","16","臺中市","潭子區","0","0","8","","","80","","","","","","","","","","","","","","","","","","","","B12","","","1","","2","","","23","","1","22","","B12","24.192834","120.722412","3"
"2019","3","26","9","20","臺中市","北屯區","0","0","8","","","80","","","","","","","","","","","","","","","","","","","","B03","","","1","","2","","","7","","1","21","","B03","24.201255","120.671318","3"
"2019","3","26","9","41","臺中市","西區","0","1","8","1","5","50","4","1","1","5","4","5","7","1","1","10","5","5","2","15","42","3","10","1","1","C03","7","15","1","10","2","13","","42","42","1","5","8","C03","24.159127","120.661057","2"
"2019","3","26","9","45","臺中市","西屯區","0","0","8","","","50","","","","","","","","","","","","","","","","","","","","B03","","","1","","2","","","10","","1","","","B03","24.179443","120.635103","3"
"2019","3","26","9","46","臺中市","北區","0","3","8","1","5","50","4","1","1","5","4","5","7","4","4","10","5","5","2","15","6","2","8","3","4","C03","7","9","1","10","2","11","","6","6","1","5","8","C03","24.160375","120.679208","2"
"2019","3","26","9","49","臺中市","東區","0","1","8","1","5","50","4","1","1","5","4","5","7","4","4","9","4","5","2","15","6","2","9","1","1","C03","7","9","3","18","2","11","","6","6","1","5","8","C03","24.127676","120.691875","2"
"2019","3","26","9","56","臺中市","北屯區","0","0","8","","","50","","","","","","","","","","","","","","","2","","","","","B03","","","1","","2","","","2","2","1","22","","B03","24.175658","120.721026","3"
"2019","3","26","9","57","臺中市","北屯區","0","0","8","","","50","","","","","","","","","","","","","","","1","","","","","C03","","","1","","2","","","1","1","1","22","","C03","24.182602","120.70165","3"
"2019","3","26","9","59","臺中市","烏日區","0","0","8","","","40","","","","","","","","","","","","","","","","","","","","B03","","","1","","2","","","17","","1","10","","B03","24.078407","120.637265","3"
"2019","3","26","10","4","臺中市","北屯區","0","1","8","1","5","40","3","1","1","5","4","5","7","4","4","10","5","5","2","10","4","2","8","1","1","C03","7","9","1","10","2","11","","4","4","1","4","8","C03","24.192021","120.664766","2"
"2019","3","26","10","5","臺中市","北區","0","0","8","","","40","","","","","","","","","","","","","","","","","","","","A11","","","1","","2","","","42","","1","","","A11","24.158927","120.680216","3"
"2019","3","26","10","7","臺中市","大里區","0","0","8","","","40","","","","","","","","","","","","","","","","","","","","B03","","","1","","2","","","12","","1","21","","B03","24.092485","120.694482","3"
"2019","3","26","10","7","臺中市","和平區","0","0","8","","","40","","","","","","","","","","","","","","","","","","","","B03","","","3","","2","","","23","","1","","","B03","24.254984","121.256845","3"
"2019","3","26","10","8","臺中市","東勢區","0","0","8","","","50","","","","","","","","","","","","","","","","","","","","C04","","","3","","2","","","6","","1","22","","C04","24.285825","120.780673","3"
"2019","3","26","10","9","臺中市","南區","0","2","8","1","5","50","3","1","1","5","4","5","7","4","4","10","5","5","2","17","16","2","9","1","1","C03","7","9","1","10","2","11","","16","16","1","21","8","C03","24.123988","120.672962","2"
"2019","3","26","10","11","臺中市","梧棲區","0","1","8","1","5","60","3","2","1","5","4","5","7","1","1","10","5","5","2","16","25","3","10","1","1","B03","7","5","1","8","2","5","","25","25","1","19","8","B03","24.245936","120.547795","2"
"2019","3","26","10","13","臺中市","外埔區","0","1","8","1","5","50","14","9","1","5","4","5","7","4","4","5","5","5","1","17","19","3","10","1","1","B12","7","1","6","18","2","7","","19","19","1","21","8","B12","24.340426","120.662441","2"
"2019","3","26","10","22","臺中市","龍井區","0","2","8","1","5","40","3","2","1","5","4","5","7","4","4","1","4","1","1","17","23","2","9","1","1","C03","7","9","1","10","2","11","","23","23","1","21","8","C03","24.183798","120.590892","2"
"2019","3","26","10","22","臺中市","潭子區","0","1","8","1","5","50","14","8","1","5","4","5","7","4","4","3","4","4","1","11","6","3","10","1","1","B03","7","6","1","8","2","8","","6","6","1","22","9","B03","24.211977","120.703979","2"
"2019","3","26","10","25","臺中市","西屯區","0","1","8","1","5","40","3","1","1","5","4","5","7","2","1","1","4","1","2","16","6","3","10","1","1","B03","7","6","6","8","2","2","","6","6","1","22","8","B03","24.160993","120.634518","2"
"2019","3","26","10","25","臺中市","大里區","0","1","8","1","5","50","14","9","1","5","4","5","7","4","4","1","4","5","1","13","16","2","8","1","1","C03","7","9","1","10","2","11","","16","16","1","4","8","C03","24.103566","120.681444","2"
"2019","3","26","10","26","臺中市","大甲區","0","0","8","","","50","","","","","","","","","","","","","","","","","","","","B02","","","1","","2","","","18","","1","4","","B02","24.346482","120.621549","3"
"2019","3","26","10","27","臺中市","大雅區","0","1","8","1","5","50","4","1","1","5","4","5","7","1","1","5","5","4","1","11","6","2","7","1","1","C03","7","5","3","18","2","11","","6","6","1","22","9","C03","24.22156","120.647785","2"
"2019","3","26","10","40","臺中市","大里區","0","0","8","","","50","","","","","","","","","","","","","","","","","","","","B03","","","1","","2","","","23","","1","22","","B03","24.091224","120.692296","3"
"2019","3","26","10","55","臺中市","大里區","0","0","8","","","50","","","","","","","","","","","","","","","","","","","","B12","","","1","","2","","","12","","1","10","","B12","24.120677","120.687738","3"
"2019","3","26","11","6","臺中市","北屯區","0","2","8","1","5","50","4","1","1","5","4","5","7","1","1","10","5","5","2","16","6","2","9","1","1","C03","7","5","1","10","2","12","","6","6","1","5","8","C03","24.170038","120.694231","2"
"2019","3","26","11","15","臺中市","西區","0","1","8","1","5","50","4","1","1","5","4","5","7","1","1","10","5","5","2","16","6","3","10","1","1","C03","7","5","1","10","2","12","","6","6","1","5","5","C03","24.146776","120.651295","2"
"2019","3","26","11","15","臺中市","東區","0","1","8","1","5","40","4","1","1","5","4","5","7","1","1","5","2","4","2","16","19","2","7","1","1","B03","7","1","1","8","2","8","","19","19","1","21","8","B03","24.13063","120.704828","2"
"2019","3","26","11","48","臺中市","北屯區","0","2","8","1","5","50","14","8","1","5","4","5","7","4","4","5","5","4","2","16","7","3","10","1","1","B03","7","8","1","8","2","6","","7","7","1","21","8","B03","24.172678","120.69455","2"
"2019","3","26","11","51","臺中市","北區","0","1","8","1","5","50","14","9","1","5","4","5","7","4","4","9","5","5","2","12","19","2","9","3","4","C03","7","1","1","10","2","14","","19","19","1","5","8","C03","24.16","120.68932","2"
"2019","3","26","11","57","臺中市","沙鹿區","0","0","8","","","50","","","","","","","","","","","","","","","","","","","","C03","","","1","","2","","","23","","1","21","","C03","24.23483","120.559278","4"
"2019","3","26","12","0","臺中市","西屯區","0","1","8","1","5","50","4","1","1","5","4","5","7","1","1","4","3","4","2","16","9","3","10","1","1","B12","7","6","1","8","2","5","","9","9","1","21","8","B12","24.196118","120.643105","2"
"2019","3","26","12","4","臺中市","霧峰區","0","0","8","","","50","","","","","","","","","","","","","","","","","","","","B03","","","1","","2","","","6","","1","21","","B03","24.059657","120.699599","4"
"2019","3","26","12","10","臺中市","西屯區","0","1","8","1","5","50","14","7","1","5","4","5","7","4","4","3","4","4","2","16","43","3","10","1","1","C03","7","8","1","10","2","12","","43","43","2","4","8","C03","24.180557","120.62959","2"
"2019","3","26","12","12","臺中市","南區","0","0","8","","","50","","","","","","","","","","","","","","","","","","","","B03","","","1","","2","","","23","","1","22","","B03","24.11861","120.659216","3"
"2019","3","26","12","25","臺中市","西區","0","0","8","","","50","","","","","","","","","","","","","","","42","3","","","","G03","","","8","","2","","","42","42","1","11","","G03","24.152564","120.660643","3"
"2019","3","26","12","30","臺中市","霧峰區","0","1","8","1","5","50","14","9","1","5","4","5","7","4","4","10","5","5","2","11","16","3","10","1","1","B03","7","9","1","8","2","4","","16","16","1","22","8","B03","24.076866","120.713425","2"
"2019","3","26","12","43","臺中市","北屯區","0","1","8","1","5","50","4","2","1","5","4","5","7","2","1","1","4","5","2","16","6","2","9","1","1","C03","7","5","1","10","2","11","","6","6","1","5","8","C03","24.162432","120.721477","2"
"2019","3","26","12","53","臺中市","太平區","0","0","8","","","50","","","","","","","","","","","","","","","","","","","","B03","","","1","","2","","","23","","1","21","","B03","24.148986","120.719824","3"
"2019","3","26","12","58","臺中市","大里區","0","1","8","1","5","40","14","20","1","5","4","5","7","4","4","5","4","5","1","17","42","2","9","1","1","C03","7","9","1","10","2","11","","42","42","1","21","8","C03","24.108656","120.6951","2"
"2019","3","26","13","0","臺中市","南區","0","1","8","1","5","50","4","1","1","4","4","5","7","1","1","10","5","5","2","18","23","2","9","1","1","C03","7","9","1","10","2","12","","23","23","1","21","8","C03","24.130426","120.673274","2"
"2019","3","26","13","0","臺中市","西屯區","0","0","8","","","50","","","","","","","","","","","","","","","23","","","","","B01","","","1","","2","","","23","23","1","","","B01","24.164191","120.646221","3"
"2019","3","26","13","3","臺中市","北屯區","0","0","8","","","50","","","","","","","","","","","","","","","23","3","","","","B03","","","1","","2","","","23","23","","21","","B03","24.174151","120.719972","3"
"2019","3","26","13","4","臺中市","大甲區","0","0","8","","","60","","","","","","","","","","","","","","","42","","","","","G03","","","1","","2","","","42","42","1","22","","G03","24.35251","120.617748","3"
"2019","3","26","13","15","臺中市","后里區","0","1","8","1","5","50","14","9","1","5","4","5","7","1","1","5","4","4","1","13","16","3","10","3","4","A11","7","9","1","3","2","1","","16","16","1","22","8","A11","24.311165","120.709126","2"
"2019","3","26","13","30","臺中市","北區","0","1","8","1","5","50","14","9","1","5","4","5","7","4","4","9","4","5","2","17","9","3","10","1","1","B03","7","6","1","8","2","5","","9","9","1","21","8","B03","24.147431","120.682707","2"
"2019","3","26","13","30","臺中市","石岡區","0","0","8","","","70","","","","","","","","","","","","","","","","","","","","B03","","","3","","2","","","23","","1","21","","B03","24.260279","120.816116","3"
"2019","3","26","13","33","臺中市","潭子區","0","0","8","1","5","50","14","9","1","5","4","5","7","4","4","","4","5","1","11","","","","","","B11","","","1","","2","","","5","","1","22","","B11","24.203069","120.70626","3"
"2019","3","26","13","38","臺中市","北區","0","1","8","1","5","50","14","7","1","5","4","5","7","4","4","9","4","4","2","18","23","2","9","1","1","C03","7","12","1","10","2","15","","23","23","1","5","8","C03","24.152563","120.69281","2"
"2019","3","26","13","39","臺中市","大里區","0","2","8","1","5","50","4","2","1","5","4","5","7","1","1","5","2","5","1","13","23","2","9","1","1","C03","7","9","1","10","2","11","","23","23","1","18","8","C03","24.102045","120.688361","2"
"2019","3","26","13","50","臺中市","沙鹿區","0","0","8","","","40","","","","","","","","","","","","","","","","","","","","B12","","","1","","2","","","12","","1","","","B12","24.242517","120.57706","4"
"2019","3","26","13","52","臺中市","大里區","0","1","8","1","5","50","14","9","1","5","4","5","7","4","4","5","5","5","1","3","53","2","9","4","1","H01","8","16","8","20","11","16","","53","53","1","4","8","H01","24.089788","120.698339","2"
"2019","3","26","13","55","臺中市","北屯區","0","0","8","","","50","","","","","","","","","","","","","","","","","","","","B03","","","1","","3","","","23","","1","4","","B03","24.191415","120.660778","3"
"2019","3","26","13","55","臺中市","北屯區","0","0","8","","","50","","","","","","","","","","","","","","","23","","","","","B12","","","1","","2","","","23","23","1","5","","B12","24.202056","120.686508","3"
"2019","3","26","13","56","臺中市","大雅區","0","0","8","","","50","","","","","","","","","","","","","","","","","","","","B03","","","1","","2","","","23","","1","","","B03","24.211232","120.650468","3"
"2019","3","26","14","0","臺中市","西屯區","0","1","8","1","5","50","3","1","1","5","4","5","7","4","4","10","5","5","2","15","19","2","9","1","1","C04","7","1","1","11","2","14","","19","19","1","21","8","C04","24.175735","120.650376","2"
"2019","3","26","14","10","臺中市","大里區","0","0","8","1","5","50","11","9","1","5","4","5","","4","4","5","5","5","2","12","17","3","10","1","1","B12","7","6","1","2","2","5","","17","17","1","10","3","B12","24.099053","120.708796","3"
"2019","3","26","14","15","臺中市","大里區","0","0","8","","","50","","","","","","","","","","","","","","","","","","","","B12","","","1","","2","","","16","","","5","","B12","24.106099","120.689505","3"
"2019","3","26","14","25","臺中市","大雅區","0","0","","","","","","","","","","","","","","","","","","","","","","","","B03","","","1","","1","","","25","","1","","","B03","24.209849","120.651362","3"
"2019","3","26","14","27","臺中市","東區","0","0","8","1","5","40","14","9","1","5","4","5","7","4","4","10","5","5","2","16","","","","","","B03","","","3","","2","","","19","","1","5","","B03","24.12537","120.697143","3"
"2019","3","26","14","29","臺中市","西屯區","0","0","8","","","50","","","","","","","","","","","","","","","","","","","","B12","","","1","","2","","","23","","1","22","","B12","24.182236","120.624916","3"
"2019","3","26","14","30","臺中市","烏日區","0","0","8","","","40","","","","","","","","","","","","","","","12","","","","","B12","","","1","","2","","","12","12","1","22","","B12","24.093188","120.656906","3"
"2019","3","26","14","34","臺中市","南區","0","0","8","","","50","","","","","","","","","","","","","","","","","","","","B12","","","1","","2","","","12","","1","22","","B12","24.115297","120.668266","3"
"2019","3","26","14","45","臺中市","烏日區","0","0","8","","","50","","","","","","","","","","","","","","","","","","","","B12","","","1","","2","","","18","","1","22","","B12","24.081377","120.643465","3"
"2019","3","26","14","45","臺中市","大雅區","0","0","8","","","40","","","","","","","","","","","","","","","","","","","","B12","","","1","","2","","","16","","1","21","","B12","24.220555","120.669015","3"
"2019","3","26","14","57","臺中市","西區","0","1","8","1","5","50","3","1","1","5","4","5","7","4","4","10","5","5","2","16","6","2","9","1","1","C03","7","5","4","11","2","12","","6","6","1","21","8","C03","24.139587","120.674777","2"
"2019","3","26","15","0","臺中市","清水區","0","0","","","","70","","","","","","","","","","","","","","","","","","","","A11","","","1","","2","","","23","","1","4","","A11","24.319925","120.565683","3"
"2019","3","26","15","5","臺中市","北屯區","0","0","8","","","40","","","","","","","","","","","","","","","","","","","","A12","","","1","","2","","","23","","1","5","","A12","24.180971","120.669978","3"
"2019","3","26","15","8","臺中市","南屯區","0","2","8","1","5","50","3","1","1","5","4","5","7","4","4","10","5","5","2","16","6","2","9","1","1","C03","7","5","1","10","2","11","","6","6","1","22","9","C03","24.147335","120.635983","2"
"2019","3","26","15","14","臺中市","北屯區","0","2","8","1","5","50","4","1","1","5","4","5","7","1","1","10","5","5","2","16","25","2","9","1","1","C03","7","9","1","10","2","11","","25","25","1","21","8","C03","24.17428","120.677301","2"
"2019","3","26","15","15","臺中市","南屯區","0","1","8","1","5","50","4","1","1","5","4","5","7","1","1","5","4","5","2","16","6","2","9","1","1","C03","7","5","1","10","2","11","","6","6","1","22","8","C03","24.143879","120.599591","2"
"2019","3","26","15","19","臺中市","西屯區","0","1","8","1","5","40","3","2","1","5","4","5","7","4","4","10","5","5","2","21","42","2","9","4","5","F03","7","9","8","20","5","16","","42","42","1","22","8","F03","24.18153","120.641473","2"
"2019","3","26","15","31","臺中市","西屯區","0","0","8","","","50","","","","","","","","","","","","","","","","","","","","B03","","","1","","2","","","16","","1","22","","B03","24.166526","120.660524","3"
"2019","3","26","15","41","臺中市","西屯區","0","0","8","","","50","","","","","","","","","","","","","","","","","","","","B03","","","1","","2","","","23","","1","","","B03","24.185218","120.641608","3"
"2019","3","26","15","42","臺中市","大里區","0","2","8","1","5","25","8","9","1","5","4","5","7","4","4","3","4","5","1","16","23","3","10","3","4","A31","7","7","1","1","2","5","","23","23","1","10","8","A31","24.110432","120.698862","2"
"2019","3","26","15","45","臺中市","南屯區","0","0","8","","","50","","","","","","","","","","","","","","","","","","","","A12","","","1","","2","","","23","","1","","","A12","24.145528","120.63231","3"
"2019","3","26","15","45","臺中市","霧峰區","0","3","8","1","5","50","4","2","1","5","4","5","7","4","4","5","5","4","2","16","19","2","8","1","1","C03","7","1","4","8","2","11","","19","19","1","20","8","C03","24.078091","120.708878","2"
"2019","3","26","15","47","臺中市","北屯區","0","0","8","","","50","","","","","","","","","","","","","","","","","","","","B12","","","1","","2","","","23","","1","21","","B12","24.161422","120.713819","3"
"2019","3","26","16","7","臺中市","南屯區","0","0","8","","","50","","","","","","","","","","","","","","","","","","","","B03","","","1","","10","","","43","","1","","","B03","24.147796","120.642422","3"
"2019","3","26","16","8","臺中市","東區","0","0","8","","","50","","","","","","","","","","","","","","","","","","","","B03","","","1","","11","","","16","","1","22","","B03","24.140346","120.704671","3"
"2019","3","26","16","15","臺中市","沙鹿區","0","1","8","1","5","50","14","7","1","5","4","5","7","4","4","5","5","4","2","17","19","3","10","1","1","C03","7","1","1","10","2","11","","19","19","1","18","8","C03","24.223576","120.578791","2"
"2019","3","26","16","20","臺中市","北屯區","0","0","8","","","40","","","","","","","","","","","","","","","","","","","","B03","","","1","","2","","","23","","1","5","","B03","24.168721","120.696598","3"
"2019","3","26","16","21","臺中市","北屯區","0","2","8","1","5","50","14","7","1","5","4","5","7","4","4","5","4","4","2","16","26","3","10","1","1","C03","7","11","1","10","3","11","","26","26","2","5","8","C03","24.170425","120.691786","2"
"2019","3","26","16","32","臺中市","西區","0","0","8","1","5","50","4","1","1","5","4","5","7","4","4","10","5","5","2","15","","","","","","B03","","","1","","2","","","6","","1","22","","B03","24.145676","120.672548","3"
"2019","3","26","16","35","臺中市","北屯區","0","0","8","","","50","","","","","","","","","","","","","","","7","","","","","C03","","","1","","2","","","7","7","1","5","","C03","24.170558","120.697128","3"
"2019","3","26","16","36","臺中市","北區","0","1","8","1","5","50","3","1","1","5","4","5","7","4","4","10","5","5","2","16","6","3","10","1","1","B03","7","5","1","8","2","8","","6","6","1","22","8","B03","24.152804","120.693128","2"
"2019","3","26","16","38","臺中市","大里區","0","0","8","","","60","","","","","","","","","","","","","","","","","","","","B03","","","1","","2","","","23","","1","3","","B03","24.086372","120.687572","3"
"2019","3","26","16","38","臺中市","沙鹿區","0","1","8","1","5","60","14","8","1","5","4","5","7","4","4","1","4","4","1","16","26","3","10","1","1","B12","7","8","1","8","2","5","","26","26","1","5","5","B12","24.238913","120.569356","2"
"2019","3","26","16","40","臺中市","西屯區","0","0","8","","","50","","","","","","","","","","","","","","","","","","","","B11","","","1","","2","","","16","","1","22","","B11","24.194413","120.624293","3"
"2019","3","26","16","46","臺中市","大里區","0","1","8","1","5","50","5","1","1","5","4","5","7","1","1","10","5","5","2","16","6","3","10","1","1","B03","7","6","1","8","2","5","","6","6","1","21","8","B03","24.095345","120.686293","2"
"2019","3","26","16","47","臺中市","北屯區","0","1","8","1","5","50","3","1","1","5","4","5","7","1","1","10","5","5","2","16","26","3","10","1","1","B03","7","6","1","8","2","5","","26","26","1","21","8","B03","24.161981","120.719166","2"
"2019","3","26","16","56","臺中市","大雅區","0","1","8","2","5","40","11","9","1","5","4","5","7","4","4","10","5","5","2","17","5","2","9","2","1","C03","7","9","1","10","2","15","","23","5","1","22","9","C03","24.238948","120.66008","2"
"2019","3","26","17","3","臺中市","清水區","0","2","8","1","5","40","15","9","1","5","4","5","7","4","4","10","5","5","2","16","6","2","9","1","1","C03","7","1","1","10","2","14","","6","6","1","5","1","C03","24.304901","120.599032","2"
"2019","3","26","17","7","臺中市","梧棲區","0","0","8","","","50","","","","","","","","","","","","","","","","","","","","B03","","","1","","2","","","6","","1","5","","B03","24.263021","120.539823","3"
"2019","3","26","17","10","臺中市","大雅區","0","2","8","1","5","50","3","1","1","5","4","5","6","4","4","10","5","5","2","17","19","2","8","1","1","C03","7","1","1","10","2","11","","19","19","1","21","8","C03","24.223734","120.647884","2"
"2019","3","26","17","11","臺中市","南屯區","0","1","8","1","5","40","3","1","1","5","4","5","7","1","1","3","5","5","2","12","23","3","10","1","1","B03","7","9","1","8","2","7","","44","23","1","22","8","B03","24.155378","120.597815","2"
"2019","3","26","17","11","臺中市","大里區","0","0","8","1","6","50","11","9","1","5","4","5","7","1","1","5","4","5","2","12","43","3","10","1","1","C03","7","9","3","10","2","15","","43","43","2","22","9","C03","24.09694","120.69622","3"
"2019","3","26","17","12","臺中市","南屯區","0","2","8","1","5","50","4","1","1","5","4","5","7","4","4","10","5","5","2","15","6","2","9","1","1","C03","7","9","1","10","2","11","","6","6","1","22","8","C03","24.145718","120.612058","2"
"2019","3","26","17","23","臺中市","東區","0","2","8","1","5","50","5","1","1","5","4","5","7","4","4","10","5","5","2","15","6","2","9","1","1","C03","7","9","1","10","2","11","","6","6","1","21","8","C03","24.134449","120.686528","2"
"2019","3","26","17","23","臺中市","潭子區","0","2","8","1","5","50","14","7","1","5","4","5","7","4","4","9","4","4","2","16","6","2","8","1","1","C03","7","11","1","10","2","11","","6","6","1","22","8","C03","24.231264","120.708264","2"
"2019","3","26","17","28","臺中市","梧棲區","0","1","8","2","5","40","4","1","1","5","4","5","7","1","1","10","5","5","2","16","7","2","7","1","1","C03","7","7","1","10","2","14","","7","7","1","3","8","C03","24.24501","120.550233","2"
"2019","3","26","17","28","臺中市","沙鹿區","0","1","8","1","5","50","15","9","1","5","4","5","7","4","4","1","4","4","2","23","43","2","9","1","4","C03","7","21","1","10","2","14","","43","43","1","22","8","C03","24.219342","120.55473","2"
"2019","3","26","17","29","臺中市","龍井區","0","1","8","1","5","50","3","2","1","5","4","5","7","4","4","9","5","5","1","11","4","2","8","1","1","C03","7","7","3","18","2","11","","4","4","1","12","8","C03","24.205655","120.546791","2"
"2019","3","26","17","37","臺中市","南屯區","0","1","8","1","5","50","14","9","1","5","4","5","7","4","4","1","4","5","2","13","16","2","8","3","4","C03","7","9","1","10","2","11","","16","16","1","22","9","C03","24.148356","120.646617","2"
"2019","3","26","17","40","臺中市","南區","0","0","8","","","50","","","","","","","","","","","","","","","","","","","","C03","","","1","","2","","","18","","1","4","","C03","24.130291","120.684965","3"
"2019","3","26","17","40","臺中市","西屯區","0","0","8","","","60","","","","","","","","","","","","","","","","","","","","B03","","","1","","2","","","7","","1","","","B03","24.168781","120.639525","3"