"年","月","日","時","分","縣市","區","死","受傷","天候","光線","道路類別","速限","道路型態","事故位置","路面鋪裝","路面狀態","路面缺陷","障礙物","視距","號誌種類","號誌動作","分向設施","快車道或一般車道間","快慢車道間","路面邊線","事故類型及型態","主要肇因","受傷程度","主要傷處","保護裝備","行動電話","當事者區分","車輛用途","當事者行動狀態","駕駛資格情形","駕駛執照種類","飲酒情形","車輛撞擊部位最初","車輛撞擊部位其他","肇事因素個別","肇事因素主要","肇事逃逸","職業","旅次目的","車種","GPS座標緯度","GPS座標經度","事故類別"
"2019","3","26","17","40","臺中市","清水區","0","1","8","1","5","40","3","2","1","5","4","5","7","4","4","10","5","5","1","13","23","3","10","1","1","B01","7","9","1","8","2","5","","23","23","1","10","4","B01","24.27854","120.548698","2"
"2019","3","26","17","41","臺中市","北屯區","0","1","8","1","5","50","3","1","1","5","4","5","7","4","4","3","4","5","2","12","23","3","10","1","1","B03","7","8","6","8","2","2","","23","23","1","22","8","B03","24.162183","120.692552","2"
"2019","3","26","17","41","臺中市","大肚區","0","1","8","1","5","50","3","1","1","5","4","5","7","1","1","10","5","5","2","16","19","2","9","1","1","C03","7","1","1","10","2","14","","19","19","1","19","8","C03","24.12238","120.567176","2"
"2019","3","26","17","45","臺中市","龍井區","0","1","8","1","5","50","4","1","1","5","4","5","7","4","4","5","5","5","1","16","8","3","10","1","1","C03","7","5","1","10","2","12","","8","8","1","21","8","C03","24.18368","120.58475","2"
"2019","3","26","17","48","臺中市","大里區","0","1","8","2","5","50","5","1","1","5","4","5","7","1","1","10","5","5","2","12","6","3","10","1","1","C03","7","5","1","10","2","14","","6","6","1","9","8","C03","24.093809","120.700691","2"
"2019","3","26","17","50","臺中市","神岡區","0","1","8","1","5","40","5","1","1","5","4","5","3","1","1","10","5","5","2","16","25","2","7","1","1","C03","7","5","1","10","2","14","","25","25","1","22","9","C03","24.273538","120.702493","2"
"2019","3","26","17","53","臺中市","潭子區","0","1","8","2","5","50","14","9","1","5","4","5","7","4","4","9","4","4","1","17","10","3","10","1","1","C03","7","11","1","10","2","12","","10","10","1","21","8","C03","24.214248","120.70058","2"
"2019","3","26","17","56","臺中市","神岡區","0","1","8","1","5","50","3","2","1","5","4","5","7","1","1","2","4","5","1","13","23","3","10","3","4","B03","7","6","1","10","2","5","","23","23","1","22","9","B03","24.247858","120.690101","2"
"2019","3","26","17","58","臺中市","西屯區","","","8","","","50","","","","","","","","","","","","","","","","","","","","B03","","","1","","2","","","23","","1","22","","B03","24.17178","120.644951","3"
"2019","3","26","18","0","臺中市","東區","0","0","8","","","50","","","","","","","","","","","","","","","","","","","","B03","","","1","","2","","","23","","1","22","","B03","24.126379","120.690319","3"
"2019","3","26","18","0","臺中市","梧棲區","0","2","8","1","5","50","4","1","1","5","4","5","7","1","1","10","5","5","2","16","7","2","8","1","1","C03","7","8","6","10","2","12","","7","7","1","9","1","C03","24.257196","120.540943","2"
"2019","3","26","18","1","臺中市","東勢區","0","0","8","","","60","","","","","","","","","","","","","","","","","","","","B03","","","1","","2","","","7","","1","22","","B03","24.254115","120.826294","3"
"2019","3","26","18","3","臺中市","西屯區","0","0","8","","","50","","","","","","","","","","","","","","","","","","","","B03","","","1","","2","","","16","","1","22","","B03","24.17527","120.663789","3"
"2019","3","26","18","3","臺中市","西屯區","0","2","8","3","5","50","4","1","1","5","4","5","7","1","1","10","5","5","2","16","8","2","9","1","1","C03","7","5","1","10","2","14","","8","8","1","22","9","C03","24.167686","120.663353","2"
"2019","3","26","18","5","臺中市","北屯區","0","0","","3","5","50","4","1","1","5","4","5","7","4","4","4","3","5","2","16","6","3","10","1","1","B03","7","9","1","8","2","2","","6","6","1","21","8","B03","24.167586","120.701806","3"
"2019","3","26","18","5","臺中市","太平區","0","1","8","1","5","40","14","12","1","5","4","5","7","4","4","5","5","4","1","16","10","3","10","1","1","B03","7","11","1","8","2","7","","10","10","1","4","7","B03","24.112331","120.730937","2"
"2019","3","26","18","14","臺中市","霧峰區","0","0","8","","","40","","","","","","","","","","","","","","","","","","","","B03","","","1","","2","","","18","","1","3","","B03","24.065163","120.696984","3"
"2019","3","26","18","22","臺中市","南屯區","0","0","","","","50","","","","","","","","","","","","","","","","","","","","B03","","","1","","2","","","7","","1","22","","B03","24.154791","120.611063","3"
"2019","3","26","18","25","臺中市","西屯區","0","0","8","","","40","","","","","","","","","","","","","","","","","","","","C03","","","1","","2","","","42","","1","","","C03","24.175758","120.645121","3"
"2019","3","26","18","30","臺中市","大里區","0","1","8","3","5","50","14","7","1","5","4","5","7","4","4","5","5","4","2","13","16","2","8","1","1","C03","7","9","1","10","2","11","","16","16","1","21","8","C03","24.097694","120.677625","2"
"2019","3","26","18","30","臺中市","大雅區","0","2","8","3","5","50","14","12","1","5","4","5","7","4","4","4","4","4","1","17","26","2","9","1","1","C03","7","11","1","10","2","11","","26","26","1","22","9","C03","24.207041","120.628942","2"
"2019","3","26","18","40","臺中市","烏日區","0","0","8","","","40","","","","","","","","","","","","","","","35","","","","","B03","","","1","","2","","","35","35","1","","","B03","24.105388","120.639072","3"
"2019","3","26","18","45","臺中市","北屯區","0","0","8","","","50","","","","","","","","","","","","","","","","","","","","B12","","","1","","2","","","12","","1","","","B12","24.168707","120.686052","3"
"2019","3","26","18","47","臺中市","西區","0","1","7","1","7","60","14","10","1","5","4","5","7","2","1","5","4","1","2","9","42","3","10","1","1","A02","7","9","1","1","2","15","","42","42","1","10","9","A02","24.155283","120.663016","2"
"2019","3","26","18","50","臺中市","神岡區","0","2","8","4","5","40","14","7","1","5","4","5","7","4","4","9","5","4","2","16","4","2","9","4","5","F02","7","9","8","20","5","16","","4","4","1","20","9","F02","24.258885","120.65795","2"
"2019","3","26","18","53","臺中市","南屯區","0","1","8","3","5","50","4","1","1","5","4","5","7","2","1","10","5","5","2","16","6","3","10","3","4","B03","7","6","1","8","2","5","","6","6","1","22","9","B03","24.135301","120.654609","2"
"2019","3","26","18","57","臺中市","北屯區","0","1","8","3","5","50","14","7","1","5","4","5","7","4","4","1","4","5","2","17","43","2","9","1","1","C03","7","9","1","10","2","14","11","43","43","1","21","8","C03","24.172713","120.687058","2"
"2019","3","26","18","59","臺中市","沙鹿區","0","0","","","","","","","","","","","","","","","","","","","","","","","","C03","","","1","","2","","","44","","1","","","C03","","","3"
"2019","3","26","19","15","臺中市","西區","0","1","8","3","5","50","14","9","1","5","4","5","7","1","1","5","2","5","2","17","40","3","10","1","1","B03","7","14","1","8","2","2","","40","40","1","22","8","B03","24.146756","120.654037","2"
"2019","3","26","19","20","臺中市","北區","0","1","7","3","5","50","4","1","1","5","4","5","7","1","1","1","4","5","2","17","23","2","9","1","1","C03","7","9","1","10","2","11","","23","23","1","5","8","C03","24.164819","120.674116","2"
"2019","3","26","19","22","臺中市","南屯區","0","1","8","3","5","50","4","1","1","5","4","5","7","4","4","10","5","5","2","16","6","3","10","1","1","B03","7","6","1","8","2","2","","6","6","1","22","8","B03","24.146616","120.64683","2"
"2019","3","26","19","23","臺中市","北屯區","0","0","8","","","80","","","","","","","","","","","","","","","","","","","","B03","","","1","","2","","","16","","1","","","B03","24.167048","120.721","3"
"2019","3","26","19","23","臺中市","北屯區","0","0","8","3","7","80","14","9","1","5","4","5","7","4","4","1","3","5","1","13","23","3","10","1","1","B03","7","9","1","8","2","1","","23","23","1","","8","B03","24.167413","120.702116","3"
"2019","3","26","19","25","臺中市","北屯區","0","1","8","1","5","40","14","7","1","5","4","4","7","4","4","5","5","4","2","9","60","3","10","4","5","H03","8","20","8","20","10","16","","60","60","1","15","8","H03","24.194114","120.660977","2"
"2019","3","26","19","31","臺中市","潭子區","0","1","8","3","5","50","3","1","1","5","4","5","7","1","1","10","5","5","2","17","26","3","10","1","1","B03","7","5","1","8","2","8","","26","26","1","21","8","B03","24.214466","120.70057","2"
"2019","3","26","19","34","臺中市","梧棲區","0","0","8","","","70","","","","","","","","","","","","","","","","","","","","B03","","","1","","2","","","23","","1","5","","B03","24.245143","120.549103","3"
"2019","3","26","19","45","臺中市","烏日區","0","0","8","","","30","","","","","","","","","","","","","","","","","","","","B03","","","1","","2","","","26","","1","22","","B03","24.112075","120.616456","3"
"2019","3","26","19","46","臺中市","北區","0","0","8","","","40","","","","","","","","","","","","","","","","3","","","","B03","","","1","","2","","","23","","1","22","","B03","24.161991","120.689864","3"
"2019","3","26","20","18","臺中市","西屯區","0","0","8","","","50","","","","","","","","","","","","","","","","","","","","B03","","","1","","2","","","12","","1","22","","B03","24.182169","120.632091","3"
"2019","3","26","20","27","臺中市","大里區","0","1","8","3","5","50","4","1","1","5","4","5","7","3","1","10","5","5","2","16","6","3","10","3","4","B03","7","5","1","8","2","5","","6","6","1","3","8","B03","24.109078","120.666332","2"
"2019","3","26","20","28","臺中市","西區","0","0","8","3","5","50","14","9","1","5","4","5","7","4","4","1","4","5","2","12","23","","","","","B02","","","1","","2","","","38","23","1","10","","B02","24.151239","120.654839","3"
"2019","3","26","20","30","臺中市","大里區","0","1","8","3","5","40","5","1","1","5","4","5","7","1","1","10","5","5","2","16","6","2","8","1","1","C03","7","5","1","10","2","14","","6","6","1","19","8","C03","24.112573","120.68966","2"
"2019","3","26","21","1","臺中市","大里區","0","0","8","","","50","","","","","","","","","","","","","","","","","","","","B03","","","1","","2","","","6","","1","","","B03","24.087231","120.694435","3"
"2019","3","26","21","30","臺中市","沙鹿區","0","2","8","3","5","50","4","1","1","5","4","5","7","3","1","10","5","5","2","15","6","2","9","1","1","C03","7","9","1","10","2","12","","6","6","1","18","5","C03","24.236055","120.560634","2"
"2019","3","26","21","34","臺中市","北屯區","0","1","8","3","5","40","3","1","1","5","4","5","7","3","1","10","5","5","2","16","6","3","10","1","1","B03","7","5","1","8","2","1","","6","6","1","21","8","B03","24.173817","120.714452","2"
"2019","3","26","21","57","臺中市","梧棲區","0","0","8","","","50","","","","","","","","","","","","","","","","","","","","B03","","","1","","2","","","12","","1","","","B03","24.247597","120.546587","4"
"2019","3","26","22","22","臺中市","北屯區","0","2","8","3","5","50","4","2","1","5","4","5","7","1","1","1","2","5","2","12","23","2","7","1","1","C03","7","9","3","18","2","14","","23","23","1","22","8","C03","24.173062","120.698345","2"
"2019","3","26","22","22","臺中市","西屯區","0","2","8","3","5","50","3","2","1","5","4","5","7","4","4","5","5","5","2","16","7","2","8","1","1","C03","7","9","1","10","2","11","","44","7","1","22","8","C03","24.171845","120.647717","2"
"2019","3","26","22","55","臺中市","西屯區","0","2","8","3","5","30","3","1","1","5","4","5","7","4","4","10","5","5","2","12","6","2","9","3","4","C03","7","5","1","10","2","14","","6","6","1","22","8","C03","24.190008","120.643112","2"
"2019","3","26","23","9","臺中市","北屯區","0","0","","3","5","50","5","9","1","5","4","5","7","1","1","4","3","5","2","14","12","3","10","1","1","B03","7","2","1","8","2","3","","12","12","1","21","8","B03","24.171903","120.720804","3"
"2019","3","26","23","14","臺中市","北屯區","0","2","8","3","5","50","4","1","1","5","4","5","7","1","1","10","5","5","2","16","6","2","9","1","1","C03","7","5","1","10","2","11","12","6","6","1","5","8","C03","24.16973","120.704616","2"
"2019","3","26","23","36","臺中市","大里區","0","1","8","3","5","50","5","1","1","5","4","5","7","1","1","9","4","5","1","16","25","2","9","3","4","C03","7","9","1","10","2","14","","25","25","1","12","8","C03","24.096806","120.695231","2"
"2019","3","26","23","43","臺中市","南區","0","2","8","3","5","50","3","1","1","5","4","5","7","1","1","10","5","5","2","3","15","2","9","1","1","C03","7","9","3","18","2","11","","15","15","1","21","8","C03","24.122741","120.679322","2"
"2019","3","27","0","30","臺中市","烏日區","0","2","8","3","5","50","14","8","1","5","4","5","7","4","4","5","4","4","2","17","23","2","9","1","1","B03","7","9","1","8","2","1","","23","23","1","21","8","B03","24.098011","120.647309","2"
"2019","3","27","7","3","臺中市","北屯區","0","0","8","","","50","","","","","","","","","","","","","","","","","","","","B03","","","1","","2","","","23","","1","","","B03","24.184442","120.693997","3"
"2019","3","27","7","10","臺中市","梧棲區","0","0","8","","","50","","","","","","","","","","","","","","","","","","","","B03","","","1","","2","","","23","","1","2","","B03","24.224659","120.525585","3"
"2019","3","27","7","11","臺中市","南區","0","2","8","1","5","40","4","1","1","5","4","5","7","4","4","10","5","5","2","15","6","2","8","1","1","C03","7","9","1","10","2","11","","6","6","1","5","8","C03","24.124924","120.676374","2"
"2019","3","27","7","21","臺中市","西屯區","0","0","8","","","50","","","","","","","","","","","","","","","","","","","","B03","","","1","","2","","","23","","1","4","","B03","24.171985","120.664321","3"
"2019","3","27","7","24","臺中市","西屯區","0","1","8","1","5","50","14","9","1","5","4","5","7","4","4","10","4","5","2","16","6","3","10","1","1","B03","7","6","1","8","2","2","","6","6","1","22","8","B03","24.20053","120.657861","2"
"2019","3","27","7","28","臺中市","北屯區","0","2","8","1","5","60","3","1","1","5","4","5","7","1","1","10","5","5","2","16","44","2","9","3","4","C03","7","8","1","10","2","13","","44","44","1","21","8","C03","24.164575","120.709341","2"
"2019","3","27","7","30","臺中市","沙鹿區","0","1","8","1","5","50","3","2","1","5","4","5","7","4","4","5","5","4","2","16","10","3","10","1","1","B03","7","11","1","8","2","5","","10","10","1","21","8","B03","24.208932","120.569683","2"
"2019","3","27","7","32","臺中市","龍井區","0","2","8","1","5","40","14","8","1","5","4","5","7","4","4","1","4","1","2","17","42","2","8","1","1","C03","7","9","1","10","2","12","","42","42","1","21","8","C03","24.177122","120.576602","2"
"2019","3","27","7","35","臺中市","西屯區","0","1","8","1","5","40","14","9","1","5","4","5","7","4","4","5","5","5","2","13","23","3","10","1","1","C03","7","9","1","10","2","11","","23","23","1","22","8","C03","24.178033","120.589241","2"
"2019","3","27","7","37","臺中市","太平區","0","1","8","1","5","40","14","12","1","5","4","5","7","4","4","5","5","4","1","16","19","3","10","1","1","B12","7","1","1","7","2","8","","19","19","1","20","5","B12","24.150333","120.731395","2"
"2019","3","27","7","38","臺中市","西區","0","0","8","","","40","","","","","","","","","","","","","","","","","","","","B12","","","1","","2","","","12","","1","22","","B12","24.151388","120.661911","3"
"2019","3","27","7","40","臺中市","北屯區","0","1","8","1","5","50","3","1","1","5","4","5","7","4","4","10","5","5","2","16","4","2","9","1","1","C03","7","9","1","10","2","11","","4","4","1","5","8","C03","24.191548","120.690388","2"
"2019","3","27","7","40","臺中市","烏日區","0","0","8","","","50","","","","","","","","","","","","","","","26","","","","","B03","","","1","","2","","","26","26","","21","","B03","24.11615","120.616935","3"
"2019","3","27","7","41","臺中市","梧棲區","0","2","8","1","5","50","4","1","1","5","4","5","7","1","1","10","5","5","2","15","25","2","8","1","1","C03","7","9","1","10","2","11","","25","25","1","18","1","C03","24.243428","120.533204","2"
"2019","3","27","7","47","臺中市","北屯區","0","1","8","1","5","50","3","1","1","5","4","5","7","1","1","10","5","5","2","13","23","3","10","1","1","C03","7","9","1","10","2","11","","23","23","1","5","8","C03","24.171511","120.704675","2"
"2019","3","27","7","51","臺中市","西屯區","0","0","8","","","50","","","","","","","","","","","","","","","","","","","","A11","","","1","","2","","","23","","1","21","","A11","24.195117","120.644651","3"
"2019","3","27","7","52","臺中市","烏日區","0","0","8","","","50","","","","","","","","","","","","","","","","","","","","B03","","","1","","2","","","26","","1","22","","B03","24.100711","120.62942","3"
"2019","3","27","7","53","臺中市","西屯區","0","1","8","1","5","50","14","9","1","5","4","5","7","1","1","1","4","5","2","17","44","3","10","1","1","A12","7","9","1","3","2","2","","44","44","1","22","8","A12","24.18558","120.637761","2"
"2019","3","27","7","54","臺中市","西區","0","1","8","1","5","50","4","1","1","5","4","5","7","1","1","10","5","5","2","16","6","3","10","1","1","B03","7","5","1","8","2","4","","6","6","1","21","8","B03","24.139283","120.657389","2"
"2019","3","27","7","55","臺中市","大甲區","0","2","8","1","5","50","3","9","1","5","4","5","7","4","4","4","5","5","1","17","26","2","9","1","1","C03","7","5","1","10","2","11","","26","26","1","22","8","C03","24.347863","120.617539","2"
"2019","3","27","7","57","臺中市","西屯區","0","0","8","","","50","","","","","","","","","","","","","","","","","","","","B03","","","1","","2","","","23","","1","","","B03","24.183598","120.622083","3"
"2019","3","27","8","5","臺中市","中區","0","2","8","1","5","50","3","2","1","5","4","5","7","4","4","5","4","5","2","16","23","2","9","1","1","C03","7","9","1","10","2","14","","23","23","1","21","8","C03","24.145024","120.681312","2"
"2019","3","27","8","5","臺中市","沙鹿區","0","0","8","","","40","","","","","","","","","","","","","","","","","","","","C03","","","1","","2","","","23","","1","22","","C03","24.221212","120.583858","3"
"2019","3","27","8","10","臺中市","北屯區","0","1","8","1","5","50","14","7","1","5","4","5","7","4","4","5","5","4","2","13","23","2","7","1","1","C03","7","9","1","10","2","12","","23","23","1","21","8","C03","24.171406","120.704634","2"
"2019","3","27","8","10","臺中市","西屯區","0","0","8","","","50","","","","","","","","","","","","","","","23","","","","","B03","","","1","","2","","","23","23","1","","","B03","24.155993","120.649856","3"
"2019","3","27","8","19","臺中市","太平區","0","0","8","","","50","","","","","","","","","","","","","","","","","","","","B03","","","1","","2","","","23","","1","21","","B03","24.134902","120.731102","3"
"2019","3","27","8","20","臺中市","西屯區","0","0","8","","","50","","","","","","","","","","","","","","","40","","","","","B02","","","1","","2","","","40","40","1","4","","B02","24.175046","120.643946","3"
"2019","3","27","8","21","臺中市","西區","0","0","8","","","50","","","","","","","","","","","","","","","","","","","","B03","","","1","","2","","","23","","1","21","","B03","24.14052","120.671439","3"
"2019","3","27","8","23","臺中市","大雅區","0","1","8","1","5","50","4","1","1","5","4","5","7","4","4","10","5","5","2","16","19","3","10","1","1","B12","7","1","1","2","2","4","","19","19","1","22","9","B12","24.221465","120.644869","2"
"2019","3","27","8","24","臺中市","南區","0","0","8","1","5","50","4","1","1","5","4","5","7","2","1","10","5","5","2","12","2","","","","","B03","","","1","","2","","","44","2","1","5","","B03","24.130116","120.657374","3"
"2019","3","27","8","24","臺中市","南區","0","0","8","","","50","","","","","","","","","","","","","","","","","","","","B03","","","1","","2","","","16","","1","22","","B03","24.11716","120.670084","3"
"2019","3","27","8","31","臺中市","西屯區","0","0","8","","","80","","","","","","","","","","","","","","","","","","","","B03","","","1","","2","","","16","","1","22","","B03","24.200761","120.659645","3"
"2019","3","27","8","49","臺中市","霧峰區","0","0","8","","","50","","","","","","","","","","","","","","","","","","","","B03","","","1","","2","","","6","","1","5","","B03","24.069707","120.69709","3"
"2019","3","27","8","50","臺中市","北屯區","0","0","8","","","50","","","","","","","","","","","","","","","23","","","","","B12","","","1","","2","","","23","23","1","21","","B12","24.171175","120.681411","3"
"2019","3","27","8","51","臺中市","北屯區","0","1","8","1","5","50","4","1","1","5","4","5","7","3","1","10","5","5","2","16","6","3","10","1","1","B03","7","5","1","8","2","4","","6","6","1","21","8","B03","24.168259","120.686159","2"
"2019","3","27","8","52","臺中市","沙鹿區","0","2","8","1","5","50","14","7","1","5","4","5","7","4","4","1","4","4","2","16","45","2","9","1","1","A31","7","9","1","1","2","1","","45","45","1","21","8","A31","24.202057","120.568916","2"
"2019","3","27","8","53","臺中市","西屯區","0","2","8","1","5","50","4","1","1","5","4","5","7","2","1","10","5","5","2","16","19","2","8","1","1","C03","7","1","1","10","2","14","","19","19","1","21","8","C03","24.178152","120.664613","2"
"2019","3","27","8","54","臺中市","清水區","0","1","8","1","5","50","5","1","1","5","4","5","7","3","3","10","5","5","2","15","6","3","10","1","1","C03","7","9","1","10","2","12","","6","6","1","12","8","C03","24.272857","120.579184","2"
"2019","3","27","8","55","臺中市","西屯區","0","0","8","","","50","","","","","","","","","","","","","","","","","","","","B02","","","1","","2","","","23","","1","22","","B02","24.164935","120.65097","3"
"2019","3","27","8","56","臺中市","大雅區","0","0","8","","","50","","","","","","","","","","","","","","","","","","","","B03","","","1","","2","","","6","","1","","","B03","24.222079","120.648184","3"
"2019","3","27","8","59","臺中市","潭子區","0","0","8","","","60","","","","","","","","","","","","","","","","","","","","B03","","","1","","2","","","23","","1","","","B03","24.189732","120.702425","3"
"2019","3","27","9","0","臺中市","烏日區","0","0","8","","","30","","","","","","","","","","","","","","","","","","","","B03","","","1","","2","","","10","","1","21","","B03","24.105812","120.634287","3"
"2019","3","27","9","6","臺中市","北區","0","1","8","1","5","50","3","1","1","5","4","5","7","4","4","10","5","5","2","16","6","3","10","1","1","B03","7","6","1","8","2","2","","6","6","1","21","8","B03","24.155334","120.663233","2"
"2019","3","27","9","7","臺中市","西區","0","0","8","","","50","","","","","","","","","","","","","","","26","3","","","","B03","","","1","","2","","","26","26","","5","","B03","24.137811","120.680066","3"
"2019","3","27","9","10","臺中市","南區","0","0","","","","","","","","","","","","","","","","","","","44","","","","","B03","","","1","","2","","","44","44","1","21","","B03","24.117174","120.669","3"
"2019","3","27","9","20","臺中市","北屯區","0","0","8","","","50","","","","","","","","","","","","","","","","","","","","B03","","","1","","2","","","6","","1","4","","B03","24.205695","120.687636","3"
"2019","3","27","9","26","臺中市","北屯區","0","1","8","1","5","50","4","1","1","5","4","5","7","1","1","10","5","5","2","12","42","3","10","1","1","C03","7","15","1","10","2","13","","42","42","1","5","8","C03","24.167906","120.696203","2"
"2019","3","27","9","30","臺中市","西屯區","0","1","8","1","5","50","14","9","1","5","4","5","7","4","4","10","5","5","2","2","23","3","10","1","1","C03","7","9","1","10","2","15","","23","23","1","18","8","C03","24.176092","120.645723","2"
"2019","3","27","9","33","臺中市","西屯區","0","0","8","","","50","","","","","","","","","","","","","","","","","","","","B03","","","1","","2","","","23","","1","4","","B03","24.175038","120.644158","3"
"2019","3","27","9","36","臺中市","南區","0","1","8","1","5","50","3","1","1","5","4","5","7","4","4","10","5","5","2","14","12","3","10","1","1","B12","7","2","1","8","2","3","","12","12","1","22","8","B12","24.12744","120.680032","2"
"2019","3","27","9","40","臺中市","大甲區","0","1","8","1","5","50","14","8","1","5","4","5","7","4","4","4","5","4","1","18","22","2","9","1","1","C03","7","9","1","10","2","11","","22","22","1","22","8","C03","24.357","120.6079","2"
"2019","3","27","9","51","臺中市","龍井區","0","0","8","","","40","","","","","","","","","","","","","","","","","","","","B12","","","1","","2","","","23","","1","10","","B12","24.220765","120.510203","3"
"2019","3","27","9","53","臺中市","西屯區","0","1","8","1","5","50","14","7","1","5","4","5","7","4","4","5","4","4","2","16","7","3","10","1","1","B03","7","8","1","8","2","2","","7","7","1","22","8","B03","24.176501","120.650373","2"
"2019","3","27","9","57","臺中市","北屯區","0","3","8","1","5","50","14","7","1","5","4","5","7","4","4","1","4","4","2","16","7","2","9","1","1","B02","7","7","1","4","2","7","","7","7","1","21","8","B02","24.17079","120.685361","2"
"2019","3","27","10","5","臺中市","沙鹿區","0","1","8","1","5","50","4","1","1","5","4","5","7","4","4","10","5","5","2","16","6","2","8","1","1","C03","7","9","1","10","2","11","","6","6","1","20","9","C03","24.225029","120.563845","2"
"2019","3","27","10","15","臺中市","大里區","0","3","8","1","5","50","4","1","1","5","4","5","7","3","1","10","5","5","2","16","6","2","9","1","1","C03","7","5","1","10","2","11","","6","6","1","5","8","C03","24.098762","120.687434","2"
"2019","3","27","10","38","臺中市","烏日區","0","0","8","","","50","","","","","","","","","","","","","","","","","","","","B03","","","1","","2","","","26","","1","22","","B03","24.117496","120.614438","3"
"2019","3","27","10","39","臺中市","西屯區","0","0","8","","","40","","","","","","","","","","","","","","","","","","","","B03","","","1","","2","","","23","","1","21","","B03","24.185257","120.61604","3"
"2019","3","27","10","56","臺中市","西屯區","0","0","8","","","50","","","","","","","","","","","","","","","","","","","","B12","","","1","","2","","","23","","1","22","","B12","24.158466","120.638678","3"
"2019","3","27","11","0","臺中市","大里區","0","1","8","1","5","50","5","1","1","5","4","5","7","4","4","10","5","5","2","15","6","2","9","1","1","C03","7","9","1","10","2","12","","6","6","1","5","8","C03","24.08539","120.699657","2"
"2019","3","27","11","2","臺中市","西屯區","0","0","8","","","50","","","","","","","","","","","","","","","7","","","","","B03","","","1","","2","","","7","7","1","","","B03","24.184006","120.608764","3"
"2019","3","27","11","2","臺中市","西屯區","0","0","8","","","60","","","","","","","","","","","","","","","","","","","","B03","","","1","","3","","","7","","1","","","B03","24.1607","120.653209","3"
"2019","3","27","11","3","臺中市","南區","0","0","8","1","5","50","3","2","1","5","4","5","7","4","4","1","4","4","2","13","","","","","","B03","","","1","","2","","","23","","1","5","","B03","24.118389","120.670079","3"
"2019","3","27","11","7","臺中市","梧棲區","0","1","8","1","5","40","3","1","1","5","4","5","7","4","4","10","5","5","2","16","8","3","10","1","1","B12","7","5","1","8","2","7","","8","8","1","20","8","B12","24.256991","120.557703","2"
"2019","3","27","11","9","臺中市","南屯區","0","1","8","1","5","50","14","7","1","5","4","5","7","4","4","1","4","4","2","12","23","2","8","1","1","C03","7","9","1","10","2","12","","23","23","1","20","8","C03","24.14978","120.637858","2"
"2019","3","27","11","10","臺中市","西區","0","0","8","","","50","","","","","","","","","","","","","","","26","3","","","","B03","","","1","","2","","","26","26","1","21","","B03","24.131062","120.667839","3"
"2019","3","27","11","20","臺中市","東勢區","0","0","8","","","15","","","","","","","","","","","","","","","","","","","","B03","","","1","","2","","","23","","","21","","B03","24.214095","120.874362","3"
"2019","3","27","11","21","臺中市","龍井區","0","0","","","","","","","","","","","","","","","","","","","","","","","","A11","","","1","","2","","","26","","1","","","A11","24.189707","120.579276","3"
"2019","3","27","11","23","臺中市","東區","0","1","8","1","5","40","14","8","1","5","4","5","7","1","1","9","4","4","2","18","23","2","9","1","1","C03","7","9","3","18","2","14","","23","23","1","19","8","C03","24.147596","120.695681","2"
"2019","3","27","11","23","臺中市","北屯區","0","1","8","1","5","50","14","9","1","5","4","5","7","4","4","10","2","5","2","13","16","2","9","3","4","C03","7","9","1","10","2","14","","16","16","1","21","8","C03","24.175469","120.680619","2"
"2019","3","27","11","28","臺中市","西屯區","0","0","8","","","50","","","","","","","","","","","","","","","","","","","","B03","","","1","","2","","","23","","1","4","","B03","24.199746","120.654913","3"
"2019","3","27","11","39","臺中市","西屯區","0","0","8","","","50","","","","","","","","","","","","","","","","","","","","B12","","","6","","2","","","23","","1","22","","B12","24.169056","120.642085","3"
"2019","3","27","11","41","臺中市","潭子區","0","1","8","1","5","40","14","7","1","5","4","5","7","4","4","5","4","4","1","12","26","2","8","4","5","F01","7","7","8","20","2","16","","26","26","1","22","9","F01","24.210669","120.70901","2"
"2019","3","27","11","50","臺中市","烏日區","0","1","8","1","5","40","4","1","1","5","4","5","7","4","4","10","5","5","2","15","6","3","10","1","1","B03","7","9","1","8","2","5","","6","6","1","22","8","B03","24.109076","120.640247","2"
"2019","3","27","11","55","臺中市","西區","0","2","8","1","5","50","4","1","1","5","4","5","7","1","1","10","5","5","2","15","25","2","9","1","1","C03","7","9","1","10","2","12","","25","25","1","5","8","C03","24.146741","120.665247","2"
"2019","3","27","11","59","臺中市","東區","0","2","8","1","5","50","11","9","1","5","4","5","3","4","4","10","5","5","2","11","23","2","8","1","1","C03","7","5","1","10","2","14","","23","23","1","21","8","C03","24.144687","120.705231","2"
"2019","3","27","12","0","臺中市","太平區","0","0","8","","","40","","","","","","","","","","","","","","","","","","","","B03","","","1","","2","","","18","","1","22","","B03","24.150407","120.711308","3"
"2019","3","27","12","2","臺中市","潭子區","0","1","8","1","5","50","4","1","1","5","4","5","7","4","4","10","5","5","2","15","6","2","9","1","1","B03","7","9","1","8","2","5","","6","6","1","21","9","B03","24.226898","120.70295","2"
"2019","3","27","12","20","臺中市","沙鹿區","0","1","8","1","5","40","4","1","1","5","4","5","7","4","4","10","5","5","2","16","6","2","8","1","1","C03","7","6","3","18","2","12","","6","6","1","20","8","C03","24.246452","120.609598","2"
"2019","3","27","12","24","臺中市","西區","0","2","8","1","5","50","4","2","1","5","4","5","7","4","4","5","4","4","2","17","6","2","9","1","1","C03","7","5","1","10","2","15","","6","6","1","22","9","C03","24.142451","120.65518","2"