"年","月","日","時","分","縣市","區","死","受傷","天候","光線","道路類別","速限","道路型態","事故位置","路面鋪裝","路面狀態","路面缺陷","障礙物","視距","號誌種類","號誌動作","分向設施","快車道或一般車道間","快慢車道間","路面邊線","事故類型及型態","主要肇因","受傷程度","主要傷處","保護裝備","行動電話","當事者區分","車輛用途","當事者行動狀態","駕駛資格情形","駕駛執照種類","飲酒情形","車輛撞擊部位最初","車輛撞擊部位其他","肇事因素個別","肇事因素主要","肇事逃逸","職業","旅次目的","車種","GPS座標緯度","GPS座標經度","事故類別"
"2019","3","27","12","30","臺中市","南區","0","2","8","1","5","50","14","7","1","5","4","5","7","4","4","5","4","4","2","13","23","2","8","1","1","C03","7","9","1","10","2","11","","23","23","1","5","8","C03","24.116897","120.66715","2"
"2019","3","27","12","35","臺中市","東區","0","2","8","1","5","50","4","1","1","5","4","3","5","4","4","10","5","5","2","15","6","2","9","1","1","C03","7","9","1","10","2","12","","6","6","1","22","8","C03","24.140725","120.691003","2"
"2019","3","27","12","38","臺中市","烏日區","0","1","8","1","5","60","4","2","1","5","4","5","7","1","1","1","1","5","1","12","23","2","9","1","1","C03","7","9","1","10","2","14","","23","23","1","18","8","C03","24.104228","120.624463","2"
"2019","3","27","12","40","臺中市","北屯區","0","1","8","1","5","40","14","8","1","5","4","5","7","4","4","7","5","4","2","16","10","3","10","1","1","B03","7","11","1","8","2","6","","10","10","1","4","8","B03","24.205803","120.68764","2"
"2019","3","27","12","40","臺中市","清水區","0","1","8","1","5","50","4","2","1","5","4","5","7","1","1","5","4","4","2","11","10","3","10","1","1","C03","7","11","1","10","2","12","","10","10","1","5","7","C03","24.269251","120.574116","2"
"2019","3","27","12","43","臺中市","北屯區","0","0","8","","","50","","","","","","","","","","","","","","","43","","","","","B03","","","1","","2","","","43","43","1","5","","B03","24.173486","120.668723","3"
"2019","3","27","12","45","臺中市","北區","0","0","8","","","50","","","","","","","","","","","","","","","","","","","","B03","","","1","","2","","","7","","1","","","B03","24.153971","120.682195","3"
"2019","3","27","12","45","臺中市","北屯區","0","0","8","","","40","","","","","","","","","","","","","","","","","","","","B12","","","1","","2","","","12","","1","","","B12","24.173343","120.696535","3"
"2019","3","27","12","55","臺中市","西屯區","0","0","8","","","40","","","","","","","","","","","","","","","","","","","","B12","","","1","","2","","","23","","1","22","","B12","24.209785","120.65202","3"
"2019","3","27","12","56","臺中市","石岡區","0","2","8","1","5","50","14","8","1","5","4","5","7","4","4","1","4","4","1","13","23","2","9","1","1","C03","7","9","1","10","2","12","","23","23","1","9","8","C03","24.260863","120.81927","2"
"2019","3","27","13","3","臺中市","梧棲區","0","1","8","1","5","50","14","9","1","5","4","4","7","4","4","1","4","5","1","17","40","3","10","1","1","B03","7","14","1","8","2","4","","40","40","1","19","8","B03","24.245965","120.536176","2"
"2019","3","27","13","5","臺中市","大里區","0","1","8","1","5","50","3","1","1","5","4","5","7","1","1","10","5","5","2","16","6","3","10","1","1","A12","7","6","1","7","2","5","","6","6","1","21","8","A12","24.103897","120.709384","2"
"2019","3","27","13","10","臺中市","大甲區","1","0","8","1","5","50","14","13","1","5","4","5","7","4","4","1","4","4","1","26","23","1","1","3","4","C03","7","9","1","10","2","12","","23","23","1","22","8","C03","24.368922","120.643531","1"
"2019","3","27","13","13","臺中市","北屯區","0","1","8","1","5","50","4","18","1","5","4","5","7","2","1","10","5","5","2","3","23","3","10","1","1","B03","7","5","1","8","2","4","","23","23","1","21","8","B03","24.177203","120.669395","2"
"2019","3","27","13","15","臺中市","大雅區","0","0","8","","","40","","","","","","","","","","","","","","","","","","","","B03","","","1","","2","","","5","","1","","","B03","24.243984","120.640738","3"
"2019","3","27","13","19","臺中市","大里區","0","3","8","1","5","50","4","1","1","5","4","5","7","1","1","10","5","5","2","17","3","2","9","1","1","C03","7","6","1","10","2","12","","3","3","1","18","8","C03","24.11051","120.684565","2"
"2019","3","27","13","23","臺中市","西區","0","1","8","1","5","40","14","8","1","5","4","5","7","4","4","1","4","4","2","17","40","3","10","1","1","B03","7","13","1","8","2","4","","40","40","1","21","8","B03","24.15542","120.658479","2"
"2019","3","27","13","23","臺中市","南區","0","1","8","1","5","50","14","7","1","5","4","5","7","4","4","5","4","4","2","17","7","2","9","1","1","C03","7","7","1","10","2","14","","7","7","1","21","8","C03","24.133056","120.678475","2"
"2019","3","27","13","25","臺中市","清水區","0","0","","","","50","","","","","","","","","","","","","","","","","","","","B03","","","1","","2","","","12","","1","5","","B03","24.27224","120.574884","3"
"2019","3","27","13","26","臺中市","烏日區","0","1","8","1","5","60","14","8","1","5","4","5","7","4","4","1","3","4","1","17","19","3","10","1","1","B03","7","1","1","8","2","8","","19","19","1","22","8","B03","24.104006","120.626662","2"
"2019","3","27","13","27","臺中市","北屯區","0","1","8","1","5","50","3","7","1","5","4","5","7","4","4","5","4","4","2","16","26","3","10","3","4","B03","7","11","1","8","2","7","","26","26","1","2","8","B03","24.163677","120.733363","2"
"2019","3","27","13","33","臺中市","烏日區","0","1","8","1","5","60","3","1","1","5","4","5","7","1","1","10","5","5","2","17","10","3","10","1","4","B03","7","11","1","7","2","4","","10","10","1","21","8","B03","24.074165","120.64285","2"
"2019","3","27","13","37","臺中市","潭子區","0","0","8","","","50","","","","","","","","","","","","","","","","","","","","B03","","","1","","2","","","12","","","","","B03","24.226715","120.703116","3"
"2019","3","27","13","49","臺中市","東區","0","2","8","1","5","50","4","1","1","5","4","5","7","1","1","9","4","4","2","15","25","2","9","1","1","C03","7","9","1","10","2","12","","44","25","1","5","8","C03","24.135321","120.705706","2"
"2019","3","27","13","50","臺中市","西區","0","2","8","1","5","50","4","1","1","5","4","5","7","1","1","10","5","5","2","16","43","2","9","1","1","C03","7","9","1","10","2","12","","43","43","1","20","8","C03","24.146721","120.661025","2"
"2019","3","27","14","0","臺中市","霧峰區","0","1","8","1","5","40","3","1","1","5","4","5","7","4","4","10","5","5","2","16","8","2","1","1","1","B03","7","5","1","8","2","7","","8","8","1","5","8","B03","24.068548","120.662443","2"
"2019","3","27","14","5","臺中市","潭子區","0","0","8","","","50","","","","","","","","","","","","","","","","","","","","B12","","","1","","2","","","18","","1","22","","B12","24.214565","120.710296","3"
"2019","3","27","14","6","臺中市","西屯區","0","0","8","","","40","","","","","","","","","","","","","","","23","","","","","B03","","","1","","2","","","23","23","1","","","B03","24.159386","120.63442","3"
"2019","3","27","14","7","臺中市","西區","0","2","8","1","5","50","4","1","1","5","4","5","7","1","1","10","5","5","2","17","6","2","9","1","1","C03","7","5","1","10","2","14","","6","6","1","22","9","C03","24.14791","120.655741","2"
"2019","3","27","14","13","臺中市","西屯區","0","0","8","","","50","","","","","","","","","","","","","","","","","","","","B03","","","1","","2","","","23","","1","","","B03","24.179409","120.622671","3"
"2019","3","27","14","16","臺中市","大雅區","0","0","8","","","50","","","","","","","","","","","","","","","","","","","","","","","7","","11","","","12","","","","","","24.22908","120.631199","3"
"2019","3","27","14","18","臺中市","西區","0","1","8","1","5","50","14","9","1","5","4","5","7","4","4","5","4","5","2","12","43","3","10","1","1","B03","7","9","1","8","2","5","","43","43","1","21","8","B03","24.150882","120.65569","2"
"2019","3","27","14","25","臺中市","西屯區","0","1","8","1","5","50","14","8","1","5","4","5","7","4","4","1","3","4","1","16","6","3","10","1","1","B01","7","3","1","4","2","2","","6","6","1","4","8","B01","24.163153","120.648493","2"
"2019","3","27","14","29","臺中市","潭子區","0","0","8","","","40","","","","","","","","","","","","","","","","","","","","B12","","","1","","2","","","42","","1","","","B12","24.209341","120.700451","3"
"2019","3","27","14","37","臺中市","西區","0","1","8","1","5","50","14","8","1","5","4","5","7","4","4","5","4","4","1","16","6","2","8","1","1","C03","7","1","1","10","2","14","","6","6","1","21","8","C03","24.135777","120.661787","2"
"2019","3","27","14","37","臺中市","潭子區","0","1","8","1","5","50","3","1","1","5","4","5","7","4","4","10","5","5","2","18","23","2","9","1","1","C03","7","9","1","10","2","12","","23","23","1","21","8","C03","24.228796","120.707241","2"
"2019","3","27","14","42","臺中市","大雅區","0","0","8","","","40","","","","","","","","","","","","","","","","","","","","B03","","","1","","2","","","5","","1","","","B03","24.229283","120.628291","3"
"2019","3","27","14","43","臺中市","西屯區","0","0","8","","","50","","","","","","","","","","","","","","","","","","","","B03","","","1","","2","","","10","","1","22","","B03","24.17266","120.648038","3"
"2019","3","27","15","0","臺中市","后里區","0","0","8","","","40","","","","","","","","","","","","","","","","","","","","A12","","","1","","2","","","42","","1","10","","A12","24.325951","120.74868","3"
"2019","3","27","15","1","臺中市","北區","0","1","8","1","5","50","14","9","1","5","4","5","7","4","4","10","4","5","2","12","1","3","10","1","1","C03","7","9","1","10","2","12","","1","1","1","22","8","C03","24.146451","120.67635","2"
"2019","3","27","15","5","臺中市","霧峰區","0","1","8","1","5","50","14","8","1","5","4","5","7","4","4","9","4","4","1","12","7","3","10","1","1","B03","7","8","1","8","2","6","","7","7","1","12","8","B03","24.059332","120.694333","2"
"2019","3","27","15","5","臺中市","太平區","0","3","8","1","5","40","3","1","1","5","4","5","7","4","4","10","5","5","2","16","6","2","9","1","1","C03","7","5","1","10","2","11","","6","6","1","20","5","C03","24.149913","120.726802","2"
"2019","3","27","15","16","臺中市","南區","0","0","8","","","40","","","","","","","","","","","","","","","","","","","","B11","","","1","","2","","","12","","1","10","","B11","24.123826","120.66141","3"
"2019","3","27","15","20","臺中市","潭子區","0","0","8","","","50","","","","","","","","","","","","","","","","","","","","C03","","","1","","2","","","23","","1","21","","C03","24.210024","120.704718","3"
"2019","3","27","15","35","臺中市","大里區","0","0","8","","","40","","","","","","","","","","","","","","","","","","","","A12","","","1","","2","","","23","","1","10","","A12","24.076898","120.685668","3"
"2019","3","27","15","41","臺中市","南區","0","0","8","1","5","40","14","8","1","5","4","5","7","4","4","1","4","4","2","17","","","","","","B03","","","3","","2","","","43","","1","5","","B03","24.110937","120.647766","3"
"2019","3","27","15","47","臺中市","北屯區","0","0","8","","","40","","","","","","","","","","","","","","","43","","","","","B03","","","1","","9","","","38","43","1","","","B03","24.169177","120.688795","3"
"2019","3","27","15","49","臺中市","大里區","0","1","8","1","5","50","4","1","1","5","4","5","7","1","1","10","5","5","2","15","25","3","10","1","1","B03","7","9","1","8","2","1","","25","25","1","21","8","B03","24.107942","120.689524","2"
"2019","3","27","15","50","臺中市","南屯區","0","0","8","","","40","","","","","","","","","","","","","","","","","","","","B03","","","1","","2","","","12","","1","22","","B03","24.13154","120.635151","3"
"2019","3","27","15","50","臺中市","大里區","0","0","8","1","5","50","3","1","1","5","4","5","7","4","4","10","5","5","2","16","6","3","10","1","1","B12","7","6","1","8","2","2","","6","6","1","10","8","B12","24.099784","120.676993","3"
"2019","3","27","15","58","臺中市","南屯區","0","0","8","","","50","","","","","","","","","","","","","","","42","","","","","B03","","","1","","2","","","42","42","1","22","","B03","24.145988","120.636501","3"
"2019","3","27","16","0","臺中市","中區","0","2","8","1","5","50","4","1","1","5","4","5","7","1","1","10","5","5","2","16","26","2","9","1","1","B03","7","6","1","8","2","2","","26","26","1","20","8","B03","24.135873","120.682225","2"
"2019","3","27","16","3","臺中市","梧棲區","0","0","8","","","70","","","","","","","","","","","","","","","","","","","","B12","","","1","","2","","","23","","1","5","","B12","24.24388","120.553011","3"
"2019","3","27","16","7","臺中市","龍井區","0","1","8","1","5","50","4","1","1","5","4","5","7","2","1","10","5","5","2","16","1","2","9","3","4","C03","7","4","1","10","2","12","","1","1","1","22","8","C03","24.182026","120.584135","2"
"2019","3","27","16","8","臺中市","龍井區","0","1","8","1","5","40","11","9","1","5","4","5","7","4","4","5","5","5","1","11","42","2","1","1","1","C03","7","6","1","10","2","11","","42","42","1","21","8","C03","24.186886","120.571011","2"
"2019","3","27","16","9","臺中市","東區","0","0","","","","","","","","","","","","","","","","","","","","","","","","B12","","","1","","2","","","6","","1","","","B12","24.133045","120.698764","3"
"2019","3","27","16","11","臺中市","西屯區","0","1","8","1","5","50","4","1","1","5","4","5","7","2","1","10","5","5","2","16","6","3","10","3","4","B03","7","5","1","8","2","6","","6","6","1","22","9","B03","24.170258","120.645813","2"
"2019","3","27","16","12","臺中市","龍井區","0","0","8","","","50","","","","","","","","","","","","","","","","","","","","B03","","","1","","2","","","12","","1","20","","B03","24.189223","120.545731","3"
"2019","3","27","16","18","臺中市","北區","0","0","8","","","50","","","","","","","","","","","","","","","","","","","","C03","","","7","","11","","","6","","1","22","","C03","24.150936","120.675453","3"
"2019","3","27","16","20","臺中市","大里區","0","1","8","1","5","50","3","1","1","5","4","5","7","4","4","10","5","5","2","16","8","3","10","3","4","B03","7","5","5","8","2","8","","8","8","1","3","8","B03","24.093908","120.703844","2"
"2019","3","27","16","25","臺中市","烏日區","0","0","8","","","40","","","","","","","","","","","","","","","","","","","","B03","","","1","","2","","","19","","1","21","","B03","24.112681","120.616387","4"
"2019","3","27","16","36","臺中市","烏日區","0","0","8","","","40","","","","","","","","","","","","","","","","","","","","B03","","","1","","2","","","23","","1","22","","B03","24.118107","120.617784","3"
"2019","3","27","16","43","臺中市","大里區","0","1","8","1","5","50","14","9","1","5","4","5","7","4","4","5","5","5","1","16","7","3","10","1","1","B03","7","8","1","8","2","5","","7","7","1","4","8","B03","24.102911","120.68841","2"
"2019","3","27","16","44","臺中市","西區","0","1","8","1","5","50","4","1","1","5","4","5","7","1","1","5","5","5","2","12","44","3","10","3","4","B03","7","6","1","8","2","2","","44","44","1","21","8","B03","24.150891","120.658515","2"
"2019","3","27","17","0","臺中市","南屯區","0","1","8","1","5","40","14","8","1","5","4","5","7","4","4","1","4","4","2","24","23","2","9","3","4","C03","7","9","1","10","2","11","","23","23","1","22","9","C03","24.128963","120.653543","2"
"2019","3","27","17","5","臺中市","大里區","0","0","8","1","5","40","3","1","1","5","4","5","7","4","4","10","4","5","1","13","16","3","10","1","1","C03","7","9","1","10","2","14","","16","16","1","5","8","C03","24.095913","120.698446","3"
"2019","3","27","17","9","臺中市","南屯區","0","1","8","1","5","50","4","1","1","5","4","5","7","2","1","10","5","5","2","13","16","3","10","1","1","B03","7","9","1","8","2","1","","16","16","1","22","9","B03","24.149061","120.620146","2"
"2019","3","27","17","10","臺中市","大甲區","0","0","8","","","40","","","","","","","","","","","","","","","23","","","","","B03","","","1","","2","","","23","23","1","22","","B03","24.340228","120.63003","3"
"2019","3","27","17","15","臺中市","大里區","0","0","8","","","50","","","","","","","","","","","","","","","","","","","","B03","","","1","","2","","","23","","1","22","","B03","24.086372","120.687433","3"
"2019","3","27","17","19","臺中市","后里區","0","0","8","","","50","","","","","","","","","","","","","","","","","","","","B03","","","1","","2","","","23","","1","22","","B03","24.307999","120.712228","3"
"2019","3","27","17","24","臺中市","南屯區","0","0","8","","","50","","","","","","","","","","","","","","","6","","","","","B03","","","1","","2","","","6","6","1","22","","B03","24.133855","120.644021","3"
"2019","3","27","17","24","臺中市","南屯區","0","1","8","1","5","50","5","2","1","5","4","5","7","4","4","5","5","5","2","16","26","2","9","1","1","C03","7","11","1","10","2","14","","26","26","1","22","7","C03","24.137464","120.643878","2"
"2019","3","27","17","25","臺中市","大里區","0","2","8","2","5","50","4","1","1","5","4","5","7","1","1","10","5","5","2","13","16","2","8","1","1","C03","7","9","1","10","2","11","","16","16","1","12","8","C03","24.090175","120.697909","2"
"2019","3","27","17","25","臺中市","大里區","0","0","8","","","50","","","","","","","","","","","","","","","","","","","","B03","","","1","","2","","","23","","1","21","","B03","24.107854","120.691605","3"
"2019","3","27","17","25","臺中市","大雅區","0","0","8","","","40","","","","","","","","","","","","","","","","","","","","C03","","","1","","2","","","19","","1","","","C03","24.241418","120.627479","3"
"2019","3","27","17","34","臺中市","西屯區","0","0","8","","","50","","","","","","","","","","","","","","","","","","","","B03","","","1","","2","","","23","","1","","","B03","24.186395","120.622024","3"
"2019","3","27","17","35","臺中市","太平區","0","1","8","1","5","40","4","1","1","5","4","5","7","3","1","10","5","5","2","16","6","3","10","1","1","B03","7","5","1","3","2","1","","6","6","1","5","8","B03","24.130277","120.724444","2"
"2019","3","27","17","36","臺中市","北區","0","0","8","","","50","","","","","","","","","","","","","","","","3","","","","B03","","","1","","2","","","23","","1","22","","B03","24.15519","120.667063","3"
"2019","3","27","17","38","臺中市","沙鹿區","0","1","8","1","5","40","3","1","1","5","4","5","7","4","4","10","5","5","2","12","17","3","10","1","1","B12","7","9","1","8","2","2","","17","17","1","4","8","B12","24.250705","120.564658","2"
"2019","3","27","17","40","臺中市","西屯區","0","0","8","","","50","","","","","","","","","","","","","","","","","","","","B03","","","1","","3","","","23","","1","","","B03","24.171853","120.6353","3"
"2019","3","27","17","45","臺中市","大雅區","0","2","8","1","5","50","4","1","1","5","4","5","7","1","1","5","5","5","1","17","6","3","10","1","1","A11","7","6","1","3","2","2","","6","6","1","21","8","A11","24.229409","120.65434","2"
"2019","3","27","17","54","臺中市","西區","0","1","8","1","5","40","14","9","1","5","4","5","7","4","4","5","5","5","2","13","23","2","9","1","1","C03","7","9","1","10","2","11","","23","23","1","22","8","C03","24.139566","120.670233","2"
"2019","3","27","17","54","臺中市","霧峰區","0","1","8","2","5","50","14","9","1","5","4","5","7","4","4","9","5","4","1","16","6","3","10","3","4","B03","7","11","1","8","2","7","","6","6","1","3","8","B03","24.076194","120.704893","2"
"2019","3","27","17","59","臺中市","石岡區","0","1","8","1","5","40","14","8","1","5","4","4","7","4","4","1","4","4","2","17","23","2","8","1","1","C03","7","4","1","10","2","11","","23","23","1","5","8","C03","24.271725","120.79375","2"
"2019","3","27","18","0","臺中市","北屯區","0","2","8","1","5","60","3","1","1","5","4","5","7","1","1","10","5","5","2","16","6","3","10","1","1","B03","7","6","1","8","2","6","","6","6","1","21","8","B03","24.164883","120.709755","2"
"2019","3","27","18","2","臺中市","烏日區","0","0","8","","","40","","","","","","","","","","","","","","","","","","","","A12","","","1","","2","","","35","","1","21","","A12","24.096619","120.636133","3"
"2019","3","27","18","5","臺中市","大里區","0","1","8","1","5","50","4","1","1","5","4","5","7","4","4","10","5","5","2","15","6","2","8","1","1","C03","7","9","1","10","2","12","","6","6","1","4","8","C03","24.115963","120.674328","2"
"2019","3","27","18","7","臺中市","太平區","0","0","8","","","40","","","","","","","","","","","","","","","","","","","","B03","","","1","","2","","","17","","1","21","","B03","24.154988","120.709986","3"
"2019","3","27","18","15","臺中市","大里區","0","0","8","3","5","50","14","8","1","5","4","5","7","4","4","9","4","4","2","17","18","3","10","1","1","B03","7","3","1","8","2","4","","18","18","1","5","8","B03","24.098231","120.678755","3"
"2019","3","27","18","16","臺中市","北屯區","0","3","8","3","5","50","4","2","1","5","4","5","7","1","1","10","5","5","2","17","7","3","10","1","1","B01","7","8","1","4","2","6","","7","7","1","10","8","B01","24.164945","120.69469","2"
"2019","3","27","18","16","臺中市","太平區","0","0","8","","","50","","","","","","","","","","","","","","","4","","","","","C03","","","4","","2","","","4","4","1","","","C03","24.144166","120.734444","3"
"2019","3","27","18","17","臺中市","北屯區","0","0","8","","","50","","","","","","","","","","","","","","","8","","","","","B03","","","1","","2","","","8","8","1","","","B03","24.190472","120.686383","3"
"2019","3","27","18","17","臺中市","大雅區","0","1","8","3","5","50","14","8","1","5","4","5","7","4","4","3","4","4","1","16","7","3","10","1","1","B03","7","8","1","8","2","2","","7","7","1","21","8","B03","24.213873","120.649548","2"
"2019","3","27","18","20","臺中市","南屯區","0","1","8","3","5","50","4","1","1","5","4","5","7","2","1","10","5","5","2","16","6","3","10","1","1","B03","7","6","1","8","2","5","","6","6","1","22","9","B03","24.153612","120.644534","2"
"2019","3","27","18","21","臺中市","東區","0","1","8","3","5","50","4","1","1","5","4","5","7","1","1","10","5","5","2","17","23","3","10","1","1","B12","7","6","1","8","2","1","","23","23","1","21","8","B12","24.1299","120.690431","2"
"2019","3","27","18","29","臺中市","北區","0","2","8","3","5","50","14","7","1","5","4","5","7","4","4","1","4","4","2","12","7","2","8","3","4","C03","7","8","1","10","2","12","","7","7","1","22","9","C03","24.14627","120.686675","2"
"2019","3","27","18","30","臺中市","霧峰區","0","1","8","3","5","40","14","9","1","5","4","5","7","4","4","10","5","5","1","18","23","2","9","1","1","C03","7","9","1","10","2","15","","23","23","1","18","8","C03","24.077332","120.664539","2"
"2019","3","27","18","34","臺中市","東勢區","0","1","8","3","5","50","14","9","1","5","4","5","7","4","4","5","5","5","1","10","4","3","10","1","1","B12","7","9","1","8","2","1","","4","4","1","5","8","B12","24.246718","120.832348","2"
"2019","3","27","18","43","臺中市","烏日區","0","2","8","3","5","80","14","9","1","5","4","5","7","4","4","1","3","5","1","13","23","3","10","1","1","B03","7","9","1","8","2","1","","23","23","1","22","8","B03","24.102204","120.612613","2"
"2019","3","27","18","45","臺中市","北屯區","0","0","8","","","50","","","","","","","","","","","","","","","","","","","","B03","","","1","","2","","","23","","1","","","B03","24.173087","120.685558","3"
"2019","3","27","18","45","臺中市","沙鹿區","1","0","8","2","5","60","14","7","1","5","4","5","7","4","4","1","4","4","1","3","51","1","1","4","5","H01","8","16","8","20","10","16","","51","51","1","20","9","H01","24.24027","120.570073","1"
"2019","3","27","18","50","臺中市","南區","0","0","","","","","","","","","","","","","","","","","","","26","","","","","C03","","","1","","2","","","26","26","1","17","","C03","24.113789","120.66429","3"
"2019","3","27","18","55","臺中市","北區","0","1","8","3","5","50","4","1","1","5","4","5","7","1","1","10","5","5","2","17","6","3","10","1","1","B03","7","6","1","8","2","5","","6","6","1","22","8","B03","24.16986","120.67906","2"
"2019","3","27","19","20","臺中市","大里區","0","2","8","3","5","40","3","1","1","5","4","5","7","4","4","10","5","5","1","17","6","3","10","1","1","C03","7","5","1","10","2","15","","6","6","1","12","8","C03","24.081369","120.702537","2"
"2019","3","27","19","30","臺中市","西區","0","0","8","1","5","50","4","1","1","5","4","5","7","2","1","10","5","5","2","13","","","","","","C03","","","1","","9","","","23","","2","20","","C03","24.150854","120.662959","3"
"2019","3","27","19","30","臺中市","東區","0","0","8","","","50","","","","","","","","","","","","","","","","","","","","C03","","","1","","2","","","6","","1","","","C03","24.151593","120.694226","3"
"2019","3","27","19","30","臺中市","大雅區","0","2","8","3","5","40","4","1","1","5","4","5","7","4","4","10","5","5","2","15","6","2","7","1","1","C03","7","9","1","10","2","15","","6","6","1","21","8","C03","24.224346","120.669907","2"
"2019","3","27","19","31","臺中市","北屯區","0","1","8","3","5","50","4","19","1","5","4","5","7","1","1","10","5","5","2","3","51","2","9","4","5","H01","8","16","8","20","10","16","","51","51","1","22","8","H01","24.177951","120.7193","2"
"2019","3","27","19","32","臺中市","北屯區","0","0","8","","","50","","","","","","","","","","","","","","","","","","","","B03","","","1","","2","","","25","","1","","","B03","24.163138","120.719559","3"
"2019","3","27","19","54","臺中市","南屯區","0","1","8","3","5","50","4","1","1","5","4","5","7","2","1","10","5","5","2","16","6","3","10","3","4","B03","7","5","1","8","2","1","","6","6","1","22","9","B03","24.14881","120.646789","2"
"2019","3","27","19","54","臺中市","北屯區","0","0","8","","","50","","","","","","","","","","","","","","","23","3","","","","B03","","","1","","2","","","23","23","","21","","B03","24.175685","120.718836","3"
"2019","3","27","20","0","臺中市","中區","0","2","8","1","5","50","4","1","1","5","4","5","7","1","1","5","4","5","2","10","26","2","9","3","4","C03","7","9","3","18","2","11","","26","26","1","21","8","C03","24.141493","120.68063","2"
"2019","3","27","20","2","臺中市","南區","0","0","8","","","50","","","","","","","","","","","","","","","19","3","","","","B03","","","1","8","2","","","19","19","","21","","B03","24.12919","120.684741","3"
"2019","3","27","20","2","臺中市","北屯區","0","0","8","","","40","","","","","","","","","","","","","","","19","","","","","B11","","","1","","2","","","19","19","1","","","B11","24.172474","120.693633","3"
"2019","3","27","20","7","臺中市","西區","0","0","8","","","50","","","","","","","","","","","","","","","","","","","","B03","","","1","","2","","","23","","1","22","","B03","24.1497","120.671138","3"
"2019","3","27","20","11","臺中市","太平區","0","2","8","3","5","50","14","9","1","5","4","5","7","4","4","10","5","5","2","17","19","2","9","1","1","C03","7","1","1","10","2","11","","19","19","1","16","8","C03","24.128332","120.717469","2"
"2019","3","27","20","16","臺中市","沙鹿區","0","1","8","3","5","50","14","7","1","5","4","5","7","4","4","1","1","4","2","12","40","3","10","1","1","B03","7","13","1","8","2","2","","40","40","1","20","8","B03","24.23423","120.560754","2"
"2019","3","27","20","20","臺中市","南屯區","0","0","8","","","50","","","","","","","","","","","","","","","","","","","","B03","","","1","","2","","","7","","1","22","","B03","24.132322","120.625052","3"
"2019","3","27","20","21","臺中市","大肚區","0","1","8","3","5","50","14","9","1","5","4","5","7","4","4","5","5","5","2","18","43","2","9","3","4","C03","7","9","3","18","8","15","","43","43","1","22","9","C03","24.169792","120.574765","2"
"2019","3","27","20","31","臺中市","西屯區","0","0","8","","","50","","","","","","","","","","","","","","","","","","","","B03","","","1","","2","","","7","","1","22","","B03","24.156306","120.646744","3"
"2019","3","27","20","33","臺中市","沙鹿區","0","1","8","1","5","40","4","1","1","5","4","5","7","2","1","10","5","5","2","16","25","3","10","1","1","B03","7","5","1","8","2","4","","25","25","1","4","8","B03","24.256154","120.600308","2"
"2019","3","27","20","33","臺中市","后里區","0","0","8","3","5","50","14","13","1","5","4","5","7","4","4","5","5","4","1","17","18","3","10","1","1","B03","7","3","1","8","3","2","","18","18","1","22","8","B03","24.309493","120.717913","3"
"2019","3","27","20","36","臺中市","潭子區","0","1","8","3","5","40","14","9","1","5","4","5","7","4","4","10","5","5","2","10","23","2","9","1","1","C03","7","9","1","10","2","11","","23","23","1","22","8","C03","24.193475","120.723575","2"
"2019","3","27","20","40","臺中市","龍井區","0","2","8","3","5","50","4","9","1","5","4","5","7","4","4","9","5","5","2","17","8","2","8","3","4","C03","7","4","1","10","2","11","","1","8","1","22","8","C03","24.179134","120.571933","2"
"2019","3","27","20","47","臺中市","北屯區","0","1","8","3","5","50","14","9","1","5","4","5","7","4","4","5","5","5","2","16","26","2","9","1","1","C03","7","11","1","10","2","12","","26","26","1","22","8","C03","24.173401","120.681766","2"
"2019","3","27","20","58","臺中市","北屯區","0","1","8","3","5","50","14","9","1","5","4","5","7","4","4","5","5","5","2","17","13","2","9","1","1","C03","7","9","1","10","2","12","11","13","13","1","21","8","C03","24.171203","120.697134","2"
"2019","3","27","20","58","臺中市","大里區","0","0","8","3","5","60","14","13","1","5","4","5","7","4","4","5","4","5","1","17","21","3","10","1","1","B03","7","9","1","8","7","5","","21","21","1","5","8","B03","24.101785","120.67468","3"
"2019","3","27","21","0","臺中市","梧棲區","0","0","8","","","50","","","","","","","","","","","","","","","","","","","","B03","","","1","","2","","","23","","1","21","","B03","24.25291","120.537891","3"
"2019","3","27","21","13","臺中市","北區","0","4","8","3","5","50","4","2","1","5","4","5","7","1","1","10","5","5","2","16","14","2","9","1","1","C03","7","9","3","18","2","11","","14","14","1","22","8","C03","24.159293","120.680905","2"
"2019","3","27","21","15","臺中市","南屯區","0","0","8","","","50","","","","","","","","","","","","","","","23","","","","","B03","","","1","","2","","","23","23","1","22","","B03","24.150781","120.630763","3"
"2019","3","27","21","18","臺中市","北屯區","0","2","8","3","5","40","14","8","1","5","4","5","7","4","4","3","4","4","2","13","23","2","9","1","1","C03","7","9","2","18","2","11","","23","23","1","22","8","C03","24.168684","120.69681","2"
"2019","3","27","21","32","臺中市","太平區","0","1","8","3","5","50","14","7","1","5","4","5","7","4","4","5","5","4","2","27","43","2","9","1","1","C03","7","9","1","10","2","14","","43","43","1","21","8","C03","24.135082","120.715872","2"
"2019","3","27","21","36","臺中市","西屯區","0","2","8","3","5","50","14","8","1","5","4","5","7","4","4","10","5","5","2","13","23","2","9","1","1","C03","7","9","1","10","2","11","","23","23","1","21","8","C03","24.164934","120.645036","2"