"年","月","日","時","分","縣市","區","死","受傷","天候","光線","道路類別","速限","道路型態","事故位置","路面鋪裝","路面狀態","路面缺陷","障礙物","視距","號誌種類","號誌動作","分向設施","快車道或一般車道間","快慢車道間","路面邊線","事故類型及型態","主要肇因","受傷程度","主要傷處","保護裝備","行動電話","當事者區分","車輛用途","當事者行動狀態","駕駛資格情形","駕駛執照種類","飲酒情形","車輛撞擊部位最初","車輛撞擊部位其他","肇事因素個別","肇事因素主要","肇事逃逸","職業","旅次目的","車種","GPS座標緯度","GPS座標經度","事故類別"
"2019","3","27","21","42","臺中市","太平區","0","1","8","3","5","50","14","9","1","5","4","5","7","4","4","5","5","5","2","17","23","2","9","1","1","C03","7","9","2","18","2","11","","23","23","1","21","8","C03","24.128706","120.718214","2"
"2019","3","27","21","45","臺中市","沙鹿區","0","0","8","","","40","","","","","","","","","","","","","","","43","","","","","C03","","","1","","2","","","43","43","","","","C03","24.22169","120.579541","3"
"2019","3","27","22","0","臺中市","北屯區","0","1","8","3","5","50","3","1","1","5","4","5","7","4","4","1","4","5","2","18","13","2","9","1","1","C03","7","9","1","10","2","14","","13","13","1","18","8","C03","24.1823","120.7155","2"
"2019","3","27","22","6","臺中市","南屯區","0","0","8","","","50","","","","","","","","","","","","","","","","","","","","B01","","","1","","2","","","26","","1","","","B01","24.133528","120.646427","3"
"2019","3","27","22","36","臺中市","南區","0","1","8","1","5","50","4","1","1","5","4","5","7","1","1","10","5","5","2","16","26","3","10","1","1","B03","7","6","1","8","2","2","5","26","26","1","21","8","B03","24.13034","120.6737","2"
"2019","3","27","22","44","臺中市","東勢區","0","1","8","3","5","50","14","9","1","5","4","5","7","4","4","9","4","5","1","29","67","","","","","","","","","","","","","67","67","1","","","","24.260733","120.825925","2"
"2019","3","27","23","5","臺中市","西區","0","0","8","","","50","","","","","","","","","","","","","","","40","3","","","","B03","","","1","5","1","4","","40","40","1","21","8","B03","24.154574","120.655455","3"
"2019","3","27","23","23","臺中市","霧峰區","0","1","8","3","5","50","4","1","1","5","4","5","7","4","4","5","5","5","2","16","42","3","10","1","1","C03","7","11","1","10","2","14","","42","42","1","22","5","C03","24.062191","120.697096","2"
"2019","3","27","23","34","臺中市","西屯區","0","1","8","3","5","50","14","9","1","5","4","5","7","4","4","5","4","5","2","16","26","3","10","1","1","B02","7","11","1","8","2","8","","26","26","1","22","9","B02","24.201013","120.627193","2"
"2019","3","28","0","20","臺中市","中區","0","1","8","3","5","50","4","1","1","5","4","5","7","3","1","10","5","5","2","15","6","3","10","1","1","B01","7","9","1","4","2","8","","6","6","1","21","8","B01","24.145561","120.679154","2"
"2019","3","28","0","20","臺中市","北區","0","2","7","3","5","50","4","1","1","5","4","5","7","1","1","10","5","5","2","16","6","2","9","1","1","C03","7","5","1","10","2","11","","6","6","1","5","8","C03","24.159189","120.67047","2"
"2019","3","28","0","22","臺中市","西屯區","0","1","8","3","5","40","3","1","1","5","4","5","7","4","4","10","5","5","2","17","42","3","10","3","4","B03","7","15","1","8","2","4","","42","42","1","21","8","B03","24.162732","120.650939","2"
"2019","3","28","0","23","臺中市","西屯區","0","2","8","3","5","40","4","1","1","5","4","5","7","4","4","10","5","5","2","16","6","2","9","1","1","C03","7","9","1","10","2","12","","6","6","1","22","9","C03","24.178136","120.644313","2"
"2019","3","28","0","33","臺中市","北屯區","0","1","8","1","5","50","15","22","1","5","4","5","7","4","4","10","5","5","2","25","43","2","1","1","1","B03","7","6","3","18","2","1","","43","43","1","21","8","B03","24.172888","120.685508","2"
"2019","3","28","0","36","臺中市","大里區","0","1","8","3","5","40","14","8","1","5","4","5","7","4","4","1","5","5","1","18","43","2","9","3","4","C03","7","9","1","10","2","12","","43","43","1","5","8","C03","24.083575","120.66254","2"
"2019","3","28","1","6","臺中市","西屯區","0","1","8","3","5","50","4","2","1","5","4","5","7","2","1","1","4","5","2","29","21","2","9","3","4","C03","7","9","1","10","8","11","","21","21","1","21","8","C03","24.155833","120.646662","2"
"2019","3","28","2","21","臺中市","北屯區","0","1","8","3","5","50","4","1","1","5","4","5","7","1","1","10","5","5","2","16","25","2","9","1","1","C03","7","11","1","10","2","14","","25","25","1","5","8","C03","24.1886","120.6625","2"
"2019","3","28","3","45","臺中市","西屯區","0","1","8","3","5","50","3","1","1","5","4","5","7","4","4","10","5","5","2","23","23","2","9","1","1","B12","7","9","1","8","2","8","","23","23","1","22","9","B12","24.199188","120.655223","2"
"2019","3","28","4","31","臺中市","東區","0","0","8","","","40","","","","","","","","","","","","","","","43","","","","","B12","","","1","2","3","","","43","43","1","","","B12","24.136994","120.695062","3"
"2019","3","28","5","9","臺中市","西屯區","0","0","8","","","50","","","","","","","","","","","","","","","","","","","","B03","","","1","","2","","","42","","1","","","B03","24.167484","120.653723","3"
"2019","3","28","5","23","臺中市","沙鹿區","0","2","7","4","5","50","3","2","1","5","4","5","6","4","4","5","5","4","2","25","43","2","9","1","1","C03","7","15","3","18","2","15","","43","43","1","22","9","C03","24.201709","120.565387","2"
"2019","3","28","6","6","臺中市","清水區","0","0","8","","","50","","","","","","","","","","","","","","","","","","","","","","","7","","11","","","43","","","","","","24.272314","120.576271","3"
"2019","3","28","6","34","臺中市","西屯區","0","0","8","","","70","","","","","","","","","","","","","","","","","","","","B12","","","1","","2","","","26","","1","22","","B12","24.182101","120.615056","3"
"2019","3","28","6","45","臺中市","大肚區","0","1","8","1","5","70","4","2","1","5","4","5","7","1","1","1","4","5","1","10","4","3","10","1","1","B03","7","9","1","8","2","1","","4","4","1","3","1","B03","24.132463","120.554113","2"
"2019","3","28","6","52","臺中市","北屯區","0","2","8","1","5","50","5","1","1","5","4","5","7","2","1","1","3","5","2","16","21","2","9","1","1","C03","7","9","1","10","7","11","","21","21","1","21","8","C03","24.200756","120.671076","2"
"2019","3","28","6","58","臺中市","沙鹿區","0","2","7","1","5","50","14","7","1","5","4","5","7","4","4","5","5","4","2","13","16","2","9","1","1","C03","7","9","1","10","2","11","","16","16","1","22","9","C03","24.243613","120.566643","2"
"2019","3","28","7","1","臺中市","北屯區","0","1","8","2","5","50","3","2","1","5","4","5","7","1","1","4","2","5","2","13","16","2","9","3","4","C03","7","9","1","10","4","14","","16","16","1","21","8","C03","24.199687","120.754963","2"
"2019","3","28","7","10","臺中市","潭子區","0","1","8","1","5","50","14","7","1","5","4","5","7","4","4","1","3","4","1","13","23","3","10","1","1","A05","7","9","1","1","2","1","","23","23","1","22","9","A05","24.218523","120.705796","2"
"2019","3","28","7","11","臺中市","大肚區","0","2","8","1","5","70","4","2","1","5","4","5","6","1","1","1","5","5","2","16","42","3","10","1","1","B03","7","6","1","8","2","2","","42","42","1","4","1","B03","24.132088","120.554021","2"
"2019","3","28","7","15","臺中市","中區","0","0","8","","","50","","","","","","","","","","","","","","","","","","","","C03","","","1","","2","","","25","","1","5","","C03","24.143261","120.67861","3"
"2019","3","28","7","21","臺中市","西區","0","0","8","","","50","","","","","","","","","","","","","","","","","","","","B03","","","1","","2","","","23","","1","21","","B03","24.137148","120.677621","4"
"2019","3","28","7","21","臺中市","大里區","0","0","8","","","50","","","","","","","","","","","","","","","","","","","","C03","","","1","","9","","","23","","1","19","","C03","24.101028","120.689907","3"
"2019","3","28","7","26","臺中市","西屯區","0","2","8","1","5","50","14","8","1","5","4","5","7","4","4","8","3","2","2","13","16","2","9","1","1","C03","7","9","1","10","2","11","","16","16","1","22","9","C03","24.197937","120.650726","2"
"2019","3","28","7","29","臺中市","南區","0","0","8","1","5","50","3","1","1","5","4","5","7","4","4","1","4","5","2","16","","","","","","B03","","","1","","2","","","6","","1","5","","B03","24.118419","120.653281","3"
"2019","3","28","7","32","臺中市","龍井區","0","1","8","1","5","50","14","9","1","5","4","5","7","4","4","5","5","5","1","17","1","2","9","1","1","C03","7","3","1","10","2","15","","1","1","1","9","1","C03","24.182051","120.545288","2"
"2019","3","28","7","40","臺中市","大里區","0","1","8","1","5","50","4","1","1","5","4","5","7","1","1","10","5","5","2","3","15","3","10","1","1","B03","7","6","1","8","2","5","","15","15","1","2","8","B03","24.104262","120.690455","2"
"2019","3","28","7","40","臺中市","梧棲區","0","1","8","1","5","50","3","1","1","5","4","5","7","4","4","10","5","5","2","16","23","2","9","1","1","C03","7","9","1","10","2","11","","23","23","1","2","1","C03","24.239491","120.548902","2"
"2019","3","28","7","43","臺中市","西區","0","2","8","1","5","50","4","2","1","5","4","5","7","4","4","5","5","5","2","17","8","2","9","1","1","C04","7","5","1","10","2","11","","8","8","1","5","5","C04","24.149013","120.663031","2"
"2019","3","28","7","43","臺中市","大雅區","0","2","8","1","5","40","4","2","1","5","4","5","7","1","2","5","5","4","1","16","6","2","8","1","1","C03","7","9","1","10","2","11","","6","6","1","22","8","C03","24.209995","120.630237","2"
"2019","3","28","7","47","臺中市","東區","0","2","8","1","5","50","14","9","1","5","4","5","7","4","4","9","5","5","2","17","43","3","10","1","1","C03","7","9","1","10","2","14","","43","43","2","21","8","C03","24.134859","120.693759","2"
"2019","3","28","7","47","臺中市","大里區","0","1","8","1","5","40","4","3","1","5","4","5","7","1","1","10","5","5","2","17","23","3","10","1","1","C03","7","9","1","10","2","12","","23","23","1","22","5","C03","24.100458","120.69166","2"
"2019","3","28","7","47","臺中市","烏日區","0","0","8","","","40","","","","","","","","","","","","","","","19","3","","","","B03","","","1","","2","","","19","19","1","21","","B03","24.111988","120.6378","3"
"2019","3","28","7","49","臺中市","西屯區","0","1","8","1","5","40","14","9","1","5","4","5","7","4","4","10","5","5","2","11","23","3","10","1","1","B03","7","9","1","8","2","5","","23","23","1","4","8","B03","24.165496","120.614326","2"
"2019","3","28","7","53","臺中市","大里區","0","0","8","","","60","","","","","","","","","","","","","","","","","","","","B03","","","1","","2","","","16","","1","5","","B03","24.104661","120.681032","3"
"2019","3","28","7","55","臺中市","后里區","0","0","8","","","50","","","","","","","","","","","","","","","","","","","","B03","","","1","","2","","","43","","1","21","","B03","24.322596","120.726086","4"
"2019","3","28","7","58","臺中市","南區","0","2","8","1","5","50","14","7","1","5","4","5","7","4","4","1","4","4","2","16","19","3","10","1","1","B03","7","1","1","8","2","8","","19","19","1","21","8","B03","24.11923","120.667091","2"
"2019","3","28","7","59","臺中市","西區","0","1","8","1","5","50","14","7","1","5","4","5","7","4","4","5","4","4","2","13","16","2","8","1","1","C03","7","9","1","10","2","11","","16","16","1","22","9","C03","24.132813","120.660816","2"
"2019","3","28","8","0","臺中市","北屯區","0","0","8","","","50","","","","","","","","","","","","","","","23","","","","","B03","","","1","","2","","","23","23","1","20","","B03","24.172918","120.754095","3"
"2019","3","28","8","3","臺中市","西屯區","0","0","8","","","50","","","","","","","","","","","","","","","","","","","","B03","","","6","","3","","","23","","1","22","","B03","24.169535","120.642575","3"
"2019","3","28","8","3","臺中市","豐原區","0","0","8","","","50","","","","","","","","","","","","","","","","","","","","B03","","","1","","2","","","7","","1","4","","B03","24.277536","120.725901","3"
"2019","3","28","8","5","臺中市","東區","0","3","8","1","5","50","4","1","1","5","4","5","7","1","1","10","5","5","2","12","23","2","9","1","1","C03","7","9","2","18","2","12","","23","23","1","22","1","C03","24.140634","120.708117","2"
"2019","3","28","8","6","臺中市","南區","0","1","8","1","5","50","4","1","1","5","4","5","7","4","4","10","5","5","2","16","6","2","9","1","1","C03","7","9","1","10","2","12","","6","6","1","18","5","C03","24.108871","120.655077","2"
"2019","3","28","8","7","臺中市","新社區","0","0","8","","","50","","","","","","","","","","","","","","","","","","","","B03","","","1","","2","","","12","","1","5","","B03","24.211654","120.779657","3"
"2019","3","28","8","10","臺中市","大肚區","0","0","8","","","50","","","","","","","","","","","","","","","","","","","","B03","","","1","","2","","","12","","1","4","","B03","24.136936","120.552039","3"
"2019","3","28","8","16","臺中市","南區","0","1","8","1","5","40","14","8","1","5","4","5","7","4","4","1","4","4","2","18","23","2","8","1","1","C03","7","9","1","10","2","12","","23","23","1","5","8","C03","24.11984","120.663241","2"
"2019","3","28","8","16","臺中市","清水區","0","1","8","1","5","50","3","9","1","5","4","5","7","4","4","9","4","5","2","13","23","2","9","1","1","C03","7","9","1","10","2","11","","23","23","1","19","8","C03","24.26934","120.560851","2"
"2019","3","28","8","16","臺中市","梧棲區","0","0","8","","","50","","","","","","","","","","","","","","","","","","","","A41","","","1","","2","","","17","","1","10","","A41","24.236762","120.523355","3"
"2019","3","28","8","29","臺中市","西屯區","0","1","8","1","5","50","14","7","1","5","4","5","7","4","4","4","4","4","2","16","26","2","8","1","1","C03","7","9","1","10","2","11","","26","26","1","22","8","C03","24.17065","120.643815","2"
"2019","3","28","8","30","臺中市","南區","0","0","8","","","50","","","","","","","","","","","","","","","","3","","","","C03","","","1","","2","","","16","","1","21","","C03","24.112651","120.652093","3"
"2019","3","28","8","40","臺中市","南屯區","0","1","8","1","5","40","14","8","1","5","4","5","7","4","4","1","4","1","2","17","23","2","9","1","1","C03","7","9","1","10","2","14","","23","23","1","21","8","C03","24.151476","120.61047","2"
"2019","3","28","8","40","臺中市","潭子區","0","0","8","1","5","50","14","7","1","5","4","5","7","","1","1","4","4","1","13","","","","","","B03","","","1","","2","","","23","","1","22","","B03","24.217556","120.688525","3"
"2019","3","28","8","45","臺中市","北屯區","0","1","8","1","5","50","4","1","1","5","4","5","7","4","4","10","5","5","2","15","6","3","10","3","4","B03","7","9","1","8","2","5","","6","6","1","19","8","B03","24.175175","120.67913","2"
"2019","3","28","8","56","臺中市","西屯區","0","0","8","","","40","","","","","","","","","","","","","","","23","","","","","B03","","","1","","2","","","23","23","1","22","","B03","24.165833","120.631905","3"
"2019","3","28","8","58","臺中市","東區","0","1","8","1","5","50","4","1","1","5","4","5","7","1","1","9","4","4","2","16","42","2","8","1","1","C04","7","9","1","11","2","13","","42","42","1","5","8","C04","24.13927","120.689378","2"
"2019","3","28","9","0","臺中市","北屯區","0","1","8","1","5","40","14","8","1","5","4","5","7","4","4","1","4","1","2","13","23","2","9","1","1","C03","7","9","1","10","2","11","","23","23","1","5","8","C03","24.183445","120.722126","2"
"2019","3","28","9","0","臺中市","霧峰區","0","1","8","1","5","40","3","1","1","5","4","5","7","1","1","10","5","5","2","18","23","2","9","1","1","C03","7","6","1","10","2","12","","23","23","1","21","8","C03","24.07566","120.714445","2"
"2019","3","28","9","2","臺中市","西區","0","1","8","1","5","50","4","1","1","5","4","5","7","4","4","10","5","5","2","15","43","3","10","1","1","C03","7","9","1","10","1","12","","43","43","2","21","8","C03","24.147854","120.66017","2"
"2019","3","28","9","5","臺中市","西屯區","0","2","8","1","5","50","14","9","1","5","4","5","7","4","4","5","4","5","2","3","51","2","9","4","5","H01","8","16","8","20","10","16","","51","51","1","22","8","H01","24.167048","120.650905","2"
"2019","3","28","9","6","臺中市","西屯區","0","0","8","","","50","","","","","","","","","","","","","","","","","","","","B03","","","1","","2","","","23","","1","22","","B03","24.185896","120.603789","3"
"2019","3","28","9","7","臺中市","西區","0","0","8","","","50","","","","","","","","","","","","","","","","","","","","B03","","","1","","2","","","16","","1","5","","B03","24.143245","120.678597","3"
"2019","3","28","9","7","臺中市","北屯區","0","0","8","","","50","","","","","","","","","","","","","","","23","","","","","B03","","","1","","2","","","23","23","1","5","","B03","24.1726","120.680341","3"
"2019","3","28","9","9","臺中市","大里區","0","1","8","1","5","40","14","7","1","5","4","5","7","4","4","1","4","5","1","13","16","2","9","1","1","B12","7","9","1","11","1","1","","16","16","1","10","8","B12","24.117281","120.700392","2"
"2019","3","28","9","21","臺中市","潭子區","0","1","8","1","5","50","14","7","1","5","4","5","7","4","4","9","4","4","2","17","30","3","10","1","1","B12","7","15","1","8","2","15","","30","30","1","22","8","B12","24.192889","120.693719","2"
"2019","3","28","9","22","臺中市","北屯區","0","1","8","1","5","50","14","7","1","5","4","5","7","4","4","5","5","4","2","17","26","2","9","1","1","C03","7","4","3","18","2","12","","26","26","1","21","8","C03","24.169906","120.708357","2"
"2019","3","28","9","24","臺中市","南屯區","0","0","8","","","50","","","","","","","","","","","","","","","12","","","","","A11","","","1","","2","","","12","12","1","22","","A11","24.133337","120.651558","3"
"2019","3","28","9","26","臺中市","梧棲區","0","2","8","1","5","50","4","1","1","5","4","5","7","3","1","10","5","5","2","15","6","2","8","1","1","C03","7","9","1","10","2","12","","6","6","1","19","8","C03","24.257643","120.537661","2"
"2019","3","28","9","30","臺中市","西屯區","0","0","8","1","5","50","14","1","1","5","4","5","7","4","4","10","5","5","2","16","44","3","10","3","4","B03","7","9","1","8","2","4","","43","44","1","22","9","B03","24.200091","120.656539","3"
"2019","3","28","9","38","臺中市","西屯區","0","0","8","","","40","","","","","","","","","","","","","","","16","","","","","B12","","","1","","2","","","44","16","1","","","B12","24.175538","120.63427","3"
"2019","3","28","9","59","臺中市","東區","0","3","8","1","5","50","4","1","1","5","4","5","7","1","1","10","5","5","2","15","43","2","9","1","1","C03","7","9","1","10","2","12","","43","43","1","22","8","C03","24.14457","120.702967","2"
"2019","3","28","9","59","臺中市","神岡區","0","1","8","1","7","10","4","1","1","5","4","5","7","3","1","10","5","5","2","17","6","2","9","4","5","F01","7","9","8","20","2","16","","6","6","1","22","9","F01","24.239511","120.687971","2"
"2019","3","28","10","0","臺中市","大里區","0","1","8","1","5","50","3","2","1","5","4","5","7","4","4","5","5","5","1","12","17","3","10","1","1","A12","7","5","1","3","2","2","","17","17","1","22","5","A12","24.090766","120.693228","2"
"2019","3","28","10","10","臺中市","南區","0","0","8","1","5","50","4","2","1","5","4","5","7","2","1","1","2","5","2","12","","","","","","B03","","","1","","2","","","26","","1","5","","B03","24.120603","120.650166","3"
"2019","3","28","10","10","臺中市","太平區","0","0","8","","","50","","","","","","","","","","","","","","","","","","","","B12","","","1","","2","","","12","","1","","","B12","24.111388","120.703611","3"
"2019","3","28","10","21","臺中市","北屯區","0","1","8","1","5","50","14","7","1","5","4","5","7","4","4","5","5","4","2","17","19","3","10","1","1","B03","7","1","1","8","2","4","","19","19","1","21","8","B03","24.182878","120.687957","2"
"2019","3","28","10","22","臺中市","太平區","0","0","8","","","40","","","","","","","","","","","","","","","","","","","","B12","","","1","","2","","","6","","1","4","","B12","24.151584","120.72315","3"
"2019","3","28","10","24","臺中市","西屯區","0","1","8","1","5","50","14","7","1","5","4","5","7","4","4","8","3","4","1","16","6","3","10","1","1","B03","5","1","1","10","2","5","","6","6","1","4","8","B03","24.169068","120.653223","2"
"2019","3","28","10","27","臺中市","西屯區","0","1","8","1","5","40","4","1","1","5","4","5","7","2","1","1","4","1","2","16","25","3","10","1","1","B03","7","7","1","8","2","2","","25","25","1","22","8","B03","24.195073","120.644508","2"
"2019","3","28","10","40","臺中市","龍井區","0","1","8","1","5","50","14","9","1","5","4","5","7","4","4","5","5","5","2","13","43","3","10","1","1","C03","7","9","1","10","2","11","","43","43","1","4","4","C03","24.181716","120.529865","2"
"2019","3","28","10","44","臺中市","太平區","0","1","8","1","5","50","3","1","1","5","4","5","7","4","4","10","5","5","2","16","6","2","9","1","1","C03","7","9","1","10","2","14","","16","6","1","5","8","C03","24.111833","120.706798","2"
"2019","3","28","10","45","臺中市","西屯區","0","0","8","","","50","","","","","","","","","","","","","","","","","","","","B12","","","1","","2","","","16","","1","22","","B12","24.201038","120.657043","3"
"2019","3","28","10","51","臺中市","南區","0","1","8","1","5","40","14","9","1","5","4","5","7","4","4","10","5","5","2","16","23","2","9","1","1","C03","7","9","1","10","2","11","","23","23","1","21","8","C03","24.116186","120.653108","2"
"2019","3","28","10","59","臺中市","西屯區","0","1","8","1","5","80","14","9","1","5","4","5","7","4","4","1","5","5","2","13","23","2","8","3","4","B12","7","9","1","8","2","1","","23","23","1","22","8","B12","24.155845","120.624983","2"
"2019","3","28","11","3","臺中市","西屯區","0","0","8","","","50","","","","","","","","","","","","","","","","","","","","A31","","","1","","2","","","42","","1","22","","A31","24.166449","120.637466","3"
"2019","3","28","11","5","臺中市","南屯區","0","1","8","1","5","50","14","9","1","5","4","5","7","4","4","5","4","5","2","13","23","2","9","1","1","C03","7","9","1","10","2","11","","23","23","1","21","8","C03","24.138538","120.609012","2"
"2019","3","28","11","5","臺中市","大里區","0","1","8","1","5","50","4","1","1","5","4","5","7","1","1","10","5","5","2","16","9","3","10","1","1","A12","7","6","1","7","2","2","","9","9","1","10","8","A12","24.097721","120.674536","2"
"2019","3","28","11","18","臺中市","東區","0","1","8","1","5","50","4","1","1","5","4","5","7","4","4","9","4","4","2","15","6","3","10","1","1","B12","7","9","1","7","2","2","","6","6","1","5","8","B12","24.127291","120.698636","2"
"2019","3","28","11","21","臺中市","西區","0","0","8","","","50","","","","","","","","","","","","","","","","","","","","B03","","","1","","2","","","6","","1","21","","B03","24.137832","120.676843","3"
"2019","3","28","11","22","臺中市","潭子區","0","0","","","","","","","","","","","","","","","","","","","","","","","","A42","","","7","","11","","","43","","1","","","A42","","","3"
"2019","3","28","11","28","臺中市","龍井區","0","1","8","1","5","40","4","1","1","5","4","5","7","4","4","10","5","5","2","15","6","3","10","1","1","B12","7","9","1","8","2","5","","6","6","1","12","1","B12","24.180516","120.529297","2"
"2019","3","28","11","35","臺中市","潭子區","0","0","8","1","5","50","4","1","1","5","4","5","7","1","1","5","5","4","2","12","","","","","","B03","","","1","","2","","","19","","1","22","","B03","24.207026","120.70649","3"
"2019","3","28","11","45","臺中市","東勢區","0","0","8","","","50","","","","","","","","","","","","","","","43","","","","","B03","","","1","","2","","","43","43","1","1","","B03","24.31435","120.778171","3"
"2019","3","28","11","46","臺中市","西屯區","0","0","8","","","50","","","","","","","","","","","","","","","","","","","","C03","","","1","","2","","","43","","2","","","C03","24.157114","120.646537","3"
"2019","3","28","11","48","臺中市","東區","0","1","8","1","5","50","3","1","1","5","4","5","7","4","4","10","5","5","2","16","26","3","10","1","1","B03","7","5","1","10","2","1","","6","26","1","22","8","B03","24.136189","120.707519","2"
"2019","3","28","11","50","臺中市","大甲區","0","1","8","1","5","60","14","13","1","5","4","5","7","4","4","1","4","4","1","25","43","2","9","1","1","B03","7","9","1","8","2","5","","43","43","1","22","8","B03","24.376196","120.648215","2"
"2019","3","28","11","55","臺中市","西區","0","1","8","1","5","50","4","1","1","5","4","5","7","4","4","10","5","5","2","16","6","3","10","1","1","B12","7","5","1","8","2","6","","6","6","1","21","8","B12","24.141144","120.68099","2"
"2019","3","28","11","55","臺中市","北屯區","0","1","8","1","5","50","4","1","2","5","4","5","7","1","1","10","5","5","2","13","23","2","1","1","1","B03","7","9","1","8","2","1","","23","23","1","21","8","B03","24.174546","120.685572","2"
"2019","3","28","11","56","臺中市","霧峰區","0","1","8","1","5","40","3","1","1","5","4","5","7","4","4","10","5","5","1","17","6","3","10","1","1","B12","7","5","1","8","2","1","","6","6","1","22","5","B12","24.065098","120.665016","2"
"2019","3","28","11","57","臺中市","北屯區","0","1","8","1","5","50","14","9","1","5","4","5","7","4","4","1","4","5","2","16","7","2","9","3","4","C03","7","7","1","10","2","14","","7","7","1","21","8","C03","24.173594","120.670105","2"
"2019","3","28","12","5","臺中市","北屯區","0","1","8","1","5","50","4","1","1","5","4","5","7","4","4","10","5","5","2","15","6","3","10","1","1","B03","7","9","1","8","2","1","","6","6","1","21","8","B03","24.174471","120.702684","2"
"2019","3","28","12","8","臺中市","南區","0","1","8","1","5","40","4","1","1","5","4","5","7","1","1","10","5","5","2","16","23","2","8","1","1","C03","7","9","1","10","2","11","","23","23","1","5","8","C03","24.126371","120.679416","2"
"2019","3","28","12","9","臺中市","西區","0","1","8","1","5","50","4","1","1","5","4","5","7","4","4","10","5","5","2","15","6","2","7","1","1","C03","7","9","1","10","2","11","","6","6","1","5","5","C03","24.148396","120.668973","2"
"2019","3","28","12","10","臺中市","大雅區","0","1","8","1","5","50","4","1","1","5","4","5","7","1","1","3","4","5","1","15","25","2","9","1","1","C03","7","9","1","10","2","11","","25","25","1","21","8","C03","24.239545","120.672615","2"
"2019","3","28","12","12","臺中市","烏日區","0","2","8","1","5","50","4","1","1","5","4","5","7","4","4","4","3","4","2","16","8","2","9","1","1","C03","7","9","2","18","2","12","","5","8","1","22","8","C03","24.108068","120.63473","2"
"2019","3","28","12","13","臺中市","大甲區","0","0","8","","","","","","","","","","","","","","","","","","","","","","","A41","","","1","","2","","","8","","1","","","A41","24.309087","120.725844","3"
"2019","3","28","12","20","臺中市","大雅區","0","0","8","","","40","","","","","","","","","","","","","","","","","","","","B03","","","1","","2","","","12","","1","","","B03","24.229246","120.64718","3"
"2019","3","28","12","23","臺中市","大里區","0","1","8","1","5","50","14","8","1","5","4","5","7","4","4","5","4","4","1","17","40","3","10","1","1","B03","7","13","1","8","2","4","","40","40","1","5","5","B03","24.115015","120.675098","2"
"2019","3","28","12","30","臺中市","北屯區","0","0","8","","","50","","","","","","","","","","","","","","","","","","","","B12","","","1","","2","","","26","","1","21","","B12","24.171156","120.691198","3"
"2019","3","28","12","43","臺中市","石岡區","0","1","8","1","5","70","4","1","1","5","4","5","7","1","1","10","5","5","2","17","10","3","10","1","1","B12","7","11","1","8","2","4","","10","10","1","10","8","B12","24.265686","120.807821","2"
"2019","3","28","12","53","臺中市","北屯區","0","1","8","1","5","50","4","1","1","5","4","5","7","3","1","10","5","5","2","18","23","2","9","1","1","C03","7","5","1","10","2","14","","23","23","1","4","1","C03","24.166868","120.68985","2"
"2019","3","28","13","11","臺中市","西屯區","0","1","8","1","5","50","4","1","1","5","4","5","7","1","1","4","1","4","1","16","23","3","10","1","1","B03","7","5","1","8","2","8","","23","23","1","4","8","B03","24.176605","120.663153","2"
"2019","3","28","13","13","臺中市","北屯區","0","0","8","","","50","","","","","","","","","","","","","","","23","3","","","","B03","","","1","","2","","","23","23","","21","","B03","24.174378","120.715154","3"
"2019","3","28","13","24","臺中市","梧棲區","0","0","8","","","50","","","","","","","","","","","","","","","","","","","","B03","","","1","","2","","","43","","1","","","B03","24.256803","120.537282","3"
"2019","3","28","13","41","臺中市","西屯區","0","1","8","1","5","50","14","7","1","5","4","5","7","4","4","1","4","4","2","16","19","3","10","1","1","B03","7","1","1","8","2","4","","19","19","1","22","8","B03","24.186525","120.614813","2"
"2019","3","28","13","47","臺中市","西屯區","0","0","8","","","50","","","","","","","","","","","","","","","7","","","","","B03","","","1","","2","","","7","7","1","22","","B03","24.200778","120.657908","3"
"2019","3","28","13","48","臺中市","北屯區","0","1","8","1","5","50","4","1","1","5","4","5","7","1","1","10","5","5","2","15","25","3","10","1","1","B03","7","9","1","8","2","4","","25","25","1","5","8","B03","24.166703","120.686785","2"
"2019","3","28","14","0","臺中市","西屯區","0","1","8","1","5","50","14","9","1","5","4","5","7","4","4","1","5","5","2","16","6","3","10","3","4","B12","7","6","1","8","2","5","","6","6","1","22","8","B12","24.163583","120.645605","2"
"2019","3","28","14","0","臺中市","西屯區","0","0","","","","","","","","","","","","","","","","","","","","","","","","B03","","","1","","2","","","23","","1","22","","B03","24.171583","120.632584","3"
"2019","3","28","14","0","臺中市","龍井區","0","0","8","","","70","","","","","","","","","","","","","","","","","","","","","","","8","","10","","","43","","1","","","","24.124571","120.562147","3"
"2019","3","28","14","1","臺中市","北屯區","0","1","8","1","5","40","14","7","1","5","4","5","7","4","4","1","4","4","2","16","23","2","9","3","4","C03","7","7","1","10","2","12","","23","23","1","21","8","C03","24.170497","120.685466","2"
"2019","3","28","14","4","臺中市","西屯區","0","0","8","","","50","","","","","","","","","","","","","","","","","","","","B01","","","1","","2","","","23","","1","4","","B01","24.176568","120.663208","3"
"2019","3","28","14","5","臺中市","大雅區","0","0","8","","","40","","","","","","","","","","","","","","","","","","","","B03","","","1","","2","","","6","","1","","","B03","24.215896","120.643875","3"
"2019","3","28","14","10","臺中市","西區","0","1","8","1","5","50","4","2","1","5","4","5","7","1","1","10","5","5","2","17","42","3","10","3","4","B03","7","6","1","8","2","5","","42","42","1","21","8","B03","24.150836","120.662955","2"