"年","月","日","時","分","縣市","區","死","受傷","天候","光線","道路類別","速限","道路型態","事故位置","路面鋪裝","路面狀態","路面缺陷","障礙物","視距","號誌種類","號誌動作","分向設施","快車道或一般車道間","快慢車道間","路面邊線","事故類型及型態","主要肇因","受傷程度","主要傷處","保護裝備","行動電話","當事者區分","車輛用途","當事者行動狀態","駕駛資格情形","駕駛執照種類","飲酒情形","車輛撞擊部位最初","車輛撞擊部位其他","肇事因素個別","肇事因素主要","肇事逃逸","職業","旅次目的","車種","GPS座標緯度","GPS座標經度","事故類別"
"2019","3","29","7","55","臺中市","中區","0","2","8","1","5","50","4","1","1","5","4","5","7","4","4","10","5","5","2","17","6","2","9","1","1","C03","7","5","1","10","2","11","","6","6","1","22","9","C03","24.144176","120.677846","2"
"2019","3","29","7","55","臺中市","烏日區","0","0","8","","","60","","","","","","","","","","","","","","","","","","","","B03","","","1","","2","","","16","","1","21","","B03","24.107393","120.636986","3"
"2019","3","29","7","58","臺中市","北屯區","0","0","8","","","50","","","","","","","","","","","","","","","16","3","","","","B03","","","1","","2","","","16","16","","21","","B03","24.162726","120.717786","3"
"2019","3","29","7","58","臺中市","西屯區","0","1","8","1","5","50","3","1","1","5","4","5","7","4","4","4","3","5","2","12","6","2","9","1","1","C03","7","9","6","10","4","11","","23","6","1","22","9","C03","24.17979","120.645036","2"
"2019","3","29","8","3","臺中市","烏日區","0","0","8","","","40","","","","","","","","","","","","","","","16","3","","","","B03","","","1","","2","","","23","16","1","21","","B03","24.110378","120.607266","3"
"2019","3","29","8","6","臺中市","西屯區","0","0","8","","","50","","","","","","","","","","","","","","","","","","","","B03","","","1","","2","","","12","","1","22","","B03","24.184033","120.626273","3"
"2019","3","29","8","10","臺中市","霧峰區","0","0","8","","","50","","","","","","","","","","","","","","","","","","","","B03","","","1","","2","","","6","","1","22","","B03","24.060115","120.69554","3"
"2019","3","29","8","17","臺中市","北屯區","0","0","8","","","50","","","","","","","","","","","","","","","","","","","","B03","","","1","","2","","","23","","1","19","","B03","24.162847","120.691738","3"
"2019","3","29","8","20","臺中市","西屯區","0","0","8","","","50","","","","","","","","","","","","","","","","","","","","B03","","","1","","2","","","23","","1","4","","B03","24.174845","120.64983","3"
"2019","3","29","8","20","臺中市","烏日區","0","1","8","1","5","40","3","9","5","5","4","5","7","4","4","10","5","5","2","11","23","3","10","1","1","B02","7","9","1","8","2","4","","23","23","1","21","1","B02","24.078628","120.646983","2"
"2019","3","29","8","23","臺中市","北區","0","1","8","1","5","50","4","1","1","5","4","5","7","2","1","10","5","5","2","16","25","3","10","1","1","B03","7","9","1","8","2","5","","25","25","1","22","8","B03","24.1621","120.6641","2"
"2019","3","29","8","25","臺中市","西屯區","0","1","8","1","5","50","4","1","1","5","4","5","7","2","1","10","5","5","2","16","26","3","10","3","4","B03","7","6","1","8","2","1","","26","26","1","22","8","B03","24.205396","120.629128","2"
"2019","3","29","8","35","臺中市","中區","0","1","8","1","5","50","4","1","1","5","4","5","7","4","4","10","5","5","2","17","6","3","10","1","1","C03","7","9","1","10","2","15","","6","6","1","21","8","C03","24.138665","120.682291","2"
"2019","3","29","8","38","臺中市","西屯區","0","0","8","","","50","","","","","","","","","","","","","","","","","","","","","","","7","","11","","","43","","1","","","","24.18077","120.626863","3"
"2019","3","29","8","40","臺中市","烏日區","0","0","8","","","70","","","","","","","","","","","","","","","","","","","","B12","","","1","","2","","","23","","1","23","","B12","24.112775","120.59435","3"
"2019","3","29","8","43","臺中市","西屯區","0","0","8","","","50","","","","","","","","","","","","","","","","","","","","B12","","","1","","2","","","7","","1","4","","B12","24.18428","120.625966","3"
"2019","3","29","8","45","臺中市","大里區","0","1","8","1","5","50","4","1","1","5","4","5","7","3","1","10","5","5","2","16","6","2","8","1","1","C03","7","9","1","10","2","14","","6","6","1","5","8","C03","24.115668","120.677995","2"
"2019","3","29","8","47","臺中市","西屯區","0","0","8","","","50","","","","","","","","","","","","","","","","","","","","A04","","","1","","2","","","7","","1","10","","A04","24.166208","120.639031","3"
"2019","3","29","8","50","臺中市","龍井區","0","1","8","1","5","50","14","7","1","5","4","5","7","4","4","5","4","4","2","17","26","3","10","1","1","C03","7","5","1","10","2","15","","26","26","1","21","8","C03","24.180943","120.589823","2"
"2019","3","29","8","51","臺中市","西屯區","0","0","8","","","40","","","","","","","","","","","","","","","","","","","","B01","","","1","","2","","","6","","1","4","","B01","24.179003","120.613458","3"
"2019","3","29","9","2","臺中市","清水區","0","2","8","1","5","50","4","1","1","5","1","5","7","4","4","10","5","5","2","15","6","2","9","1","1","B03","7","9","1","8","2","4","","6","6","1","5","1","B03","24.268221","120.5399","2"
"2019","3","29","9","5","臺中市","西區","0","1","8","1","5","50","4","1","1","5","4","5","7","1","1","10","5","5","2","15","25","3","10","1","1","B03","7","9","1","8","2","1","","25","25","1","20","9","B03","24.14433","120.677983","2"
"2019","3","29","9","6","臺中市","太平區","0","0","8","","","50","","","","","","","","","","","","","","","","","","","","B12","","","1","","2","","","23","","1","9","","B12","24.149299","120.705931","3"
"2019","3","29","9","13","臺中市","沙鹿區","0","0","8","","","60","","","","","","","","","","","","","","","","","","","","B12","","","1","","2","","","23","","1","","","B12","24.203868","120.56691","3"
"2019","3","29","9","14","臺中市","大雅區","0","2","8","1","5","50","4","2","1","5","4","5","7","1","1","1","4","5","1","13","16","2","9","1","1","C03","7","9","1","10","2","11","","16","16","1","22","8","C03","24.233457","120.663708","2"
"2019","3","29","9","16","臺中市","大里區","0","1","8","1","5","50","3","1","1","5","4","5","5","4","4","10","5","5","2","16","6","3","10","1","1","C03","7","5","1","10","2","13","","6","6","1","20","9","C03","24.095041","120.697471","2"
"2019","3","29","9","18","臺中市","中區","0","0","8","","","50","","","","","","","","","","","","","","","23","3","","","","B03","","","1","","2","","","23","23","1","21","","B03","24.143759","120.677962","3"
"2019","3","29","9","26","臺中市","大里區","0","1","8","1","5","50","4","1","1","5","4","5","7","1","1","10","5","5","2","16","6","3","10","1","1","B12","7","5","1","8","2","5","","6","6","1","10","8","B12","24.099326","120.715985","2"
"2019","3","29","9","28","臺中市","北區","0","1","8","1","5","50","4","2","1","5","4","5","7","2","1","5","5","4","2","13","16","2","9","1","1","C03","7","9","1","10","2","11","","16","16","1","22","8","C03","24.1652","120.6692","2"
"2019","3","29","9","45","臺中市","西屯區","0","1","8","1","5","50","14","9","1","5","4","5","7","4","4","9","4","4","2","16","9","3","10","1","1","B03","7","6","1","8","2","6","","9","9","1","21","8","B03","24.195361","120.643918","2"
"2019","3","29","9","53","臺中市","北屯區","0","1","8","1","5","50","4","18","1","5","4","5","7","1","1","10","5","5","2","3","15","3","10","1","1","B03","7","5","1","8","2","1","","15","15","1","21","8","B03","24.180136","120.719711","2"
"2019","3","29","9","55","臺中市","霧峰區","0","1","8","1","5","40","14","9","1","5","4","5","7","4","4","10","5","5","2","17","23","2","9","1","1","C03","7","9","1","10","2","11","14","23","23","1","22","5","C03","24.07825","120.712448","2"
"2019","3","29","9","55","臺中市","清水區","0","3","8","1","5","50","4","1","1","5","4","5","7","1","1","10","5","5","2","12","26","2","9","1","1","C03","7","9","1","10","2","11","","26","26","1","5","1","C03","24.2692813","120.5723089","2"
"2019","3","29","10","0","臺中市","石岡區","0","1","8","1","5","70","3","1","1","5","4","5","7","1","1","1","4","4","1","16","26","2","9","1","1","C03","7","11","3","18","2","11","","26","26","1","22","8","C03","24.274542","120.78179","2"
"2019","3","29","10","5","臺中市","西屯區","0","1","8","1","5","40","14","7","1","5","4","5","7","4","4","5","5","4","2","16","19","3","10","1","1","B03","7","1","1","8","2","4","","19","19","1","4","8","B03","24.176626","120.63746","2"
"2019","3","29","10","10","臺中市","北區","0","1","8","1","5","50","14","9","1","5","4","5","7","4","4","5","5","5","2","3","51","2","8","4","5","H01","8","16","8","20","10","16","","51","51","1","22","8","H01","24.1536","120.6852","2"
"2019","3","29","10","25","臺中市","西屯區","0","2","8","1","8","40","14","20","1","5","4","5","7","4","4","5","5","5","2","9","26","2","9","1","1","C03","7","9","1","10","2","11","","26","26","1","4","8","C03","24.181618","120.59719","2"
"2019","3","29","10","30","臺中市","東區","0","1","8","1","5","50","4","2","1","5","4","5","7","1","1","10","5","5","2","18","23","2","9","1","1","C03","7","9","1","10","11","14","","23","23","1","22","9","C03","24.135453","120.708725","2"
"2019","3","29","10","30","臺中市","北屯區","0","1","8","1","5","40","4","1","1","5","4","5","7","4","4","10","5","5","2","15","6","3","10","3","4","B03","7","9","6","18","2","2","","14","6","1","21","8","B03","24.181255","120.706741","2"
"2019","3","29","10","30","臺中市","北屯區","0","0","8","","","50","","","","","","","","","","","","","","","19","","","","","B03","","","1","","9","","","19","19","2","","","B03","24.174912","120.679751","3"
"2019","3","29","10","32","臺中市","烏日區","0","0","8","","","20","","","","","","","","","","","","","","","","","","","","B12","","","1","","2","","","12","","1","4","","B12","24.050571","120.65909","3"
"2019","3","29","10","36","臺中市","龍井區","0","1","8","1","5","50","4","1","1","5","4","5","7","2","1","1","2","4","1","17","26","3","10","1","1","B03","7","6","1","8","2","6","","26","26","1","21","8","B03","24.186271","120.585156","2"
"2019","3","29","10","50","臺中市","霧峰區","0","2","8","1","5","50","4","2","1","5","4","5","7","1","1","5","5","4","1","12","42","2","9","1","1","C03","7","9","1","10","2","12","","42","42","1","20","9","C03","24.059426","120.697989","2"
"2019","3","29","10","58","臺中市","南屯區","0","0","8","","","50","","","","","","","","4","","","","","","","23","3","","","","B03","","","1","","9","","","23","23","1","21","","B03","24.14372","120.646081","3"
"2019","3","29","11","0","臺中市","西屯區","0","0","8","","","40","","","","","","","","","","","","","","","","","","","","B02","","","1","","2","","","12","","1","22","","B02","24.164266","120.660531","3"
"2019","3","29","11","0","臺中市","霧峰區","0","0","8","1","5","50","3","1","1","5","4","5","7","3","1","10","5","5","2","16","6","3","10","1","1","C03","7","5","1","10","2","14","","6","6","1","18","8","C03","24.074386","120.710375","3"
"2019","3","29","11","3","臺中市","大雅區","0","0","8","","","50","","","","","","","","","","","","","","","","","","","","C03","","","1","","11","","","17","","1","","","C03","24.221155","120.647387","3"
"2019","3","29","11","12","臺中市","龍井區","0","2","8","1","5","40","4","1","1","5","4","5","7","2","1","1","4","1","1","17","42","2","9","1","1","C03","7","9","1","10","2","13","","42","42","1","21","8","C03","24.18706","120.583296","2"
"2019","3","29","11","14","臺中市","西屯區","0","1","8","1","5","50","3","1","1","5","4","5","7","4","4","5","4","4","2","16","10","3","10","1","1","B12","7","11","1","8","2","8","","10","10","1","22","8","B12","24.182956","120.63229","2"
"2019","3","29","11","15","臺中市","西屯區","0","1","8","1","5","40","4","1","1","5","4","5","7","1","1","10","5","5","2","18","23","2","9","1","1","C03","7","9","1","10","2","12","","23","23","1","4","8","C03","24.164304","120.645966","2"
"2019","3","29","11","20","臺中市","北屯區","0","1","8","1","5","50","14","9","1","5","4","5","7","4","4","10","5","5","2","16","19","3","10","1","1","B03","7","1","1","8","2","1","","19","19","1","5","8","B03","24.179785","120.71144","2"
"2019","3","29","11","22","臺中市","太平區","0","0","8","","","40","","","","","","","","","","","","","","","","","","","","B12","","","1","","2","","","23","","1","","","B12","24.124984","120.726292","3"
"2019","3","29","11","30","臺中市","龍井區","0","2","8","1","5","50","14","9","1","5","4","5","7","4","4","5","5","5","2","12","9","2","9","1","1","C03","7","9","1","10","2","14","","44","9","1","21","8","C03","24.181867","120.585336","2"
"2019","3","29","11","31","臺中市","烏日區","0","0","8","","","50","","","","","","","","","","","","","","","","","","","","B02","","","1","","2","","","16","","1","22","","B02","24.11084","120.607281","3"
"2019","3","29","11","33","臺中市","龍井區","0","0","8","","","40","","","","","","","","","","","","","","","","","","","","B12","","","1","","2","","","43","","1","5","","B12","24.18","120.54","3"
"2019","3","29","11","36","臺中市","東區","0","0","8","1","5","50","4","1","1","5","4","5","7","1","1","10","5","5","2","16","2","3","10","1","1","B03","7","4","6","18","6","2","","1","2","1","22","8","B03","24.142786","120.695796","3"
"2019","3","29","11","40","臺中市","大里區","0","2","8","1","5","50","3","1","1","5","4","5","7","4","4","10","5","5","2","16","23","2","7","1","1","C03","7","5","1","10","2","11","","23","23","1","5","8","C03","24.108796","120.705604","2"
"2019","3","29","11","44","臺中市","西屯區","0","1","8","1","5","50","14","9","1","5","4","5","7","4","4","5","4","4","2","17","40","3","10","3","1","B03","7","13","1","8","2","4","","40","40","1","21","8","B03","24.18834","120.605145","2"
"2019","3","29","11","44","臺中市","大雅區","0","2","8","1","5","50","4","1","1","5","4","1","7","4","4","5","5","5","2","10","6","2","1","1","1","C03","7","9","1","10","2","11","","6","6","1","21","8","C03","24.223867","120.652243","2"
"2019","3","29","11","48","臺中市","東區","0","0","8","","","50","","","","","","","","","","","","","","","","","","","","B03","","","1","","2","","","12","","1","22","","B03","24.142296","120.686094","3"
"2019","3","29","11","50","臺中市","太平區","0","0","8","","","40","","","","","","","","","","","","","","","","","","","","B12","","","1","","2","","","17","","1","10","","B12","24.131796","120.714707","3"
"2019","3","29","11","52","臺中市","大里區","0","0","8","","","50","","","","","","","","","","","","","","","","","","","","B03","","","1","","2","","","44","","1","21","","B03","24.091418","120.694063","3"
"2019","3","29","11","55","臺中市","西屯區","0","0","8","","","50","","","","","","","","","","","","","","","","","","","","B03","","","1","","2","","","23","","1","","","B03","24.182561","120.633761","3"
"2019","3","29","11","57","臺中市","北屯區","0","1","8","1","5","40","3","1","1","5","4","5","7","4","4","10","5","5","2","25","23","2","7","1","1","B03","7","5","1","8","2","5","","23","23","1","5","8","B03","24.179577","120.66828","2"
"2019","3","29","11","58","臺中市","龍井區","0","2","8","1","5","50","3","2","1","5","4","5","7","4","4","5","5","4","2","17","23","2","9","3","4","C03","7","9","1","10","2","11","","23","23","1","22","8","C03","24.181395","120.587061","2"
"2019","3","29","12","0","臺中市","西屯區","0","2","8","1","5","40","14","7","1","5","4","5","7","4","4","5","5","4","2","16","19","2","9","1","1","C03","7","1","1","10","2","12","","19","19","1","4","8","C03","24.166447","120.652818","2"
"2019","3","29","12","2","臺中市","西屯區","0","1","8","1","5","50","5","1","1","5","4","5","7","1","1","8","1","4","1","17","13","2","9","1","1","C03","7","9","1","10","2","14","","13","13","1","4","8","C03","24.175331","120.637766","2"
"2019","3","29","12","4","臺中市","北區","0","0","8","","","50","","","","","","","","","","","","","","","","","","","","B03","","","1","","2","","","23","","1","22","","B03","24.1614","120.6705","3"
"2019","3","29","12","5","臺中市","霧峰區","0","2","8","1","5","50","3","2","1","5","4","5","7","4","4","5","5","5","2","17","6","2","9","4","5","F01","7","5","8","20","2","16","","6","6","1","22","5","F01","24.068073","120.700125","2"
"2019","3","29","12","10","臺中市","沙鹿區","0","0","8","","","40","","","","","","","","","","","","","","","","","","","","B03","","","6","","2","","","23","","1","4","","B03","24.23399","120.559625","3"
"2019","3","29","12","14","臺中市","東區","0","1","8","1","5","50","15","9","1","5","4","5","7","4","4","5","5","5","2","17","40","3","10","1","1","B03","7","15","1","8","2","4","","40","40","1","21","8","B03","24.140231","120.69778","2"
"2019","3","29","12","14","臺中市","大里區","0","1","8","1","5","50","3","1","1","5","4","5","7","4","4","10","5","5","2","17","42","2","8","1","1","C03","7","9","1","10","2","15","","42","42","1","18","9","C03","24.088085","120.703905","2"
"2019","3","29","12","19","臺中市","西屯區","0","0","8","","","50","","","","","","","","","","","","","","","23","","","","","C03","","","1","","2","","","6","23","1","22","","C03","24.178491","120.64119","3"
"2019","3","29","12","20","臺中市","大里區","0","0","","","","","","","","","","","","","","","","","","","","","","","","B03","","","1","","2","","","16","","1","5","","B03","24.104091","120.678301","3"
"2019","3","29","12","23","臺中市","南區","0","0","8","1","5","50","14","9","1","5","4","5","7","2","1","1","2","5","2","13","","","","","","B01","","","1","","2","","","23","","1","10","","B01","24.121843","120.661384","3"
"2019","3","29","12","30","臺中市","中區","0","1","8","1","5","50","4","1","1","5","4","5","7","4","4","10","5","5","2","15","14","3","10","1","1","B03","7","9","3","18","2","2","","14","14","2","21","8","B03","24.142243","120.6829","2"
"2019","3","29","12","30","臺中市","太平區","0","1","8","1","5","50","3","1","1","5","4","5","7","4","4","10","5","5","2","16","21","2","9","1","1","C03","7","9","3","18","6","12","","21","21","1","22","8","C03","24.158055","120.719722","2"
"2019","3","29","12","31","臺中市","中區","0","1","8","1","5","50","14","9","1","5","4","5","7","4","4","9","5","5","2","16","42","3","10","1","1","B03","7","9","3","18","2","4","","42","42","2","21","8","B03","24.141616","120.683379","2"
"2019","3","29","12","38","臺中市","中區","0","0","8","","","50","","","","","","","","","","","","","","","","","","","","B03","","","1","","2","","","23","","1","","","B03","24.140984","120.683643","3"
"2019","3","29","12","40","臺中市","西區","0","0","8","","","50","","","","","","","","","","","","","","","12","3","","","","B03","","","1","","1","","","12","12","1","21","","B03","24.149915","120.653016","3"
"2019","3","29","12","41","臺中市","太平區","0","1","8","1","5","40","4","1","1","5","4","5","7","2","1","10","5","5","2","16","6","2","8","3","4","F01","7","5","8","20","2","16","","6","6","1","9","8","F01","24.124605","120.713185","2"
"2019","3","29","12","50","臺中市","大里區","0","0","8","","","50","","","","","","","","","","","","","","","","","","","","C03","","","3","","2","","","23","","1","21","","C03","24.091058","120.695333","3"
"2019","3","29","12","50","臺中市","大雅區","0","0","8","","","50","","","","","","","","","","","","","","","","","","","","B12","","","1","","2","","","6","","1","","","B12","24.23006","120.641523","3"
"2019","3","29","12","51","臺中市","北區","0","0","8","","","50","","","","","","","","","","","","","","","","","","","","A02","","","1","","2","","","23","","1","10","","A02","24.1458","120.6829","3"
"2019","3","29","12","53","臺中市","太平區","0","2","8","1","5","50","4","1","1","5","4","5","7","1","1","10","5","5","2","16","8","2","8","1","1","C03","7","5","4","11","2","12","","8","8","2","21","8","C03","24.14454","120.725238","2"
"2019","3","29","12","57","臺中市","西區","0","0","","","","","","","","","","","","","","","","","","","19","","","","","B12","","","1","","2","","","23","19","1","22","","B12","24.142928","120.670601","3"
"2019","3","29","13","0","臺中市","西區","0","1","8","1","5","50","4","1","1","5","4","1","6","1","1","5","2","4","2","17","43","3","10","1","1","C03","7","15","1","10","2","14","","43","43","1","21","8","C03","24.150859","120.665301","2"
"2019","3","29","13","0","臺中市","北屯區","0","1","8","1","5","50","3","1","1","5","4","5","7","4","4","10","5","5","2","16","43","3","10","1","1","C03","7","5","1","10","2","11","","43","43","1","21","8","C03","24.175419","120.683629","2"
"2019","3","29","13","5","臺中市","南屯區","0","0","8","","","50","","","","","","","","4","","","","","","","23","3","","","","B03","","","6","","2","","","23","23","1","21","","B03","24.140165","120.653965","3"
"2019","3","29","13","15","臺中市","西區","0","0","8","","","50","","","","","","","","","","","","","","","","","","","","C03","","","1","","2","","","19","","1","21","","C03","24.155359","120.663451","3"
"2019","3","29","13","16","臺中市","西屯區","0","3","8","1","5","40","4","1","1","5","4","5","7","4","4","10","5","5","2","15","6","2","9","3","4","C03","7","9","1","10","2","11","","6","6","1","22","8","C03","24.177353","120.667066","2"
"2019","3","29","13","22","臺中市","西區","0","2","8","1","5","50","14","9","1","5","4","5","7","4","4","5","4","5","2","16","10","2","9","1","1","C03","7","11","1","10","2","12","","10","10","1","21","8","C03","24.146824","120.658841","2"
"2019","3","29","13","24","臺中市","大里區","0","2","8","1","5","50","14","7","1","5","4","5","7","4","4","5","5","4","2","17","19","2","9","1","1","C03","7","1","1","10","2","14","","19","19","1","19","8","C03","24.109645","120.68069","2"
"2019","3","29","13","25","臺中市","大里區","0","1","8","1","5","50","14","7","1","5","4","5","7","4","4","5","4","4","2","16","19","3","10","1","1","B03","7","1","1","8","2","1","","19","19","1","5","8","B03","24.100831","120.694517","2"
"2019","3","29","13","30","臺中市","北屯區","0","2","8","1","5","50","14","9","1","5","4","5","7","4","4","9","4","5","2","13","23","2","9","3","4","C03","7","9","1","10","2","11","","23","23","1","18","8","C03","24.1742","120.732444","2"
"2019","3","29","13","47","臺中市","西屯區","0","0","8","","","50","","","","","","","","","","","","","","","","","","","","B03","","","1","","2","","","17","","1","","","B03","24.157007","120.646757","3"
"2019","3","29","13","47","臺中市","霧峰區","0","0","8","","","70","","","","","","","","","","","","","","","","","","","","B12","","","1","","2","","","18","","1","4","","B12","24.04781","120.693313","3"
"2019","3","29","13","50","臺中市","西區","0","3","8","1","5","50","14","9","1","5","4","5","7","4","4","5","4","5","2","16","23","2","9","1","1","C03","7","9","1","10","2","12","","23","23","1","21","8","C03","24.150865","120.664874","2"
"2019","3","29","13","55","臺中市","東勢區","0","0","8","","","50","","","","","","","","","","","","","","","","","","","","B12","","","1","","2","","","12","","1","22","","B12","24.257231","120.829338","3"
"2019","3","29","13","56","臺中市","北屯區","0","0","8","","","50","","","","","","","","","","","","","","","","","","","","B03","","","1","","2","","","23","","1","22","","B03","24.203511","120.67441","3"
"2019","3","29","13","58","臺中市","北屯區","0","3","8","1","5","40","4","1","1","5","4","5","7","4","4","5","5","4","2","15","6","3","10","1","1","B03","7","9","1","8","2","5","","6","6","1","22","8","B03","24.173485","120.684506","2"
"2019","3","29","14","0","臺中市","大里區","0","0","8","1","5","50","14","9","1","5","4","5","7","4","4","5","4","5","1","12","18","3","10","1","1","B03","7","15","1","8","2","2","","18","18","1","5","8","B03","24.111901","120.690065","3"
"2019","3","29","14","5","臺中市","北屯區","0","0","8","","","50","","","","","","","","","","","","","","","","","","","","A12","","","1","","2","","","26","","1","22","","A12","24.182017","120.701826","3"
"2019","3","29","14","8","臺中市","西屯區","0","3","8","1","5","40","4","1","1","5","4","5","7","2","1","10","5","5","2","16","25","2","7","1","1","C03","7","5","1","10","2","11","","25","25","1","18","8","C03","24.183206","120.59316","2"
"2019","3","29","14","10","臺中市","清水區","0","0","8","1","5","70","","","","","","","","","","","","","","","","","","","","A31","","","1","","2","","","43","","1","10","","A31","24.298174","120.568506","3"
"2019","3","29","14","12","臺中市","北屯區","0","2","8","1","5","50","4","1","1","5","4","5","7","1","1","10","5","5","2","17","42","3","10","3","4","C03","7","9","1","10","2","15","","42","42","1","21","8","C03","24.172621","120.722715","2"
"2019","3","29","14","13","臺中市","北屯區","0","0","8","","","50","","","","","","","","","","","","","","","44","","","","","A11","","","1","","2","","","44","44","1","5","","A11","24.197389","120.686596","3"
"2019","3","29","14","26","臺中市","霧峰區","0","1","8","1","5","50","3","1","1","5","4","5","7","4","4","10","5","5","2","12","23","2","9","1","1","C03","7","9","1","10","2","14","","23","23","1","21","9","C03","24.065114","120.696971","2"
"2019","3","29","14","30","臺中市","太平區","0","1","8","1","5","50","3","2","1","5","4","5","7","1","1","5","4","5","1","16","6","2","9","1","1","C03","7","8","1","10","2","12","","6","6","1","5","8","C03","24.134722","120.728888","2"
"2019","3","29","14","33","臺中市","神岡區","0","0","8","","","50","","","","","","","","","","","","","","","","","","","","B03","","","1","","2","","","23","","1","3","","B03","24.257976","120.651645","3"
"2019","3","29","14","38","臺中市","烏日區","0","0","8","","","50","","","","","","","","","","","","","","","26","","","","","B03","","","1","","2","","","26","26","1","","","B03","24.121626","120.607694","3"
"2019","3","29","14","50","臺中市","西區","0","0","","","","","","","","","","","","","","","","","","","","","","","","B12","","","1","","2","","","12","","1","22","","B12","24.150083","120.660596","3"
"2019","3","29","15","0","臺中市","大雅區","0","0","8","","","40","","","","","","","","","","","","","","","","","","","","B03","","","1","","2","","","23","","1","22","","B03","24.21625","120.66672","3"
"2019","3","29","15","7","臺中市","后里區","0","0","8","1","5","60","14","9","1","5","4","5","7","1","1","1","2","4","1","12","7","3","10","1","1","B03","7","8","1","8","2","5","","7","7","1","21","8","B03","24.284896","120.722735","3"
"2019","3","29","15","10","臺中市","北屯區","0","3","8","1","5","50","4","1","1","5","4","5","7","2","1","10","5","5","2","15","25","2","9","1","1","C03","7","9","1","10","2","11","","25","25","1","21","8","C03","24.170511","120.697718","2"
"2019","3","29","15","15","臺中市","南屯區","0","0","8","","","50","","","","","","","","","","","","","","","","","","","","B03","","","1","","2","","","6","","1","22","","B03","24.131913","120.650532","3"
"2019","3","29","15","15","臺中市","北屯區","0","0","8","","","50","","","","","","","","","","","","","","","16","","","","","B03","","","1","","2","","","16","16","1","22","","B03","24.173982","120.67186","3"
"2019","3","29","15","16","臺中市","西屯區","0","1","8","1","5","50","4","2","1","5","4","5","7","1","1","1","4","5","2","16","7","3","10","3","4","C03","7","8","1","10","2","12","","7","7","1","22","9","C03","24.200158","120.656597","2"
"2019","3","29","15","20","臺中市","大雅區","0","1","8","1","5","40","4","1","1","5","4","5","7","4","4","10","5","5","2","15","6","3","10","1","1","A11","7","9","1","3","2","5","","6","6","1","10","8","A11","24.21428","120.654426","2"
"2019","3","29","15","21","臺中市","西區","0","1","8","1","5","50","14","9","1","5","4","5","7","4","4","5","5","5","2","18","42","2","9","1","1","C03","7","9","1","10","2","12","","42","42","1","4","1","C03","24.161502","120.662502","2"
"2019","3","29","15","45","臺中市","北屯區","0","1","8","1","5","50","14","9","1","5","4","5","7","4","4","9","5","5","2","17","23","2","9","1","1","B03","7","9","1","8","2","1","","23","23","1","22","8","B03","24.187184","120.659053","2"
"2019","3","29","15","47","臺中市","東區","0","1","8","1","5","50","4","1","1","5","4","5","7","4","4","1","4","1","2","12","6","3","10","1","1","B03","7","6","1","8","2","2","","6","6","1","5","8","B03","24.143942","120.694486","2"
"2019","3","29","15","48","臺中市","西區","0","0","","","","","","","","","","","","","","","","","","","","","","","","B03","","","1","","2","","","6","","1","21","","B03","24.13659","120.638081","3"
"2019","3","29","16","0","臺中市","東區","0","0","8","1","5","50","14","8","1","5","4","5","7","4","4","5","4","4","2","14","12","3","10","1","1","B03","7","2","1","8","11","6","","12","12","1","22","8","B03","24.140268","120.703403","3"
"2019","3","29","16","10","臺中市","南區","0","0","8","1","5","50","14","7","1","5","4","5","7","4","4","5","2","4","2","16","21","3","10","1","1","C03","7","11","4","11","6","11","","21","21","1","21","8","C03","24.116822","120.66635","3"
"2019","3","29","16","15","臺中市","西區","0","1","8","1","5","50","4","2","1","5","4","5","7","1","1","5","4","5","2","3","23","2","9","4","5","H01","8","16","8","20","10","16","","51","23","1","21","8","H01","24.146695","120.664286","2"
"2019","3","29","16","17","臺中市","南區","0","0","8","","","50","","","","","","","","","","","","","","","","3","","","","B03","","","1","","2","","","23","","","21","","B03","24.1226","120.653434","3"
"2019","3","29","16","17","臺中市","南區","0","0","","","","","","","","","","","","","","","","","","","23","3","","","","C03","","","1","","2","","","23","23","","22","","C03","24.122441","120.679335","3"
"2019","3","29","16","17","臺中市","大雅區","0","0","8","","","40","","","","","","","","","","","","","","","","","","","","B12","","","1","","2","","","12","","1","","","B12","24.229268","120.665634","3"
"2019","3","29","16","20","臺中市","北屯區","0","0","8","","","50","","","","","","","","","","","","","","","","","","","","B03","","","1","","2","","","23","","1","21","","B03","24.162673","120.691267","3"
"2019","3","29","16","30","臺中市","南屯區","0","2","8","1","5","50","4","1","1","5","4","5","7","1","1","10","5","5","2","18","23","2","9","1","1","C03","7","6","1","10","2","12","","23","23","1","22","9","C03","24.132016","120.647776","2"
"2019","3","29","16","30","臺中市","大里區","0","0","8","","","50","","","","","","","","","","","","","","","","","","","","B03","","","1","","2","","","23","","1","22","","B03","24.088694","120.695113","3"
"2019","3","29","16","34","臺中市","東區","0","2","8","1","5","50","4","1","1","5","4","5","7","4","4","10","5","5","2","15","6","2","8","1","1","C03","7","9","1","10","2","14","","6","6","1","22","8","C03","24.141065","120.706044","2"
"2019","3","29","16","35","臺中市","中區","0","1","8","1","5","40","4","1","1","5","4","5","7","4","4","10","5","5","2","16","6","2","8","3","4","C03","7","5","1","10","2","12","","6","6","1","21","8","C03","24.137577","120.681207","2"