"年","月","日","時","分","縣市","區","死","受傷","天候","光線","道路類別","速限","道路型態","事故位置","路面鋪裝","路面狀態","路面缺陷","障礙物","視距","號誌種類","號誌動作","分向設施","快車道或一般車道間","快慢車道間","路面邊線","事故類型及型態","主要肇因","受傷程度","主要傷處","保護裝備","行動電話","當事者區分","車輛用途","當事者行動狀態","駕駛資格情形","駕駛執照種類","飲酒情形","車輛撞擊部位最初","車輛撞擊部位其他","肇事因素個別","肇事因素主要","肇事逃逸","職業","旅次目的","車種","GPS座標緯度","GPS座標經度","事故類別"
"2019","3","29","16","40","臺中市","龍井區","0","1","8","1","5","70","3","1","1","5","4","5","7","4","4","3","4","5","1","17","43","3","10","1","1","B12","7","6","1","8","2","6","","43","43","1","3","8","B12","24.199444","120.514166","2"
"2019","3","29","16","42","臺中市","西屯區","0","1","8","1","5","50","14","9","1","5","4","5","7","4","4","10","5","5","2","12","43","3","10","1","1","B03","7","9","1","8","2","2","","43","43","1","21","8","B03","24.1726","120.661301","2"
"2019","3","29","16","44","臺中市","清水區","0","0","8","","","80","","","","","","","","","","","","","","","","","","","","A41","","","1","","2","","","7","","1","10","","A41","24.271882","120.545628","3"
"2019","3","29","17","0","臺中市","霧峰區","0","1","8","1","5","50","14","9","1","5","4","5","7","4","4","9","4","5","1","12","17","3","10","1","1","B03","7","9","1","8","2","2","","17","17","1","12","8","B03","24.037915","120.710374","2"
"2019","3","29","17","3","臺中市","太平區","0","3","8","1","5","50","4","1","1","5","4","5","7","2","1","10","5","5","2","15","25","2","8","1","1","C03","7","9","1","10","2","11","","25","25","1","20","8","C03","24.153589","120.711658","2"
"2019","3","29","17","6","臺中市","潭子區","0","0","8","1","5","40","3","2","1","5","4","5","7","4","4","9","5","5","1","13","","","","","","C03","","","1","","2","","","23","","1","22","","C03","24.205436","120.698064","3"
"2019","3","29","17","7","臺中市","北屯區","0","0","8","","","50","","","","","","","","","","","","","","","","","","","","B03","","","1","","2","","","23","","1","22","","B03","24.179316","120.667877","3"
"2019","3","29","17","8","臺中市","南區","0","1","8","1","5","50","14","7","1","5","4","5","7","4","4","5","3","4","2","3","26","3","10","1","1","B03","7","9","1","8","2","1","","26","26","1","21","8","B03","24.132002","120.677208","2"
"2019","3","29","17","10","臺中市","東區","0","0","8","","","50","","","","","","","","","","","","","","","","","","","","A02","","","1","","2","","","7","","1","22","","A02","24.144981","120.686393","3"
"2019","3","29","17","12","臺中市","西區","0","1","8","1","5","50","15","22","1","5","4","5","7","4","4","5","4","4","1","18","23","2","9","1","1","C03","7","9","1","10","2","14","","23","23","1","21","8","C03","24.139209","120.683105","2"
"2019","3","29","17","15","臺中市","清水區","0","1","8","1","5","40","11","9","1","5","4","5","7","4","4","10","5","5","2","11","5","2","9","1","1","C03","7","6","1","10","2","11","","5","5","1","3","1","C03","24.300906","120.589208","2"
"2019","3","29","17","16","臺中市","西屯區","0","1","8","1","5","60","5","2","1","5","4","5","7","4","4","1","3","5","1","12","9","3","10","1","1","B03","7","6","1","8","2","2","","9","9","1","22","8","B03","24.169596","120.638126","2"
"2019","3","29","17","23","臺中市","太平區","0","1","8","1","5","50","3","1","1","5","4","5","7","2","1","10","5","5","2","8","23","3","10","3","4","B03","7","6","1","10","2","2","","23","23","1","9","8","B03","24.125507","120.713149","2"
"2019","3","29","17","26","臺中市","大里區","0","1","8","1","5","50","14","9","1","5","4","5","7","1","1","1","4","4","1","13","16","2","8","1","1","C03","7","9","1","10","2","11","","16","16","1","3","8","C03","24.102269","120.687287","2"
"2019","3","29","17","29","臺中市","西屯區","0","0","8","1","5","50","14","8","1","5","4","5","7","4","4","9","4","4","2","17","44","3","10","3","4","C03","7","13","1","10","2","12","","44","44","1","22","9","C03","24.180364","120.637688","3"
"2019","3","29","17","33","臺中市","南屯區","0","1","8","1","5","50","14","9","1","5","4","5","7","4","4","5","4","5","2","16","26","3","10","1","1","C03","7","11","1","10","2","14","","26","26","1","19","9","C03","24.138509","120.609335","2"
"2019","3","29","17","33","臺中市","霧峰區","0","0","8","","","50","","","","","","","","","","","","","","","17","","","","","B03","","","1","","2","","","17","17","1","4","","B03","24.066717","120.699996","3"
"2019","3","29","17","35","臺中市","神岡區","0","0","8","","","40","","","","","","","","","","","","","","","","","","","","B03","","","1","","3","","","17","","1","21","","B03","24.243276","120.643288","3"
"2019","3","29","17","36","臺中市","西屯區","0","1","8","2","5","50","3","1","1","5","4","5","7","4","4","5","4","4","2","16","6","3","10","1","1","B03","7","6","1","8","2","8","","6","6","1","21","8","B03","24.18626","120.618003","2"
"2019","3","29","17","39","臺中市","西屯區","0","1","7","1","5","50","14","9","1","5","4","5","7","4","4","5","5","5","2","11","27","2","9","3","4","C03","7","11","1","10","2","14","","27","27","1","22","8","C03","24.187698","120.606244","2"
"2019","3","29","17","40","臺中市","西區","0","2","8","1","5","50","4","9","1","5","4","5","7","1","1","10","5","5","2","16","6","3","10","1","1","C03","7","6","1","10","2","12","","6","6","1","20","8","C03","24.139488","120.670192","2"
"2019","3","29","17","40","臺中市","神岡區","0","0","8","","","50","","","","","","","","","","","","","","","17","","","","","B03","","","1","","2","","","17","17","1","21","","B03","24.250291","120.655873","3"
"2019","3","29","17","43","臺中市","北屯區","0","1","8","1","5","40","4","1","1","5","4","5","7","1","1","5","5","4","2","16","8","2","9","1","1","C03","7","5","1","10","2","14","","8","8","1","22","8","C03","24.164807","120.704476","2"
"2019","3","29","17","45","臺中市","西區","0","0","8","","","50","","","","","","","","","","","","","","","19","3","","","","A05","","","1","2","2","4","","19","19","1","21","8","A05","24.137961","120.657238","3"
"2019","3","29","17","45","臺中市","南屯區","0","0","8","","","50","","","","","","","","","","","","","","","","","","","","B11","","","1","","2","","","42","","1","10","","B11","24.143403","120.647939","3"
"2019","3","29","17","45","臺中市","烏日區","0","1","8","2","5","40","14","8","1","5","4","5","7","4","4","1","4","4","1","18","23","2","9","1","1","C03","7","9","1","10","2","12","","23","23","1","21","8","C03","24.105661","120.619681","2"
"2019","3","29","17","47","臺中市","霧峰區","0","2","8","1","5","40","4","1","1","5","4","5","7","1","1","5","2","5","2","16","4","2","8","1","1","C03","7","5","1","10","2","14","","8","4","1","22","8","C03","24.058613","120.692696","2"
"2019","3","29","17","49","臺中市","北屯區","0","0","8","","","80","","","","","","","","","","","","","","","","","","","","B03","","","6","","2","","","16","","1","5","","B03","24.20105","120.695675","3"
"2019","3","29","18","2","臺中市","南屯區","0","0","8","","","50","","","","","","","","","","","","","","","","","","","","B12","","","1","","2","","","23","","1","22","","B12","24.153875","120.649048","3"
"2019","3","29","18","2","臺中市","西屯區","0","0","8","","","50","","","","","","","","","","","","","","","23","","","","","B03","","","1","","2","","","42","23","1","22","","B03","24.184323","120.609288","3"
"2019","3","29","18","10","臺中市","北屯區","0","5","8","3","5","50","7","11","1","5","4","5","7","4","4","10","5","5","2","17","43","2","9","1","1","C03","7","9","1","10","2","15","","43","43","1","22","8","C03","24.16485","120.699666","2"
"2019","3","29","18","12","臺中市","北屯區","0","3","8","3","5","50","4","1","1","5","4","5","7","4","4","10","5","5","2","16","42","2","8","1","1","C03","7","15","1","10","2","11","","42","42","1","21","8","C03","24.172114","120.687913","2"
"2019","3","29","18","18","臺中市","太平區","0","1","8","3","5","50","3","1","1","5","4","5","7","1","1","10","5","5","2","3","23","3","10","1","1","B03","7","6","1","8","2","5","","23","23","1","21","8","B03","24.104704","120.729064","2"
"2019","3","29","18","20","臺中市","大里區","0","0","8","","","40","","","","","","","","","","","","","","","","","","","","B03","","","1","","2","","","23","","1","9","","B03","24.091685","120.685181","3"
"2019","3","29","18","21","臺中市","北屯區","0","0","8","","","50","","","","","","","","","","","","","","","","","","","","B03","","","1","","2","","","23","","1","22","","B03","24.177078","120.670058","3"
"2019","3","29","18","30","臺中市","西區","0","1","8","3","5","40","11","8","1","5","4","5","7","4","4","1","4","4","2","13","16","2","9","3","4","C03","7","9","1","10","2","11","","16","16","1","21","8","C03","24.160478","120.662016","2"
"2019","3","29","18","30","臺中市","大里區","0","0","8","","","50","","","","","","","","","","","","","","","","","","","","C03","","","1","","1","","","43","","1","16","","C03","24.111795","120.666091","3"
"2019","3","29","18","33","臺中市","西屯區","0","1","8","3","5","50","4","1","1","5","4","5","7","1","1","5","4","4","2","16","3","3","10","1","1","A02","7","6","1","1","2","5","","44","3","1","10","4","A02","24.178149","120.664732","2"
"2019","3","29","18","35","臺中市","神岡區","0","0","8","","","50","","","","","","","","","","","","","","","","","","","","B12","","","1","","4","","","23","","1","21","","B12","24.24664","120.683805","3"
"2019","3","29","18","36","臺中市","北屯區","0","0","8","","","50","","","","","","","","","","","","","","","","","","","","B12","","","1","","2","","","23","","1","5","","B12","24.170173","120.719218","3"
"2019","3","29","18","36","臺中市","潭子區","0","1","8","1","5","40","3","1","1","5","4","5","7","4","4","10","5","5","1","16","16","2","9","1","1","C03","7","9","1","10","2","11","","16","16","1","22","9","C03","24.209389","120.714903","2"
"2019","3","29","18","37","臺中市","南區","0","1","8","3","5","50","14","7","1","5","4","5","7","4","4","3","4","4","2","13","7","2","8","1","1","C03","7","9","1","10","2","11","","23","7","1","22","9","C03","24.132836","120.657413","2"
"2019","3","29","18","46","臺中市","西區","0","1","8","3","5","50","4","1","1","5","4","5","7","1","1","5","4","4","1","16","6","3","10","1","1","B03","7","5","1","8","2","6","","6","6","1","21","8","B03","24.147933","120.661603","2"
"2019","3","29","18","47","臺中市","大雅區","0","1","8","3","5","50","14","8","1","5","4","5","7","4","4","9","4","4","1","12","23","2","9","1","1","C03","7","9","1","10","2","11","","23","23","1","22","9","C03","24.23463","120.66549","2"
"2019","3","29","18","49","臺中市","西屯區","0","2","8","3","5","50","14","7","1","5","4","5","7","4","4","10","5","5","2","16","19","2","9","1","1","C03","7","1","1","10","2","11","","19","19","1","21","8","C03","24.167749","120.665647","2"
"2019","3","29","18","57","臺中市","北屯區","0","0","","","","","","","","","","","","","","","","","","","","","","","","B03","","","1","","2","","","43","","1","22","","B03","24.200789","120.665353","3"
"2019","3","29","19","4","臺中市","東區","0","2","8","3","5","50","4","1","1","5","4","5","7","4","4","10","5","5","2","15","6","2","9","1","1","C03","7","9","1","10","2","11","","6","6","1","22","8","C03","24.147128","120.6962","2"
"2019","3","29","19","6","臺中市","大里區","0","1","8","3","5","50","14","9","1","5","4","5","7","4","4","3","4","4","1","16","23","2","9","1","1","C03","7","9","1","10","2","12","","23","23","1","3","8","C03","24.091034","120.6925","2"
"2019","3","29","19","9","臺中市","大雅區","0","1","8","3","5","40","14","9","1","5","4","5","7","4","4","10","5","5","2","17","40","3","10","1","1","B03","7","15","1","8","2","4","","40","40","1","21","8","B03","24.228368","120.645746","2"
"2019","3","29","19","12","臺中市","烏日區","0","0","8","","","50","","","","","","","","","","","","","","","","","","","","B02","","","1","","2","","","23","","1","22","","B02","24.110589","120.617742","3"
"2019","3","29","19","15","臺中市","西屯區","0","1","8","2","5","50","4","2","1","5","4","5","7","1","1","5","4","5","2","16","25","3","10","1","1","B03","7","11","1","8","2","8","","25","25","1","21","8","B03","24.174231","120.647821","2"
"2019","3","29","19","30","臺中市","西屯區","0","2","8","3","5","50","14","8","1","5","4","5","7","4","4","3","4","4","2","11","40","3","10","3","4","B03","7","13","1","8","2","4","","40","40","1","22","8","B03","24.161757","120.637685","2"
"2019","3","29","19","32","臺中市","北屯區","0","0","8","","","50","","","","","","","","","","","","","","","","","","","","B03","","","1","","2","","","2","","1","22","","B03","24.163951","120.693918","3"
"2019","3","29","19","35","臺中市","西屯區","0","1","8","3","5","50","4","1","1","5","4","5","7","1","1","10","5","5","2","17","42","2","7","1","1","C03","7","9","1","10","2","14","","42","42","1","22","8","C03","24.195408","120.658528","2"
"2019","3","29","19","50","臺中市","大里區","0","0","8","","","40","","","","","","","","","","","","","","","","","","","","C03","","","1","","2","","","23","","1","22","","C03","24.092373","120.664811","3"
"2019","3","29","19","59","臺中市","沙鹿區","0","1","7","3","5","50","3","1","1","5","4","5","7","3","1","10","5","5","2","16","6","3","10","1","1","B03","7","5","1","8","2","1","","6","6","1","5","9","B03","24.238564","120.564492","2"
"2019","3","29","20","0","臺中市","北屯區","0","0","8","","","40","","","","","","","","","","","","","","","","","","","","B12","","","1","","2","","","7","","1","5","","B12","24.201293","120.687378","3"
"2019","3","29","20","0","臺中市","西屯區","0","1","8","1","5","50","3","1","1","5","4","5","7","1","1","1","3","5","2","16","26","3","10","1","1","C03","7","5","1","10","2","11","","26","26","1","21","8","C03","24.156511","120.646778","2"
"2019","3","29","20","1","臺中市","西屯區","0","1","8","3","5","50","4","2","1","5","4","5","7","1","1","1","4","4","2","16","6","3","10","3","4","B03","7","6","1","8","2","8","","6","6","1","22","9","B03","24.166724","120.650595","2"
"2019","3","29","20","10","臺中市","東區","0","0","8","","","50","","","","","","","","","","","","","","","","","","","","B03","","","1","","2","","","23","","1","22","","B03","24.151166","120.694414","3"
"2019","3","29","20","30","臺中市","東區","0","1","8","3","5","50","14","9","1","5","4","5","7","4","4","1","4","5","2","18","23","2","9","1","1","C03","7","7","1","10","2","12","","23","23","1","5","8","C03","24.137791","120.689876","2"
"2019","3","29","20","32","臺中市","西區","0","1","8","3","5","50","4","18","1","5","4","5","7","1","1","10","5","5","2","9","23","3","10","1","1","B03","7","9","1","8","2","1","","23","23","1","5","7","B03","24.130805","120.667725","2"
"2019","3","29","20","34","臺中市","南區","0","0","","","","","","","","","","","","","","","","","","","6","3","","","","B03","","","1","","2","","","6","6","1","22","","B03","24.119791","120.663273","3"
"2019","3","29","20","40","臺中市","西屯區","0","0","8","","","60","","","","","","","","","","","","","","","","","","","","B03","","","1","","2","","","26","","1","22","","B03","24.169008","120.638488","3"
"2019","3","29","20","40","臺中市","西屯區","0","1","8","1","5","50","5","1","1","5","4","5","7","1","1","10","5","5","2","17","43","2","9","1","1","C03","7","9","1","10","2","14","","43","43","1","21","8","C03","24.174784","120.614","2"
"2019","3","29","20","42","臺中市","大雅區","0","1","8","3","5","50","3","2","1","5","4","5","7","1","1","9","4","4","1","12","23","2","9","1","1","C03","7","9","1","10","2","11","","23","23","1","22","9","C03","24.21583","120.67064","2"
"2019","3","29","21","0","臺中市","北屯區","0","0","","","","","","","","","","","","","","","","","","","","","","","","B03","","","1","","2","","","23","","2","21","","B03","24.162574","120.695386","3"
"2019","3","29","21","0","臺中市","西屯區","0","1","8","3","5","50","14","7","1","5","4","5","7","4","4","3","4","4","2","13","23","3","10","1","1","B03","7","9","1","8","2","5","","23","23","1","21","8","B03","24.184096","120.620349","2"
"2019","3","29","21","4","臺中市","西區","0","1","8","3","5","50","5","1","1","5","4","5","7","1","1","10","5","5","2","17","42","3","10","1","1","B03","7","9","1","8","2","1","","42","42","1","5","5","B03","24.15351","120.670472","2"
"2019","3","29","21","4","臺中市","中區","0","2","8","3","5","40","14","7","1","5","4","5","7","4","4","5","4","4","2","3","51","2","9","4","5","H01","8","16","8","20","10","15","","51","51","1","21","8","H01","24.147069","120.678975","2"
"2019","3","29","21","18","臺中市","沙鹿區","0","0","8","","","50","","","","","","","","","","","","","","","","","","","","B03","","","1","","2","","","42","","1","9","","B03","24.236979","120.568845","3"
"2019","3","29","21","33","臺中市","北屯區","0","1","8","3","5","50","3","1","1","5","4","5","7","1","1","10","5","5","2","12","23","3","10","1","1","B03","7","6","1","8","2","5","","23","23","1","5","8","B03","24.176068","120.738256","2"
"2019","3","29","21","36","臺中市","清水區","0","0","8","","","50","","","","","","","","","","","","","","","","","","","","C03","","","1","","2","","","6","","1","12","","C03","24.261439","120.570234","3"
"2019","3","29","21","48","臺中市","北屯區","0","2","8","3","5","50","4","1","1","5","4","5","7","1","1","10","5","5","2","15","25","2","9","1","1","C03","7","9","1","10","2","12","","25","25","1","22","8","C03","24.169482","120.70598","2"
"2019","3","29","21","54","臺中市","沙鹿區","0","0","8","","","50","","","","","","","","","","","","","","","","","","","","B03","","","1","","2","","","23","","1","5","","B03","24.212387","120.56426","3"
"2019","3","29","21","55","臺中市","霧峰區","0","1","8","3","5","50","4","1","1","5","4","5","7","3","1","10","5","5","2","16","3","3","10","2","1","F01","7","5","8","20","2","16","","3","3","1","12","8","F01","24.068894","120.70234","2"
"2019","3","29","22","3","臺中市","大雅區","0","3","6","4","5","50","4","1","1","4","4","5","7","2","1","5","4","4","1","16","6","2","8","1","1","C03","7","5","1","10","2","11","","6","6","1","22","9","C03","24.209377","120.644344","2"
"2019","3","29","22","8","臺中市","西屯區","0","0","6","","","50","","","","","","","","","","","","","","","","","","","","B03","","","1","","2","","","23","","2","22","","B03","24.166763","120.635156","3"
"2019","3","29","22","9","臺中市","西屯區","0","2","6","3","5","50","4","1","1","4","4","5","7","1","1","10","5","5","2","16","6","3","10","1","1","B02","7","5","1","8","2","8","","6","6","1","21","8","B02","24.185144","120.644572","2"
"2019","3","29","22","13","臺中市","西屯區","0","0","6","","","40","","","","","","","","","","","","","","","7","","","","","A02","","","1","","2","","","23","7","1","","","A02","24.167901","120.640555","3"
"2019","3","29","22","14","臺中市","西屯區","0","1","6","3","5","50","3","1","1","4","4","5","7","4","4","10","5","5","2","13","23","3","10","1","1","B01","7","9","1","4","2","1","","23","23","1","22","9","B01","24.173136","120.644871","2"
"2019","3","29","22","15","臺中市","北屯區","0","0","6","","","50","","","","","","","","","","","","","","","","","","","","B03","","","1","","2","","","19","","1","18","","B03","24.165228","120.722513","3"
"2019","3","29","22","19","臺中市","北屯區","0","1","6","3","5","50","4","1","1","4","4","5","7","1","1","10","5","5","2","13","43","3","10","3","4","B03","7","9","1","8","2","5","","43","43","1","21","8","B03","24.170965","120.683418","2"
"2019","3","29","22","29","臺中市","西屯區","0","1","6","3","5","50","14","9","1","4","4","5","7","4","4","10","5","5","2","11","23","2","9","1","1","C03","7","9","1","10","2","12","","23","23","1","21","8","C03","24.167275","120.660229","2"
"2019","3","29","22","30","臺中市","大里區","0","0","6","","","50","","","","","","","","","","","","","","","","","","","","C03","","","1","","2","","","25","","1","18","","C03","24.082096","120.70907","3"
"2019","3","29","22","30","臺中市","龍井區","0","0","","","","","","","","","","","","","","","","","","","","","","","","B03","","","1","","2","","","19","","1","21","","B03","24.181197","120.591144","3"
"2019","3","29","22","30","臺中市","豐原區","0","0","6","","","50","","","","","","","","","","","","","","","","","","","","B02","","","1","","2","","","19","","1","10","","B02","24.245781","120.708651","3"
"2019","3","29","22","44","臺中市","沙鹿區","0","8","1","4","5","50","4","1","1","4","4","5","6","2","1","10","5","5","2","17","26","3","10","1","1","B03","7","6","1","8","2","4","","26","26","1","9","8","B03","24.201674","120.58108","2"
"2019","3","29","22","45","臺中市","南屯區","0","1","6","3","5","40","14","8","1","4","4","5","7","4","4","5","5","4","2","18","23","2","9","1","1","C03","7","9","1","10","2","12","","23","23","1","22","9","C03","24.149024","120.637147","2"
"2019","3","29","22","49","臺中市","西屯區","0","1","8","3","5","50","4","2","1","5","4","5","7","1","1","5","5","4","2","16","43","3","10","1","1","B03","7","6","1","8","2","6","","43","43","1","22","9","B03","24.182631","120.66439","2"
"2019","3","29","22","49","臺中市","西屯區","0","1","6","3","5","50","14","9","1","4","4","5","7","4","4","5","4","5","2","18","43","2","8","1","1","C03","7","9","1","10","2","14","","43","43","1","21","8","C03","24.179893","120.655558","2"
"2019","3","29","22","50","臺中市","烏日區","0","0","6","","","25","","","","","","","","","","","","","","","","","","","","B03","","","1","","2","","","23","","1","22","","B03","24.11306","120.61649","3"
"2019","3","29","22","51","臺中市","潭子區","0","1","6","3","5","50","4","1","1","4","4","5","7","1","1","10","5","5","2","17","23","2","9","1","1","C03","7","9","1","10","2","14","","23","23","1","22","8","C03","24.215596","120.691343","2"
"2019","3","29","23","19","臺中市","大里區","0","1","6","3","5","50","4","1","1","4","4","5","7","2","1","1","4","5","1","18","42","2","9","1","1","C03","7","9","1","10","2","14","","42","42","1","18","8","C03","24.115046","120.679153","2"
"2019","3","29","23","20","臺中市","北屯區","0","0","6","","","50","","","","","","","","","","","","","","","","","","","","B03","","","1","","2","","","16","","1","21","","B03","24.171048","120.685204","3"
"2019","3","29","23","32","臺中市","北區","0","1","6","3","5","50","3","2","1","4","4","5","7","1","1","1","4","5","2","12","6","3","10","1","1","B03","7","10","1","8","2","8","","6","6","1","21","8","B03","24.159019","120.691346","2"
"2019","3","29","23","35","臺中市","南區","0","0","","","","","","","","","","","","","","","","","","","","","","","","B03","","","1","","2","","","25","","1","","","B03","24.121666","120.661591","3"
"2019","3","29","23","43","臺中市","西屯區","0","0","6","","","80","","","","","","","","","","","","","","","","","","","","B03","","","1","","2","","","16","","1","22","","B03","24.168566","120.631304","3"
"2019","3","30","0","10","臺中市","沙鹿區","0","0","6","","","50","","","","","","","","","","","","","","","","","","","","B03","","","1","","2","","","23","","1","2","","B03","24.238312","120.568398","3"
"2019","3","30","0","11","臺中市","西屯區","0","1","6","3","5","50","14","7","1","4","4","5","7","4","4","9","5","4","2","17","4","3","10","3","4","B03","7","9","1","8","2","15","","4","4","1","22","8","B03","24.163866","120.641005","2"
"2019","3","30","0","14","臺中市","西區","0","1","6","3","5","50","14","9","1","4","4","5","7","4","4","5","4","5","2","16","19","3","10","1","1","B03","7","1","1","8","2","8","","19","19","1","5","5","B03","24.134038","120.661635","2"
"2019","3","30","0","26","臺中市","北區","0","1","6","3","5","50","3","1","1","4","4","5","7","4","4","1","5","5","2","16","6","3","10","1","1","B03","7","6","1","8","2","5","","6","6","1","5","8","B03","24.163027","120.677201","2"
"2019","3","30","2","30","臺中市","大里區","0","2","6","3","5","50","4","1","1","4","4","5","7","3","1","10","5","5","2","15","6","2","9","1","1","C03","7","9","1","10","2","11","","6","6","1","5","1","C03","24.115281","120.684136","2"
"2019","3","30","3","11","臺中市","南屯區","0","2","6","3","5","50","4","1","1","4","4","4","7","3","1","10","5","5","2","15","6","3","10","3","4","B01","7","9","1","4","2","7","","6","6","1","22","8","B01","24.143008","120.642906","2"
"2019","3","30","3","44","臺中市","西區","0","0","8","","","50","","","","","","","","","","","","","","","","","","","","B03","","","1","","2","","","16","","1","5","","B03","24.149429","120.671436","3"
"2019","3","30","4","31","臺中市","北屯區","0","1","6","3","5","50","4","1","1","4","4","5","7","3","1","10","5","5","2","3","15","3","10","3","4","B12","7","5","1","8","2","1","","15","15","1","21","8","B12","24.179043","120.683186","2"
"2019","3","30","5","16","臺中市","大里區","0","2","7","3","5","60","14","12","1","4","4","5","7","4","4","1","4","4","2","2","23","2","9","1","1","C03","7","9","1","10","2","11","","23","23","1","21","1","C03","24.103836","120.669345","2"
"2019","3","30","5","20","臺中市","西屯區","0","0","8","3","5","50","14","9","1","4","4","5","7","4","4","1","4","5","2","18","21","3","10","3","4","B03","7","9","1","8","2","1","","21","21","1","22","8","B03","24.199153","120.654951","3"
"2019","3","30","6","16","臺中市","北屯區","0","2","8","1","5","50","3","2","1","5","4","5","7","4","4","5","4","5","2","17","23","2","9","1","1","C03","7","5","1","10","2","11","","23","23","1","21","8","C03","24.169573","120.70597","2"
"2019","3","30","6","50","臺中市","大肚區","0","0","8","","","50","","","","","","","","","","","","","","","","","","","","B03","","","1","","2","","","7","","1","","","B03","24.118795","120.576406","3"
"2019","3","30","6","55","臺中市","東區","0","0","","","","","","","","","","","","","","","","","","","","","","","","B03","","","1","","2","","","10","","1","","","B03","24.140489","120.70677","3"
"2019","3","30","6","55","臺中市","大里區","0","2","7","1","5","60","14","7","1","4","4","5","7","4","4","1","2","4","2","13","23","2","9","1","1","C03","7","9","1","10","2","11","","23","23","1","18","8","C03","24.10771","120.663975","2"
"2019","3","30","6","55","臺中市","后里區","0","2","7","1","5","50","3","1","1","5","4","5","7","4","4","10","5","5","2","16","6","2","9","1","1","C03","7","5","1","10","2","12","","6","6","1","21","8","C03","24.30893","120.721812","2"
"2019","3","30","7","1","臺中市","東區","0","1","8","1","5","50","4","1","1","5","4","5","7","1","1","10","5","5","2","12","23","3","10","1","1","C03","7","6","1","10","2","12","","23","23","1","22","8","C03","24.134866","120.693014","2"
"2019","3","30","7","6","臺中市","大里區","0","2","8","1","5","50","4","1","1","5","4","5","7","4","4","10","5","5","2","17","6","2","9","1","1","C03","7","5","6","18","2","12","","6","6","1","21","5","C03","24.096177","120.702983","2"
"2019","3","30","7","9","臺中市","大里區","0","1","8","1","5","50","3","2","1","5","4","5","7","4","4","5","5","4","2","17","22","2","1","3","4","B03","7","9","1","8","2","1","","22","22","1","21","9","B03","24.097805","120.675062","2"
"2019","3","30","7","16","臺中市","霧峰區","0","1","8","1","5","40","4","1","1","5","4","5","7","2","1","1","5","5","2","16","19","2","4","1","1","C03","7","1","1","10","2","12","","19","19","1","5","5","C03","24.072131","120.662502","2"
"2019","3","30","7","20","臺中市","大甲區","0","1","8","1","5","50","3","2","1","5","4","5","7","4","4","5","5","5","1","16","26","3","10","1","1","B03","7","11","1","8","2","8","","26","26","1","6","7","B03","24.343048","120.63076","2"
"2019","3","30","7","31","臺中市","西屯區","0","1","8","1","5","50","14","9","1","5","4","5","7","4","4","1","4","5","1","3","23","3","10","1","1","C03","7","9","1","10","2","14","","23","23","1","21","8","C03","24.193125","120.60547","2"
"2019","3","30","7","53","臺中市","北屯區","0","1","8","2","5","40","14","8","1","5","4","5","7","4","4","5","5","4","2","2","23","3","10","1","1","C03","7","1","1","10","2","11","","23","23","1","5","1","C03","24.178633","120.740365","2"
"2019","3","30","8","3","臺中市","東區","0","1","8","1","5","50","5","1","1","5","4","5","7","3","1","10","5","5","2","16","4","2","9","1","1","B03","7","5","2","18","2","15","","4","4","1","22","8","B03","24.14109","120.695596","2"
"2019","3","30","8","5","臺中市","太平區","0","1","8","1","5","50","3","2","1","5","4","5","7","4","4","10","5","5","2","16","26","2","9","3","4","C03","7","5","1","10","2","12","","26","26","1","9","8","C03","24.112512","120.717095","2"
"2019","3","30","8","16","臺中市","太平區","0","1","8","1","5","50","14","7","1","5","4","5","7","4","4","4","4","4","1","16","26","3","10","1","1","B11","7","11","1","8","2","4","","26","26","1","21","8","B11","24.121089","120.734156","2"
"2019","3","30","8","18","臺中市","烏日區","0","0","8","","","40","","","","","","","","","","","","","","","","","","","","B03","","","1","","2","","","16","","1","21","","B03","24.089726","120.644255","3"
"2019","3","30","8","23","臺中市","南屯區","0","0","8","","","50","","","","","","","","","","","","","","","","","","","","B03","","","1","","2","","","26","","1","","","B03","24.14862","120.625646","3"
"2019","3","30","8","30","臺中市","東區","0","0","","","","","","","","","","","","","","","","","","","","","","","","B12","","","1","","2","","","23","","1","","","B12","24.144018","120.687642","3"
"2019","3","30","8","51","臺中市","北屯區","0","1","8","1","5","50","4","5","1","5","4","5","7","4","4","10","5","5","2","13","23","3","10","1","1","B03","7","9","1","8","2","8","","23","23","1","5","8","B03","24.166316","120.694246","2"
"2019","3","30","8","54","臺中市","北區","0","0","8","","","50","","","","","","","","","","","","","","","","","","","","C03","","","1","","2","","","26","","","22","","C03","24.1592","120.68098","3"
"2019","3","30","8","54","臺中市","南屯區","0","0","8","","","50","","","","","","","","1","","","","","","","25","3","","","","B03","","","1","","2","","","25","25","1","21","","B03","24.14497","120.646873","3"
"2019","3","30","9","0","臺中市","烏日區","0","0","8","","","50","","","","","","","","","","","","","","","2","3","","","","B02","","","1","","2","","","2","2","1","21","","B02","24.103658","120.619483","3"
"2019","3","30","9","6","臺中市","新社區","0","0","8","","","50","","","","","","","","","","","","","","","","","","","","B03","","","1","","2","","","4","","1","22","","B03","24.267753","120.793593","3"
"2019","3","30","9","10","臺中市","霧峰區","0","0","8","","","50","","","","","","","","","","","","","","","","","","","","B03","","","1","","2","","","12","","1","21","","B03","24.059775","120.696856","3"
"2019","3","30","9","17","臺中市","大里區","0","2","8","1","5","40","4","1","1","5","4","5","7","1","1","10","5","5","2","16","25","2","9","1","1","C03","7","9","1","10","2","12","","25","25","1","5","8","C03","24.096304","120.714736","2"