"年","月","日","時","分","縣市","區","死","受傷","天候","光線","道路類別","速限","道路型態","事故位置","路面鋪裝","路面狀態","路面缺陷","障礙物","視距","號誌種類","號誌動作","分向設施","快車道或一般車道間","快慢車道間","路面邊線","事故類型及型態","主要肇因","受傷程度","主要傷處","保護裝備","行動電話","當事者區分","車輛用途","當事者行動狀態","駕駛資格情形","駕駛執照種類","飲酒情形","車輛撞擊部位最初","車輛撞擊部位其他","肇事因素個別","肇事因素主要","肇事逃逸","職業","旅次目的","車種","GPS座標緯度","GPS座標經度","事故類別"
"2019","3","30","9","18","臺中市","西屯區","0","0","8","","","50","","","","","","","","","","","","","","","19","","","","","C03","","","1","","2","","","19","19","1","4","","C03","24.164039","120.66282","3"
"2019","3","30","9","20","臺中市","沙鹿區","0","0","8","","","60","","","","","","","","","","","","","","","","","","","","B03","","","1","","2","","","23","","1","21","","B03","24.237418","120.569676","3"
"2019","3","30","9","21","臺中市","中區","0","1","8","1","5","50","14","9","1","5","4","5","7","4","4","5","4","5","2","16","10","3","10","1","1","B03","7","11","1","8","2","8","","10","10","1","21","8","B03","24.141183","120.683334","2"
"2019","3","30","9","24","臺中市","中區","0","1","8","1","5","50","4","1","1","5","4","5","7","1","1","10","5","5","2","16","9","3","10","1","1","C03","7","6","1","10","2","13","","9","9","1","21","8","C03","24.1372","120.680769","2"
"2019","3","30","9","24","臺中市","大里區","0","0","8","","","50","","","","","","","","","","","","","","","","","","","","B03","","","1","","2","","","18","","1","21","","B03","24.096426","120.699891","3"
"2019","3","30","9","25","臺中市","大里區","0","1","8","1","5","50","14","9","1","5","4","5","7","4","4","5","5","5","1","17","26","3","10","1","1","C03","7","5","1","10","2","13","","26","26","1","21","5","C03","24.111237","120.689945","2"
"2019","3","30","9","25","臺中市","梧棲區","0","0","8","","","40","","","","","","","","","","","","","","","","","","","","B03","","","1","","2","","","23","","1","19","","B03","24.245995","120.54655","3"
"2019","3","30","9","27","臺中市","北區","0","1","8","1","5","40","4","1","1","5","4","5","7","1","1","5","2","4","1","13","7","2","8","1","1","C03","7","7","1","10","2","14","","7","7","1","21","8","C03","24.159078","120.680989","2"
"2019","3","30","9","27","臺中市","北屯區","0","0","8","","","50","","","","","","","","","","","","","","","","","","","","B03","","","1","","9","","","12","","2","","","B03","24.169596","120.69185","3"
"2019","3","30","9","30","臺中市","大里區","0","1","8","1","5","50","4","1","1","5","4","5","7","1","1","10","5","5","2","16","23","3","10","1","1","C03","7","9","1","10","2","12","","23","23","1","18","8","C03","24.092486","120.689901","2"
"2019","3","30","9","35","臺中市","大甲區","0","1","8","1","5","50","14","9","1","5","4","5","7","4","4","5","4","5","1","12","18","3","10","1","1","B03","7","3","1","8","2","5","","18","18","1","21","8","B03","24.353091","120.62267","2"
"2019","3","30","9","38","臺中市","新社區","0","0","8","","","40","","","","","","","","","","","","","","","","","","","","B03","","","1","","2","","","42","","1","22","","B03","24.233081","120.806841","3"
"2019","3","30","9","43","臺中市","梧棲區","0","1","8","1","5","50","14","7","1","5","4","5","7","4","4","1","4","4","1","12","7","2","9","1","1","C03","7","7","1","10","2","14","","7","7","1","20","8","C03","24.246373","120.547995","2"
"2019","3","30","9","44","臺中市","中區","0","0","","","","","","","","","","","","","","","","","","","","","","","","B12","","","1","","2","","","19","","1","22","","B12","24.138408","120.685573","3"
"2019","3","30","9","45","臺中市","南屯區","0","0","8","","","40","","","","","","","","","","","","","","","","","","","","F01","","","8","","2","","","23","","1","","","F01","24.147706","120.615124","3"
"2019","3","30","9","47","臺中市","龍井區","0","0","8","","","50","","","","","","","","","","","","","","","","","","","","B03","","","1","","2","","","18","","1","","","B03","24.179638","120.583239","3"
"2019","3","30","9","49","臺中市","北屯區","0","0","8","","","50","","","","","","","","","","","","","","","","","","","","B03","","","1","","2","","","23","","1","5","","B03","24.17808","120.670251","3"
"2019","3","30","9","49","臺中市","北屯區","0","0","8","","","40","","","","","","","","","","","","","","","","","","","","B03","","","6","","2","","","5","","1","22","","B03","24.18311","120.691891","3"
"2019","3","30","9","50","臺中市","南屯區","0","1","8","1","5","40","4","1","1","5","4","5","7","2","1","10","5","5","2","16","19","3","10","3","4","B03","7","1","1","8","2","8","","19","19","1","22","9","B03","24.149434","120.613018","2"
"2019","3","30","9","51","臺中市","南屯區","0","1","8","1","5","50","4","1","1","5","4","5","7","1","1","10","5","5","2","16","26","3","10","3","4","B03","7","6","1","8","2","6","","26","26","1","22","9","B03","24.123782","120.633279","2"
"2019","3","30","9","57","臺中市","大里區","0","0","8","","","40","","","","","","","","","","","","","","","","","","","","B03","","","1","","2","","","19","","1","","","B03","24.117231","120.689436","3"
"2019","3","30","9","57","臺中市","烏日區","0","2","8","1","5","40","14","8","1","5","4","5","7","4","4","1","4","1","2","13","23","2","9","1","1","C03","7","9","1","10","3","11","","23","23","1","21","8","C03","24.102343","120.612273","2"
"2019","3","30","10","2","臺中市","大甲區","0","1","8","1","5","40","4","1","1","5","4","5","7","4","4","10","5","5","2","15","6","2","9","1","1","C03","7","9","1","10","2","11","","14","6","1","19","8","C03","24.31559","120.604965","2"
"2019","3","30","10","6","臺中市","新社區","0","0","8","","","40","","","","","","","","","","","","","","","","","","","","B03","","","1","","2","","","6","","1","22","","B03","24.231966","120.809042","3"
"2019","3","30","10","13","臺中市","西屯區","0","1","8","1","5","40","14","9","1","5","4","5","7","4","4","10","5","5","2","16","6","3","10","1","1","B03","7","6","1","8","2","5","","6","6","1","22","8","B03","24.200658","120.655283","2"
"2019","3","30","10","17","臺中市","霧峰區","0","0","8","","","50","","","","","","","","","","","","","","","","","","","","B03","","","1","","2","","","2","","1","","","B03","24.054342","120.695989","3"
"2019","3","30","10","17","臺中市","后里區","0","0","8","","","40","","","","","","","","","","","","","","","","","","","","B01","","","1","","2","","","23","","1","","","B01","24.309358","120.732823","3"
"2019","3","30","10","24","臺中市","沙鹿區","0","0","8","","","60","","","","","","","","","","","","","","","","","","","","B03","","","1","","2","","","23","","1","22","","B03","24.226223","120.576681","3"
"2019","3","30","10","25","臺中市","霧峰區","0","0","8","1","5","40","14","9","1","5","4","5","7","4","4","10","5","5","2","16","17","3","10","1","1","B03","7","9","1","8","2","6","","17","17","1","5","8","B03","24.078493","120.720643","3"
"2019","3","30","10","25","臺中市","清水區","0","2","8","1","5","50","14","9","1","5","4","5","7","4","4","5","5","5","1","12","8","3","10","1","1","B03","7","5","1","8","2","7","","8","8","1","5","7","B03","24.27582","120.568161","2"
"2019","3","30","10","28","臺中市","沙鹿區","0","1","8","1","5","40","3","1","1","5","4","5","7","4","4","10","5","5","2","16","23","2","9","1","1","C03","7","9","1","10","2","14","","23","23","1","21","8","C03","24.22848","120.57483","2"
"2019","3","30","10","30","臺中市","南屯區","0","0","8","","","50","","","","","","","","4","","","","","","","23","3","","","","B02","","","1","","2","","","23","23","1","21","","B02","24.151216","120.646723","3"
"2019","3","30","10","40","臺中市","太平區","0","1","8","1","5","50","4","1","1","5","4","5","7","1","1","10","5","5","2","16","6","3","10","1","1","B03","7","6","1","8","11","2","","6","6","1","16","8","B03","24.140911","120.710736","2"
"2019","3","30","10","48","臺中市","神岡區","0","0","8","","","40","","","","","","","","","","","","","","","","","","","","B03","","","1","","2","","","16","","1","19","","B03","24.24143","120.686543","3"
"2019","3","30","10","50","臺中市","大甲區","0","1","8","1","5","50","11","7","1","5","4","5","7","4","4","5","4","4","1","12","7","2","9","1","1","C03","7","7","1","10","2","14","","7","7","1","20","8","C03","24.346383","120.631198","2"
"2019","3","30","10","53","臺中市","北屯區","0","1","8","1","5","40","4","1","1","5","4","5","7","4","4","10","5","5","2","15","6","3","10","3","4","B03","7","9","1","8","2","1","","6","6","1","9","8","B03","24.199105","120.663627","2"
"2019","3","30","11","2","臺中市","清水區","0","1","8","1","5","40","11","9","1","5","4","5","7","4","4","10","5","5","1","17","23","2","9","1","1","C03","7","9","1","10","2","14","","23","23","1","12","8","C03","24.290056","120.607506","2"
"2019","3","30","11","3","臺中市","南屯區","0","2","8","1","5","50","14","7","1","5","4","5","7","4","4","8","5","4","2","12","23","3","10","1","1","C03","7","9","1","10","2","12","","23","23","1","22","9","C03","24.129795","120.634217","2"
"2019","3","30","11","3","臺中市","西屯區","0","1","8","1","5","40","14","9","1","5","4","5","7","4","4","1","4","5","2","17","6","3","10","3","4","B11","7","6","1","8","2","6","","6","6","1","22","8","B11","24.177188","120.634053","2"
"2019","3","30","11","5","臺中市","清水區","0","2","8","1","5","50","3","2","1","5","4","5","7","4","4","5","5","5","1","17","23","3","10","1","1","B03","7","5","1","8","2","5","","23","23","1","22","8","B03","24.303058","120.600176","2"
"2019","3","30","11","8","臺中市","南區","0","1","8","1","5","50","3","2","1","5","4","5","7","1","1","10","5","5","2","13","23","2","9","1","1","C03","7","9","1","10","2","11","","23","23","1","22","9","C03","24.114248","120.648273","2"
"2019","3","30","11","13","臺中市","新社區","0","1","8","1","5","50","14","9","1","5","4","5","7","4","4","4","5","5","1","16","26","3","10","1","1","B12","7","11","1","8","2","7","","26","26","1","22","8","B12","24.247726","120.808648","2"
"2019","3","30","11","16","臺中市","南屯區","0","1","8","1","5","40","14","8","1","5","4","5","7","4","4","1","4","1","2","2","23","3","10","3","4","C03","7","9","1","10","2","11","","23","23","1","22","9","C03","24.16325","120.586401","2"
"2019","3","30","11","20","臺中市","大甲區","0","1","8","1","5","50","4","1","1","5","4","5","7","1","1","10","5","5","2","17","23","3","10","1","1","B12","7","9","1","8","2","2","","23","23","1","22","9","B12","24.347718","120.62494","2"
"2019","3","30","11","23","臺中市","東區","0","1","8","1","5","40","14","9","1","5","4","5","7","4","4","10","5","5","2","16","17","3","10","1","1","C03","7","9","1","10","2","14","","17","17","2","22","8","C03","24.135766","120.69003","2"
"2019","3","30","11","24","臺中市","烏日區","0","1","8","1","5","40","11","9","1","5","4","5","7","4","4","10","4","5","1","10","5","2","9","1","2","C03","7","9","1","10","2","11","","5","5","1","21","8","C03","24.052773","120.6301","2"
"2019","3","30","11","28","臺中市","大里區","0","0","8","","","40","","","","","","","","","","","","","","","","","","","","C03","","","1","","2","","","6","","1","21","","C03","24.105218","120.705365","3"
"2019","3","30","11","28","臺中市","太平區","0","1","8","1","5","50","4","1","1","5","4","5","7","4","4","10","5","5","2","15","6","2","8","1","1","C03","7","9","1","10","2","12","","6","6","1","20","8","C03","24.11651","120.721099","2"
"2019","3","30","11","30","臺中市","西屯區","0","0","8","","","50","","","","","","","","","","","","","","","","","","","","C03","","","1","","9","","","23","","1","","","C03","24.156151","120.654485","3"
"2019","3","30","11","31","臺中市","中區","0","1","8","1","5","50","3","1","1","5","4","5","7","4","4","10","5","5","2","12","7","2","9","1","1","C03","7","7","1","10","2","14","","7","7","1","21","8","C03","24.142145","120.679142","2"
"2019","3","30","11","32","臺中市","北屯區","0","1","8","1","5","50","3","1","1","5","4","5","7","1","1","1","4","4","2","16","6","3","10","1","1","B03","7","5","1","8","2","5","","6","6","1","22","8","B03","24.1827","120.665802","2"
"2019","3","30","11","35","臺中市","西區","0","0","8","","","50","","","","","","","","","","","","","","","","","","","","B03","","","1","","11","","","23","","1","22","","B03","24.148801","120.657883","3"
"2019","3","30","11","35","臺中市","烏日區","0","0","8","","","50","","","","","","","","","","","","","","","","","","","","C03","","","1","","2","","","17","","1","","","C03","24.110966","120.615289","3"
"2019","3","30","11","35","臺中市","沙鹿區","0","1","8","1","5","50","3","2","1","5","4","5","7","4","4","10","5","5","2","16","8","2","8","1","1","C03","7","5","1","10","2","11","","8","8","1","9","9","C03","24.22436","120.553836","2"
"2019","3","30","11","38","臺中市","西屯區","0","2","8","1","5","50","3","1","1","5","4","5","7","1","1","10","5","5","2","16","23","2","9","1","1","C04","7","9","1","10","2","11","","23","23","1","4","8","C04","24.200947","120.658081","2"
"2019","3","30","11","43","臺中市","清水區","0","1","8","1","5","40","14","13","1","5","4","5","7","4","4","1","4","4","1","13","23","2","9","4","5","F01","7","9","8","20","2","16","","23","23","1","15","8","F01","24.262644","120.561791","2"
"2019","3","30","11","47","臺中市","東區","0","0","8","","","50","","","","","","","","","","","","","","","","","","","","B03","","","1","","2","","","12","","1","","","B03","24.141337","120.699921","3"
"2019","3","30","12","0","臺中市","西屯區","0","0","8","","","40","","","","","","","","","","","","","","","","","","","","B03","","","1","","2","","","17","","1","22","","B03","24.178321","120.638365","3"
"2019","3","30","12","5","臺中市","大雅區","0","0","8","","","50","","","","","","","","","","","","","","","","","","","","B03","","","1","","2","","","23","","1","22","","B03","24.22827","120.65162","3"
"2019","3","30","12","16","臺中市","西屯區","0","0","8","","","50","","","","","","","","","","","","","","","7","","","","","B03","","","1","","2","","","7","7","1","","","B03","24.172645","120.613526","3"
"2019","3","30","12","25","臺中市","新社區","0","0","8","","","50","","","","","","","","","","","","","","","","","","","","B03","","","1","","2","","","23","","1","22","","B03","24.240447","120.809165","4"
"2019","3","30","12","26","臺中市","大里區","0","1","8","1","5","50","14","7","1","5","4","5","7","4","4","5","5","4","2","12","17","3","10","1","1","B03","7","9","1","8","2","2","","17","17","1","21","9","B03","24.115293","120.687874","2"
"2019","3","30","12","27","臺中市","西區","0","2","8","1","5","50","4","1","1","5","4","5","7","4","4","10","5","5","2","15","6","2","9","1","1","C03","7","9","1","10","2","12","","6","6","1","21","8","C03","24.154907","120.659445","2"
"2019","3","30","12","35","臺中市","大雅區","0","1","8","1","5","50","3","1","1","5","4","5","7","4","4","5","5","5","1","3","23","3","10","1","1","A02","7","9","1","2","2","4","","23","23","1","10","8","A02","24.241007","120.62949","2"
"2019","3","30","12","39","臺中市","北區","0","0","8","","","50","","","","","","","","","","","","","","","","","","","","B03","","","1","","2","","","43","","1","21","","B03","24.153058","120.672068","3"
"2019","3","30","12","40","臺中市","南屯區","0","2","8","1","5","40","5","1","1","5","4","5","7","1","1","10","5","5","2","9","15","2","9","4","5","F01","7","9","8","20","2","16","","15","15","1","21","8","F01","24.1423","120.63777","2"
"2019","3","30","12","45","臺中市","烏日區","0","1","8","1","5","50","3","2","1","5","4","5","7","4","4","4","4","4","2","16","8","2","9","1","1","C03","7","5","3","18","2","12","","8","8","1","21","8","C03","24.11208","120.600618","2"
"2019","3","30","12","48","臺中市","東區","0","0","","","","","","","","","","","","","","","","","","","","","","","","C03","","","1","","2","","","23","","1","","","C03","24.134671","120.68338","3"
"2019","3","30","12","54","臺中市","北屯區","0","0","8","","","50","","","","","","","","","","","","","","","","","","","","B03","","","1","","2","","","23","","1","21","","B03","24.200894","120.68533","3"
"2019","3","30","12","54","臺中市","西屯區","0","1","8","1","5","50","4","1","1","5","4","5","7","1","1","8","3","3","2","16","25","3","10","1","1","B03","7","6","1","8","2","5","","25","25","1","22","9","B03","24.182378","120.635383","2"
"2019","3","30","12","54","臺中市","潭子區","0","2","8","1","5","60","4","1","1","5","4","5","7","4","4","10","5","5","2","16","9","3","10","1","1","B03","7","6","1","8","2","2","","9","9","1","22","8","B03","24.201436","120.703511","2"
"2019","3","30","12","57","臺中市","東區","0","1","8","1","5","40","5","1","1","5","4","5","7","4","4","10","5","5","2","11","4","3","10","1","1","C03","7","9","1","10","2","14","","4","4","1","22","8","C03","24.127271","120.695106","2"
"2019","3","30","13","0","臺中市","南屯區","0","0","8","","","40","","","","","","","","4","","","","","","","23","3","","","","B03","","","1","","2","","","23","23","1","21","","B03","24.151353","120.6378","3"
"2019","3","30","13","1","臺中市","西屯區","0","0","8","","","50","","","","","","","","","","","","","","","","","","","","B03","","","1","","2","","","2","","1","22","","B03","24.162793","120.628622","3"
"2019","3","30","13","2","臺中市","西屯區","0","1","8","1","5","50","14","9","1","5","4","5","7","4","4","1","3","1","1","16","23","2","9","1","1","C03","7","9","1","10","2","11","","23","23","1","4","8","C03","24.155925","120.647123","2"
"2019","3","30","13","5","臺中市","新社區","0","0","8","","","50","","","","","","","","","","","","","","","","","","","","B02","","","1","","2","","","23","","1","22","","B02","24.205358","120.794573","3"
"2019","3","30","13","10","臺中市","豐原區","0","1","8","1","5","50","5","1","1","5","4","5","7","4","4","5","4","4","2","17","25","3","10","1","1","B03","7","9","1","8","2","8","","25","25","1","12","8","B03","24.240416","120.720313","2"
"2019","3","30","13","16","臺中市","大里區","0","0","8","","","50","","","","","","","","","","","","","","","","","","","","B12","","","1","","2","","","16","","1","4","","B12","24.101857","120.688695","3"
"2019","3","30","13","18","臺中市","北屯區","0","0","8","","","40","","","","","","","","","","","","","","","","","","","","B03","","","1","","2","","","12","","1","22","","B03","24.188501","120.685018","3"
"2019","3","30","13","20","臺中市","南屯區","0","0","8","","","50","","","","","","","","","","","","","","","","","","","","B02","","","1","","2","","","12","","1","","","B02","24.133451","120.608903","3"
"2019","3","30","13","25","臺中市","大里區","0","1","8","1","5","40","4","1","1","5","4","5","7","4","4","10","5","5","2","15","6","2","9","1","1","C03","7","9","1","10","2","12","","6","6","1","21","8","C03","24.087783","120.699126","2"
"2019","3","30","13","25","臺中市","后里區","0","0","8","","","50","","","","","","","","","","","","","","","","","","","","B03","","","1","","2","","","23","","1","5","","B03","24.306907","120.718837","3"
"2019","3","30","13","27","臺中市","北屯區","0","0","8","","","40","","","","","","","","","","","","","","","","","","","","B03","","","1","","2","","","23","","1","5","","B03","24.19461","120.686485","3"
"2019","3","30","13","28","臺中市","沙鹿區","0","2","8","1","5","50","3","1","1","5","4","5","7","4","4","10","5","5","2","16","27","2","8","1","1","C03","7","5","1","10","2","13","","27","27","1","4","8","C03","24.248648","120.567676","2"
"2019","3","30","13","30","臺中市","東區","0","0","","","","","","","","","","","","","","","","","","","42","","","","","B03","","","1","","2","","","16","42","1","","","B03","24.134977","120.682722","3"
"2019","3","30","13","32","臺中市","中區","0","0","8","","","50","","","","","","","","","","","","","","","","","","","","B03","","","8","","10","","","43","","1","","","B03","24.141146","120.681738","3"
"2019","3","30","13","36","臺中市","烏日區","0","0","8","","","50","","","","","","","","","","","","","","","","","","","","B03","","","1","","2","","","23","","1","21","","B03","24.10474","120.638856","4"
"2019","3","30","13","46","臺中市","北屯區","0","1","8","1","5","50","4","1","1","5","4","5","7","2","1","10","5","5","2","16","9","3","10","3","4","B03","7","6","1","8","2","2","","9","9","1","21","8","B03","24.182204","120.688785","2"
"2019","3","30","13","50","臺中市","北屯區","0","3","8","1","5","50","3","2","1","5","4","5","7","4","4","10","5","5","2","16","6","3","10","1","1","B03","7","5","1","8","2","1","","6","6","1","21","8","B03","24.176166","120.669446","2"
"2019","3","30","13","50","臺中市","霧峰區","0","0","8","","","40","","","","","","","","","","","","","","","","","","","","B03","","","1","","2","","","23","","1","22","","B03","24.037953","120.693048","3"
"2019","3","30","13","50","臺中市","神岡區","0","0","8","","","50","","","","","","","","","","","","","","","","","","","","B03","","","1","","2","","","23","","1","21","","B03","24.246889","120.686426","3"
"2019","3","30","13","57","臺中市","南區","0","1","8","1","5","50","3","1","1","5","4","5","7","4","4","10","5","5","2","16","23","3","10","1","1","B03","7","6","1","8","2","5","","6","23","1","22","9","B03","24.120556","120.662456","2"
"2019","3","30","14","5","臺中市","西屯區","0","1","8","1","5","50","5","1","1","5","4","5","7","1","1","1","1","1","1","16","9","3","10","1","4","B03","7","6","1","8","2","2","","9","9","1","4","8","B03","24.182065","120.635113","2"
"2019","3","30","14","14","臺中市","北屯區","0","2","8","1","5","50","3","1","1","5","4","5","7","1","1","10","5","5","2","16","19","3","10","1","1","B03","7","1","1","8","2","5","","19","19","1","5","8","B03","24.17697","120.73037","2"
"2019","3","30","14","14","臺中市","大里區","0","2","8","1","5","40","4","1","1","5","4","5","7","1","1","10","5","5","2","17","23","2","8","1","1","C03","7","9","1","10","2","15","","23","23","1","21","5","C03","24.119696","120.688863","2"
"2019","3","30","14","16","臺中市","西屯區","0","0","8","","","40","","","","","","","","","","","","","","","","","","","","B03","","","1","","2","","","6","","1","22","","B03","24.167654","120.63697","3"
"2019","3","30","14","30","臺中市","南區","0","0","8","","","50","","","","","","","","","","","","","","","23","","","","","B03","","","1","","2","","","23","23","1","22","","B03","24.113784","120.653568","3"
"2019","3","30","14","30","臺中市","霧峰區","0","0","8","","","70","","","","","","","","","","","","","","","","","","","","B03","","","1","","2","","","26","","1","21","","B03","24.01326","120.695712","3"
"2019","3","30","14","35","臺中市","太平區","0","0","8","","","50","","","","","","","","","","","","","","","","","","","","B12","","","1","","2","","","12","","1","22","","B12","24.13455","120.731303","3"
"2019","3","30","14","37","臺中市","梧棲區","0","1","8","1","5","40","4","1","1","5","4","5","7","4","4","10","5","5","2","17","43","3","10","1","1","C03","7","9","1","10","2","11","","43","43","1","9","5","C03","24.24808","120.539424","2"
"2019","3","30","14","41","臺中市","西屯區","0","0","8","","","40","","","","","","","","","","","","","","","","","","","","B03","","","1","","2","","","23","","1","","","B03","24.167813","120.638245","3"
"2019","3","30","14","43","臺中市","東區","0","0","8","","","40","","","","","","","","","","","","","","","","","","","","B12","","","1","","2","","","23","","1","","","B12","24.148043","120.694026","3"
"2019","3","30","14","45","臺中市","神岡區","0","0","8","","","50","","","","","","","","","","","","","","","","","","","","B03","","","1","","2","","","19","","1","21","","B03","24.247632","120.680924","3"
"2019","3","30","14","47","臺中市","北屯區","0","0","8","","","50","","","","","","","","","","","","","","","","","","","","B03","","","1","","2","","","23","","1","21","","B03","24.164759","120.703476","3"
"2019","3","30","14","50","臺中市","大里區","0","1","8","1","5","50","14","9","1","5","4","5","7","4","4","5","5","5","2","17","43","2","9","1","1","C03","7","9","1","10","2","15","","43","43","1","21","8","C03","24.106583","120.688493","2"
"2019","3","30","14","50","臺中市","大里區","0","3","8","1","5","50","14","8","1","5","4","5","7","4","4","5","4","4","1","12","17","2","9","1","1","C03","7","9","1","10","2","12","","17","17","1","19","5","C03","24.110076","120.689907","2"
"2019","3","30","14","54","臺中市","西屯區","0","0","8","","","40","","","","","","","","","","","","","","","","","","","","B03","","","1","","2","","","23","","1","4","","B03","24.163541","120.629556","3"
"2019","3","30","14","55","臺中市","大甲區","0","0","8","","","50","","","","","","","","","","","","","","","","","","","","B03","","","1","","2","","","16","","1","4","","B03","24.354748","120.631311","3"
"2019","3","30","14","56","臺中市","潭子區","0","0","8","","","50","","","","","","","","","","","","","","","","","","","","B03","","","1","","2","","","23","","1","22","","B03","24.219031","120.723816","3"
"2019","3","30","14","58","臺中市","南區","0","0","8","1","5","50","14","9","1","5","4","5","7","4","4","10","5","5","2","17","23","3","10","1","1","B03","7","6","1","8","11","2","","23","23","1","22","8","B03","24.123683","120.660911","3"
"2019","3","30","15","1","臺中市","大雅區","0","2","8","1","5","50","3","1","1","5","4","5","7","4","4","5","5","5","1","16","6","2","7","1","1","C03","7","5","1","10","2","11","","6","6","1","21","8","C03","24.229244","120.646873","2"
"2019","3","30","15","12","臺中市","西屯區","0","0","8","","","60","","","","","","","","","","","","","","","","","","","","B03","","","1","","2","","","16","","1","","","B03","24.161477","120.651856","3"
"2019","3","30","15","17","臺中市","西區","0","0","8","","","50","","","","","","","","","","","","","","","","","","","","B12","","","1","","2","","","23","","1","5","","B12","24.152344","120.657686","4"
"2019","3","30","15","27","臺中市","南區","0","1","8","1","5","50","14","7","1","5","4","5","7","4","4","5","4","4","2","16","19","3","10","1","1","C03","7","1","3","18","2","13","","19","19","1","22","9","C03","24.129588","120.662135","2"
"2019","3","30","15","28","臺中市","潭子區","0","0","8","1","5","60","3","9","1","5","4","5","7","1","1","9","4","5","1","17","","","","","","G03","","","1","","2","","","48","","1","22","","G03","24.193848","120.719281","3"
"2019","3","30","15","33","臺中市","東區","0","0","8","1","5","50","14","7","1","5","4","5","7","4","4","5","4","4","2","13","23","3","10","1","1","B03","7","9","1","8","2","1","","23","23","1","22","8","B03","24.148468","120.69938","3"
"2019","3","30","15","41","臺中市","大雅區","0","0","8","","","50","","","","","","","","","","","","","","","","","","","","B12","","","1","","2","","","16","","1","","","B12","24.241573","120.629651","3"
"2019","3","30","15","47","臺中市","西區","0","1","8","1","5","50","4","2","1","5","4","5","7","1","1","10","5","5","2","16","19","2","9","3","4","C03","7","1","1","10","2","15","","19","19","1","21","8","C03","24.145533","120.661646","2"
"2019","3","30","15","48","臺中市","西屯區","0","1","8","1","5","50","14","7","1","5","4","4","7","4","4","10","5","5","2","18","23","2","9","1","1","C02","7","9","1","9","2","14","","23","23","1","21","8","C02","24.195257","120.645026","2"
"2019","3","30","15","48","臺中市","大肚區","","","8","","","40","","","","","","","","","","","","","","","","","","","","B03","","","1","","2","","","23","","1","21","","B03","24.13344","120.556923","3"
"2019","3","30","15","50","臺中市","大里區","0","1","8","1","5","50","3","9","1","5","4","5","7","4","4","10","5","5","2","16","8","3","10","1","1","B03","7","5","1","8","2","1","","8","8","1","22","8","B03","24.114356","120.679521","2"
"2019","3","30","15","52","臺中市","西區","0","0","8","","","50","","","","","","","","","","","","","","","","","","","","B03","","","1","","2","","","16","","1","21","","B03","24.141643","120.678786","3"
"2019","3","30","15","52","臺中市","南區","0","1","8","1","5","40","14","8","1","5","4","5","7","4","4","1","4","4","2","18","43","2","9","4","5","F01","7","9","8","20","2","16","","43","43","1","22","8","F01","24.117203","120.653233","2"
"2019","3","30","16","0","臺中市","清水區","0","2","8","1","5","70","3","1","1","5","4","5","7","1","1","9","4","4","1","16","6","3","10","1","1","B03","7","6","1","8","2","2","","6","6","1","18","8","B03","24.300228","120.595391","2"
"2019","3","30","16","3","臺中市","西屯區","0","1","8","2","5","50","4","2","1","5","4","5","7","1","1","9","4","4","2","13","16","3","10","1","1","C03","7","9","1","10","4","11","","16","16","1","21","8","C03","24.18394","120.628613","2"
"2019","3","30","16","10","臺中市","西屯區","0","1","8","1","5","50","3","2","1","5","4","5","7","1","1","1","4","5","2","12","23","3","10","3","4","C03","7","4","1","10","2","15","","23","23","1","22","9","C03","24.17054","120.657854","2"
"2019","3","30","16","21","臺中市","梧棲區","0","1","8","1","5","40","4","2","1","5","4","5","7","1","1","10","5","5","2","17","16","3","10","1","1","B03","7","6","1","8","2","8","","16","16","1","3","5","B03","24.252543","120.529641","2"
"2019","3","30","16","30","臺中市","南區","0","0","8","1","5","50","14","8","1","5","4","5","7","4","4","1","4","4","2","17","23","3","10","1","1","B03","7","3","1","8","2","2","","23","23","1","21","8","B03","24.128863","120.678055","3"
"2019","3","30","16","31","臺中市","沙鹿區","0","0","8","","","50","","","","","","","","","","","","","","","","","","","","B03","","","1","","2","","","23","","1","2","","B03","24.248862","120.56481","3"
"2019","3","30","16","33","臺中市","西屯區","0","1","8","1","5","50","14","8","1","5","4","5","7","4","4","10","5","5","2","16","10","3","10","1","1","B03","7","11","1","8","2","7","","10","10","1","21","8","B03","24.169648","120.66628","2"
"2019","3","30","16","35","臺中市","南屯區","0","0","8","","","50","","","","","","","","","","","","","","","","","","","","B11","","","1","","2","","","23","","1","10","","B11","24.154462","120.634483","3"
"2019","3","30","16","40","臺中市","中區","0","1","8","1","5","50","14","9","1","5","4","5","7","4","4","5","4","4","2","17","43","3","10","1","1","C03","7","7","1","10","9","15","","43","43","1","5","1","C03","24.144223","120.681438","2"
"2019","3","30","16","40","臺中市","北屯區","0","0","8","","","80","","","","","","","","","","","","","","","","","","","","A41","","","1","","9","","","30","","1","22","","A41","24.201135","120.672772","3"
"2019","3","30","16","47","臺中市","北屯區","0","0","8","","","50","","","","","","","","","","","","","","","","","","","","B03","","","1","","2","","","23","","1","5","","B03","24.1727","120.721348","3"