"年","月","日","時","分","縣市","區","死","受傷","天候","光線","道路類別","速限","道路型態","事故位置","路面鋪裝","路面狀態","路面缺陷","障礙物","視距","號誌種類","號誌動作","分向設施","快車道或一般車道間","快慢車道間","路面邊線","事故類型及型態","主要肇因","受傷程度","主要傷處","保護裝備","行動電話","當事者區分","車輛用途","當事者行動狀態","駕駛資格情形","駕駛執照種類","飲酒情形","車輛撞擊部位最初","車輛撞擊部位其他","肇事因素個別","肇事因素主要","肇事逃逸","職業","旅次目的","車種","GPS座標緯度","GPS座標經度","事故類別"
"2019","3","30","16","47","臺中市","后里區","0","1","8","1","5","50","14","8","1","5","4","5","7","4","4","5","5","4","1","17","19","3","10","1","1","B12","7","1","1","8","2","8","","19","19","1","21","8","B12","24.3111","120.70819","2"
"2019","3","30","16","50","臺中市","大里區","0","1","8","1","5","50","4","1","1","5","4","5","7","3","1","10","5","5","2","16","6","2","9","1","1","C03","7","5","3","18","2","11","","6","6","1","19","8","C03","24.086264","120.696583","2"
"2019","3","30","17","2","臺中市","西屯區","0","1","8","1","5","50","3","1","1","5","4","5","7","4","4","10","5","5","2","16","6","3","10","1","1","B03","7","5","1","8","2","8","","6","6","1","21","8","B03","24.182828","120.645584","2"
"2019","3","30","17","2","臺中市","東勢區","0","1","8","1","5","60","3","1","1","5","4","5","7","2","1","1","4","4","1","17","26","2","9","1","1","C03","7","5","3","18","2","14","","26","26","1","9","8","C03","24.255233","120.825246","2"
"2019","3","30","17","10","臺中市","大雅區","0","0","8","","","40","","","","","","","","","","","","","","","23","","","","","","","","8","","9","","","66","23","1","22","","","24.238884","120.650213","3"
"2019","3","30","17","14","臺中市","霧峰區","0","1","8","1","5","50","14","13","1","5","4","5","7","4","4","9","4","5","1","17","23","2","9","4","1","F01","7","9","8","20","2","16","","23","23","1","14","8","F01","24.077321","120.714265","2"
"2019","3","30","17","23","臺中市","大甲區","0","1","8","1","5","40","4","1","1","5","4","5","7","4","4","10","5","5","2","11","23","2","1","2","1","C03","7","5","1","10","2","11","","23","23","1","20","8","C03","24.342953","120.630873","2"
"2019","3","30","17","24","臺中市","烏日區","0","1","8","1","5","50","4","1","1","5","4","5","7","2","1","1","5","5","2","3","23","3","10","1","1","B03","7","6","6","18","2","5","","23","23","1","21","8","B03","24.10728","120.601963","2"
"2019","3","30","17","26","臺中市","西屯區","0","0","8","","","40","","","","","","","","","","","","","","","","","","","","B12","","","1","","2","","","16","","1","22","","B12","24.170556","120.637311","3"
"2019","3","30","17","36","臺中市","潭子區","0","0","8","","","40","","","","","","","","","","","","","","","","","","","","B12","","","1","","2","","","12","","1","22","","B12","24.224861","120.709704","3"
"2019","3","30","17","43","臺中市","大雅區","0","1","8","1","5","50","3","1","1","5","4","5","7","4","4","5","5","5","1","13","16","2","7","1","1","C03","7","9","1","10","2","11","","16","16","1","21","8","C03","24.204772","120.644588","2"
"2019","3","30","17","44","臺中市","北屯區","0","0","8","","","50","","","","","","","","","","","","","","","","","","","","B03","","","1","","2","","","7","","1","","","B03","24.189264","120.66222","3"
"2019","3","30","17","45","臺中市","南屯區","0","0","8","","","50","","","","","","","","","","","","","","","","","","","","B12","","","1","","2","","","26","","1","22","","B12","24.149061","120.620146","3"
"2019","3","30","17","45","臺中市","沙鹿區","0","0","8","","","50","","","","","","","","","","","","","","","","","","","","B12","","","1","","2","","","23","","1","10","","B12","24.236065","120.562587","3"
"2019","3","30","17","53","臺中市","西屯區","0","0","8","","","50","","","","","","","","","","","","","","","","","","","","A11","","","1","","2","","","9","","1","22","","A11","24.201236","120.659791","3"
"2019","3","30","17","53","臺中市","烏日區","0","0","8","","","70","","","","","","","","","","","","","","","","","","","","B03","","","1","","2","","","17","","1","22","","B03","24.113384","120.590014","3"
"2019","3","30","17","53","臺中市","大雅區","0","1","8","1","5","50","4","1","1","5","4","5","7","1","1","5","5","5","1","13","16","3","10","1","1","C03","7","9","1","10","2","11","","16","16","1","21","8","C03","24.222154","120.653608","2"
"2019","3","30","17","55","臺中市","西屯區","0","0","8","","","80","","","","","","","","","","","","","","","","","","","","B03","","","1","","11","","","43","","1","","","B03","24.16326","120.628934","3"
"2019","3","30","17","59","臺中市","北屯區","0","0","8","","","50","","","","","","","","","","","","","","","","","","","","B03","","","1","","2","","","12","","1","5","","B03","24.162978","120.719381","3"
"2019","3","30","18","7","臺中市","豐原區","0","0","","","","","","","","","","","","","","","","","","","42","","","","","B03","","","1","","2","","","42","42","","","","B03","24.245425","120.703316","3"
"2019","3","30","18","14","臺中市","大安區","0","0","8","","","40","","","","","","","","","","","","","","","17","","","","","B03","","","1","","2","","","17","17","2","","","B03","24.368827","120.597434","3"
"2019","3","30","18","25","臺中市","西屯區","0","0","8","","","50","","","","","","","","","","","","","","","12","","","","","B01","","","1","","2","","","12","12","1","","","B01","24.159437","120.639345","3"
"2019","3","30","18","30","臺中市","北屯區","0","0","8","","","40","","","","","","","","","","","","","","","","","","","","","","","7","","11","","","43","","1","","","","24.18364","120.700814","3"
"2019","3","30","18","30","臺中市","大里區","0","2","8","3","5","50","8","11","1","5","4","5","7","4","4","1","4","2","1","13","16","3","10","1","1","C03","7","9","1","10","2","14","","16","16","1","18","8","C03","24.093466","120.689546","2"
"2019","3","30","18","35","臺中市","中區","0","0","8","","","50","","","","","","","","","","","","","","","23","","","","","B12","","","1","","2","","","44","23","1","21","","B12","24.138414","120.685661","3"
"2019","3","30","18","35","臺中市","外埔區","0","0","8","","","40","","","","","","","","","","","","","","","","","","","","C03","","","1","","2","","","5","","1","22","","C03","24.344958","120.665081","3"
"2019","3","30","18","42","臺中市","大雅區","0","2","8","4","5","50","4","2","1","5","4","5","7","1","1","3","4","4","1","12","9","2","9","1","1","C03","7","6","1","10","9","12","","9","9","2","22","9","C03","24.23654","120.634836","2"
"2019","3","30","18","45","臺中市","南屯區","0","0","8","","","50","","","","","","","","","","","","","","","","","","","","B03","","","1","","2","","","16","","1","22","","B03","24.147011","120.63509","3"
"2019","3","30","18","45","臺中市","北屯區","0","3","8","3","7","80","14","7","1","5","4","5","7","4","4","9","4","5","1","13","23","2","9","1","1","B03","7","9","1","8","2","1","","23","23","1","21","8","B03","24.170022","120.720748","2"
"2019","3","30","18","47","臺中市","東區","0","0","8","3","5","50","14","7","1","5","4","5","7","4","4","9","5","4","2","13","16","3","10","1","1","C03","7","9","1","10","2","11","","16","16","2","5","8","C03","24.132804","120.700143","3"
"2019","3","30","18","48","臺中市","大甲區","0","1","8","3","5","50","3","2","1","5","4","5","7","4","4","5","5","5","1","12","8","2","9","1","1","C03","7","5","4","8","2","12","","8","8","1","20","8","C03","24.34976","120.623383","2"
"2019","3","30","18","52","臺中市","北屯區","0","0","8","","","40","","","","","","","","","","","","","","","","","","","","B03","","","1","","2","","","23","","1","5","","B03","24.182926","120.697342","3"
"2019","3","30","18","58","臺中市","大甲區","0","0","","","","","","","","","","","","","","","","","","","4","","","","","B12","","","1","","11","","","4","4","2","2","","B12","24.340245","120.62514","3"
"2019","3","30","19","2","臺中市","西區","0","0","8","","","50","","","","","","","","","","","","","","","","","","","","B03","","","1","","2","","","23","","1","5","","B03","24.137941","120.65801","4"
"2019","3","30","19","5","臺中市","太平區","0","1","8","3","5","50","3","1","1","5","4","5","7","1","1","10","5","5","2","17","43","3","10","1","1","B01","7","9","1","4","2","3","","43","43","1","10","8","B01","24.125497","120.712991","2"
"2019","3","30","19","20","臺中市","龍井區","0","1","8","3","5","50","4","2","1","5","4","5","7","1","1","1","4","4","2","3","23","3","10","1","1","B12","7","5","1","2","2","4","","23","23","1","12","8","B12","24.213604","120.551843","2"
"2019","3","30","19","23","臺中市","西區","0","2","8","3","5","50","4","1","1","5","4","5","7","1","1","10","5","5","2","17","23","2","8","3","4","C03","7","9","1","10","2","11","","23","23","1","21","8","C03","24.153673","120.655181","2"
"2019","3","30","19","25","臺中市","西屯區","0","2","8","3","5","50","4","1","1","5","4","5","7","2","1","10","5","5","2","16","26","2","9","1","1","C03","7","5","1","10","2","12","","26","26","1","21","8","C03","24.178676","120.645183","2"
"2019","3","30","19","30","臺中市","大里區","0","1","8","3","5","50","14","9","1","5","4","5","7","4","4","5","5","5","2","18","46","2","9","1","1","C03","7","9","3","18","2","12","","46","46","1","21","8","C03","24.10364","120.702648","2"
"2019","3","30","19","33","臺中市","南區","0","1","8","3","5","50","4","1","1","5","4","5","7","4","4","10","5","5","2","16","6","2","9","1","1","C03","7","21","1","10","2","12","","6","6","1","22","8","C03","24.119287","120.656618","2"
"2019","3","30","19","33","臺中市","大甲區","0","1","8","3","5","50","3","1","1","5","4","5","7","1","1","10","5","5","2","16","23","3","10","1","1","B03","7","5","1","8","2","7","","23","23","1","4","8","B03","24.34215","120.621041","2"
"2019","3","30","19","47","臺中市","豐原區","1","0","7","4","5","40","4","1","1","5","4","5","7","4","4","10","5","5","1","14","12","3","10","1","1","A12","7","2","1","2","2","3","","12","12","1","10","8","A12","24.232896","120.730008","1"
"2019","3","30","20","5","臺中市","石岡區","0","1","8","4","5","70","14","9","1","5","4","5","7","4","4","3","4","4","1","27","23","2","8","1","1","C03","7","9","1","10","2","11","","23","23","1","5","1","C03","24.264368","120.810086","2"
"2019","3","30","20","8","臺中市","豐原區","0","1","7","3","5","50","14","7","1","5","4","5","7","4","4","5","4","4","2","17","26","3","10","1","1","B03","7","9","1","8","2","8","","44","26","1","21","8","B03","24.251436","120.715971","2"
"2019","3","30","20","15","臺中市","豐原區","0","3","8","3","5","50","14","7","1","5","4","5","7","4","4","5","5","4","2","16","19","2","8","2","1","F01","7","1","8","20","8","16","","19","19","1","10","8","F01","24.2556","120.741713","2"
"2019","3","30","20","27","臺中市","潭子區","0","0","8","","","60","","","","","","","","","","","","","","","","","","","","B03","","","1","","2","","","12","","1","22","","B03","24.19849","120.703042","3"
"2019","3","30","20","33","臺中市","西區","0","1","8","3","5","50","3","1","1","5","4","5","7","4","4","1","3","4","1","16","6","3","10","1","1","B03","7","11","1","8","2","6","","6","6","1","22","8","B03","24.154239","120.657575","2"
"2019","3","30","20","35","臺中市","烏日區","0","0","8","","","50","","","","","","","","","","","","","","","44","","","","","B02","","","1","","2","","","44","44","1","22","","B02","24.116138","120.616396","3"
"2019","3","30","20","40","臺中市","烏日區","0","2","8","3","5","70","3","2","1","5","4","5","7","1","1","1","3","4","1","17","6","3","10","1","1","B03","7","6","1","8","2","5","","6","6","1","22","8","B03","24.107575","120.611224","2"
"2019","3","30","20","50","臺中市","北屯區","0","1","8","3","5","50","14","7","1","5","4","5","7","4","4","5","5","5","2","18","23","2","9","1","1","C03","7","9","1","10","2","15","","23","23","1","22","8","C03","24.170388","120.692899","2"
"2019","3","30","20","50","臺中市","外埔區","0","0","8","","","50","","","","","","","","","","","","","","","","","","","","B03","","","1","","2","","","23","","1","22","","B03","24.330621","120.654551","3"
"2019","3","30","20","52","臺中市","北屯區","0","2","8","3","5","50","4","1","1","5","4","5","7","1","1","10","5","5","2","16","6","3","10","1","1","B03","7","6","1","8","2","5","","6","6","1","21","8","B03","24.164947","120.69536","2"
"2019","3","30","20","56","臺中市","大里區","0","1","8","3","5","50","4","9","1","5","4","5","7","4","4","5","2","5","1","17","8","3","10","1","1","B03","7","5","1","8","2","1","","8","8","1","22","8","B03","24.108896","120.690873","2"
"2019","3","30","21","1","臺中市","西區","0","1","8","3","5","50","4","1","1","5","4","5","7","4","4","10","5","5","2","15","6","2","9","1","1","C03","7","9","1","10","2","12","","6","6","1","5","8","C03","24.152331","120.65386","2"
"2019","3","30","21","13","臺中市","北屯區","0","0","8","","","50","","","","","","","","","","","","","","","","","","","","B03","","","1","","2","","","26","","1","5","","B03","24.173229","120.667206","3"
"2019","3","30","21","14","臺中市","西區","0","0","8","","","50","","","","","","","","","","","","","","","","","","","","B03","","","1","","2","","","18","","1","5","","B03","24.153563","120.65401","3"
"2019","3","30","21","25","臺中市","西屯區","0","3","8","3","5","50","4","1","1","5","4","5","7","1","1","10","5","5","2","13","23","2","9","1","1","C03","7","9","2","18","2","11","","23","23","1","21","8","C03","24.171732","120.661179","2"
"2019","3","30","21","27","臺中市","北區","0","0","8","","","50","","","","","","","","","","","","","","","23","","","","","B03","","","1","","2","","","23","23","1","","","B03","24.147984","120.685596","3"
"2019","3","30","21","30","臺中市","霧峰區","0","1","8","3","5","50","3","1","1","5","4","5","7","1","1","10","5","5","2","3","6","3","10","1","1","B03","7","5","1","7","2","8","","6","6","1","9","8","B03","24.075655","120.700201","2"
"2019","3","30","21","55","臺中市","龍井區","0","1","7","3","5","40","3","1","1","5","4","5","7","1","1","10","5","5","2","16","25","2","8","1","1","C03","7","5","1","10","2","11","","25","25","1","21","8","C03","24.188114","120.578848","2"
"2019","3","30","21","56","臺中市","梧棲區","0","0","8","","","50","","","","","","","","","","","","","","","67","","","","","B03","","","1","","2","","","38","67","","","","B03","24.253192","120.529783","3"
"2019","3","30","22","5","臺中市","北屯區","0","0","8","","","50","","","","","","","","","","","","","","","","","","","","B03","","","1","","2","","","5","","1","21","","B03","24.165433","120.70234","3"
"2019","3","30","22","23","臺中市","北屯區","0","0","8","","","50","","","","","","","","","","","","","","","","","","","","C03","","","1","","2","","","16","","1","18","","C03","24.169942","120.702091","3"
"2019","3","30","23","0","臺中市","沙鹿區","0","0","8","","","40","","","","","","","","","","","","","","","","","","","","B03","","","1","","2","","","42","","1","18","","B03","24.222723","120.577803","3"
"2019","3","31","0","3","臺中市","沙鹿區","0","2","8","3","5","50","3","1","1","5","4","5","7","4","4","10","5","5","2","17","6","2","8","1","1","C03","7","5","1","10","2","14","","6","6","1","21","8","C03","24.223411","120.577709","2"
"2019","3","31","0","10","臺中市","西屯區","0","2","8","3","5","40","3","2","1","5","4","5","7","4","4","10","5","5","2","17","6","2","8","1","1","C03","7","5","1","10","2","11","","6","6","1","22","8","C03","24.157885","120.651258","2"
"2019","3","31","0","54","臺中市","西屯區","0","1","8","3","5","40","14","8","1","5","4","5","7","4","4","1","5","1","2","17","23","2","9","3","4","C03","7","9","1","10","2","11","","23","23","1","22","8","C03","24.179659","120.621926","2"
"2019","3","31","2","15","臺中市","太平區","0","1","8","4","5","50","11","9","1","5","4","5","1","4","4","5","4","5","2","18","23","2","9","1","1","C03","7","9","1","10","2","12","","23","23","1","5","8","C03","24.150129","120.734348","2"
"2019","3","31","2","30","臺中市","北屯區","0","0","","","","","","","","","","","","","","","","","","","","","","","","B03","","","1","","2","","","6","","1","22","","B03","24.18638","120.701228","3"
"2019","3","31","3","0","臺中市","西區","1","0","8","3","5","50","3","2","1","5","4","5","7","4","4","1","4","4","2","29","4","1","9","1","1","C03","7","9","1","10","2","11","12","4","4","1","5","5","C03","24.156461","120.659166","1"
"2019","3","31","4","45","臺中市","大里區","0","4","8","3","5","50","4","1","1","5","4","5","7","3","1","10","4","5","1","15","6","2","7","1","1","B03","7","9","1","8","2","4","","6","6","1","4","8","B03","24.114922","120.674379","2"
"2019","3","31","5","40","臺中市","東區","0","2","8","2","5","50","14","8","1","5","4","5","7","4","4","5","5","4","2","17","23","2","9","3","4","B03","7","9","1","8","2","1","","23","23","1","5","8","B03","24.14456","120.699691","2"
"2019","3","31","6","35","臺中市","沙鹿區","0","0","8","","","60","","","","","","","","","","","","","","","","","","","","B12","","","1","","2","","","12","","1","21","","B12","24.24196","120.614764","3"
"2019","3","31","6","39","臺中市","太平區","0","0","8","","","40","","","","","","","","","","","","","","","","","","","","C03","","","1","","2","","","6","","1","21","","C03","24.145834","120.73499","3"
"2019","3","31","6","48","臺中市","北屯區","0","3","8","1","5","60","14","8","1","5","4","5","7","1","1","1","4","4","2","13","16","2","9","1","1","C03","7","9","1","10","2","11","","16","16","1","21","1","C03","24.164766","120.711481","2"
"2019","3","31","7","0","臺中市","大里區","0","1","8","1","5","50","14","9","1","5","4","5","7","4","4","5","5","5","1","11","42","2","3","1","1","B03","7","9","1","8","2","1","","42","42","1","21","8","B03","24.085555","120.69329","2"
"2019","3","31","7","0","臺中市","大甲區","0","1","8","1","5","60","4","1","1","5","4","5","7","1","1","10","5","5","2","16","6","3","10","1","1","B03","7","6","1","8","2","5","","6","6","1","9","8","B03","24.351053","120.614886","2"
"2019","3","31","7","6","臺中市","西屯區","0","0","8","","","50","","","","","","","","","","","","","","","","","","","","B03","","","1","","2","","","17","","1","22","","B03","24.201259","120.660043","3"
"2019","3","31","7","10","臺中市","北屯區","0","0","8","","","40","","","","","","","","","","","","","","","","","","","","B12","","","1","","2","","","12","","1","22","","B12","24.172705","120.699268","3"
"2019","3","31","7","43","臺中市","北屯區","0","0","8","","","50","","","","","","","","","","","","","","","","","","","","B03","","","1","","2","","","12","","1","5","","B03","24.176111","120.723611","3"
"2019","3","31","7","44","臺中市","豐原區","0","1","","","","","","","","","","","","","","","","","","","","","","","","C03","","","","","","","","","","1","22","","C03","","","2"
"2019","3","31","7","49","臺中市","北區","0","1","8","1","5","50","14","12","1","5","4","5","7","4","4","5","5","4","2","17","19","3","10","3","4","B03","7","1","1","8","2","8","4","19","19","1","22","9","B03","24.15909","120.682456","2"
"2019","3","31","7","54","臺中市","新社區","0","1","8","1","5","50","14","9","1","5","4","5","7","4","4","5","5","5","1","17","26","2","9","1","1","C01","7","9","1","9","2","12","","26","26","1","9","8","C01","24.18144","120.817811","2"
"2019","3","31","8","26","臺中市","北屯區","0","0","8","","","60","","","","","","","","","","","","","","","","","","","","B03","","","1","","2","","","23","","1","5","","B03","24.202146","120.686858","3"
"2019","3","31","8","30","臺中市","清水區","0","2","8","1","5","40","4","1","1","5","4","5","7","1","1","10","5","5","2","15","25","2","9","1","1","C03","7","9","1","10","2","11","","25","25","1","19","8","C03","24.262795","120.55996","2"
"2019","3","31","8","30","臺中市","后里區","0","0","8","1","5","40","14","9","1","5","4","3","5","4","4","10","5","5","2","11","","","","","","A12","","","1","","2","","","17","","1","","","A12","24.305717","120.738174","3"
"2019","3","31","8","39","臺中市","潭子區","0","2","8","1","5","40","3","1","1","5","4","5","7","1","1","3","4","4","1","15","25","2","9","1","1","C03","7","9","1","10","2","11","","25","25","1","22","9","C03","24.216378","120.694052","2"
"2019","3","31","8","45","臺中市","潭子區","0","1","8","1","5","50","5","1","1","5","4","5","7","1","1","10","5","5","2","16","25","2","9","1","1","C03","7","9","4","11","2","11","","25","25","1","22","8","C03","24.21071","120.686695","2"
"2019","3","31","8","48","臺中市","北屯區","0","0","8","","","50","","","","","","","","","","","","","","","","","","","","C03","","","1","","2","","","42","","1","4","","C03","24.17207","120.689661","3"
"2019","3","31","8","50","臺中市","西區","0","1","8","1","5","50","5","1","1","5","4","5","7","1","1","10","5","5","2","17","23","3","10","1","1","C03","7","9","1","10","2","12","","23","23","1","5","5","C03","24.131702","120.672676","2"
"2019","3","31","8","50","臺中市","北區","0","1","8","1","5","50","4","1","1","5","4","5","7","1","1","5","5","5","2","16","6","2","9","1","1","C03","7","5","1","10","2","12","","6","6","1","21","8","C03","24.163121","120.676766","2"
"2019","3","31","8","50","臺中市","北屯區","0","0","8","","","50","","","","","","","","","","","","","","","23","","","","","B03","","","1","8","2","","","23","23","1","21","","B03","24.176616","120.692254","3"
"2019","3","31","8","52","臺中市","大雅區","0","1","8","1","5","50","4","1","1","5","4","5","7","1","1","9","4","4","1","12","6","3","10","1","1","B03","7","6","1","8","2","8","","6","6","1","22","9","B03","24.21788","120.64877","2"
"2019","3","31","8","56","臺中市","潭子區","0","0","8","","","60","","","","","","","","","","","","","","","","","","","","B03","","","1","","2","","","48","","1","","","B03","24.200448","120.709772","3"
"2019","3","31","8","58","臺中市","霧峰區","0","0","8","","","70","","","","","","","","","","","","","","","","","","","","B03","","","1","","2","","","16","","1","","","B03","24.047773","120.692295","3"
"2019","3","31","9","0","臺中市","南區","0","0","8","1","5","50","4","1","1","5","4","5","7","1","1","10","5","5","2","23","23","3","10","1","1","B03","7","9","1","8","2","8","","23","23","1","21","8","B03","24.130647","120.657377","3"
"2019","3","31","9","0","臺中市","烏日區","0","0","8","","","60","","","","","","","","","","","","","","","","","","","","B03","","","1","","2","","","16","","1","21","","B03","24.106589","120.634418","3"
"2019","3","31","9","2","臺中市","西屯區","0","3","8","1","5","50","4","1","1","5","4","5","7","3","1","10","5","5","2","15","6","2","8","1","1","C03","7","9","1","10","2","14","12","6","6","1","5","8","C03","24.165408","120.634951","2"
"2019","3","31","9","9","臺中市","東區","0","2","8","1","5","50","4","1","1","5","4","5","7","1","1","10","5","5","2","15","25","2","9","1","1","C03","7","9","1","10","2","14","","25","25","1","22","8","C03","24.139466","120.692375","2"
"2019","3","31","9","18","臺中市","大里區","0","0","8","","","50","","","","","","","","","","","","","","","42","","","","","B03","","","1","","2","","","42","42","1","21","","B03","24.096938","120.676663","3"
"2019","3","31","9","21","臺中市","西屯區","0","2","8","1","5","40","14","8","1","5","4","5","7","4","4","3","5","3","2","16","7","2","9","1","1","C03","7","8","1","10","2","12","","7","7","1","4","8","C03","24.181037","120.619924","2"
"2019","3","31","9","30","臺中市","龍井區","0","1","8","1","5","50","14","9","1","5","4","5","7","4","4","5","5","5","1","12","9","3","10","1","1","B03","7","6","1","8","2","5","","9","9","1","21","8","B03","24.177793","120.582411","2"
"2019","3","31","9","31","臺中市","大雅區","0","1","8","1","5","50","3","2","1","5","4","5","7","4","4","1","5","5","2","13","16","2","8","1","1","C03","7","9","1","10","2","11","","16","16","1","21","8","C03","24.219465","120.615246","2"
"2019","3","31","9","32","臺中市","北屯區","0","1","8","1","5","50","5","1","1","5","4","5","7","2","1","10","5","5","2","16","6","3","10","1","1","B03","7","6","1","8","2","6","","6","6","1","5","8","B03","24.18852","120.686278","2"
"2019","3","31","9","35","臺中市","東區","0","0","","","","","","","","","","","","","","","","","","","","","","","","","","","8","","10","","","43","","1","","","","24.134665","120.693032","3"
"2019","3","31","9","41","臺中市","西屯區","0","1","8","1","5","50","4","1","1","5","4","5","7","4","4","10","5","5","2","15","6","3","10","1","1","B03","7","9","1","8","2","2","","6","6","1","21","8","B03","24.160702","120.642038","2"
"2019","3","31","10","0","臺中市","西屯區","0","1","8","1","5","40","14","8","1","5","4","5","7","4","4","1","4","1","2","13","16","2","9","1","1","C03","7","9","1","10","2","11","","16","16","1","22","8","C03","24.164769","120.645284","2"
"2019","3","31","10","0","臺中市","烏日區","0","2","8","1","5","40","11","5","1","5","4","5","7","4","4","1","5","1","1","23","23","2","9","1","1","B03","7","9","1","8","2","1","","23","23","1","21","8","B03","24.111916","120.586953","2"
"2019","3","31","10","2","臺中市","龍井區","0","1","8","1","5","40","14","8","1","5","4","5","7","4","4","1","4","1","1","17","23","2","6","1","1","A31","7","6","1","1","2","1","","23","23","1","10","8","A31","24.207408","120.504706","2"
"2019","3","31","10","3","臺中市","大甲區","0","0","8","1","3","50","14","22","1","5","4","5","7","4","4","5","4","5","1","17","19","3","10","1","1","B03","7","1","1","8","2","2","","19","19","1","4","1","B03","24.344135","120.620062","3"
"2019","3","31","10","10","臺中市","太平區","0","0","8","","","50","","","","","","","","","","","","","","","","","","","","C03","","","1","","9","","","23","","1","21","","C03","24.144604","120.725318","3"
"2019","3","31","10","25","臺中市","南屯區","0","1","8","1","5","50","5","1","1","5","4","5","7","1","1","10","5","5","2","16","25","2","9","1","1","C03","7","5","4","11","2","12","","25","25","1","22","9","C03","24.14135","120.613398","2"
"2019","3","31","10","29","臺中市","北屯區","0","0","8","","","40","","","","","","","","","","","","","","","","","","","","","","","8","","11","","","67","","1","","","","24.181383","120.724136","3"
"2019","3","31","10","35","臺中市","大里區","0","0","8","","","40","","","","","","","","","","","","","","","","","","","","B12","","","1","","11","","","17","","2","6","","B12","24.106365","120.702375","3"
"2019","3","31","10","35","臺中市","龍井區","0","1","8","1","5","40","14","9","1","5","4","5","7","4","4","5","4","5","1","12","43","2","9","1","1","C03","7","9","1","10","2","11","","43","43","1","18","8","C03","24.18575","120.558418","2"
"2019","3","31","10","35","臺中市","沙鹿區","0","0","8","","","50","","","","","","","","","","","","","","","","","","","","B12","","","1","","2","","","42","","1","4","","B12","24.237391","120.570146","3"
"2019","3","31","10","37","臺中市","清水區","0","1","8","1","5","50","14","9","1","5","4","5","7","1","1","9","4","4","2","16","23","2","9","1","1","C03","7","9","1","10","2","14","","23","23","1","21","8","C03","24.276016","120.576948","2"
"2019","3","31","10","38","臺中市","豐原區","0","0","8","","","50","","","","","","","","","","","","","","","16","","","","","B03","","","1","","2","","","16","16","1","21","","B03","24.249704","120.678175","3"
"2019","3","31","10","40","臺中市","西屯區","0","0","8","","","50","","","","","","","","","","","","","","","","","","","","B03","","","1","","2","","","10","","1","22","","B03","24.194112","120.607092","3"
"2019","3","31","10","40","臺中市","豐原區","0","0","8","","","50","","","","","","","","","","","","","","","","","","","","B03","","","1","","2","","","23","","2","22","","B03","24.256221","120.744062","3"
"2019","3","31","11","0","臺中市","南屯區","0","1","8","1","5","50","4","1","1","5","4","5","7","2","1","10","5","5","2","16","23","3","10","1","1","C03","7","5","1","10","2","13","","8","23","1","22","9","C03","24.147685","120.61523","2"
"2019","3","31","11","3","臺中市","西屯區","0","2","8","1","5","40","4","1","1","5","4","5","7","2","1","10","5","5","2","16","6","3","10","1","1","B03","7","6","1","8","2","5","","6","6","1","21","8","B03","24.17829","120.624365","2"
"2019","3","31","11","14","臺中市","大里區","0","0","8","","","50","","","","","","","","","","","","","","","","","","","","C03","","","1","","2","","","23","","1","22","","C03","24.09602","120.703065","3"
"2019","3","31","11","19","臺中市","大肚區","0","0","8","","","50","","","","","","","","","","","","","","","","","","","","C03","","","1","","2","","","23","","1","","","C03","24.172473","120.580585","3"
"2019","3","31","11","23","臺中市","大甲區","0","0","8","","","50","","","","","","","","","","","","","","","","","","","","B03","","","1","","2","","","23","","1","4","","B03","24.344656","120.62927","3"
"2019","3","31","11","24","臺中市","大里區","0","1","8","1","5","40","4","1","1","5","4","5","7","4","4","10","5","5","2","15","6","3","10","1","1","C03","7","9","1","10","2","12","","6","6","1","4","5","C03","24.11306","120.687862","2"
"2019","3","31","11","30","臺中市","大里區","0","0","8","","","50","","","","","","","","","","","","","","","","","","","","B03","","","1","","2","","","9","","1","","","B03","24.085578","120.693268","3"
"2019","3","31","11","30","臺中市","和平區","0","0","8","1","6","","15","9","1","5","4","5","7","4","4","10","5","5","1","12","1","3","10","3","1","B03","7","4","1","8","2","2","","1","1","1","22","8","B03","24.158942","120.648457","3"
"2019","3","31","11","37","臺中市","龍井區","0","0","8","","","40","","","","","","","","","","","","","","","","","","","","B03","","","1","","2","","","12","","1","","","B03","24.182694","120.577703","3"
"2019","3","31","11","40","臺中市","西屯區","0","1","8","1","5","40","14","20","1","5","4","5","7","4","4","3","5","3","2","16","19","3","10","1","1","B03","7","1","1","8","2","1","","19","19","1","4","8","B03","24.162632","120.649245","2"
"2019","3","31","11","43","臺中市","中區","0","3","8","1","5","50","4","2","1","5","4","5","7","2","1","10","5","5","2","13","16","2","9","1","1","C03","7","9","1","10","2","11","","16","16","1","21","8","C03","24.141535","120.683691","2"
"2019","3","31","11","45","臺中市","南屯區","0","2","8","1","5","50","4","1","1","5","4","5","7","4","4","10","5","5","2","15","6","3","10","1","1","B03","7","9","1","8","2","1","","6","6","1","21","8","B03","24.152321","120.652189","2"
"2019","3","31","11","47","臺中市","北屯區","0","0","8","","","50","","","","","","","","","","","","","","","","","","","","B03","","","1","","2","","","23","","1","","","B03","24.180998","120.724637","3"
"2019","3","31","11","49","臺中市","東區","0","2","8","1","5","50","3","1","1","5","4","5","7","4","4","10","5","5","2","16","6","2","9","4","5","F01","7","5","8","20","2","16","","6","6","1","22","8","F01","24.132712","120.690494","2"
"2019","3","31","11","50","臺中市","西屯區","0","0","8","","","50","","","","","","","","","","","","","","","","","","","","B03","","","1","","2","","","23","","1","21","","B03","24.198186","120.656688","3"