"年","月","日","時","分","縣市","區","死","受傷","天候","光線","道路類別","速限","道路型態","事故位置","路面鋪裝","路面狀態","路面缺陷","障礙物","視距","號誌種類","號誌動作","分向設施","快車道或一般車道間","快慢車道間","路面邊線","事故類型及型態","主要肇因","受傷程度","主要傷處","保護裝備","行動電話","當事者區分","車輛用途","當事者行動狀態","駕駛資格情形","駕駛執照種類","飲酒情形","車輛撞擊部位最初","車輛撞擊部位其他","肇事因素個別","肇事因素主要","肇事逃逸","職業","旅次目的","車種","GPS座標緯度","GPS座標經度","事故類別"
"2019","3","31","11","52","臺中市","北屯區","0","1","8","1","5","80","14","7","1","5","4","5","7","4","4","1","3","5","1","13","16","3","10","1","1","B03","7","9","1","8","2","1","","16","16","1","5","8","B03","24.202424","120.680344","2"
"2019","3","31","11","54","臺中市","東區","0","0","","","","","","","","","","","","","","","","","","","","","","","","C04","","","1","","2","","","19","","1","5","","C04","24.134415","120.683012","4"
"2019","3","31","12","1","臺中市","龍井區","0","1","8","1","5","40","3","1","1","5","4","5","7","4","4","10","5","5","2","14","12","3","10","1","1","B12","7","2","1","8","2","8","","12","12","1","10","8","B12","24.195831","120.545035","2"
"2019","3","31","12","3","臺中市","西屯區","0","2","8","1","5","50","4","2","1","5","4","5","7","1","1","3","4","3","2","11","9","3","10","3","4","B03","7","6","1","8","2","6","","9","9","1","22","8","B03","24.157699","120.641841","2"
"2019","3","31","12","7","臺中市","西屯區","0","1","8","1","5","40","14","8","1","5","4","5","7","4","4","1","4","1","2","16","6","3","10","1","1","B03","7","6","1","8","2","6","","6","6","1","21","8","B03","24.164818","120.645146","2"
"2019","3","31","12","12","臺中市","北屯區","0","2","8","1","5","50","4","2","1","5","4","5","7","2","1","1","4","5","2","13","16","2","9","1","1","C03","7","9","1","10","2","11","14","16","16","1","5","8","C03","24.161988","120.69246","2"
"2019","3","31","12","17","臺中市","太平區","0","0","8","","","40","","","","","","","","","","","","","","","","","","","","B12","","","1","","2","","","12","","1","22","","B12","24.100586","120.728883","3"
"2019","3","31","12","27","臺中市","沙鹿區","0","0","8","","","50","","","","","","","","","","","","","","","","","","","","B03","","","1","","2","","","42","","1","","","B03","24.201943","120.56968","3"
"2019","3","31","12","29","臺中市","太平區","0","1","8","1","5","40","3","2","1","5","4","5","7","4","4","10","5","5","2","11","43","3","10","1","1","B03","7","6","1","8","2","8","","43","43","1","21","8","B03","24.122617","120.721731","2"
"2019","3","31","12","30","臺中市","西屯區","0","0","8","","","50","","","","","","","","","","","","","","","","","","","","B03","","","1","","2","","","8","","1","22","","B03","24.183271","120.59287","3"
"2019","3","31","12","37","臺中市","西區","0","1","8","1","5","50","14","9","1","5","4","5","7","4","4","5","5","5","2","17","23","2","9","1","1","C03","7","9","1","10","2","11","","23","23","1","5","5","C03","24.146968","120.653874","2"
"2019","3","31","12","37","臺中市","西區","0","0","8","","","1","","","","","","","","","","","","","","","","","","","","C03","","","1","","2","","","23","","1","21","","C03","24.155993","120.660055","3"
"2019","3","31","12","40","臺中市","西屯區","0","1","8","1","5","40","14","8","1","5","4","5","7","4","4","1","4","1","2","18","42","2","9","1","1","C03","7","12","1","10","2","14","","42","42","1","22","8","C03","24.162195","120.650903","2"
"2019","3","31","12","43","臺中市","大里區","0","0","8","","","50","","","","","","","","","","","","","","","","","","","","B03","","","1","","2","","","16","","1","","","B03","24.11529","120.676879","3"
"2019","3","31","12","44","臺中市","西屯區","0","1","8","1","5","60","4","2","1","5","4","5","7","1","1","1","4","1","2","12","9","3","10","3","4","B03","7","6","1","8","2","2","","9","9","1","22","8","B03","24.156137","120.643755","2"
"2019","3","31","12","45","臺中市","北屯區","0","1","8","1","5","50","4","1","1","5","4","5","7","1","1","10","5","5","2","16","9","3","10","1","1","B03","7","6","1","8","2","5","","9","9","1","21","8","B03","24.182228","120.71936","2"
"2019","3","31","12","48","臺中市","大里區","0","0","8","","","50","","","","","","","","","","","","","","","","","","","","B03","","","1","","2","","","23","","1","21","","B03","24.119146","120.685091","3"
"2019","3","31","12","52","臺中市","烏日區","0","0","8","","","40","","","","","","","","","","","","","","","","","","","","B03","","","1","","2","","","16","","1","21","","B03","24.072219","120.646744","3"
"2019","3","31","12","55","臺中市","大雅區","0","1","8","1","5","40","14","9","1","5","4","5","7","4","4","10","5","5","2","17","1","2","9","1","1","C03","7","4","1","10","2","11","","1","1","1","21","8","C03","24.234039","120.623605","2"
"2019","3","31","12","58","臺中市","北屯區","0","0","8","","","50","","","","","","","","","","","","","","","","","","","","B03","","","1","","2","","","19","","1","","","B03","24.18273","120.69205","3"
"2019","3","31","12","58","臺中市","北屯區","0","0","8","","","40","","","","","","","","","","","","","","","42","","","","","C03","","","1","10","2","","","42","42","1","21","","C03","24.175766","120.712458","3"
"2019","3","31","13","0","臺中市","北屯區","0","2","8","1","5","50","3","2","1","5","4","5","7","4","4","10","5","5","2","16","19","3","10","1","1","B03","7","1","1","8","2","5","","19","19","1","5","8","B03","24.172975","120.715059","2"
"2019","3","31","13","10","臺中市","清水區","0","1","8","1","5","40","3","1","1","5","4","5","7","4","4","10","5","5","2","17","6","2","6","4","5","F02","7","5","8","20","2","16","","6","6","1","19","8","F02","24.274765","120.579259","2"
"2019","3","31","13","13","臺中市","北屯區","0","0","8","","","50","","","","","","","","","","","","","","","","","","","","B12","","","1","","2","","","42","","1","5","","B12","24.177481","120.729901","3"
"2019","3","31","13","14","臺中市","太平區","0","0","8","","","40","","","","","","","","","","","","","","","","","","","","B03","","","1","","2","","","23","","1","21","","B03","24.13107","120.741309","3"
"2019","3","31","13","31","臺中市","大里區","0","2","8","1","5","50","4","2","1","5","4","5","7","1","1","5","5","5","1","3","23","2","8","1","1","C03","7","9","1","10","2","11","","23","23","1","18","5","C03","24.087579","120.705999","2"
"2019","3","31","13","40","臺中市","南屯區","0","0","8","","","50","","","","","","","","","","","","","","","26","","","","","B03","","","1","","2","","","26","26","1","22","","B03","24.135521","120.623325","3"
"2019","3","31","13","40","臺中市","西屯區","0","0","8","","","50","","","","","","","","","","","","","","","","","","","","B03","","","1","","2","","","23","","1","","","B03","24.162436","120.639091","3"
"2019","3","31","13","43","臺中市","大里區","0","0","8","","","40","","","","","","","","","","","","","","","","","","","","B03","","","1","","2","","","23","","1","22","","B03","24.104556","120.69256","3"
"2019","3","31","13","43","臺中市","東勢區","0","1","8","1","5","50","14","7","1","5","4","5","7","4","4","1","4","4","1","13","23","2","9","1","1","C03","7","9","3","18","5","11","","23","23","1","22","8","C03","24.250571","120.829354","2"
"2019","3","31","13","50","臺中市","梧棲區","0","0","8","","","50","","","","","","","","","","","","","","","","","","","","B03","","","1","","2","","","17","","1","2","","B03","24.259792","120.540036","3"
"2019","3","31","13","54","臺中市","北區","0","1","8","1","5","50","3","1","1","5","4","5","7","4","4","1","3","5","2","16","9","3","10","1","1","B03","7","6","1","8","2","2","","9","9","1","21","8","B03","24.164868","120.672702","2"
"2019","3","31","13","54","臺中市","北屯區","0","0","8","","","50","","","","","","","","","","","","","","","","","","","","B03","","","1","","2","","","16","","1","5","","B03","24.191523","120.660844","3"
"2019","3","31","13","55","臺中市","北屯區","0","0","8","","","50","","","","","","","","","","","","","","","","","","","","B01","","","1","","2","","","23","","1","10","","B01","24.169527","120.70473","3"
"2019","3","31","13","55","臺中市","梧棲區","0","0","8","","","50","","","","","","","","","","","","","","","","","","","","B03","","","1","","2","","","12","","1","2","","B03","24.260063","120.532835","3"
"2019","3","31","13","57","臺中市","南區","0","0","","","","","","","","","","","","","","","","","","","12","3","","","","B03","","","1","","2","","","12","12","1","22","","B03","24.118251","120.65922","3"
"2019","3","31","13","59","臺中市","大里區","0","1","8","1","5","50","14","9","1","5","4","5","7","4","4","9","5","5","2","12","23","2","9","1","1","C03","7","9","1","10","2","12","","23","23","1","21","8","C03","24.081533","120.695353","2"
"2019","3","31","13","59","臺中市","沙鹿區","0","1","8","1","5","50","4","1","1","5","4","5","7","1","1","10","5","5","2","17","6","2","9","1","1","C03","7","5","1","10","2","12","","6","6","1","21","8","C03","24.242983","120.5651","2"
"2019","3","31","14","0","臺中市","潭子區","0","2","8","1","5","60","3","1","1","5","4","5","7","1","1","1","4","4","1","15","25","2","9","1","1","C03","7","9","1","10","2","11","","25","25","1","22","9","C03","24.22409","120.707115","2"
"2019","3","31","14","5","臺中市","西區","0","1","8","1","5","50","4","1","1","5","4","5","7","4","4","10","5","5","2","16","42","3","10","1","1","B03","7","5","1","8","2","4","","42","42","1","21","8","B03","24.139347","120.671942","2"
"2019","3","31","14","5","臺中市","大肚區","0","0","","","","","","","","","","","","","","","","","","","","","","","","B03","","","1","","2","","","6","","1","22","","B03","24.167428","120.578377","3"
"2019","3","31","14","15","臺中市","西屯區","0","0","","","","","","","","","","","","","","","","","","","43","","","","","B03","","","1","","2","","","43","43","1","22","","B03","24.183206","120.604963","3"
"2019","3","31","14","30","臺中市","霧峰區","0","1","8","1","5","40","5","1","1","5","4","5","7","4","4","10","5","5","1","17","23","2","7","1","1","C03","7","5","1","10","2","11","","23","23","1","20","8","C03","24.06226","120.681836","2"
"2019","3","31","14","30","臺中市","后里區","0","0","8","","","50","","","","","","","","","","","","","","","","","","","","B11","","","1","","2","","","12","","1","5","","B11","24.347943","120.654135","3"
"2019","3","31","14","34","臺中市","北屯區","0","0","8","","","50","","","","","","","","","","","","","","","","","","","","B03","","","1","","2","","","42","","1","5","","B03","24.164903","120.696391","3"
"2019","3","31","14","36","臺中市","西屯區","0","1","8","1","5","50","4","2","1","5","4","5","7","3","1","5","4","4","2","16","6","3","10","1","1","B12","7","5","1","8","2","6","","6","6","1","22","8","B12","24.172799","120.62144","2"
"2019","3","31","14","37","臺中市","太平區","0","1","8","1","5","50","4","1","1","5","4","5","7","2","1","10","5","5","2","15","25","3","10","1","1","B03","7","9","1","8","2","5","","25","25","1","20","7","B03","24.130545","120.720816","2"
"2019","3","31","14","39","臺中市","新社區","0","0","8","1","5","60","14","9","1","5","4","5","7","4","4","5","4","5","1","12","23","","","","","B02","","","1","","2","","","23","23","1","22","","B02","24.200851","120.79934","3"
"2019","3","31","14","48","臺中市","北屯區","0","0","8","","","40","","","","","","","","","","","","","","","","","","","","B03","","","1","","2","","","23","","1","22","","B03","24.173918","120.676511","3"
"2019","3","31","14","49","臺中市","霧峰區","0","1","8","1","5","40","14","9","1","5","4","5","7","4","4","9","4","5","1","18","23","2","9","1","1","C03","7","9","1","10","2","14","","23","23","1","5","8","C03","24.067858","120.692703","2"
"2019","3","31","15","23","臺中市","西屯區","0","2","8","1","5","40","3","1","1","5","4","5","7","4","4","5","5","5","2","16","6","3","10","1","1","B03","7","5","1","8","2","5","","6","6","1","4","8","B03","24.182283","120.617612","2"
"2019","3","31","15","25","臺中市","西屯區","0","1","8","2","5","50","3","2","1","5","4","5","7","4","4","9","4","4","2","13","7","3","10","1","1","B03","7","8","1","8","2","3","","7","7","1","21","8","B03","24.167673","120.638413","2"
"2019","3","31","15","34","臺中市","西屯區","0","1","8","1","5","50","3","2","1","5","4","5","7","4","4","5","4","5","2","16","6","3","10","3","4","B03","7","5","1","8","2","2","","6","6","1","22","9","B03","24.16514","120.646727","2"
"2019","3","31","15","35","臺中市","大里區","0","1","8","1","5","50","3","1","1","5","4","5","7","4","4","10","5","5","2","17","6","3","10","1","1","B03","7","5","1","8","2","1","","6","6","1","21","5","B03","24.099965","120.69481","2"
"2019","3","31","15","35","臺中市","龍井區","0","1","8","1","5","50","3","1","1","5","4","5","7","4","4","10","5","5","2","16","1","2","9","1","1","C03","7","4","1","10","2","11","","1","1","1","22","8","C03","24.190761","120.593068","2"
"2019","3","31","15","39","臺中市","東區","0","0","8","","","50","","","","","","","","","","","","","","","42","","","","","B03","","","1","7","2","","","42","42","1","","","B03","24.144491","120.711293","3"
"2019","3","31","15","40","臺中市","北屯區","0","1","8","1","5","50","14","9","1","5","4","5","7","2","1","5","4","5","2","13","43","2","9","1","1","C03","7","9","3","18","2","11","","43","43","1","21","8","C03","24.159119","120.720512","2"
"2019","3","31","15","55","臺中市","西屯區","0","0","8","","","50","","","","","","","","","","","","","","","","","","","","B03","","","1","","1","","","16","","1","21","","B03","24.197772","120.656907","3"
"2019","3","31","15","57","臺中市","梧棲區","0","0","8","","","50","","","","","","","","","","","","","","","","","","","","B03","","","1","","2","","","25","","1","2","","B03","24.264059","120.533162","3"
"2019","3","31","16","0","臺中市","梧棲區","0","1","8","1","5","40","3","1","1","5","4","5","7","1","1","10","5","5","2","16","23","2","9","2","2","F02","7","9","8","20","2","16","","23","23","1","2","8","F02","24.241703","120.532524","2"
"2019","3","31","16","5","臺中市","西屯區","0","1","8","1","5","40","4","1","1","5","4","5","7","4","4","10","5","5","2","16","6","2","9","4","5","F02","7","9","8","20","2","16","","6","6","1","22","9","F02","24.180926","120.637878","2"
"2019","3","31","16","10","臺中市","大里區","0","0","8","1","5","60","4","2","1","5","4","5","7","1","1","1","2","4","2","17","16","3","10","1","1","B03","7","15","1","8","2","1","","16","16","1","20","8","B03","24.105317","120.666905","3"
"2019","3","31","16","20","臺中市","后里區","0","0","8","","","50","","","","","","","","","","","","","","","","","","","","B03","","","1","","2","","","23","","1","","","B03","24.304805","120.731165","3"
"2019","3","31","16","23","臺中市","龍井區","0","1","8","1","5","40","14","9","1","5","4","5","7","4","4","10","4","5","1","18","23","2","9","4","5","F01","7","9","8","20","2","16","","23","23","1","22","8","F01","24.191135","120.574391","2"
"2019","3","31","16","28","臺中市","龍井區","0","0","","","","","","","","","","","","","","","","","","","","","","","","B03","","","1","","2","","","44","","1","9","","B03","24.214946","120.527965","3"
"2019","3","31","16","35","臺中市","北屯區","0","0","8","","","50","","","","","","","","","","","","","","","","","","","","B03","","","1","","2","","","6","","1","22","","B03","24.169712","120.722583","3"
"2019","3","31","16","38","臺中市","北區","0","0","8","","","50","","","","","","","","","","","","","","","","","","","","B12","","","1","","2","","","12","","1","22","","B12","24.1668","120.6669","3"
"2019","3","31","16","40","臺中市","沙鹿區","0","2","8","1","5","50","14","7","1","5","4","5","7","4","4","5","5","4","2","17","19","2","3","1","1","B03","7","1","1","8","2","4","","19","19","1","21","8","B03","24.223335","120.554645","2"
"2019","3","31","16","42","臺中市","太平區","0","3","8","1","5","50","3","1","1","5","4","5","7","4","4","10","5","5","2","16","42","2","9","1","1","C03","7","5","1","10","2","11","","42","42","1","20","8","C03","24.153143","120.705335","2"
"2019","3","31","16","45","臺中市","北屯區","0","0","8","","","40","","","","","","","","","","","","","","","","","","","","","","","7","","11","","","43","","1","","","","24.195838","120.661271","3"
"2019","3","31","16","50","臺中市","龍井區","0","0","8","","","40","","","","","","","","","","","","","","","","","","","","C03","","","1","","2","","","6","","1","21","","C03","24.209545","120.545491","4"
"2019","3","31","16","51","臺中市","西區","0","1","8","1","5","50","14","9","1","5","4","5","7","2","1","5","4","5","2","13","23","2","9","1","1","C03","7","9","1","10","2","13","","44","23","1","21","8","C03","24.138393","120.679382","2"
"2019","3","31","16","58","臺中市","北區","0","1","8","1","5","40","4","1","1","5","4","5","7","1","1","10","5","5","2","16","6","3","10","1","1","B03","7","6","1","8","2","5","","6","6","1","22","8","B03","24.169803","120.679062","2"
"2019","3","31","17","0","臺中市","中區","0","1","8","1","5","50","5","1","1","5","4","5","7","2","1","5","4","5","2","16","26","3","10","1","1","C03","7","5","5","10","2","14","","26","26","2","22","8","C03","24.144659","120.681733","2"
"2019","3","31","17","0","臺中市","霧峰區","0","0","8","","","50","","","","","","","","","","","","","","","","","","","","B03","","","1","","2","","","12","","1","22","","B03","24.063876","120.698623","3"
"2019","3","31","17","10","臺中市","大里區","0","0","8","","","40","","","","","","","","","","","","","","","","","","","","B03","","","1","","2","","","23","","1","20","","B03","24.098846","120.707486","3"
"2019","3","31","17","14","臺中市","后里區","0","1","8","2","5","50","5","1","1","5","4","5","7","3","1","10","5","5","2","15","6","3","10","1","1","B03","7","9","1","8","2","8","","6","6","1","21","8","B03","24.334695","120.726011","2"
"2019","3","31","17","22","臺中市","西屯區","0","1","8","2","5","40","4","1","1","5","4","5","7","1","1","10","5","5","2","16","9","3","10","1","1","B03","7","6","1","8","2","6","","9","9","1","4","8","B03","24.164266","120.645964","2"
"2019","3","31","17","27","臺中市","中區","0","0","8","","","40","","","","","","","","","","","","","","","","","","","","B03","","","1","","2","","","6","","1","22","","B03","24.144308","120.681621","3"
"2019","3","31","17","33","臺中市","西屯區","0","1","8","2","5","50","5","1","1","5","4","5","7","3","1","10","5","5","2","16","8","2","8","1","1","C03","7","5","1","10","2","14","","8","8","1","21","8","C03","24.1739","120.617849","2"
"2019","3","31","17","37","臺中市","龍井區","0","2","8","1","5","50","3","1","1","5","4","5","7","4","4","10","5","5","2","15","43","2","9","1","1","C03","7","11","6","10","2","11","","43","43","1","20","8","C03","24.216794","120.526451","2"
"2019","3","31","17","38","臺中市","南屯區","0","1","8","1","5","50","4","1","1","5","4","5","7","2","1","10","5","5","2","16","25","3","10","1","1","B03","7","5","1","8","2","2","","25","25","1","21","8","B03","24.150438","120.612283","2"
"2019","3","31","17","40","臺中市","烏日區","0","0","8","","","70","","","","","","","","","","","","","","","44","","","","","C03","","","1","","2","","","1","44","1","16","","C03","24.113263","120.589878","3"
"2019","3","31","17","40","臺中市","梧棲區","0","0","8","","","60","","","","","","","","","","","","","","","","","","","","B03","","","1","","2","","","16","","","","","B03","24.221772","120.543357","3"
"2019","3","31","17","48","臺中市","霧峰區","0","0","8","1","5","40","3","1","1","5","4","5","7","4","4","10","5","5","2","13","16","3","10","1","1","B03","7","1","1","7","2","1","","16","16","1","21","8","B03","24.042577","120.670814","3"
"2019","3","31","17","50","臺中市","西屯區","0","0","8","","","50","","","","","","","","","","","","","","","","","","","","B03","","","1","","2","","","9","","1","22","","B03","24.16119","120.63364","3"
"2019","3","31","17","54","臺中市","東區","0","1","8","3","5","50","4","1","1","5","4","5","7","1","1","10","5","5","2","15","25","2","8","1","1","C03","7","9","3","18","2","11","","25","25","1","22","8","C03","24.141641","120.706944","2"
"2019","3","31","18","25","臺中市","西屯區","0","0","8","","","50","","","","","","","","","","","","","","","","","","","","A02","","","1","","2","","","23","","1","10","","A02","24.201185","120.656941","3"
"2019","3","31","18","31","臺中市","龍井區","0","1","8","3","5","40","3","1","1","5","4","5","7","4","4","10","5","5","2","29","66","","","","","","","","","","","","","66","66","1","","","","24.190911","120.54486","2"
"2019","3","31","18","35","臺中市","西區","0","1","8","3","5","50","5","2","1","5","4","5","7","1","1","5","4","5","2","17","23","3","10","1","1","B03","7","6","1","8","2","6","","23","23","1","5","8","B03","24.147325","120.673801","2"
"2019","3","31","18","37","臺中市","大雅區","0","1","8","4","5","40","4","1","1","5","4","5","7","4","4","5","5","5","1","16","9","3","10","1","1","B03","7","6","1","8","2","8","","9","9","1","22","9","B03","24.236181","120.645205","2"
"2019","3","31","18","44","臺中市","大雅區","0","0","8","","","50","","","","","","","","","","","","","","","","","","","","B03","","","1","","2","","","19","","1","22","","B03","24.217956","120.648811","3"
"2019","3","31","18","45","臺中市","大里區","0","0","8","","","40","","","","","","","","","","","","","","","","","","","","B12","","","3","","2","","","12","","1","21","","B12","24.111613","120.681515","3"
"2019","3","31","18","47","臺中市","大里區","0","1","8","3","5","50","4","9","1","5","4","5","7","1","1","5","2","5","1","9","8","3","10","1","1","B03","7","5","1","8","2","1","","8","8","1","22","8","B03","24.064323","120.698765","2"
"2019","3","31","18","47","臺中市","梧棲區","0","1","8","3","5","40","4","2","1","5","4","5","7","4","4","10","5","5","1","16","6","3","10","3","4","B12","7","12","1","8","2","4","","6","6","1","21","8","B12","24.229731","120.54355","2"
"2019","3","31","18","49","臺中市","西區","0","0","8","","","50","","","","","","","","","","","","","","","","","","","","C03","","","1","","2","","","16","","1","21","","C03","24.15089","120.661755","3"
"2019","3","31","18","50","臺中市","大雅區","0","2","8","3","5","50","4","1","1","5","4","5","7","4","4","10","5","5","2","15","6","2","9","1","1","C03","7","9","1","10","2","12","","6","6","1","22","9","C03","24.229923","120.64607","2"
"2019","3","31","18","57","臺中市","北區","0","1","8","3","5","50","4","2","1","5","4","5","7","1","1","10","5","5","2","29","25","3","10","4","1","F01","7","1","8","20","2","15","","25","25","1","22","8","F01","24.1484","120.6783","2"
"2019","3","31","18","59","臺中市","大肚區","0","2","8","3","5","50","14","9","1","5","4","5","7","4","4","5","4","5","1","2","23","2","9","1","1","C03","7","9","1","10","2","11","","23","23","1","22","8","C03","24.163526","120.576346","2"
"2019","3","31","19","0","臺中市","西屯區","0","1","8","3","5","40","14","7","1","5","4","5","7","4","4","5","4","4","2","16","19","3","10","1","1","B03","7","1","1","8","2","4","","19","19","1","4","8","B03","24.175032","120.63733","2"
"2019","3","31","19","5","臺中市","北區","","","8","","","50","","","","","","","","","","","","","","","","","","","","B03","","","1","","2","","","16","","1","22","","B03","24.165122","120.674129","3"
"2019","3","31","19","8","臺中市","神岡區","0","1","8","3","5","60","14","9","1","5","4","5","7","4","4","1","4","5","2","16","17","3","10","1","1","B03","7","15","1","8","2","4","","17","17","1","21","6","B03","24.248788","120.697751","2"
"2019","3","31","19","17","臺中市","南區","0","0","8","","","50","","","","","","","","","","","","","","","1","3","","","","B12","","","1","","2","","","1","1","1","4","","B12","24.115411","120.656948","3"
"2019","3","31","19","18","臺中市","西區","0","0","8","","","50","","","","","","","","","","","","","","","","","","","","B03","","","1","","1","","","12","","1","21","","B03","24.146733","120.655763","3"
"2019","3","31","19","20","臺中市","南區","0","1","8","1","5","50","4","1","1","5","4","5","7","1","1","10","5","5","2","16","6","3","10","1","1","B03","7","5","1","8","2","5","","6","6","1","4","8","B03","24.114773","120.670728","2"
"2019","3","31","19","26","臺中市","烏日區","0","1","8","3","5","60","3","2","1","5","4","5","7","4","4","1","3","4","1","17","6","3","10","1","1","B03","7","6","1","1","2","2","","6","6","1","22","8","B03","24.109343","120.642907","2"
"2019","3","31","19","29","臺中市","西屯區","0","2","8","4","5","70","4","1","1","5","4","5","7","2","1","10","5","1","2","16","9","3","10","1","1","B03","7","6","1","8","2","5","","9","9","1","21","8","B03","24.183166","120.593331","2"
"2019","3","31","19","40","臺中市","北區","0","0","8","3","5","50","5","1","1","5","4","5","7","2","1","8","3","4","2","12","","","","","","B03","","","1","","2","","","26","","1","22","","B03","24.154708","120.686239","3"
"2019","3","31","19","43","臺中市","北屯區","0","0","8","","","40","","","","","","","","","","","","","","","","","","","","B03","","","1","","2","","","23","","1","5","","B03","24.201143","120.668469","3"
"2019","3","31","19","44","臺中市","大甲區","0","1","8","3","5","50","14","9","1","5","4","5","7","4","4","10","5","5","1","17","23","2","1","1","1","C03","7","9","2","18","2","11","","23","23","1","20","8","C03","24.340926","120.620524","2"
"2019","3","31","19","49","臺中市","北屯區","0","0","8","","","80","","","","","","","","","","","","","","","","","","","","B03","","","1","","2","","","23","","1","22","","B03","24.201134","120.671657","3"
"2019","3","31","19","50","臺中市","北區","0","0","8","","","50","","","","","","","","","","","","","","","43","","","","","B03","","","1","","11","","","43","43","1","","","B03","24.1655","120.669","3"
"2019","3","31","19","50","臺中市","北屯區","0","0","8","","","50","","","","","","","","","","","","","","","","","","","","B03","","","1","","2","","","19","","1","21","","B03","24.169016","120.685494","3"
"2019","3","31","19","52","臺中市","太平區","0","0","8","","","50","","","","","","","","","","","","","","","23","","","","","B03","","","1","","2","","","44","23","1","","","B03","24.149678","120.724825","3"
"2019","3","31","19","55","臺中市","西屯區","0","1","8","3","5","50","14","9","1","5","4","5","7","4","4","5","4","5","2","16","7","2","9","3","4","C03","7","7","1","10","2","14","","7","7","1","22","9","C03","24.187156","120.62027","2"
"2019","3","31","20","2","臺中市","北屯區","0","2","8","1","5","40","14","8","1","5","4","5","7","4","4","1","4","4","2","13","23","2","9","1","1","C03","7","9","1","10","4","11","","23","23","1","22","8","C03","24.1783","120.7291","2"
"2019","3","31","20","10","臺中市","南區","0","1","8","3","5","50","4","1","1","5","4","5","7","4","4","10","5","5","2","3","10","3","10","1","1","B03","7","11","1","8","2","8","","10","10","1","21","8","B03","24.116878","120.649589","2"
"2019","3","31","20","18","臺中市","龍井區","0","1","8","3","5","70","3","1","1","5","4","5","7","1","1","10","5","5","2","16","1","3","10","1","1","B03","7","4","1","8","2","4","","1","1","1","22","8","B03","24.190735","120.579583","2"
"2019","3","31","20","26","臺中市","西屯區","","","8","","","40","","","","","","","","","","","","","","","","","","","","C03","","","1","","2","","","7","","1","22","","C03","24.182518","120.615855","3"
"2019","3","31","20","28","臺中市","潭子區","0","1","8","3","5","60","14","8","1","5","4","5","7","1","1","8","4","4","1","13","23","2","9","1","1","C03","7","14","1","10","2","13","","44","23","1","22","1","C03","24.19718","120.702669","2"
"2019","3","31","20","30","臺中市","西區","0","0","8","","","50","","","","","","","","","","","","","","","","","","","","B03","","","1","","2","","","42","","1","21","","B03","24.153571","120.666252","3"
"2019","3","31","20","30","臺中市","南區","0","0","8","","","50","","","","","","","","","","","","","","","23","","","","","A12","","","1","","2","","","23","23","1","5","","A12","24.12926","120.68429","3"
"2019","3","31","20","30","臺中市","龍井區","0","1","8","3","5","40","3","1","1","5","4","5","7","1","1","10","5","5","2","27","23","2","9","1","1","C03","7","9","1","10","2","11","","23","23","1","22","8","C03","24.190421","120.579948","2"
"2019","3","31","20","39","臺中市","北區","0","1","8","3","5","50","4","2","1","5","4","5","7","1","1","10","5","5","2","13","7","2","9","1","1","C03","7","7","1","10","2","14","","7","7","1","22","8","C03","24.1503","120.6762","2"
"2019","3","31","20","40","臺中市","西區","0","1","8","2","5","40","4","2","1","5","4","5","7","4","4","10","5","5","2","9","43","2","9","1","1","C03","7","9","1","10","2","14","","43","43","1","22","9","C03","24.154396","120.655311","2"
"2019","3","31","20","50","臺中市","大肚區","0","1","8","3","5","40","3","1","1","5","4","5","7","4","4","10","5","5","2","16","6","3","10","1","1","B01","7","6","1","4","2","8","","6","6","1","10","4","B01","24.174878","120.582389","2"
"2019","3","31","20","59","臺中市","烏日區","0","0","8","","","30","","","","","","","","","","","","","","","42","","","","","B03","","","1","","2","","","42","42","1","22","","B03","24.111716","120.616278","3"
"2019","3","31","21","0","臺中市","大里區","0","0","8","","","60","","","","","","","","","","","","","","","","","","","","B03","","","1","","2","","","26","","1","2","","B03","24.102236","120.671388","3"
"2019","3","31","21","12","臺中市","中區","0","3","8","3","5","40","4","1","1","5","4","5","7","1","1","10","5","5","2","15","42","2","9","2","1","F01","7","9","8","20","2","16","","42","42","1","21","8","F01","24.144781","120.678356","2"
"2019","3","31","21","19","臺中市","沙鹿區","0","2","8","3","5","40","3","8","1","5","4","5","7","1","1","10","4","5","2","17","42","2","9","1","1","C03","7","9","1","10","9","14","","42","42","1","18","8","C03","24.214577","120.580962","2"
"2019","3","31","21","23","臺中市","梧棲區","0","1","8","3","5","70","4","1","1","5","4","5","7","1","1","10","5","5","2","16","9","3","10","1","1","B03","7","6","3","18","2","5","","9","9","1","1","8","B03","24.24976","120.53614","2"
"2019","3","31","22","35","臺中市","北區","0","0","8","","","50","","","","","","","","","","","","","","","44","","","","","","","","7","","10","","","67","44","1","","","","24.168778","120.670979","3"
"2019","3","31","22","56","臺中市","霧峰區","0","0","8","","","50","","","","","","","","","","","","","","","","","","","","B03","","","1","","2","","","23","","1","22","","B03","24.068853","120.699243","3"
"2019","3","31","23","46","臺中市","北區","0","0","8","","","50","","","","","","","","","","","","","","","","","","","","B01","","","1","","2","","","23","","1","","","B01","24.153877","120.665673","3"